-13.994527,-369.808422,-72.835238
-13.942245,-368.548646,-74.337986
-14.660174,-368.198891,-72.615976
-43.341769,-385.419854,-51.962278
-44.542275,-385.648774,-53.615043
-43.270850,-386.316765,-54.167993
-14.820750,-368.598376,-70.765476
-14.134032,-371.068622,-71.370354
-15.800269,-364.457103,-71.859553
-15.908759,-366.324800,-72.242064
-15.459105,-364.545811,-73.272625
-14.902712,-366.484802,-74.227065
-44.299795,-386.037786,-55.497617
-45.726870,-385.316669,-55.093464
-42.027245,-386.755128,-54.917731
-42.745634,-386.617959,-55.991913
-32.646698,-377.507493,-44.916797
-34.754259,-377.199127,-44.876892
-33.766573,-378.920446,-45.514758
-35.789781,-378.783794,-45.624993
-14.238726,-370.190552,-69.421798
-15.093768,-368.241786,-68.942202
-14.376458,-372.354848,-69.904073
-14.534022,-369.758074,-67.644244
-15.235740,-368.093039,-67.069261
-14.779276,-369.658238,-65.892779
-15.474206,-367.944132,-65.170083
-15.044033,-369.636706,-64.054556
-15.847763,-367.957030,-63.312914
-15.458049,-369.603882,-62.184016
-16.267201,-367.999234,-61.451765
-46.401892,-384.700888,-53.629003
-45.466580,-384.580110,-52.090151
-14.246493,-371.629197,-68.077164
-14.759688,-373.585869,-68.426724
-44.201756,-384.009049,-50.542547
-42.109531,-384.837159,-50.482865
-15.176003,-374.848255,-66.993721
-14.553526,-372.810246,-66.702744
-15.639217,-376.199844,-65.648140
-14.850457,-373.967249,-65.311906
-15.916384,-377.366415,-64.095920
-15.111769,-375.069907,-63.829531
-16.048749,-369.577279,-60.355429
-16.738618,-367.797742,-59.611882
-16.533401,-378.578271,-62.748468
-15.569596,-376.020521,-61.919606
-42.791586,-383.247477,-49.259445
-40.730655,-384.014069,-49.234438
-16.734158,-369.492409,-58.541997
-17.345527,-367.526482,-57.817785
-14.764379,-364.578372,-75.150192
-14.015079,-366.722139,-76.319865
-41.542730,-386.412349,-52.725326
-40.105846,-387.097969,-54.767397
-39.332883,-386.714832,-52.753295
-38.169631,-387.316032,-54.549421
-37.434675,-386.816388,-52.648561
-36.229769,-387.375657,-54.283001
-35.520875,-386.802282,-52.437492
-34.288676,-387.291133,-54.029850
-33.545047,-386.624914,-52.291625
-32.351398,-387.076424,-53.893072
-31.588722,-386.315923,-52.238629
-30.430686,-386.738556,-53.906329
-29.670539,-385.871310,-52.228044
-28.590853,-386.154559,-53.655443
-41.331251,-382.290627,-48.309126
-39.225028,-382.997912,-48.278548
-40.012078,-381.180381,-47.440154
-38.036462,-381.690815,-47.346240
-38.873528,-379.896009,-46.621861
-37.062642,-380.179026,-46.421042
-34.931997,-380.368534,-46.269162
-36.063381,-381.777590,-47.158719
-45.405917,-385.510271,-56.871909
-47.024179,-384.569901,-56.290255
-46.425333,-384.723705,-58.257132
-47.894205,-383.660818,-57.722890
-47.193989,-383.493043,-59.577411
-48.521652,-382.410553,-59.051407
-37.162141,-383.194716,-48.252542
-37.798093,-378.526200,-45.818037
-36.704356,-377.048988,-45.167075
-40.121157,-385.642272,-50.908495
-38.379208,-384.756595,-49.606251
-17.505841,-379.903315,-61.652981
-16.451929,-377.982968,-60.665265
-18.503074,-381.007085,-60.404956
-17.482000,-379.353325,-59.560080
-19.551362,-381.889498,-59.009601
-18.502650,-380.429546,-58.336084
-20.708517,-382.590181,-57.593573
-19.612591,-381.297286,-57.026150
-21.942837,-383.252384,-56.297187
-20.920733,-382.013923,-55.732903
-27.784436,-385.264465,-52.361729
-26.731177,-385.629750,-53.971221
-25.938341,-384.512576,-52.787144
-24.991842,-384.868482,-54.465904
-40.993078,-387.060856,-56.259907
-39.037056,-387.366017,-56.219140
-37.042860,-387.547835,-56.045548
-35.078762,-387.544872,-55.830470
-33.144036,-387.411399,-55.654071
-31.213987,-387.154860,-55.534510
-29.319504,-386.793358,-55.404691
-27.514805,-386.313640,-55.340429
-26.031836,-385.812414,-55.315280
-23.485205,-384.145452,-55.448681
-24.846333,-385.301956,-56.158183
-23.472893,-384.591139,-57.202748
-22.125384,-383.855995,-58.348392
-20.902327,-383.067632,-59.622933
-19.755110,-382.248657,-60.971229
-18.698630,-381.223411,-62.290171
-17.686425,-380.129213,-63.538069
-16.942252,-378.876986,-64.824043
-16.429407,-377.657847,-66.157528
-15.956456,-376.481864,-67.529848
-15.435053,-375.297259,-68.914362
-14.882120,-374.126198,-70.335143
-14.361428,-372.915094,-71.770386
-13.788077,-371.658265,-73.189228
-13.299389,-370.230984,-74.707205
-13.240386,-368.677062,-76.375747
-30.534265,-377.196329,-45.123263
-31.628157,-378.971060,-45.632974
-28.537002,-376.430755,-45.391759
-29.327022,-378.826776,-46.293916
-26.588921,-375.484079,-45.612911
-27.239406,-377.664822,-46.698638
-24.866465,-374.989430,-46.703437
-25.503838,-376.717210,-47.317391
-22.412864,-382.798246,-54.491933
-24.127421,-383.669546,-53.464628
-47.991582,-383.486546,-54.307398
-47.304937,-383.376419,-52.566612
-49.306771,-382.099268,-55.083695
-48.753579,-382.152510,-53.267681
-50.191978,-380.774293,-55.056451
-49.696201,-381.122428,-53.906686
-50.999321,-379.392940,-55.025959
-50.432606,-379.853391,-53.716080
-51.322299,-377.953680,-53.772668
-50.694387,-377.208856,-52.154017
-50.210796,-378.959380,-52.240843
-49.731614,-376.248983,-50.801949
-49.429216,-378.019371,-50.834766
-48.677169,-374.955003,-49.845094
-48.369508,-376.903170,-49.717455
-47.514464,-373.569162,-49.162516
-47.214604,-375.725435,-48.796946
-46.119739,-372.359354,-48.560035
-45.851854,-374.505199,-48.083152
-44.967621,-370.863731,-48.600039
-44.213155,-373.054162,-47.536173
-35.586381,-375.613165,-44.694271
-33.642883,-376.195063,-44.579383
-34.239305,-374.083437,-44.237587
-32.336310,-375.412542,-44.351073
-32.417985,-373.405879,-44.129608
-30.261085,-373.588158,-44.288566
-44.546177,-369.148153,-49.231614
-43.239981,-370.455214,-47.803739
-44.754912,-367.680507,-50.487632
-43.261777,-367.819124,-48.976176
-45.063070,-366.650217,-52.117542
-43.771832,-366.297244,-50.946185
-45.704859,-366.323448,-53.841708
-44.225482,-365.528362,-52.854392
-47.006342,-366.735917,-55.143651
-45.714073,-365.854064,-55.372590
-44.554369,-365.250089,-54.707982
-48.612636,-367.756046,-55.613393
-47.813465,-366.738520,-57.042305
-46.317134,-365.929962,-56.759092
-50.120056,-368.716008,-56.194321
-49.263022,-367.718325,-57.534741
-51.196655,-369.713440,-57.425740
-50.594427,-368.826394,-58.296883
-51.728087,-371.626708,-57.706172
-51.353107,-370.482476,-58.961547
-51.961663,-373.627465,-57.794907
-51.653590,-372.496285,-59.286620
-51.879719,-375.629499,-57.772813
-51.632076,-374.566439,-59.383634
-51.463662,-377.631370,-57.727591
-51.312916,-376.523596,-59.310838
-50.733387,-379.328647,-58.282906
-50.944381,-378.082857,-59.219000
-49.613782,-380.751617,-59.122301
-50.192697,-379.259944,-59.940318
-49.025225,-380.581787,-60.452904
-47.826390,-381.948305,-60.863844
-15.705522,-366.143858,-66.255017
-16.127008,-366.011851,-68.376304
-15.275796,-364.463164,-67.170235
-15.543448,-364.435751,-68.844131
-16.107853,-365.349229,-70.195675
-15.422287,-363.592567,-70.182609
-15.819384,-366.282396,-64.067609
-15.273037,-364.505141,-65.083630
-16.110166,-366.245844,-61.910483
-15.536957,-364.474701,-63.001949
-16.482277,-366.028863,-59.771227
-15.807517,-364.315261,-60.970952
-15.193298,-362.962682,-71.830064
-17.008152,-365.311435,-57.025840
-16.077229,-363.781443,-58.882895
-31.693590,-371.827728,-44.147734
-29.703784,-371.659586,-44.406646
-28.567076,-373.382093,-44.720104
-27.761472,-371.495155,-44.837333
-26.928921,-372.932864,-45.339488
-25.874214,-371.599523,-45.772154
-25.014379,-373.709554,-46.630940
-24.014157,-373.855864,-47.643778
-23.968652,-375.752356,-48.020106
-24.221177,-371.889544,-46.973434
-13.943373,-364.673789,-77.123658
-13.329797,-366.888361,-77.898070
-17.664700,-369.430394,-56.741496
-18.287389,-367.316329,-55.967505
-46.242623,-140.389287,-90.107132
-47.788587,-141.526417,-90.352597
-46.931763,-141.169552,-88.571262
-48.165115,-142.207890,-88.745721
-49.173642,-142.725125,-89.599853
-44.559307,-139.494512,-89.472483
-45.476933,-139.948151,-88.249712
-42.702758,-138.704764,-89.394533
-43.809159,-138.745810,-88.021527
-40.770577,-138.212703,-89.613703
-41.865712,-137.770204,-88.121463
-38.789481,-137.941878,-89.861373
-39.781627,-137.108401,-88.496931
-36.815873,-137.542329,-89.982484
-37.575096,-136.747331,-88.910444
-49.648073,-143.071885,-88.075853
-51.054261,-143.331171,-89.701115
-51.782197,-144.004653,-88.461147
-53.032054,-143.497423,-89.847614
-53.798928,-144.413800,-88.782841
-54.987308,-143.484532,-90.279255
-55.691025,-144.844749,-89.260706
-56.839513,-143.604974,-91.021642
-57.379597,-145.521608,-89.953797
-58.191087,-144.702206,-91.313868
-58.051253,-143.520623,-92.530824
-58.949147,-145.031742,-92.592942
-58.715079,-144.052665,-93.804894
-57.801713,-142.811449,-94.214205
-58.673244,-143.964632,-95.316366
-57.592087,-142.438663,-95.931988
-58.326050,-144.054243,-97.084051
-57.321511,-142.615330,-97.731910
-57.648862,-144.249161,-98.835793
-56.658268,-142.964202,-99.395201
-56.554511,-144.367879,-100.454335
-55.174089,-142.670707,-100.894815
-55.115369,-144.389543,-101.957887
-53.492645,-142.692092,-102.231276
-53.320449,-144.405906,-103.113266
-51.562634,-142.402367,-102.947791
-51.273549,-144.303259,-103.835705
-49.482763,-142.000418,-103.236585
-49.141933,-144.226145,-104.331687
-47.400503,-141.888072,-103.647995
-42.174648,-137.235469,-97.602398
-41.470438,-136.976309,-95.892100
-40.483377,-137.599519,-97.417425
-39.921995,-137.453912,-95.905567
-40.348459,-137.353739,-94.374098
-38.737019,-137.742284,-94.957287
-39.138336,-137.782765,-92.926732
-37.341772,-138.388924,-93.719675
-37.947190,-137.971537,-91.478984
-35.662468,-138.997140,-92.268767
-43.354600,-137.813899,-98.984724
-41.379443,-138.101237,-99.020050
-44.232129,-138.613938,-100.499773
-42.361082,-138.860680,-100.452378
-44.783380,-139.721632,-101.976292
-43.242824,-139.861911,-101.817870
-45.938495,-140.818079,-102.956521
-44.205182,-141.006028,-102.978243
-45.488521,-142.448637,-103.890968
-47.017379,-144.309383,-104.551292
-34.345760,-138.657519,-90.634562
-35.142369,-137.111017,-89.339120
-14.410347,-371.081379,-66.619793
-58.793398,-146.199796,-90.990428
-43.749731,-386.191204,-57.334433
-47.932068,-141.850794,-87.274306
-41.935685,-386.738923,-57.703907
-38.433983,-386.057830,-51.313214
-46.524412,-140.474291,-86.873264
-45.086721,-138.984895,-86.599665
-14.587796,-371.642624,-65.009635
-43.247507,-137.393900,-86.366109
-40.991708,-136.303048,-87.051499
-14.871202,-371.416665,-63.021579
-14.755282,-373.089182,-63.836912
-38.665582,-135.714634,-87.539129
-14.736241,-362.580520,-73.614985
-36.079017,-135.606459,-88.048330
-14.044813,-362.121441,-75.776007
-49.025721,-142.750946,-86.090155
-15.257852,-371.426620,-61.175169
-50.721382,-144.075883,-86.776149
-52.629265,-144.986682,-87.286889
-51.541352,-145.295579,-85.766447
-14.983014,-373.421979,-62.296171
-47.603205,-141.180201,-85.517927
-32.865090,-380.478992,-46.303730
-46.284829,-139.587395,-85.177385
-44.971277,-137.979686,-84.887198
-36.785866,-385.907984,-50.931701
-49.941029,-143.967086,-84.926009
-48.441248,-142.300197,-84.178288
-36.050612,-384.613822,-49.401487
-34.783642,-385.772657,-50.753409
-47.141578,-140.484613,-83.726345
-49.508223,-380.673055,-52.525588
-46.081777,-138.702935,-83.445095
-53.204479,-146.254359,-86.265419
-48.781120,-379.880435,-51.003036
-54.442176,-145.770094,-87.747557
-47.838765,-378.765917,-49.829596
-56.163281,-146.586909,-88.364676
-32.783754,-385.578889,-50.705336
-57.925558,-147.349911,-89.155474
-33.967975,-384.509738,-49.340176
-54.806145,-147.287784,-86.686205
-35.069820,-383.209838,-48.165548
-34.013394,-381.865890,-47.129694
-56.584237,-148.245309,-87.161881
-33.055497,-383.186472,-48.195330
-50.667854,-145.556926,-84.131549
-52.112356,-146.419509,-85.016230
-32.075361,-381.869173,-47.285437
-53.294833,-147.544978,-85.149773
-44.743905,-385.411880,-58.704124
-54.853705,-148.796080,-85.399839
-45.646192,-384.418679,-60.030750
-51.567552,-147.247781,-83.786290
-46.386331,-383.061412,-61.271208
-42.927680,-386.003598,-59.118857
-52.843841,-148.907403,-83.818796
-43.910321,-385.099395,-60.460712
-49.051046,-143.962998,-82.805078
-44.772963,-383.940431,-61.685327
-46.196400,-382.891502,-50.912108
-49.879121,-146.196659,-82.440162
-44.752083,-382.199107,-49.572694
-50.627215,-148.446786,-82.028253
-43.243533,-381.441110,-48.506104
-47.647411,-141.730779,-82.283792
-30.831511,-385.246944,-50.741812
-46.741827,-139.687387,-81.933847
-28.942784,-384.713323,-50.880445
-31.985270,-384.321034,-49.394432
-47.821245,-143.089888,-80.815845
-48.642856,-144.965473,-81.244662
-31.178870,-383.044911,-48.304121
-48.857848,-146.698109,-80.653347
-30.087098,-383.979734,-49.495960
-47.701459,-144.747936,-79.649371
-15.957611,-371.421586,-59.330928
-47.059348,-140.868123,-80.373126
-15.456071,-373.583132,-60.396650
-47.098269,-142.321076,-78.652425
-16.028785,-375.716469,-59.616475
-59.315202,-145.373854,-94.254620
-30.899322,-380.530618,-46.662332
-59.600896,-146.717922,-92.664891
-59.174418,-145.634136,-96.121394
-30.516618,-381.878275,-47.532911
-29.449921,-382.624881,-48.378523
-58.564516,-145.838112,-98.004025
-28.224179,-383.440038,-49.634307
-57.554969,-145.977315,-99.700699
-27.063978,-384.035309,-51.151015
-56.290760,-146.147768,-101.233281
-16.750862,-377.507421,-58.660505
-54.753058,-146.319065,-102.587388
-17.724279,-378.781935,-57.631578
-52.946743,-146.441451,-103.683296
-18.797435,-379.734149,-56.496897
-19.962036,-380.508798,-55.246499
-59.821493,-148.043929,-90.410379
-21.349960,-381.229798,-53.906542
-58.611998,-149.056033,-87.684630
-41.876548,-380.518445,-47.574459
-56.680057,-150.036599,-85.815666
-40.656977,-379.407869,-46.828399
-39.593557,-378.198427,-46.078941
-54.457880,-150.489278,-84.128515
-38.574592,-376.766787,-45.557912
-52.183157,-150.531962,-82.591931
-37.530130,-375.239726,-45.156209
-59.894687,-147.150466,-94.644212
-47.979925,-381.665337,-51.634190
-60.511024,-148.487123,-92.780621
-59.572142,-147.736099,-96.859401
-46.801259,-380.776070,-50.006950
-58.323773,-147.596099,-98.781766
-57.158383,-147.783976,-100.310993
-45.014555,-380.373314,-48.822182
-46.360565,-379.257104,-49.118600
-55.805334,-148.041100,-101.688753
-46.797636,-377.673277,-48.876613
-54.235617,-148.317870,-102.917583
-43.617502,-379.645082,-47.843077
-45.233537,-378.617334,-48.259053
-60.382626,-149.227921,-94.785336
-42.342273,-378.716279,-47.036150
-50.898626,-146.518798,-104.536975
-41.221822,-377.710619,-46.339606
-48.698616,-146.633642,-104.927859
-40.250833,-376.455107,-45.951508
-43.988191,-377.783412,-47.324480
-52.527778,-148.601320,-104.044995
-42.704058,-376.862484,-46.658125
-41.578885,-376.154401,-46.301335
-50.464545,-148.879177,-104.727575
-39.356103,-374.947391,-45.640332
-41.053754,-374.736710,-46.127112
-48.820169,-148.793483,-80.111008
-45.572478,-376.689653,-47.974498
-50.241524,-150.474524,-81.023189
-47.343821,-146.890187,-78.792843
-44.191384,-375.649838,-47.234832
-46.758213,-144.437023,-77.783430
-59.706974,-150.135990,-96.517037
-42.665475,-374.890603,-46.660284
-58.843575,-149.144679,-97.967866
-57.913898,-149.382498,-99.329514
-56.739494,-149.663049,-100.791992
-42.129590,-372.832492,-46.729618
-55.246397,-149.967680,-101.993011
-53.666950,-150.320292,-103.080160
-29.171697,-381.018383,-47.361087
-51.971170,-150.749974,-104.033890
-27.533442,-379.836037,-47.596504
-58.673071,-150.912517,-98.042283
-27.752640,-381.804354,-48.551940
-26.437062,-382.549744,-49.960953
-57.433207,-151.316434,-99.578396
-25.181858,-383.115258,-51.630798
-56.055479,-151.552072,-100.978037
-54.575493,-151.861544,-102.105331
-16.797021,-371.423074,-57.525709
-53.039093,-152.293361,-103.106056
-60.652257,-150.274029,-88.689301
-16.131464,-373.479121,-58.478874
-61.115004,-149.614041,-91.093748
-61.192814,-150.446684,-92.771832
-16.664085,-375.405718,-57.748159
-60.755945,-151.395849,-94.660890
-17.268542,-376.980839,-56.862344
-59.765789,-152.323957,-96.389227
-18.184715,-378.167249,-55.943759
-19.244946,-378.930300,-54.900892
-61.506357,-151.583059,-90.449057
-20.421513,-379.543011,-53.653850
-17.324709,-375.168288,-56.092001
-61.495676,-152.654463,-92.451436
-16.899326,-373.429885,-56.729364
-18.046318,-376.535128,-55.338169
-60.902196,-153.641493,-94.403842
-18.705261,-377.627168,-54.656649
-58.788423,-151.317912,-86.355380
-19.673838,-377.931355,-53.587157
-60.535295,-152.657968,-87.791106
-18.186491,-374.922952,-54.617641
-17.572288,-373.622919,-55.338282
-61.451595,-153.883083,-89.920628
-18.957841,-376.380886,-53.939950
-20.074929,-376.587343,-52.517420
-61.433792,-154.966076,-92.055217
-17.742495,-371.605025,-55.484600
-18.733260,-369.381933,-54.832841
-56.252392,-152.077932,-84.617777
-23.133910,-381.941863,-52.330853
-53.707420,-152.307853,-83.019086
-58.202425,-153.928440,-85.482281
-25.832064,-378.744676,-48.047303
-26.040960,-380.774355,-48.860968
-60.271589,-155.037812,-87.389414
-24.305146,-377.644124,-48.670139
-61.144908,-156.200202,-89.472391
-24.639188,-381.531225,-50.369739
-55.278102,-154.135335,-83.516997
-24.447838,-379.625334,-49.364412
-56.659776,-156.090063,-84.088439
-58.681659,-156.041205,-85.686888
-59.835111,-157.208376,-87.050533
-23.108870,-380.155746,-50.826765
-21.790685,-380.076544,-52.314111
-57.967000,-157.830510,-85.024996
-20.894945,-378.379505,-52.276267
-58.479500,-153.288017,-98.215790
-56.893571,-153.286788,-99.976046
-22.088644,-378.838972,-51.223311
-23.059548,-378.344060,-50.010062
-55.448827,-153.430950,-101.271502
-54.026739,-153.737630,-102.348666
-22.905904,-376.399996,-49.427283
-59.841596,-154.638089,-96.161234
-21.593579,-376.962450,-50.995533
-60.732022,-155.946450,-94.042305
-22.867741,-374.367700,-48.952899
-21.668207,-374.865910,-50.294588
-61.051172,-157.297216,-91.659026
-20.416483,-374.981641,-51.640607
-60.626523,-158.496700,-88.972637
-19.244550,-374.821803,-53.155975
-59.161198,-159.285164,-86.535673
-18.395241,-373.154485,-53.993169
-58.748548,-155.725472,-97.673452
-57.673958,-154.876841,-99.151894
-18.982690,-371.224860,-53.464812
-59.744736,-156.876336,-95.772872
-19.576757,-373.100912,-52.397386
-60.394609,-158.145733,-93.711992
-60.510160,-159.827962,-91.396935
-36.456118,-373.678082,-44.760119
-59.756964,-160.695910,-88.384967
-38.397593,-373.307221,-45.367140
-56.386104,-155.411066,-100.573953
-40.257340,-372.984922,-45.999085
-54.967680,-154.975756,-101.749178
-41.222885,-370.894643,-46.688489
-57.627398,-156.802511,-99.009207
-41.968049,-369.000842,-47.511546
-58.631699,-157.914521,-97.228183
-39.329179,-371.196030,-45.852621
-59.502825,-158.965000,-95.388658
-37.396402,-371.620877,-45.110127
-35.473162,-372.056525,-44.483384
-60.006701,-159.891085,-93.663456
-51.508592,-152.183150,-81.564000
-49.901134,-151.948784,-80.406229
-33.632490,-372.068213,-44.126810
-52.735837,-154.024818,-81.927547
-40.362305,-369.014819,-46.545114
-50.567785,-153.543264,-80.552753
-22.942934,-372.283356,-48.471034
-54.024588,-156.022765,-82.362717
-21.599174,-372.829174,-49.845551
-20.692709,-373.394173,-51.098454
-55.439354,-158.309981,-82.973341
-57.322247,-159.934261,-84.491876
-20.283891,-371.321469,-51.339971
-58.398303,-161.357453,-86.113128
-51.486786,-155.524422,-80.787931
-19.660855,-369.228996,-52.734146
-52.551473,-157.677631,-81.119899
-19.029443,-367.337570,-53.823356
-17.927695,-365.540039,-54.661790
-53.484358,-159.925801,-81.484859
-55.505373,-160.482446,-82.985954
-39.956721,-387.136367,-57.855321
-56.475887,-162.093192,-84.159477
-37.903785,-387.429542,-57.796100
-54.430550,-161.961634,-82.107213
-35.885469,-387.511842,-57.625212
-47.332141,-149.270330,-78.682748
-48.669354,-150.772336,-79.663206
-33.938000,-387.479032,-57.432374
-48.754695,-152.632304,-79.477414
-32.007079,-387.302316,-57.281412
-49.187663,-154.639416,-79.500454
-30.092688,-387.034466,-57.148193
-49.943447,-156.836148,-79.606227
-28.196431,-386.658225,-56.966963
-47.173966,-151.285821,-78.479130
-26.403032,-386.136780,-56.697151
-47.191278,-153.355771,-78.380872
-25.128949,-385.567585,-57.917167
-47.454971,-155.628038,-78.365147
-40.928713,-386.525763,-59.444476
-50.876284,-159.163410,-79.795514
-41.934226,-385.606860,-60.881653
-42.961845,-384.514710,-62.100579
-51.983052,-161.703885,-80.013377
-38.792984,-386.939682,-59.501136
-48.155683,-158.051142,-78.379005
-36.698240,-387.131562,-59.374445
-49.081068,-160.509512,-78.501978
-34.710064,-387.203909,-59.190194
-46.048675,-146.112072,-76.941447
-32.798000,-387.146095,-59.032850
-46.312363,-147.981867,-77.660890
-45.904681,-149.666952,-77.449120
-30.874633,-386.986402,-58.906040
-45.543161,-151.694889,-77.279735
-28.902679,-386.737828,-58.732084
-45.171760,-147.749855,-76.336247
-26.950061,-386.312102,-58.425963
-44.297867,-149.667867,-76.133433
-39.715951,-386.051628,-61.109277
-45.309363,-153.950193,-77.244452
-40.716976,-384.816736,-62.731023
-43.646394,-151.877379,-76.118184
-37.518662,-386.440186,-61.073925
-45.228773,-156.628538,-77.114680
-35.470945,-386.624432,-60.867969
-43.062802,-154.274139,-76.244892
-33.561190,-386.700199,-60.718513
-31.649926,-386.652938,-60.640835
-46.436170,-159.359333,-77.260898
-29.656860,-386.559834,-60.561265
-27.577598,-386.222904,-60.291450
-42.428537,-156.523177,-76.243639
-43.914184,-158.586886,-76.546638
-38.269902,-385.307546,-62.595222
-56.463145,-157.942464,-100.382201
-55.166609,-156.779646,-101.789750
-36.152502,-385.689463,-62.444406
-57.480790,-159.074597,-98.572098
-34.255922,-385.964900,-62.279439
-58.460246,-160.077391,-96.715851
-32.442482,-386.012392,-62.232142
-59.286171,-160.955579,-94.852581
-30.474574,-385.996224,-62.318544
-59.639542,-161.519966,-92.660489
-28.279920,-385.832224,-62.243165
-25.614662,-385.603334,-59.784184
-59.537824,-162.058483,-90.252785
-58.751031,-162.641712,-87.939395
-23.754465,-384.896479,-59.114663
-57.525271,-163.224003,-86.010276
-22.406579,-384.142366,-60.330836
-55.129683,-163.717438,-83.116234
-21.225689,-383.250886,-61.572518
-56.345076,-163.839849,-84.676606
-20.131872,-382.323482,-62.890387
-53.472054,-163.687661,-81.200331
-26.105812,-385.413032,-61.775789
-49.839379,-162.874753,-78.452986
-51.863796,-163.733174,-79.584036
-19.083531,-381.295979,-64.215464
-47.217154,-161.808878,-77.404296
-18.162298,-380.186870,-65.502016
-44.838201,-160.705179,-76.540404
-42.965947,-159.942115,-76.309591
-17.497728,-378.972693,-66.761401
-58.516842,-163.874695,-89.594192
-16.909706,-377.866898,-68.060993
-58.823725,-163.323391,-91.721740
-16.314170,-376.815060,-69.410367
-58.592143,-162.766165,-93.834826
-15.672355,-375.772334,-70.805237
-57.744596,-164.420005,-87.596646
-14.952493,-374.681226,-72.214931
-56.691209,-164.887678,-85.902689
-58.039953,-162.133350,-95.879887
-14.176915,-373.521074,-73.613939
-57.203406,-161.324902,-97.882282
-13.358885,-372.218559,-75.092474
-56.075341,-160.336256,-99.798266
-12.752712,-370.745239,-76.671547
-54.916938,-159.105929,-101.536353
-24.142387,-384.913947,-61.064984
-55.478423,-165.219685,-84.281996
-22.746320,-384.140367,-62.218497
-54.128687,-165.388847,-82.390126
-21.682897,-383.198384,-63.410396
-52.615799,-165.374876,-80.366706
-20.630816,-382.316800,-64.772588
-50.770700,-164.993286,-78.480841
-19.598962,-381.275180,-66.137073
-47.916503,-164.407083,-77.342176
-18.695561,-380.184168,-67.419426
-17.976153,-379.100041,-68.651252
-45.351974,-162.943647,-76.467346
-17.273263,-378.164775,-69.927373
-16.579549,-377.248733,-71.272114
-43.145755,-161.723675,-76.191021
-15.765652,-376.292929,-72.677921
-53.674431,-157.728433,-102.843455
-14.841826,-375.279358,-74.087031
-53.821791,-155.637362,-102.702124
-13.850364,-374.148469,-75.522335
-52.559061,-154.311030,-103.336317
-12.876854,-372.860685,-77.008097
-51.410853,-152.805409,-103.921526
-50.112241,-151.226954,-104.561832
-24.453248,-384.632597,-63.016634
-52.328983,-156.413305,-103.761337
-23.071673,-383.875465,-63.773791
-48.074977,-149.378502,-105.025961
-22.358702,-383.146960,-65.136128
-21.271817,-382.240211,-66.672344
-50.730990,-154.958419,-104.319625
-20.149745,-381.185655,-68.034789
-49.940226,-153.121426,-104.481065
-48.422255,-152.190314,-104.674592
-19.187197,-380.186151,-69.283887
-48.842075,-154.321242,-104.938351
-18.331473,-379.301833,-70.467359
-17.596075,-378.510261,-71.698903
-50.694799,-157.269583,-104.604642
-16.774719,-377.756647,-73.089355
-49.230327,-156.276582,-105.199851
-52.004327,-158.528649,-103.754896
-15.735551,-376.923148,-74.528162
-53.129755,-159.924386,-102.611797
-14.607602,-375.950062,-75.951425
-54.128693,-161.734262,-100.889943
-13.463616,-374.857920,-77.402703
-55.640618,-162.673508,-98.829431
-12.534744,-369.061197,-78.304087
-56.731741,-163.447629,-96.849996
-12.299528,-371.379437,-78.637489
-57.483847,-164.046251,-94.849162
-12.473162,-373.617675,-78.877287
-57.908327,-164.501411,-92.891084
-38.353058,-369.391501,-45.595723
-57.913654,-164.999001,-91.002002
-57.504775,-165.587729,-89.108364
-36.350626,-370.078984,-44.858425
-34.749743,-370.687021,-44.363815
-56.704267,-166.052436,-87.319047
-33.213836,-370.270353,-44.161688
-55.664955,-166.475897,-85.640977
-31.156405,-369.890075,-44.246132
-54.458782,-166.905032,-83.804524
-28.996025,-369.749158,-44.700052
-53.169109,-167.165168,-81.596435
-26.933346,-369.741408,-45.409225
-51.722279,-167.085648,-79.293972
-25.067300,-369.814135,-46.508532
-49.457190,-166.638177,-77.619528
-37.050665,-367.842953,-45.270544
-34.984719,-368.942769,-44.561393
-45.533571,-165.156782,-76.419873
-33.049640,-368.188562,-44.274211
-47.315651,-166.341128,-76.941050
-43.286908,-163.844130,-76.143421
-41.505409,-367.168294,-47.801297
-43.730814,-136.460936,-84.465979
-45.002701,-137.088558,-83.175355
-42.373147,-365.838442,-49.622993
-42.046016,-135.732421,-85.359023
-42.739065,-364.621306,-51.655015
-45.945752,-137.832220,-81.736734
-46.514349,-138.761012,-80.177677
-43.276331,-364.329259,-53.877200
-46.839956,-139.814319,-78.522466
-39.410873,-366.817797,-46.512262
-39.991319,-134.796939,-85.969888
-37.439568,-134.131484,-86.604281
-40.886070,-365.244763,-48.388785
-46.811017,-140.810136,-76.818945
-41.598517,-364.446688,-50.044551
-46.656041,-142.649790,-76.852439
-35.256043,-366.755984,-44.965260
-46.040077,-143.966609,-75.979048
-37.430691,-365.516312,-45.992557
-45.056522,-145.553240,-75.133171
-39.279591,-364.387680,-47.491064
-43.842431,-147.383233,-74.656256
-40.424141,-363.603622,-49.341735
-42.413422,-149.527076,-74.495352
-23.341237,-370.109653,-47.930046
-41.633117,-152.075684,-75.042759
-21.792937,-370.650904,-49.544061
-40.592688,-154.390748,-75.336239
-20.870529,-369.047384,-50.844257
-22.377572,-368.533604,-49.212453
-46.373007,-141.894795,-75.317193
-20.047824,-367.254516,-51.731641
-45.495083,-143.296649,-74.081934
-21.264526,-367.271785,-50.166686
-44.047924,-144.925645,-72.955409
-18.864812,-365.433234,-52.371919
-20.450155,-365.238516,-49.885107
-42.464022,-146.932973,-72.897852
-22.415248,-366.386703,-48.626545
-40.253282,-156.762533,-75.857827
-41.743726,-158.487508,-76.240488
-24.226654,-367.803765,-47.520497
-41.352987,-160.339115,-76.343758
-41.263200,-162.382215,-76.478708
-26.156522,-367.992648,-46.097926
-39.759740,-158.715744,-76.227140
-28.098844,-367.930565,-45.179220
-30.515071,-367.543181,-44.448608
-39.417237,-160.694946,-76.716954
-40.857172,-148.446276,-72.632956
-33.145307,-365.858808,-44.674440
-40.730688,-150.375080,-73.776753
-39.710665,-151.959868,-74.049204
-35.461970,-364.504326,-45.612907
-39.314478,-149.897718,-72.603122
-37.547901,-363.372338,-46.809914
-38.412484,-153.553225,-74.388464
-39.085721,-362.569517,-48.462574
-38.915141,-155.394684,-75.251508
-26.567067,-384.908418,-64.132123
-38.308578,-156.973052,-75.708345
-24.263029,-383.977205,-64.950978
-37.711289,-158.820953,-76.404571
-23.451516,-383.081309,-67.049944
-37.878910,-151.441176,-73.030662
-21.861884,-382.038324,-68.555989
-37.190859,-155.081113,-74.907722
-20.644534,-381.129037,-69.911618
-36.411179,-152.955933,-73.679980
-19.518331,-380.260294,-71.146895
-18.579046,-379.494784,-72.012343
-36.261866,-156.808401,-75.632167
-17.939124,-379.043913,-73.382054
-16.869576,-378.366671,-74.909103
-35.120825,-154.606764,-74.564095
-15.606085,-377.602402,-76.382575
-43.841928,-135.701258,-82.887020
-14.288929,-376.687693,-77.794416
-44.938208,-136.218665,-81.560871
-45.732078,-136.931636,-80.066010
-13.116199,-375.633578,-79.205897
-46.334054,-137.759421,-78.473666
-29.222142,-385.255454,-64.138919
-42.736790,-135.324132,-83.948328
-31.441957,-385.277931,-63.888075
-41.292611,-134.380311,-84.298062
-46.618788,-138.708099,-76.777439
-33.148417,-385.311754,-63.469748
-34.701914,-384.912915,-63.749609
-46.576152,-139.808466,-75.072032
-36.667981,-384.463071,-63.893725
-38.779142,-383.933307,-64.025893
-46.068235,-141.078665,-73.479676
-25.787798,-383.887462,-66.359042
-39.092890,-132.991705,-84.733525
-28.044979,-384.361461,-65.995212
-45.113754,-142.530765,-72.034980
-41.410737,-363.184668,-51.115924
-43.726595,-143.714176,-70.756391
-42.128928,-363.055519,-53.033717
-42.723606,-145.275836,-71.457413
-40.203118,-362.021227,-50.278205
-41.283300,-146.445243,-71.098563
-41.116902,-361.618645,-52.148424
-39.346534,-147.823460,-70.738219
-32.830118,-384.265948,-65.131669
-37.670355,-149.497658,-71.380270
-35.011004,-383.590140,-65.217212
-36.012020,-150.813018,-72.040584
-37.043852,-382.957304,-65.216571
-34.124258,-152.180117,-73.015620
-30.367638,-384.453349,-65.753589
-42.151922,-144.749771,-69.797049
-25.338569,-383.135568,-68.290134
-40.352230,-145.858651,-69.200547
-27.119856,-383.557036,-67.503466
-23.544288,-382.603461,-69.006106
-38.407716,-146.757800,-68.750980
-22.430734,-381.918216,-70.378455
-37.587540,-148.086847,-69.874559
-36.062540,-149.024944,-70.225201
-21.008661,-381.199014,-71.814685
-19.472369,-380.325667,-73.264819
-36.490153,-147.532325,-68.606424
-18.241234,-379.717643,-75.157484
-34.197053,-149.967355,-70.985150
-16.856327,-379.107923,-76.768886
-34.485797,-148.351821,-69.036081
-15.372614,-378.388535,-78.233441
-38.859526,-138.087143,-96.912858
-14.013880,-377.445766,-79.638045
-39.555577,-138.599194,-98.730374
-29.078189,-383.472256,-67.528965
-40.515726,-139.256200,-100.379462
-27.307512,-382.874302,-69.090472
-41.571117,-140.211796,-101.582622
-42.521094,-141.309361,-102.649541
-24.856929,-382.509848,-70.473885
-43.575116,-142.694667,-103.678513
-44.915489,-144.427997,-104.508974
-31.461734,-383.253145,-67.123419
-46.454234,-146.600648,-105.051338
-33.492893,-382.988704,-66.503617
-45.518484,-148.747353,-105.206244
-23.002039,-381.862640,-72.263458
-46.444362,-151.201741,-104.903606
-21.367977,-381.363430,-73.792402
-46.999075,-153.584473,-105.271105
-19.902532,-380.836365,-75.411838
-18.413617,-380.439023,-77.119150
-37.262602,-138.788049,-95.982604
-16.774921,-379.928646,-78.694341
-35.679356,-139.859333,-94.784873
-15.165559,-379.197358,-80.125858
-34.008985,-141.205266,-93.460521
-33.616145,-140.224065,-91.816412
-35.197907,-381.875627,-66.789748
-47.571318,-155.628682,-105.737698
-32.773796,-381.925697,-68.150348
-37.803105,-139.400047,-98.123492
-30.005413,-382.324105,-69.351809
-38.779537,-140.084306,-99.949292
-40.022599,-140.882520,-101.320533
-27.422958,-382.328369,-71.173953
-41.124951,-141.511728,-102.263134
-41.745587,-142.799708,-103.125862
-25.207793,-382.208405,-72.728239
-42.836351,-144.472673,-104.071623
-23.357346,-381.947734,-74.237986
-44.165578,-146.417511,-104.888132
-21.758749,-381.676007,-75.759499
-20.239330,-381.479661,-77.364065
-36.193409,-140.646296,-97.174014
-18.600993,-381.357336,-79.249711
-37.199908,-141.303016,-99.338871
-16.659155,-380.716712,-80.627197
-38.581001,-142.000473,-100.994073
-30.906694,-364.970865,-44.899834
-28.998480,-366.182667,-45.046479
-40.075759,-142.546351,-102.257219
-27.194436,-366.243248,-45.680123
-25.520805,-366.434607,-46.459666
-34.417357,-142.500748,-95.969736
-33.344550,-363.575496,-45.364101
-35.679939,-143.009639,-98.560735
-24.091521,-365.435776,-47.059793
-37.154282,-143.525568,-100.624877
-28.510924,-364.139191,-45.351400
-38.921423,-144.015861,-102.088224
-26.041594,-364.668895,-46.065669
-40.806762,-144.351417,-103.252951
-31.104984,-362.640752,-45.321084
-41.964605,-146.265690,-104.166315
-28.960921,-361.625402,-45.251472
-43.133882,-148.314083,-105.031100
-26.705832,-362.538665,-45.618870
-44.249045,-150.580604,-105.271717
-35.713777,-362.329167,-46.246508
-45.046274,-152.816621,-105.551105
-37.606025,-361.500354,-47.705505
-45.492907,-155.109646,-106.390649
-39.073386,-360.903716,-49.287863
-49.113274,-158.151907,-105.227302
-33.643287,-361.322062,-45.837969
-48.017515,-157.240718,-105.688248
-50.260986,-159.205991,-104.385852
-31.416349,-360.250638,-45.492161
-51.325002,-160.439012,-103.460591
-52.057563,-161.915048,-102.218659
-36.032095,-360.310084,-46.899986
-46.486570,-157.273714,-106.161270
-37.947098,-359.722318,-48.390536
-54.071738,-164.311066,-99.506869
-40.134099,-360.337188,-50.979569
-52.438387,-163.866631,-100.992080
-39.117359,-359.504062,-49.860794
-55.352495,-164.936853,-97.642633
-34.066216,-358.999234,-46.248513
-56.287127,-165.460071,-95.672920
-36.576826,-358.336779,-47.649117
-56.964243,-165.853733,-93.723437
-38.302869,-358.188404,-49.439265
-57.285904,-165.939667,-92.087152
-56.977119,-166.645453,-90.539045
-39.681614,-358.573177,-51.216830
-56.413848,-167.207956,-88.727784
-40.847943,-359.683578,-53.146351
-55.669536,-167.624591,-87.016004
-54.624410,-168.096787,-85.405864
-41.651642,-361.579087,-54.144873
-53.360907,-168.961898,-83.334887
-42.489201,-363.109971,-54.995987
-52.023034,-168.995987,-80.627794
-43.541036,-364.386091,-55.772026
-44.886673,-365.214193,-56.401094
-50.294511,-168.765888,-78.295709
-22.265716,-364.017449,-47.686430
-47.966897,-168.142242,-77.094609
-24.469067,-363.151861,-46.356875
-45.735424,-167.254567,-76.429649
-43.429399,-166.049454,-76.261976
-29.078345,-359.366574,-45.609709
-27.339142,-360.683251,-45.583620
-41.271834,-164.566717,-76.642060
-25.443236,-360.942302,-46.125119
-39.218399,-162.845747,-77.080951
-23.230852,-361.417567,-47.147609
-37.231490,-160.883235,-77.049334
-26.908773,-359.105040,-46.105355
-35.486125,-158.724348,-76.468829
-24.730480,-359.209567,-47.034572
-34.066353,-156.458989,-75.487531
-31.530594,-357.600755,-46.282059
-33.000142,-154.125810,-74.420688
-28.684724,-357.524263,-46.448672
-26.512246,-357.451857,-47.142648
-56.376845,-167.547707,-92.252489
-34.504588,-356.855186,-47.427855
-55.972436,-167.341572,-94.399673
-36.710328,-356.657792,-49.184697
-55.227448,-167.086345,-96.367916
-38.429620,-356.854504,-51.155233
-54.070467,-166.667146,-98.244328
-39.694762,-357.478638,-53.131455
-52.539738,-166.124468,-99.795553
-20.985183,-362.160595,-48.784202
-50.889591,-165.641081,-101.026489
-50.696808,-163.654041,-102.039091
-19.124965,-362.977417,-51.002468
-50.312607,-162.053645,-103.010981
-49.573825,-160.829001,-103.899265
-17.899824,-363.505696,-53.363760
-48.534814,-159.807103,-104.743901
-47.419252,-158.713107,-105.484807
-17.184172,-363.849734,-55.291279
-16.506016,-362.745153,-56.762177
-32.271584,-150.759290,-71.862724
-32.150808,-152.368641,-73.333180
-17.354919,-361.752158,-54.706614
-32.399912,-149.128179,-69.909460
-18.515742,-360.914399,-52.447999
-55.990458,-168.340638,-90.158226
-20.269308,-360.161709,-50.247449
-55.356967,-168.782557,-88.297256
-54.769215,-168.943867,-86.779535
-22.427538,-359.549857,-48.385446
-53.800534,-169.748083,-85.568708
-51.995546,-170.823412,-82.132164
-52.856358,-170.721574,-84.197507
-30.084889,-355.978808,-47.276754
-50.697636,-170.777030,-79.570350
-28.084478,-356.270428,-47.394178
-32.526781,-355.694026,-47.809154
-48.665653,-170.300496,-77.588443
-34.731830,-355.371269,-49.157485
-46.172834,-169.410346,-76.620005
-36.563717,-355.349462,-51.017550
-43.713409,-168.256127,-76.591600
-38.099168,-355.784046,-53.063588
-41.419665,-166.831491,-76.925432
-24.345265,-357.365044,-48.306100
-39.192884,-165.144887,-77.417443
-26.428177,-355.759519,-48.196343
-36.928511,-163.164511,-77.621290
-21.956968,-357.621307,-49.911416
-34.820369,-160.873518,-77.303000
-24.083985,-355.190101,-49.772836
-33.090845,-158.377060,-76.533781
-19.659411,-358.248608,-51.836811
-31.828924,-155.805699,-75.558939
-18.052110,-359.185347,-54.125493
-31.028205,-153.420686,-74.442398
-16.773330,-360.266963,-56.371360
-30.589734,-151.432151,-73.013568
-15.977292,-361.469664,-58.518441
-30.444560,-149.736768,-71.214848
-15.641923,-362.563118,-60.218668
-15.362861,-362.610419,-61.976743
-49.103314,-163.457983,-102.802972
-15.099246,-362.716191,-64.003661
-48.924378,-162.134449,-103.477624
-14.925968,-362.737031,-66.041795
-47.931916,-161.389810,-104.130246
-46.709559,-160.384610,-104.897663
-15.005276,-362.692447,-68.259383
-45.466110,-159.137137,-105.705472
-47.635379,-163.032936,-103.470556
-14.901992,-361.791819,-70.087038
-46.169823,-162.248093,-104.168255
-15.543945,-360.505204,-60.631369
-44.581745,-161.085445,-104.840568
-15.172466,-360.861658,-62.921074
-44.242125,-157.547683,-106.486312
-14.950552,-360.937476,-64.927643
-14.813862,-360.948234,-66.891326
-43.062124,-159.537262,-105.501923
-14.754587,-360.872782,-68.562743
-55.443905,-169.444218,-91.581508
-16.299664,-359.020103,-58.291613
-55.577165,-168.793635,-93.257959
-55.118234,-168.969665,-94.881912
-17.546602,-357.742930,-56.002716
-54.952613,-170.016448,-89.624660
-19.115397,-356.660532,-53.696300
-54.198721,-170.384229,-87.545588
-21.242069,-355.843119,-51.596290
-53.084527,-171.430051,-85.912111
-14.725706,-360.903023,-71.775051
-54.222325,-168.950314,-96.847695
-14.713751,-359.762218,-69.783914
-52.818063,-168.566792,-98.632950
-14.376582,-360.121439,-73.682268
-51.848736,-172.545965,-84.029734
-28.690731,-354.902343,-48.210165
-50.725855,-172.625685,-81.213434
-31.004320,-354.505411,-48.437842
-49.149680,-172.369301,-78.811816
-32.983225,-354.498716,-49.151537
-46.661245,-171.671662,-77.244997
-26.980883,-353.964805,-49.238825
-44.100958,-170.465604,-77.076118
-25.265714,-352.926649,-50.601042
-22.677885,-353.638534,-51.712970
-41.708296,-169.088488,-77.332340
-34.425231,-353.892956,-50.834038
-39.332165,-167.510046,-77.705249
-36.279475,-354.215910,-52.891264
-36.905146,-165.683408,-78.015762
-29.514586,-353.362378,-49.283559
-34.162608,-163.490564,-78.173285
-31.959084,-353.300090,-49.856377
-32.217989,-160.570227,-77.533492
-27.875366,-352.224363,-50.182298
-30.421550,-157.635586,-76.908483
-30.480768,-351.929203,-50.547700
-29.758655,-154.629170,-75.827481
-32.904801,-352.208535,-51.478832
-29.196575,-152.292129,-74.512975
-34.731781,-352.865498,-52.649953
-28.772648,-150.325954,-72.893167
-15.926930,-357.971729,-60.260682
-15.418048,-359.144353,-62.025066
-51.071320,-167.991054,-100.030879
-15.151131,-359.094631,-63.779350
-49.292861,-165.199045,-101.990647
-14.922358,-359.125464,-65.778824
-47.730182,-164.800844,-102.741504
-14.779188,-359.266300,-67.783615
-49.360409,-167.285866,-101.204417
-16.989396,-356.545895,-58.022069
-48.029308,-166.470011,-102.041701
-45.966749,-164.310742,-103.363455
-18.475379,-355.325639,-55.685365
-46.347220,-166.463507,-102.543684
-20.355419,-354.377082,-53.497110
-44.025336,-163.359318,-103.993507
-41.802019,-161.857394,-104.345234
-15.576864,-357.242504,-62.271052
-43.803324,-166.100351,-103.020651
-16.422689,-355.553513,-60.148997
-41.583754,-164.448953,-103.468129
-15.228289,-357.083138,-64.462469
-54.891401,-170.321264,-93.143930
-14.940983,-357.265619,-66.703195
-14.756860,-357.575014,-68.939510
-54.517692,-171.151428,-91.155550
-15.862343,-354.627524,-62.643497
-53.966997,-171.667722,-89.166259
-17.771252,-354.146091,-57.734527
-53.326003,-171.979988,-87.544597
-52.425427,-173.114249,-86.529370
-19.458420,-353.057461,-55.408313
-54.215707,-170.803468,-95.022091
-21.533966,-352.280058,-53.468461
-53.012738,-170.842931,-97.008917
-23.853516,-351.679221,-52.042456
-51.448078,-170.584507,-98.899912
-26.329630,-351.123218,-51.280791
-17.116087,-353.028171,-59.890624
-49.503393,-169.819821,-100.341601
-18.642040,-351.810405,-57.423139
-47.457361,-168.670735,-101.597461
-20.542451,-350.941285,-55.245924
-45.055327,-168.576521,-102.207364
-22.690734,-350.369711,-53.564680
-24.979191,-349.900168,-52.450450
-42.545163,-168.791326,-102.357622
-40.867155,-166.792617,-102.680605
-28.808174,-350.658686,-51.213598
-50.445647,-174.443848,-82.843653
-27.318100,-349.501629,-51.987619
-51.293385,-174.597145,-85.378349
-49.203928,-174.273268,-80.395402
-31.363710,-350.453778,-52.201175
-47.008273,-173.677264,-78.572124
-33.767567,-351.444023,-53.408741
-44.558558,-172.607580,-77.918398
-35.753444,-352.859349,-54.814078
-42.092932,-171.322256,-77.832718
-37.588994,-354.835719,-55.002300
-39.590502,-169.870717,-77.978792
-39.218315,-356.586616,-55.079745
-37.115987,-168.225366,-78.241226
-40.588445,-358.472162,-55.123812
-34.693309,-166.464766,-78.540716
-41.355283,-360.211909,-55.145757
-41.988871,-361.664793,-56.067735
-31.283512,-162.653738,-78.480444
-32.353001,-165.055689,-78.810857
-42.621518,-363.337682,-56.874398
-29.851351,-160.194808,-78.175405
-43.843184,-364.536999,-57.565716
-45.361434,-365.349427,-58.100572
-54.012334,-172.106368,-92.900715
-46.917515,-366.098741,-58.484761
-53.611437,-172.877572,-90.702652
-48.410857,-366.856573,-58.831473
-53.019747,-173.213753,-88.598358
-49.692735,-367.917513,-59.373140
-50.699844,-369.345959,-60.135078
-53.245488,-172.768007,-94.984336
-15.268149,-355.063666,-65.413854
-51.785031,-172.841936,-97.106305
-14.929826,-355.313515,-67.767060
-49.786339,-172.733561,-98.963825
-16.623613,-351.792793,-61.952944
-15.727127,-352.773929,-64.302525
-47.759841,-171.558549,-100.684598
-17.894013,-350.553460,-59.474741
-45.998789,-170.552470,-101.458913
-19.606878,-349.519133,-57.114808
-53.225689,-174.053364,-92.566033
-21.676157,-348.914050,-55.151637
-52.689424,-174.618810,-90.086632
-23.864091,-348.574013,-53.745637
-52.007218,-174.742808,-87.758737
-26.116350,-348.214925,-52.969461
-29.372766,-349.408928,-52.198867
-43.997127,-170.934913,-101.758421
-28.538041,-348.061272,-52.832258
-45.600501,-173.112413,-100.843256
-51.191178,-371.301222,-60.697008
-28.362545,-155.615398,-77.271654
-51.216058,-373.458931,-60.937893
-28.436731,-157.974115,-78.280172
-27.971913,-153.185647,-76.234914
-51.014969,-375.588093,-60.900904
-27.362297,-151.108792,-74.761380
-50.619453,-377.522005,-60.594939
-47.710657,-174.177913,-99.657074
-49.548422,-378.746659,-61.473059
-50.705444,-174.502269,-97.138345
-48.296156,-380.050597,-62.024330
-46.941975,-381.363225,-62.432558
-49.180161,-175.332043,-98.009040
-52.209208,-175.044194,-95.000650
-45.461222,-382.483010,-62.828951
-52.334067,-176.035477,-91.877938
-43.802788,-383.294691,-63.131490
-42.198648,-383.729540,-63.310927
-51.714934,-176.342439,-89.278153
-40.747307,-383.227811,-64.155883
-50.929633,-176.356075,-86.826627
-39.067695,-382.356292,-65.135168
-50.079041,-176.243755,-84.367857
-37.479475,-381.345201,-66.216359
-15.246288,-353.147545,-66.517414
-15.622126,-351.441474,-65.470442
-49.001296,-176.035161,-81.973472
-47.260351,-175.550503,-79.995260
-17.239035,-349.252743,-61.511516
-16.264568,-350.470490,-63.763297
-45.000420,-174.611550,-78.915058
-18.710779,-348.149971,-59.145225
-42.572637,-173.501544,-78.425944
-20.804951,-347.097871,-56.920951
-39.966075,-172.226160,-78.333664
-22.999240,-347.094091,-55.021150
-37.338637,-170.700232,-78.434235
-25.046274,-346.898724,-54.006578
-34.926200,-168.955256,-78.716352
-14.615038,-358.153179,-71.480401
-32.802684,-167.345979,-79.046244
-31.183680,-166.118436,-79.354113
-14.740513,-355.603128,-70.058931
-29.135768,-162.161333,-79.224151
-30.283590,-164.340814,-79.305034
-14.878185,-352.958936,-68.924165
-28.086295,-159.960924,-79.355868
-27.400468,-158.115831,-79.570965
-15.287278,-351.032511,-67.136798
-27.034253,-153.977391,-78.124277
-27.249988,-156.235436,-78.947491
-15.858725,-349.550152,-65.522800
-26.458008,-151.789093,-76.972176
-16.677196,-347.778678,-63.585294
-47.238674,-177.317872,-81.354364
-48.693460,-177.838782,-83.449390
-17.957934,-346.773587,-61.087230
-49.757740,-178.066302,-85.880947
-19.490225,-345.899571,-59.042741
-21.165729,-344.784655,-57.572325
-45.298969,-176.508871,-79.917385
-22.741571,-345.388741,-55.983484
-43.078391,-175.525177,-79.153811
-40.604047,-174.490580,-78.719697
-24.247263,-345.757365,-54.894171
-27.314891,-346.608074,-53.688596
-37.564789,-173.378735,-78.635220
-26.044959,-345.255719,-54.438690
-34.948344,-171.358594,-78.849015
-30.798243,-348.663371,-53.346792
-32.812805,-169.564774,-79.260466
-32.764184,-349.826508,-54.217818
-34.406454,-350.986098,-55.489437
-31.007845,-167.859927,-79.626114
-37.151934,-354.030891,-57.060145
-29.607108,-166.027884,-79.967663
-35.737514,-352.187243,-57.279739
-38.641860,-355.853398,-57.016900
-28.529122,-163.910181,-80.308012
-40.041056,-357.679486,-56.985976
-27.678984,-161.623520,-80.672309
-41.230742,-359.824370,-57.043402
-26.972018,-159.335001,-80.782644
-26.696164,-157.042651,-80.646360
-41.805090,-362.024639,-57.995285
-26.562601,-154.717907,-80.153498
-42.727739,-363.717709,-58.728909
-44.235301,-364.814477,-59.379675
-26.140440,-152.439465,-79.333054
-45.902909,-365.623705,-59.866135
-46.982677,-179.156250,-82.530281
-47.526052,-366.396091,-60.217327
-48.233583,-179.951790,-84.878328
-48.801074,-367.197005,-60.346303
-45.350515,-178.353162,-80.913446
-49.727236,-368.240351,-61.189626
-50.533084,-370.064018,-62.000936
-43.410295,-177.427760,-79.833186
-41.011659,-360.568982,-59.291139
-40.421651,-358.756129,-58.582966
-41.304035,-176.484160,-79.178664
-39.412266,-357.132413,-58.874038
-51.484994,-177.368574,-93.689168
-50.528525,-176.444238,-96.152714
-41.511323,-362.826879,-59.938642
-51.361885,-177.897303,-90.956515
-42.974383,-364.232191,-60.667988
-50.639275,-178.042011,-88.383598
-44.734377,-365.181933,-61.250320
-46.509707,-366.009137,-61.646850
-48.971213,-177.541831,-97.029924
-48.258688,-367.116993,-62.003816
-50.150703,-178.619740,-95.119981
-49.352433,-368.796527,-63.050250
-50.659676,-179.400042,-92.595979
-40.027792,-358.871192,-60.687448
-50.279898,-179.672241,-89.984750
-40.643475,-361.311337,-61.397439
-49.468331,-179.805540,-87.498909
-41.682443,-363.339459,-62.082761
-47.421631,-176.810364,-98.683720
-43.475507,-364.617405,-62.746291
-46.144409,-175.449695,-99.927635
-48.643750,-179.601248,-96.172564
-45.370436,-365.668615,-63.131755
-47.756648,-178.659655,-97.524918
-49.380999,-180.900626,-94.078478
-46.943699,-366.546403,-63.154367
-49.700599,-181.293084,-91.417238
-48.020278,-367.721862,-64.085619
-38.140709,-355.297357,-59.026788
-49.155584,-181.463201,-89.046863
-48.223136,-181.594988,-86.820966
-38.880338,-356.683188,-60.839028
-45.099902,-180.181331,-81.726160
-40.145527,-359.963140,-63.098781
-46.403101,-180.976526,-83.303777
-39.136099,-357.940208,-62.741524
-47.075389,-181.955061,-84.947471
-40.877294,-362.090894,-63.629456
-44.684043,-181.975742,-82.276664
-45.714037,-182.621272,-83.637497
-42.063223,-363.981132,-64.278760
-43.437156,-179.324055,-80.442264
-44.063084,-365.517967,-65.111515
-41.537299,-178.327869,-79.599187
-46.252365,-366.626261,-64.750588
-43.167184,-181.235497,-81.007527
-46.968069,-368.488219,-65.866529
-38.982639,-175.724330,-78.852611
-50.676489,-372.248914,-62.431614
-39.850533,-177.359287,-79.155968
-49.832185,-370.939436,-63.785492
-41.441331,-180.215752,-79.954606
-48.482037,-369.673997,-64.819020
-39.260469,-179.054698,-79.252722
-50.491073,-374.509557,-62.505859
-37.884318,-177.171716,-78.931793
-50.097299,-376.716092,-62.187018
-36.527138,-175.408732,-78.806829
-34.672486,-173.608840,-78.951578
-49.678734,-373.266463,-63.969268
-32.627174,-171.804675,-79.372115
-49.245990,-375.634184,-63.785093
-30.744315,-169.967945,-79.886132
-48.739843,-377.939252,-63.038520
-29.141128,-167.977334,-80.394522
-47.314581,-379.324854,-63.521825
-28.050170,-165.716934,-81.293633
-45.866109,-380.669639,-63.828981
-44.264697,-381.751263,-64.129010
-27.492440,-163.285338,-82.006824
-42.513662,-382.494459,-64.228659
-26.960381,-160.756023,-82.383214
-40.951381,-381.633910,-65.060117
-26.490704,-158.199936,-82.420264
-39.341194,-380.753450,-65.956173
-26.342973,-155.688472,-82.151572
-48.432256,-371.943474,-65.140571
-26.138556,-153.252781,-81.615705
-46.922850,-370.698654,-66.170626
-34.286820,-175.624929,-79.043701
-45.408674,-369.432004,-67.182787
-35.913427,-176.889654,-78.899370
-45.213124,-367.270238,-66.604981
-32.350282,-174.000425,-79.454983
-48.087428,-374.326842,-65.043764
-30.440898,-172.166666,-80.048803
-47.505665,-376.924502,-64.609169
-28.717517,-170.133059,-80.839603
-46.632224,-373.017824,-66.003118
-27.588861,-167.762983,-82.052518
-46.325761,-375.260305,-65.684857
-27.208824,-165.122146,-83.279161
-44.814265,-371.831785,-67.109946
-27.156692,-162.338465,-83.988515
-44.775416,-374.184172,-66.493977
-26.926840,-159.537699,-84.231807
-46.019487,-378.685694,-64.735219
-26.669074,-156.838499,-84.154928
-45.879393,-377.013517,-65.385989
-26.430867,-154.277829,-83.831083
-44.618889,-376.192022,-66.008464
-44.493015,-379.936321,-64.933163
-36.606094,-178.518723,-78.970115
-42.763018,-380.874382,-65.040075
-34.313285,-177.568204,-79.148975
-44.530545,-378.058223,-65.527927
-32.187715,-176.144593,-79.517755
-30.175535,-174.416621,-80.162647
-42.892167,-379.083269,-65.672599
-41.122335,-379.972748,-65.825193
-28.416887,-172.405581,-81.147894
-42.986844,-377.286790,-66.209653
-27.245353,-170.070492,-82.800889
-41.266481,-378.237429,-66.505470
-27.008501,-167.370779,-84.441979
-39.465162,-379.127811,-66.731803
-27.372082,-164.259342,-85.759894
-38.021679,-379.999658,-66.855961
-27.545495,-161.026604,-85.941492
-36.372905,-380.182098,-67.625816
-34.301729,-380.468782,-68.850402
-27.451845,-158.163956,-85.985061
-43.028324,-375.494185,-66.799938
-27.224704,-155.490466,-85.872361
-41.579487,-376.653073,-66.951972
-37.363334,-180.539901,-79.135516
-42.990071,-373.618764,-67.591478
-39.574094,-180.986649,-79.580600
-41.020970,-182.174372,-80.302655
-42.958160,-371.987925,-68.372118
-43.664395,-370.298703,-68.312904
-38.253888,-182.803212,-79.562121
-44.001895,-368.327002,-68.206007
-41.195931,-375.227181,-67.902438
-34.739705,-179.648339,-79.158828
-41.075508,-373.343024,-69.392386
-35.272134,-181.858833,-79.250381
-39.616456,-377.175537,-67.765741
-32.273985,-178.340992,-79.508486
-37.708253,-378.732657,-67.915104
-30.040955,-176.685648,-80.197868
-39.188919,-375.479736,-69.544790
-28.110974,-174.759612,-81.389830
-37.380379,-377.237956,-69.489139
-27.017971,-172.556596,-83.208104
-26.957130,-169.971507,-85.477907
-35.768412,-378.889309,-69.333467
-27.420247,-166.916580,-86.762453
-32.012645,-380.884042,-70.277941
-33.711791,-379.378178,-70.914486
-32.556170,-180.623632,-79.450636
-29.706857,-381.559965,-71.855089
-30.059773,-179.036430,-80.116910
-27.442288,-382.062915,-73.372956
-27.994350,-177.183952,-81.458783
-25.401634,-382.207022,-74.766113
-26.842994,-175.109623,-83.446018
-23.665780,-382.183041,-76.159524
-26.763556,-172.868362,-85.608130
-22.127034,-382.141691,-77.600071
-20.726549,-382.204140,-79.116471
-27.732342,-168.882139,-87.936823
-31.671059,-380.365164,-72.680543
-27.277415,-171.098445,-87.242961
-28.187210,-162.396201,-87.668264
-29.554452,-381.528552,-74.192560
-28.017481,-164.730318,-87.679165
-28.285791,-159.597694,-87.740498
-27.407508,-382.196420,-75.467094
-28.195896,-156.860748,-87.755606
-25.543208,-382.458793,-76.696438
-23.949261,-382.571156,-77.980306
-28.342648,-166.327184,-88.733933
-22.505186,-382.727296,-79.304940
-28.808331,-163.786525,-89.212568
-35.407739,-377.816414,-71.343555
-29.074013,-161.121359,-89.428627
-37.138776,-376.095170,-71.525274
-29.130645,-158.404477,-89.578623
-38.903015,-374.243788,-71.578169
-42.806310,-183.390432,-81.487093
-44.431084,-183.406229,-82.747328
-33.566922,-378.944145,-73.318806
-40.333545,-184.306850,-80.465315
-35.414361,-377.342367,-73.725182
-35.597066,-184.146148,-79.362455
-37.912249,-185.283293,-79.855754
-37.114580,-375.421660,-73.896564
-32.897167,-183.009625,-79.395390
-31.669810,-380.605417,-75.311464
-30.185013,-181.493274,-79.974360
-29.336389,-382.026250,-76.389404
-27.975596,-179.641229,-81.401152
-27.341409,-382.563953,-77.449310
-26.727257,-177.676872,-83.493333
-25.663499,-382.842512,-78.500073
-24.228209,-383.096291,-79.719120
-26.637263,-175.543879,-86.186421
-33.910112,-379.090043,-75.652494
-27.352194,-172.999073,-87.846283
-35.937023,-377.502223,-76.324627
-28.111839,-170.702901,-89.024504
-40.396746,-372.309070,-71.642858
-28.720121,-168.171304,-89.933319
-42.032651,-371.209055,-69.785942
-42.658114,-369.290371,-69.767586
-29.349273,-165.505604,-90.569689
-38.753450,-373.479190,-73.903146
-29.784637,-162.801970,-90.994739
-41.329757,-370.309410,-71.584861
-30.024082,-160.097190,-91.298543
-40.085953,-371.436238,-73.790325
-45.111627,-184.148727,-83.843327
-46.221727,-183.327907,-84.804260
-37.639419,-375.214385,-76.209041
-47.042847,-183.288635,-86.236258
-47.921333,-183.226979,-88.163380
-39.085052,-372.966841,-76.504663
-48.642544,-183.125649,-90.307071
-19.696468,-382.365420,-80.774144
-21.293178,-382.808544,-80.483634
-48.818776,-182.855948,-92.539935
-18.074983,-381.754943,-81.127476
-43.625784,-184.885992,-82.675884
-22.734567,-383.338438,-81.012647
-20.843376,-383.237458,-82.206626
-41.803379,-185.619870,-81.512192
-39.720963,-186.530562,-80.614703
-18.782343,-382.508732,-82.427448
-16.904453,-381.560693,-82.486325
-35.656908,-186.323942,-79.500617
-37.577927,-187.483862,-80.015387
-15.105867,-380.107061,-82.089076
-33.349736,-185.307309,-79.367330
-13.736369,-378.282698,-81.499712
-30.400218,-184.263116,-79.884600
-12.788364,-376.413172,-80.997926
-27.971237,-182.176248,-81.265288
-12.117515,-374.473758,-80.603384
-26.643290,-180.220992,-83.394861
-11.804473,-372.297921,-80.495151
-26.371181,-178.329142,-85.844467
-11.915305,-369.755980,-80.355870
-27.507150,-174.994511,-88.702999
-12.510908,-367.165482,-79.834010
-26.814622,-176.917956,-87.744763
-28.403954,-172.727413,-89.887685
-13.257602,-364.892424,-79.054134
-29.158068,-170.195715,-91.043597
-13.292016,-362.775401,-78.011350
-29.826396,-167.439918,-91.930960
-13.921862,-359.170685,-75.574903
-13.339336,-360.453164,-77.340003
-30.072951,-346.753708,-54.350057
-30.407480,-164.637562,-92.481649
-32.151436,-348.266549,-55.217630
-30.797821,-161.947145,-92.916750
-33.492435,-349.557519,-55.921646
-45.866374,-184.714155,-85.313656
-28.434990,-345.080764,-54.683664
-46.662793,-184.998995,-87.158833
-24.667847,-344.225485,-55.369147
-47.475776,-185.018168,-89.261733
-23.067479,-343.426970,-56.556399
-44.489701,-185.862828,-84.044299
-27.034230,-343.626858,-55.198785
-42.897438,-186.830897,-82.706889
-25.413825,-342.382413,-55.934316
-41.088953,-187.756569,-81.588806
-21.510398,-342.742591,-58.037542
-47.976685,-184.754263,-91.426364
-20.112148,-344.087802,-59.022981
-18.836282,-344.465543,-60.526944
-45.306148,-186.587501,-85.773014
-23.660216,-341.312657,-56.975518
-46.085399,-187.179056,-88.013316
-17.530514,-345.022665,-62.579725
-47.046715,-186.726652,-90.341607
-20.039910,-342.418766,-59.691759
-43.778561,-187.831705,-84.185887
-18.569421,-342.519420,-61.589834
-42.156385,-188.865570,-82.756569
-21.876632,-340.531900,-58.489879
-44.540472,-188.707904,-85.978844
-20.079535,-340.165988,-60.337492
-43.040488,-189.897740,-84.165643
-43.513008,-366.370237,-67.529567
-45.133298,-189.647483,-87.887446
-46.173941,-188.472541,-89.509417
-42.711443,-367.363540,-69.437187
-43.792103,-190.941539,-85.850922
-42.210970,-364.755191,-66.568204
-39.186663,-188.709610,-80.712335
-41.687692,-368.331551,-71.273092
-40.452574,-189.861028,-81.619005
-40.899956,-369.340460,-73.428301
-41.481158,-190.854154,-82.716304
-40.913183,-363.067712,-65.839757
-42.310586,-191.875247,-83.970489
-40.259478,-360.926560,-65.357529
-37.220046,-189.574937,-80.085035
-38.652150,-190.805172,-80.747514
-41.975033,-365.570567,-68.740820
-35.433764,-188.353168,-79.596575
-41.477732,-366.439911,-70.793770
-33.815709,-187.151027,-79.386792
-40.978052,-367.283064,-72.912836
-31.692805,-186.702381,-79.518148
-40.881837,-363.923664,-68.053243
-27.843034,-184.705242,-81.154702
-29.564822,-186.283778,-80.092687
-40.741660,-364.699394,-70.210259
-26.510694,-182.767023,-83.270498
-40.414968,-365.433779,-72.304286
-26.143990,-180.838473,-85.843800
-40.169814,-361.956958,-67.569985
-26.689634,-178.926981,-88.006316
-39.953667,-362.911732,-69.707388
-27.633303,-176.958646,-89.502396
-39.692490,-363.707098,-71.771986
-40.215166,-370.494680,-75.800013
-28.605752,-174.828135,-90.714776
-40.655461,-368.219935,-75.209593
-29.497333,-172.422299,-91.966872
-40.183320,-366.106651,-74.442231
-30.388201,-169.656186,-93.390882
-39.495692,-364.249250,-73.864398
-31.005456,-166.566338,-93.935037
-39.380206,-358.903753,-64.921708
-31.454834,-163.882775,-94.458572
-39.483588,-359.920121,-67.157656
-32.940336,-188.901018,-79.386619
-39.456859,-360.936671,-69.358918
-35.177943,-190.377582,-79.651372
-39.348073,-361.874127,-71.361514
-30.333412,-188.228440,-79.738838
-39.067124,-362.382509,-73.306370
-27.916569,-187.483740,-80.865853
-36.849744,-353.476540,-59.251451
-26.349677,-185.370430,-83.044805
-34.522062,-350.385934,-57.502021
-25.883817,-183.476568,-85.688954
-35.601004,-351.616669,-59.525072
-26.542301,-181.582511,-88.476797
-37.661580,-355.000082,-61.056517
-27.638215,-179.109964,-90.153001
-38.202754,-356.330020,-62.463356
-36.528875,-353.218473,-61.509093
-28.678472,-176.953512,-91.483149
-37.296876,-355.022526,-63.137272
-29.695568,-174.688134,-92.735811
-38.172008,-356.890535,-64.517526
-30.600792,-172.327084,-93.968823
-31.625314,-168.278865,-95.401053
-38.589004,-358.018578,-66.696408
-31.334676,-170.448563,-95.065427
-38.651080,-358.801193,-69.073352
-32.111320,-165.778946,-95.908409
-38.874883,-360.055302,-71.135658
-39.882375,-191.837508,-81.677533
-40.981313,-192.448970,-82.683585
-38.926194,-360.894864,-72.662909
-36.909042,-191.331471,-80.131076
-33.296384,-348.585359,-57.287066
-47.898867,-184.344363,-93.436863
-48.447658,-182.677294,-94.274111
-34.385218,-349.608299,-59.478235
-48.098639,-181.658111,-95.714041
-47.216691,-186.358007,-92.444193
-31.831765,-346.767628,-56.484683
-46.512213,-188.381323,-91.331795
-30.340572,-345.380318,-55.716944
-29.468866,-343.834445,-56.081584
-45.642548,-190.228861,-89.889087
-28.221843,-342.158209,-56.456736
-44.399810,-192.097920,-87.963154
-35.342944,-351.063454,-62.063078
-43.019824,-193.097011,-85.453267
-26.599764,-340.482273,-56.764487
-41.477382,-193.679129,-83.533664
-24.600691,-339.061311,-57.492406
-39.846144,-193.673702,-82.024980
-22.411672,-337.831078,-58.961107
-37.916313,-192.951224,-80.670564
-36.279073,-353.339088,-63.900922
-35.377390,-192.473606,-79.774134
-37.083498,-355.219243,-65.277178
-47.487074,-183.681939,-95.217827
-37.754136,-356.566508,-66.396041
-46.896367,-185.799160,-94.420927
-37.843546,-357.049002,-68.097512
-37.029980,-355.510787,-67.340389
-46.397665,-188.043630,-93.429009
-36.176621,-353.763902,-66.306278
-45.781297,-190.220669,-92.072001
-33.040815,-347.268939,-59.130305
-45.100317,-192.198745,-90.473472
-34.219518,-348.876452,-61.239095
-43.441033,-194.439341,-87.097747
-44.315275,-193.762639,-89.060954
-35.348048,-351.630982,-65.003759
-42.099985,-195.122781,-84.850536
-34.519401,-349.320330,-63.515518
-40.385538,-195.392698,-82.890465
-31.364981,-345.110031,-57.524368
-38.384368,-195.192543,-81.291832
-30.560844,-343.107213,-58.049750
-36.014217,-194.635327,-80.019803
-29.475239,-340.908018,-58.169625
-33.076872,-191.274264,-79.388010
-27.953957,-338.732315,-58.104552
-31.216482,-190.061069,-79.481392
-33.121111,-193.743457,-79.386605
-26.160965,-336.793275,-58.423530
-30.881870,-191.872753,-79.472243
-32.239650,-345.017725,-60.000174
-29.247565,-189.973835,-79.994360
-33.538286,-347.161645,-61.819740
-31.504193,-342.613120,-60.910689
-26.133174,-187.946201,-82.916322
-30.270930,-339.789541,-60.497169
-27.223360,-190.027860,-81.165667
-25.577412,-186.068793,-85.311058
-29.042516,-337.356180,-60.106919
-25.917630,-184.468329,-87.890530
-32.900099,-345.227328,-62.630114
-27.757931,-181.170874,-91.011577
-26.957418,-183.359403,-90.199965
-33.842604,-347.398518,-64.326367
-28.739828,-179.085409,-92.239496
-31.027963,-381.773018,-77.576684
-29.796924,-176.890140,-93.513765
-32.725722,-380.602131,-77.058979
-29.040594,-382.611835,-78.410775
-30.839134,-174.549083,-94.740174
-27.218420,-383.028941,-79.271874
-31.731043,-172.199874,-95.806164
-25.747884,-383.277286,-80.003725
-24.764286,-383.709666,-81.548384
-32.361384,-169.924997,-96.598123
-22.883443,-383.927380,-82.890596
-32.864982,-167.629244,-97.196032
-19.588208,-383.178975,-83.695236
-46.725892,-182.623015,-96.712582
-21.192469,-383.847829,-84.232003
-47.283378,-180.483632,-97.157089
-17.884720,-382.524113,-84.118831
-46.462312,-179.104532,-98.415615
-46.180519,-184.915285,-96.173963
-34.366485,-379.861889,-77.724267
-45.759277,-187.424976,-95.461058
-32.655175,-381.518489,-78.719354
-45.407162,-189.965810,-94.286330
-30.705085,-382.607833,-79.522985
-45.000406,-192.219023,-92.679593
-28.727726,-383.209597,-80.309938
-26.854499,-383.587629,-81.013599
-44.508618,-194.143589,-90.883199
-36.177003,-379.013729,-78.679014
-43.740111,-195.575568,-88.822050
-37.190200,-376.986522,-77.893672
-38.399488,-375.472266,-78.337424
-42.618237,-196.517187,-86.507563
-37.865004,-377.859413,-79.551548
-41.080941,-197.053278,-84.180608
-34.543484,-381.082145,-79.703980
-39.119611,-197.134140,-82.164906
-36.744833,-380.401325,-80.841580
-36.809075,-196.775874,-80.572207
-32.477202,-382.523154,-80.638701
-34.258613,-196.120975,-79.578720
-30.351650,-383.342441,-81.456073
-45.524628,-177.528828,-99.579066
-28.341503,-383.871653,-82.159155
-44.327866,-175.701039,-100.500635
-26.360184,-384.111926,-82.802102
-43.022742,-173.502891,-101.327454
-24.606663,-384.203589,-83.385905
-34.411556,-382.295350,-81.782001
-41.543319,-171.208923,-101.851028
-32.125358,-383.384145,-82.638124
-45.849946,-181.359786,-98.091511
-29.936364,-384.052488,-83.373573
-44.853684,-179.908222,-99.266890
-45.244538,-183.734514,-97.680971
-27.849383,-384.408489,-84.049815
-44.676249,-186.341781,-97.216882
-25.739875,-384.522391,-84.635691
-44.134649,-189.446286,-96.546197
-23.385778,-384.402407,-84.985577
-44.347071,-192.163531,-94.853273
-15.530940,-381.240763,-84.460810
-44.269844,-194.400220,-93.029373
-13.558302,-379.197316,-83.518249
-43.889723,-196.280823,-90.911697
-12.498714,-377.181020,-82.831329
-43.020576,-197.751256,-88.462499
-11.798347,-375.218989,-82.311379
-41.721320,-198.649867,-85.835730
-11.546234,-373.383606,-81.899241
-11.318851,-371.122435,-82.548063
-39.920807,-198.957119,-83.385731
-11.828952,-367.634870,-82.260918
-37.698279,-198.826541,-81.370623
-12.606651,-364.991762,-81.067624
-35.100718,-198.326781,-79.886077
-12.556833,-363.026389,-79.909252
-43.617431,-178.258288,-100.159675
-12.602891,-361.123823,-79.029534
-41.830848,-176.334730,-100.906872
-39.647366,-373.791501,-79.034796
-40.500693,-173.627128,-101.409974
-39.993633,-371.707283,-77.836863
-39.312449,-376.292666,-80.247848
-44.185563,-182.339324,-98.921555
-38.822107,-378.774642,-81.278724
-43.033165,-180.771112,-99.855391
-43.457795,-184.914697,-98.613527
-36.325107,-382.043093,-83.051933
-38.067317,-380.662319,-82.411408
-41.681944,-179.226841,-100.501941
-33.999449,-383.325232,-83.920109
-42.213328,-183.294105,-99.561603
-31.647668,-384.211017,-84.620628
-41.096880,-181.576126,-100.243029
-29.434752,-384.630240,-85.306439
-42.795619,-187.668454,-98.313639
-27.271896,-384.804431,-85.998673
-25.020529,-384.784996,-86.526733
-43.074639,-192.312067,-96.733294
-42.101801,-190.341324,-98.113157
-40.651107,-369.421945,-77.828911
-43.543279,-194.560770,-95.139152
-40.723129,-372.000196,-79.674329
-41.028551,-186.123415,-99.436175
-40.658696,-374.587711,-80.963752
-40.634681,-188.816607,-99.125470
-40.327111,-377.234414,-82.047093
-42.220894,-194.740033,-96.946270
-41.327072,-192.751871,-98.098861
-39.671358,-379.703324,-83.028926
-43.597617,-196.716043,-93.176757
-38.221269,-381.570336,-84.119322
-43.200543,-198.593734,-90.805199
-36.096493,-383.198856,-85.381324
-42.220959,-200.293652,-87.964771
-33.399858,-384.269401,-85.976038
-40.661664,-200.745208,-84.869453
-31.045267,-384.798648,-86.590778
-38.605599,-200.811699,-82.457145
-28.899356,-385.007354,-87.232938
-36.087635,-200.522083,-80.594198
-26.666295,-385.043075,-88.201876
-42.719726,-196.923773,-95.369937
-21.348733,-384.192624,-86.181202
-23.080532,-384.621595,-86.857769
-42.854277,-199.055327,-93.332931
-19.445014,-383.465248,-85.328520
-24.059472,-384.820111,-88.330363
-42.634077,-200.913910,-90.869806
-21.763316,-384.451313,-88.081503
-39.907811,-178.204855,-100.777981
-39.210931,-175.838565,-100.993332
-19.576056,-383.703432,-87.345413
-40.101565,-180.188085,-100.562673
-41.080064,-202.503964,-86.398423
-17.517363,-382.647231,-86.185832
-41.992345,-202.238565,-88.771620
-39.409346,-202.703245,-83.796543
-16.547263,-345.546409,-64.763581
-37.165111,-202.598825,-81.562216
-16.030595,-347.589130,-65.634000
-17.270487,-342.963804,-63.729631
-39.960611,-183.921776,-100.020225
-39.070491,-181.993941,-100.397673
-15.468808,-348.644923,-67.190289
-30.440271,-193.962164,-79.447067
-18.361552,-340.075777,-62.591982
-32.052556,-195.499754,-79.260751
-28.676164,-192.103493,-80.094357
-15.785591,-346.166477,-66.767621
-16.302332,-343.604563,-65.900311
-32.434395,-197.398076,-79.231814
-16.949245,-341.029422,-64.877757
-30.122972,-196.025689,-79.388401
-20.133524,-337.789238,-60.912786
-28.233947,-194.298874,-80.118662
-18.700309,-337.353275,-62.738634
-26.736814,-192.352986,-81.331908
-17.588289,-338.897223,-64.144122
-14.981133,-350.009709,-68.987689
-25.754614,-190.375264,-82.958129
-15.184631,-347.168811,-68.725598
-25.258809,-188.562980,-84.992385
-32.951078,-199.903681,-79.242141
-15.523231,-344.317868,-68.023563
-34.558080,-202.205549,-79.934522
-16.019256,-341.613762,-67.005449
-30.112169,-198.232815,-79.254593
-16.664347,-339.150654,-65.896772
-27.873569,-196.539325,-80.102587
-17.554529,-336.973339,-64.624624
-26.201192,-194.630299,-81.486192
-24.038574,-335.236745,-59.011688
-21.737035,-336.014692,-59.949545
-25.192185,-192.676404,-83.113297
-27.469245,-335.130832,-59.855239
-24.773851,-190.902439,-84.973865
-20.294206,-335.538121,-61.301902
-25.444289,-187.003715,-87.388133
-22.349205,-334.028206,-60.104363
-25.006188,-189.415006,-87.004050
-25.495938,-332.947881,-59.985305
-29.985711,-200.486200,-79.188090
-32.134429,-201.861378,-79.167701
-18.853457,-334.991288,-63.051306
-27.643959,-198.829611,-80.034363
-20.632470,-333.290668,-61.517993
-25.527852,-197.055148,-81.774252
-22.878663,-331.948896,-60.490587
-24.639049,-194.841334,-83.517756
-14.635165,-351.403819,-70.876390
-24.262614,-193.131938,-85.230291
-14.672559,-353.745899,-70.960317
-14.574861,-355.479264,-72.201305
-24.618573,-191.670760,-87.014592
-25.201509,-190.432567,-88.839543
-14.302289,-357.403639,-73.812588
-25.728052,-188.165819,-89.262034
-13.950410,-356.392730,-75.775337
-26.299427,-185.733920,-89.801054
-13.389872,-357.897720,-77.319867
-12.660113,-359.053452,-78.759070
-14.513205,-352.891057,-72.630581
-28.786905,-181.098857,-92.966267
-27.962169,-182.678216,-91.911382
-14.311892,-354.656822,-74.209838
-29.880679,-179.090848,-94.240954
-31.049099,-176.804183,-95.559677
-14.709186,-348.437535,-70.742732
-32.168241,-174.320433,-96.704413
-14.363272,-349.942089,-72.763363
-33.024170,-171.836010,-97.604951
-14.236737,-351.701504,-74.612458
-33.697894,-169.518160,-98.326610
-13.948029,-353.529808,-76.212380
-27.554934,-184.547420,-91.837076
-14.913179,-345.275092,-70.242380
-28.731313,-183.087685,-93.446939
-14.401944,-346.608879,-72.533245
-29.902367,-181.275393,-94.831069
-15.295215,-342.219997,-69.274041
-31.136207,-179.178948,-96.229825
-15.784956,-339.513043,-68.010969
-32.713127,-176.761378,-97.706887
-16.497571,-337.066135,-66.710226
-27.064363,-187.080689,-91.754395
-17.488707,-334.487504,-65.252131
-26.172416,-189.496729,-90.871259
-13.992488,-348.232600,-74.964963
-25.629456,-191.588204,-90.468864
-13.737033,-350.604213,-76.650206
-24.844394,-192.275903,-88.755341
-33.756166,-173.911523,-98.589450
-13.404656,-355.158825,-77.721951
-34.607113,-171.512541,-99.341400
-12.681567,-356.596334,-79.159994
-13.307153,-352.302658,-78.210868
-24.265114,-193.921154,-87.608220
-24.001299,-194.938357,-85.549277
-14.607051,-342.958505,-71.899043
-24.002738,-196.647176,-84.486834
-15.100824,-339.896640,-70.319756
-23.807435,-196.173568,-87.001159
-15.591340,-337.361844,-68.914923
-28.511622,-185.242367,-93.695541
-16.242894,-335.050080,-67.613246
-29.847676,-183.457949,-95.283639
-14.097164,-344.722325,-74.302367
-31.184045,-181.508204,-96.694612
-12.692461,-353.810803,-79.752073
-32.622596,-179.487726,-97.941175
-11.820323,-355.384555,-81.398469
-34.702227,-175.871293,-99.467458
-11.927925,-357.947026,-80.353994
-33.948974,-177.902428,-98.959665
-11.980425,-359.788874,-79.932180
-35.709186,-173.583499,-100.143888
-11.795816,-361.237292,-80.672213
-11.835939,-362.956734,-81.778076
-28.319168,-187.422576,-94.017256
-11.298581,-359.319556,-81.386429
-27.239083,-188.882018,-92.647728
-29.761839,-185.683039,-95.609950
-10.972562,-360.934581,-82.485635
-12.058036,-364.812841,-83.067611
-31.265154,-183.798273,-97.063964
-11.132577,-362.754430,-83.666208
-32.790516,-181.773700,-98.281824
-14.527004,-340.062400,-72.582702
-14.210510,-342.133523,-73.881232
-34.304174,-179.760935,-99.251293
-14.948321,-337.598720,-71.163238
-35.629010,-177.764852,-99.960639
-15.439337,-335.254366,-69.755521
-36.840192,-175.674928,-100.517567
-13.712868,-345.712464,-76.530443
-13.588722,-348.176791,-77.096792
-26.765785,-190.703965,-92.412628
-13.243742,-349.491054,-78.549187
-28.069063,-189.517825,-94.230274
-13.316033,-346.732914,-78.550273
-29.570794,-187.949675,-95.904414
-13.850495,-342.844813,-75.795273
-31.277025,-186.106391,-97.405935
-14.083159,-340.250283,-74.737022
-33.020850,-184.070900,-98.600254
-14.392817,-337.809736,-73.399096
-34.722755,-181.954993,-99.483530
-14.772324,-335.403333,-71.958191
-36.288638,-179.857127,-100.136133
-13.452426,-343.622873,-78.239370
-37.753962,-177.839476,-100.602134
-13.707517,-340.718702,-76.953840
-26.210481,-192.791095,-92.133969
-13.947635,-338.101538,-75.670176
-25.055207,-193.557195,-90.052114
-27.640102,-191.690035,-94.137210
-14.252542,-335.599460,-74.240259
-29.258643,-190.256045,-96.043793
-19.142299,-332.589796,-63.225520
-24.457793,-195.604109,-89.458857
-21.049880,-331.042284,-61.666764
-25.594234,-194.905675,-91.779662
-17.904880,-331.803756,-65.014104
-16.851917,-333.122132,-66.635724
-27.092705,-193.927736,-93.915810
-16.039984,-333.107957,-68.374196
-28.847694,-192.663659,-95.910556
-15.254166,-333.131927,-70.475993
-31.237787,-188.521142,-97.672951
-14.624544,-333.208424,-72.722776
-33.280922,-186.440217,-98.883217
-16.893947,-331.189862,-66.837803
-35.206584,-184.213705,-99.637208
-15.944036,-330.956760,-68.865607
-31.011836,-191.119005,-97.707992
-15.148650,-330.901934,-71.104128
-33.814374,-189.158634,-99.128122
-19.537970,-330.188350,-63.228601
-35.810969,-186.467015,-99.729410
-18.182438,-329.428032,-65.001788
-36.910288,-182.021040,-100.154834
-16.950604,-328.829335,-67.026543
-38.392808,-179.988422,-100.525685
-15.871057,-328.586661,-69.307876
-37.581067,-184.166101,-100.071552
-12.710340,-350.935649,-80.184661
-12.876605,-348.104165,-80.380163
-24.210509,-198.679970,-83.258189
-13.080071,-345.330505,-80.281664
-25.688072,-199.318713,-81.261464
-23.553720,-198.199517,-85.991529
-23.796722,-197.717591,-88.750875
-11.253703,-357.404844,-81.953807
-12.114618,-352.388136,-81.847105
-24.917902,-197.112833,-91.278533
-12.387052,-349.538980,-82.229006
-26.438742,-196.209878,-93.608713
-12.729263,-346.648671,-82.244479
-28.268869,-195.070430,-95.684612
-13.416239,-341.042285,-79.171888
-30.444910,-193.767197,-97.475446
-13.201803,-343.061765,-80.193886
-13.611904,-338.489041,-77.968035
-33.304743,-192.413040,-98.901799
-13.850676,-335.870331,-76.588352
-36.889437,-188.379691,-99.723576
-35.993831,-190.701348,-99.531416
-14.137334,-333.364628,-75.049343
-38.408163,-186.206802,-99.914328
-14.499185,-330.959494,-73.434756
-15.035011,-328.589742,-71.742080
-27.186973,-201.263343,-80.037720
-12.982273,-343.930327,-81.881920
-24.614933,-200.750947,-82.052912
-13.217713,-341.467755,-81.231330
-23.448348,-200.244416,-84.767620
-13.395248,-338.947843,-80.248208
-23.305698,-199.748344,-87.651267
-13.577615,-336.237263,-79.016517
-24.122013,-199.525107,-90.590022
-13.776842,-333.582675,-77.499707
-25.734672,-198.552717,-93.273439
-14.015795,-331.093855,-75.845754
-27.639607,-197.503680,-95.482062
-14.354028,-328.671694,-74.228034
-29.756156,-196.276508,-97.238712
-10.461356,-358.509698,-83.419876
-32.101308,-195.131988,-98.480558
-10.228582,-360.775404,-84.466547
-35.876899,-192.865560,-99.393472
-34.411231,-194.497204,-99.147161
-11.001439,-355.993645,-83.450937
-39.085434,-187.878667,-99.663998
-38.447791,-189.781067,-99.554371
-37.918979,-191.855011,-99.434370
-11.504859,-353.655893,-83.540723
-11.993117,-351.128292,-83.982491
-12.519195,-348.167532,-84.599981
-40.048023,-191.098036,-98.989594
-12.918708,-345.012135,-83.952000
-39.461815,-193.217199,-98.944604
-40.555873,-194.900134,-98.173098
-13.123951,-342.260634,-83.267402
-37.595412,-193.757194,-99.308569
-13.328528,-339.632925,-82.460115
-36.132670,-194.427560,-99.324638
-38.013365,-173.538314,-101.068168
-39.025965,-171.344036,-101.572762
-38.838913,-195.058723,-98.945667
-13.439173,-336.873357,-81.458836
-37.219107,-195.430922,-99.211214
-36.641064,-171.365939,-100.757550
-35.561991,-195.947294,-99.206661
-13.554149,-333.785254,-80.250351
-33.646655,-196.589911,-98.954396
-39.952570,-169.101810,-102.058478
-13.726485,-331.212807,-78.277071
-31.523192,-197.558393,-98.310958
-37.501161,-169.260047,-101.305476
-41.348182,-196.874208,-97.209927
-13.888329,-328.930978,-76.686025
-35.382188,-169.298315,-99.986696
-39.706654,-196.697534,-98.388543
-11.724718,-352.713390,-85.468142
-38.263314,-196.468765,-98.965146
-11.161016,-354.674194,-85.205484
-36.937266,-197.130016,-99.099224
-34.302477,-167.314612,-98.990588
-10.487657,-356.650247,-85.376243
-35.232920,-197.884705,-99.088006
-41.926143,-199.084483,-95.825791
-38.309359,-167.137728,-101.904573
-9.829856,-358.776650,-85.814310
-40.388240,-198.661840,-97.716184
-12.374532,-350.659494,-86.159873
-36.050992,-167.222768,-100.696635
-38.552188,-198.034650,-98.679271
-13.309591,-345.971283,-86.187585
-13.262419,-348.611083,-87.218957
-36.957496,-199.032875,-98.898145
-39.135078,-165.057540,-102.623943
-13.429700,-343.245895,-85.353776
-38.901338,-200.013762,-98.249136
-39.809384,-163.280727,-103.431567
-13.565517,-340.555000,-84.597176
-33.374900,-165.356121,-97.808027
-42.181611,-201.596119,-93.817285
-13.601110,-337.771626,-83.826063
-32.597624,-163.375278,-96.440270
-40.886809,-200.876212,-96.810996
-13.604860,-334.982731,-82.871363
-31.870749,-161.348779,-94.933249
-13.611631,-331.054963,-80.575158
-42.155401,-203.130257,-90.704610
-34.828949,-165.198197,-99.722268
-13.606941,-332.733082,-82.106493
-13.695483,-329.056978,-78.978340
-41.371608,-204.034228,-88.021691
-33.857741,-163.161907,-98.494913
-38.165704,-358.277044,-71.196394
-40.096287,-204.500651,-85.292298
-33.023559,-161.050629,-97.060407
-37.825418,-357.355710,-69.769379
-37.116285,-355.959547,-69.281260
-38.113595,-204.589465,-82.742592
-36.798443,-165.189661,-101.397821
-36.211346,-354.301739,-68.559768
-35.656647,-204.296569,-80.674598
-38.458177,-359.334292,-72.887213
-37.705343,-163.212176,-102.309624
-32.894986,-203.676306,-79.516294
-37.331982,-356.589684,-71.122215
-35.510140,-163.121663,-100.565456
-30.167639,-202.701340,-79.211915
-36.459121,-354.851861,-70.667601
-34.388194,-160.986647,-99.307122
-37.688159,-357.459691,-72.918495
-41.818976,-204.238148,-92.930158
-41.069374,-203.156328,-95.814444
-31.023656,-159.348638,-93.303080
-36.769659,-355.541371,-72.661070
-41.621371,-205.308581,-89.990981
-32.160092,-158.875423,-95.484375
-35.378864,-352.302545,-67.614772
-40.671979,-206.163285,-87.085590
-33.405017,-158.787958,-97.831776
-35.580579,-353.003079,-69.961471
-38.973304,-206.549187,-84.190457
-34.482841,-349.745796,-66.473029
-30.060916,-157.472395,-91.542166
-36.652630,-206.405303,-81.677363
-34.822808,-350.996172,-69.178541
-28.977803,-155.776764,-89.678304
-33.883545,-205.681892,-79.930159
-35.870772,-353.599216,-72.103698
-27.937650,-154.280044,-87.687970
-30.893339,-204.946876,-79.209193
-35.069897,-351.689812,-71.317537
-26.951778,-152.972609,-85.590440
-27.972849,-203.864139,-79.498852
-33.801146,-347.225964,-66.660962
-26.132656,-151.865402,-83.328430
-33.337137,-345.680206,-64.825804
-25.367422,-202.911052,-80.969000
-34.199492,-348.867326,-68.801787
-25.592862,-150.983558,-80.879934
-23.609672,-202.294692,-83.383162
-34.531788,-350.036079,-70.556359
-25.328185,-150.345179,-78.280028
-32.601063,-343.668878,-64.032181
-22.957042,-201.916990,-86.522456
-25.669693,-149.804460,-75.568011
-31.610704,-341.206833,-63.309013
-23.307651,-201.090308,-88.952474
-26.820167,-149.228277,-73.100284
-33.224982,-344.937445,-66.563793
-25.063326,-200.887676,-92.996213
-23.804902,-201.813481,-90.885639
-28.431196,-148.829621,-70.898560
-32.563415,-342.544109,-66.071781
-27.073576,-200.202236,-95.447621
-31.087330,-156.777460,-93.716567
-30.683926,-338.683871,-62.822513
-29.317314,-198.743251,-97.175509
-32.352677,-156.154148,-96.334193
-31.757501,-340.095525,-65.542073
-33.339963,-198.784165,-98.842314
-29.879590,-154.873988,-91.769471
-29.743060,-336.204563,-62.371860
-35.158998,-199.966007,-98.929102
-28.710830,-153.208053,-89.715866
-31.019880,-337.663160,-65.124161
-31.369590,-199.866665,-98.268479
-27.671028,-151.819089,-87.495245
-28.596074,-333.807784,-61.986673
-33.351146,-200.958005,-98.752029
-29.368917,-201.131698,-97.450487
-26.623924,-150.603301,-85.192733
-33.652072,-346.622178,-68.852295
-31.567818,-202.036013,-98.350446
-25.544252,-149.605881,-82.748401
-34.129732,-348.356147,-70.824852
-37.114066,-201.075231,-98.654109
-24.640759,-148.835134,-80.056021
-33.124574,-344.016989,-68.950356
-35.270312,-202.058426,-98.772733
-24.275630,-148.365330,-77.084373
-32.508327,-341.427157,-68.085006
-33.479493,-203.021891,-98.661603
-39.200899,-202.152023,-97.797669
-30.445985,-148.353642,-69.135737
-31.856173,-339.123644,-67.704317
-41.017305,-205.412959,-95.052291
-39.401332,-204.316220,-97.356785
-24.672335,-147.843041,-73.793665
-30.228669,-335.196420,-64.757202
-41.479475,-206.511729,-92.147473
-30.957120,-154.115706,-94.051936
-31.261383,-336.740638,-67.412263
-41.090706,-207.567431,-89.184377
-29.598303,-152.004338,-92.066528
-27.524350,-331.539244,-61.833264
-39.783768,-208.632721,-86.040015
-25.147031,-331.051317,-60.671717
-28.418510,-150.676438,-89.556737
-23.486599,-329.924777,-60.956408
-37.599963,-208.588766,-82.929985
-27.417526,-149.410087,-87.185551
-26.225347,-329.548169,-61.616773
-34.921970,-208.157024,-80.633493
-26.143318,-148.261265,-84.813480
-21.668130,-328.788715,-61.774340
-31.848993,-207.289413,-79.324103
-26.313677,-147.829668,-70.977471
-24.463813,-327.959318,-61.518518
-28.737953,-206.239752,-79.160282
-28.254331,-147.612339,-68.682508
-20.035467,-327.820339,-63.257203
-26.067984,-205.198031,-80.156685
-32.717212,-147.743012,-67.902544
-22.527378,-326.590739,-62.086785
-24.050105,-204.388363,-82.098524
-37.286431,-203.177813,-98.366944
-35.036073,-146.992664,-67.238701
-29.452787,-332.701596,-64.390572
-37.228483,-146.143041,-67.125373
-28.561069,-329.992876,-64.051782
-35.350466,-204.157756,-98.589245
-39.330774,-145.267267,-67.372994
-27.026418,-327.800878,-62.867752
-37.447800,-205.344522,-98.071788
-24.765394,-147.311553,-82.274576
-25.403601,-325.964015,-62.366823
-39.566545,-206.581333,-96.767005
-23.389693,-146.485160,-79.305793
-30.648075,-334.284642,-67.139514
-40.937725,-207.682469,-94.184078
-38.935724,-161.403143,-103.479721
-27.622329,-202.700183,-96.426416
-18.511524,-326.939265,-64.993470
-26.005736,-202.206404,-94.607319
-36.380784,-160.846263,-101.652348
-29.951374,-203.412018,-97.819552
-20.701287,-325.445841,-63.252199
-31.914403,-203.809020,-98.414126
-40.439550,-159.547895,-104.736924
-23.608783,-324.439698,-62.677218
-24.600590,-203.334620,-92.940605
-41.782446,-157.684132,-106.096810
-17.035657,-326.059731,-67.220059
-26.172451,-204.210007,-95.199515
-43.054014,-155.650017,-106.705664
-15.697097,-326.288039,-69.888953
-28.369186,-205.370748,-97.101542
-43.765669,-153.895616,-106.384312
-14.882962,-326.212081,-72.422263
-31.149161,-205.676867,-98.202704
-42.978478,-152.260781,-105.836388
-14.137971,-326.280049,-75.371033
-33.383256,-205.073968,-98.566036
-41.643348,-150.163521,-105.180611
-40.891918,-147.925680,-104.272442
-13.783251,-327.346132,-77.667511
-35.411895,-206.374755,-98.412557
-19.064555,-324.396964,-64.838177
-37.692776,-207.629588,-97.654118
-39.791193,-145.991195,-103.259153
-37.987702,-159.216005,-103.325638
-21.562985,-323.128591,-63.321106
-35.701837,-208.683453,-98.147578
-33.114779,-207.507999,-98.414827
-34.861418,-158.889312,-100.100223
-30.072936,-331.746935,-66.886538
-36.260596,-158.713727,-101.826130
-33.656025,-346.219862,-71.159627
-30.338255,-207.639552,-97.951543
-33.930964,-156.772869,-98.943443
-17.781813,-323.264350,-66.520209
-39.746257,-208.943049,-95.891896
-39.218934,-157.142272,-104.936783
-16.478811,-324.348297,-68.427506
-19.855129,-321.938124,-64.582477
-41.153720,-208.756095,-91.333824
-37.010656,-157.193087,-102.974762
-40.727740,-210.035972,-93.236368
-15.584186,-324.020464,-70.358402
-35.399419,-157.061309,-101.056754
-40.530367,-209.767659,-88.617666
-16.701900,-322.284341,-68.271169
-40.634004,-210.970338,-90.518919
-41.900886,-154.032892,-106.383019
-18.353400,-320.821737,-66.198037
-40.302541,-212.249203,-92.122709
-41.004854,-155.894000,-106.348512
-14.732567,-323.470685,-73.043021
-39.646355,-211.608529,-94.848475
-37.908613,-210.044511,-97.124847
-15.700551,-321.542106,-70.316477
-31.925946,-153.228556,-96.305887
-17.041744,-319.847121,-68.024372
-38.392734,-210.671396,-84.249347
-33.254586,-154.451994,-98.287688
-39.624174,-210.683554,-86.524075
-30.701126,-151.551383,-94.571224
-29.554886,-329.285564,-66.838957
-35.944963,-210.733301,-81.561119
-28.471237,-327.999300,-64.850012
-29.039100,-149.273013,-91.520203
-27.577096,-326.230184,-64.267953
-39.993949,-211.819527,-88.043137
-29.841334,-149.971586,-93.334898
-28.244310,-148.172103,-89.279078
-29.078935,-326.992376,-66.548897
-38.952349,-212.351551,-85.674137
-27.139185,-146.946497,-87.002038
-26.337408,-324.323258,-63.726702
-37.372189,-212.602731,-83.287117
-23.106432,-146.539270,-75.918863
-24.728746,-322.517548,-63.444679
-32.825392,-209.796673,-79.608567
-37.750825,-145.710378,-102.030763
-22.817411,-320.928325,-63.606677
-29.582198,-208.717804,-78.981770
-35.539949,-145.688884,-100.388257
-20.731669,-319.547478,-64.464328
-26.686933,-207.547825,-79.626796
-33.909655,-145.011722,-97.961435
-28.299843,-324.840190,-65.907652
-24.512680,-206.551591,-81.151139
-30.674223,-147.152862,-66.952311
-19.014204,-318.329545,-65.934779
-22.900771,-203.908523,-84.631882
-23.106290,-205.871825,-83.221889
-33.293045,-146.496701,-65.962983
-27.321818,-322.723862,-65.229205
-33.622552,-212.213688,-80.023296
-35.778171,-145.637034,-65.632097
-25.977161,-320.708589,-64.646422
-35.670553,-212.862317,-81.485287
-30.214556,-211.607145,-78.923323
-38.080818,-144.746954,-65.714461
-24.236405,-318.793761,-64.265681
-27.106632,-210.003664,-79.234849
-25.651886,-145.845262,-84.661047
-21.822234,-317.129513,-64.550168
-22.981693,-202.692592,-88.924763
-22.586150,-203.885222,-87.143874
-24.025265,-144.944652,-82.292176
-33.242781,-344.074550,-71.641718
-32.852246,-342.384374,-70.158662
-23.329605,-203.736380,-90.708594
-22.748204,-204.201111,-89.001025
-21.953391,-144.871782,-77.483215
-32.472436,-340.494853,-69.999887
-24.826849,-208.762109,-80.514613
-22.381934,-144.007687,-80.268873
-41.314705,-144.192063,-67.946357
-31.966754,-338.265573,-69.852572
-23.345546,-207.857490,-82.262963
-22.433550,-207.383991,-84.324854
-40.233994,-143.671916,-66.107651
-31.529167,-335.898654,-69.676772
-22.417943,-205.678231,-85.648970
-43.131547,-143.051582,-68.801522
-31.097217,-333.448195,-69.499943
-44.704489,-141.837706,-69.977864
-27.969612,-207.952327,-96.983218
-24.242864,-146.727751,-71.094388
-32.893746,-342.010373,-72.028582
-26.343373,-206.434905,-95.705516
-22.937633,-146.229195,-73.272569
-24.934687,-205.578414,-93.970788
-25.911398,-146.775922,-68.637111
-32.515329,-339.838334,-72.097640
-23.699650,-205.349899,-92.071040
-28.169785,-146.397200,-66.135532
-32.119281,-337.530838,-72.054733
-26.124231,-208.463683,-95.740855
-25.165971,-207.254981,-94.596707
-40.654596,-152.396631,-105.685945
-31.767660,-335.137786,-71.969111
-22.826830,-205.500160,-90.065880
-39.252890,-150.801714,-104.879094
-30.578934,-330.936252,-69.400446
-22.354814,-205.680424,-87.984610
-39.683525,-154.596178,-105.778366
-24.097732,-207.159725,-93.139447
-31.424271,-332.687295,-71.873374
-23.020466,-207.174061,-91.279650
-37.742757,-155.199472,-104.123514
-30.164592,-328.216610,-69.367897
-22.046989,-207.291555,-86.697296
-36.043243,-155.323791,-102.249629
-29.560554,-325.725143,-68.348559
-22.280324,-207.247306,-89.110302
-34.602604,-155.104929,-100.313108
-28.893797,-323.526369,-67.742618
-24.677280,-208.784135,-94.290040
-39.718692,-149.144858,-104.398695
-28.146920,-321.303996,-67.102307
-23.385837,-208.912607,-92.596481
-21.893792,-209.060173,-85.391160
-38.757376,-147.598551,-103.431690
-31.027670,-330.235083,-71.854346
-22.523398,-208.917919,-83.380268
-38.453120,-152.964533,-104.806880
-21.775390,-209.111497,-87.994672
-27.074206,-319.002330,-66.405731
-36.616699,-153.421807,-103.278938
-22.352305,-209.022893,-90.505617
-25.449246,-316.782299,-65.602155
-35.221255,-153.545511,-101.542686
-37.212702,-151.343502,-103.823214
-30.823620,-327.962555,-72.072804
-35.899583,-210.939696,-97.864210
-30.268465,-326.454134,-70.455605
-34.097326,-209.658582,-98.269645
-35.695657,-151.812479,-102.338054
-29.917476,-324.580958,-70.159561
-32.059162,-209.683892,-98.191348
-37.854235,-149.317413,-103.823563
-36.713406,-147.660692,-102.391856
-30.638452,-325.870568,-72.254518
-29.708085,-209.872312,-97.727828
-36.102702,-149.784553,-102.597626
-29.464456,-322.350861,-69.758214
-27.507838,-210.132425,-96.824709
-34.041923,-153.140982,-99.861855
-34.675253,-152.084073,-100.992645
-30.337513,-323.683122,-72.203122
-25.648987,-210.391403,-95.553404
-32.894962,-152.119983,-98.230011
-29.007859,-319.917726,-69.214728
-37.919558,-212.460850,-96.725508
-31.689660,-150.580216,-96.700933
-28.138147,-317.130897,-68.672679
-35.033579,-148.373430,-101.098937
-33.754847,-211.518212,-98.143931
-30.055174,-321.253540,-72.062449
-35.667194,-213.175184,-97.679752
-34.807187,-150.459306,-101.230561
-29.813568,-318.660038,-71.744402
-31.435377,-211.811642,-98.018270
-34.621911,-350.137619,-72.311007
-33.810529,-151.199297,-99.854291
-29.108421,-212.016742,-97.532794
-34.188768,-348.218714,-72.956133
-33.700003,-147.541753,-99.331423
-33.229050,-213.649225,-97.997186
-35.292837,-352.131955,-73.391639
-33.972392,-149.461203,-100.071085
-30.788050,-213.926964,-97.837734
-33.757490,-346.075503,-73.501847
-32.892644,-149.748657,-98.605895
-26.932089,-212.176905,-96.636397
-33.349084,-343.876235,-73.953892
-28.398330,-214.073389,-97.292472
-32.936203,-341.620303,-74.240299
-45.844353,-140.345300,-71.444387
-32.589090,-339.284609,-74.361644
-39.123446,-214.020748,-94.921286
-46.379171,-138.871756,-73.190153
-40.161443,-213.084847,-89.676165
-32.271288,-336.888665,-74.377353
-39.398320,-213.840495,-87.223474
-46.498483,-137.679376,-75.048387
-31.999516,-334.444700,-74.331260
-38.152999,-214.297399,-84.729106
-46.233456,-136.719028,-76.824226
-31.738925,-331.964556,-74.246499
-36.489107,-214.450727,-82.440882
-45.655297,-135.913901,-78.479734
-31.359306,-329.610234,-74.206294
-34.467276,-214.259154,-80.595607
-44.788204,-135.270591,-79.993619
-31.197587,-327.388955,-74.221940
-31.993653,-213.951237,-79.326273
-43.737736,-134.775953,-81.430208
-42.524978,-134.480145,-82.786671
-31.012888,-325.203411,-74.328978
-26.874375,-212.575885,-79.043719
-41.036719,-133.118334,-83.008802
-29.255040,-214.253269,-78.705330
-30.815127,-322.852082,-74.527295
-24.681237,-211.047719,-80.231170
-30.615339,-148.940885,-95.108949
-32.057116,-147.464235,-97.144910
-36.160677,-354.263643,-74.156662
-23.242252,-209.834396,-81.878916
-22.009761,-210.566351,-83.817233
-30.731841,-320.012273,-74.932027
-21.240958,-211.186864,-86.642416
-32.644438,-144.739984,-96.116933
-37.141780,-356.415586,-74.589629
-21.732563,-211.000208,-89.685548
-32.342583,-143.508838,-94.264271
-38.076969,-358.538522,-74.662372
-22.770096,-210.817654,-92.089419
-30.980897,-146.028956,-94.979724
-38.701837,-360.647892,-74.332258
-24.107929,-210.611163,-93.964177
-25.083930,-212.270398,-95.292721
-29.742826,-147.667076,-93.316947
-34.750408,-350.369659,-74.432203
-22.695729,-211.896440,-82.002803
-35.524273,-352.703763,-75.517948
-21.303190,-212.570141,-84.314816
-29.009155,-146.700983,-91.283753
-34.294678,-348.297818,-75.234433
-24.030607,-213.414026,-80.307994
-28.290429,-145.685696,-89.155485
-33.854860,-346.037675,-75.867033
-21.864363,-214.038152,-82.422829
-29.525913,-144.172261,-90.933714
-30.315973,-144.941602,-92.973463
-33.448171,-343.689066,-76.337499
-26.199875,-214.071793,-96.248233
-33.049149,-341.267943,-76.619471
-23.596064,-212.501807,-93.660068
-31.671682,-142.224981,-92.124835
-32.153516,-140.218310,-90.658618
-32.701881,-338.831932,-76.768591
-24.569359,-213.856466,-94.961121
-22.236252,-212.856901,-91.591344
-30.123861,-142.018603,-90.200845
-32.429450,-336.330172,-76.829516
-28.637270,-143.631685,-89.246814
-21.231278,-213.076170,-88.952180
-32.675064,-138.302813,-89.577572
-32.193151,-333.742429,-76.838480
-20.904316,-213.278712,-86.577245
-27.088870,-144.181024,-87.162105
-31.942904,-331.177389,-76.612742
-23.245842,-214.494380,-93.549392
-31.638749,-328.858903,-76.272689
-24.979925,-215.825046,-95.471682
-30.409723,-140.000979,-89.329800
-31.504587,-326.773180,-76.248835
-20.842903,-214.584213,-85.077065
-28.457643,-141.865574,-88.565044
-31.441520,-324.639818,-76.561845
-20.784310,-214.950159,-87.873132
-31.453284,-322.281016,-77.146668
-28.432543,-139.641021,-88.016859
-21.663319,-215.223129,-91.068389
-26.608206,-141.605306,-86.790371
-34.998984,-350.768986,-76.715974
-30.698121,-137.804022,-88.535479
-34.463104,-348.500442,-77.649718
-23.072225,-216.642113,-93.658163
-25.147264,-143.376390,-84.785307
-33.968889,-346.033765,-78.346923
-26.147828,-215.409035,-78.949642
-33.541138,-343.524259,-78.810415
-23.020405,-215.747983,-80.666930
-26.355367,-139.281419,-86.749232
-28.308139,-137.104855,-87.576741
-33.175912,-340.990521,-79.067777
-21.095641,-216.186399,-83.267154
-31.282882,-145.953047,-64.792661
-32.882100,-338.450496,-79.269971
-20.432845,-216.563165,-86.191524
-34.090136,-145.146700,-64.208684
-32.607817,-335.831375,-79.470281
-20.723265,-216.964625,-89.175338
-36.631300,-144.233430,-64.165951
-32.430536,-332.843357,-79.770460
-21.717731,-217.666505,-91.781894
-38.880500,-143.259815,-64.430812
-27.431083,-215.986325,-96.887370
-32.129912,-329.994081,-78.621649
-24.656265,-140.994149,-85.159236
-29.934984,-215.956837,-97.590998
-31.894180,-328.089300,-77.859049
-23.264196,-142.612594,-82.916318
-31.908098,-326.414926,-78.391156
-32.486220,-215.772404,-97.877002
-31.981374,-324.276461,-79.096787
-35.078432,-215.400412,-97.575954
-21.769735,-145.168807,-74.908545
-21.704330,-145.160174,-72.968892
-36.503403,-355.114015,-76.187459
-37.470057,-214.793757,-96.670804
-23.630606,-145.850291,-68.858735
-22.429194,-145.600035,-71.191417
-37.589436,-357.514867,-76.451903
-39.883651,-213.487068,-93.199567
-25.341325,-145.780084,-66.476721
-26.394427,-217.781408,-96.413475
-38.442682,-359.981949,-76.335195
-24.479475,-217.731801,-95.191576
-33.323589,-136.300465,-88.500133
-28.847029,-217.868992,-97.258033
-38.908993,-362.648181,-75.670170
-31.487083,-217.793926,-97.632000
-39.516161,-364.856118,-75.687854
-40.155257,-366.673463,-76.686999
-34.200209,-217.560902,-97.524327
-34.214085,-134.059124,-87.166447
-36.785812,-217.070371,-96.655272
-36.195621,-132.443076,-85.544443
-35.815074,-353.507618,-77.727503
-38.692689,-216.290139,-94.902733
-31.169416,-135.436638,-87.813498
-35.231941,-351.398126,-79.372598
-39.609029,-215.362610,-92.960242
-34.570973,-348.593560,-80.081419
-29.250504,-145.270452,-63.570137
-40.047642,-214.318677,-91.264300
-26.930236,-145.443197,-64.597712
-34.112521,-346.061250,-81.075639
-39.696996,-215.224949,-88.893233
-32.169924,-144.680847,-62.749286
-23.067782,-218.914614,-93.952315
-33.572186,-343.246154,-81.176472
-35.030357,-143.679815,-62.657754
-25.195760,-219.388416,-95.778516
-33.216688,-340.784492,-81.526253
-37.428755,-142.692974,-62.985626
-27.601695,-219.635752,-96.843531
-32.934848,-338.222130,-81.889467
-24.456501,-138.640313,-85.519862
-30.251007,-219.744816,-97.377178
-26.103712,-137.425972,-86.656637
-32.705951,-335.568000,-82.367842
-22.657540,-140.239483,-83.762857
-33.056375,-219.651914,-97.404897
-32.551517,-333.041143,-83.361710
-21.376158,-141.860807,-81.322143
-32.447169,-330.548323,-81.543010
-35.933046,-219.360461,-96.622756
-32.204237,-328.309993,-79.982809
-20.720733,-143.080706,-78.687091
-38.201383,-218.644326,-94.869196
-20.537422,-143.792926,-76.123112
-32.293757,-326.269677,-80.968711
-39.271760,-217.578414,-92.736730
-20.605882,-144.132059,-73.832115
-32.442595,-328.326187,-82.832070
-39.713732,-216.474865,-90.727104
-20.905594,-144.435668,-71.682174
-36.972572,-356.212760,-78.193457
-21.595530,-144.787706,-69.354247
-38.751585,-215.966154,-86.292423
-38.044389,-358.900968,-78.317287
-22.781731,-144.881047,-66.559638
-39.222728,-217.454190,-88.150552
-38.838243,-361.765240,-78.143718
-24.947518,-144.887649,-64.362110
-39.373091,-218.697284,-90.249563
-39.415759,-364.547542,-77.661669
-27.149765,-144.512287,-62.707642
-38.963292,-219.970179,-92.437956
-29.942521,-143.621700,-61.420311
-40.540807,-366.946713,-79.074371
-37.610833,-221.422929,-94.824862
-33.286269,-142.908271,-61.169811
-41.434747,-369.756521,-80.367931
-37.264820,-216.281194,-83.688358
-35.957645,-141.829489,-61.647917
-41.819711,-372.619432,-81.720591
-38.003440,-218.348266,-85.231787
-42.231910,-142.424890,-66.892983
-41.762850,-375.497933,-82.902510
-35.374072,-216.167689,-81.423089
-40.993686,-141.730331,-64.870976
-41.224416,-378.264526,-83.918802
-33.132277,-215.857998,-79.825054
-39.290145,-141.872005,-63.432406
-40.134542,-380.665805,-84.953673
-31.039383,-215.572556,-78.994030
-38.214065,-140.974666,-62.335250
-29.165927,-216.547415,-78.613285
-38.485667,-382.458741,-86.074663
-44.002131,-141.199086,-68.002011
-24.369587,-217.660973,-79.419467
-39.736309,-364.022746,-80.332774
-27.106386,-218.039640,-78.540531
-45.264749,-139.804528,-69.418171
-21.876300,-218.162509,-81.372902
-42.994588,-140.432851,-66.234089
-41.411829,-367.223037,-81.479991
-20.410777,-218.270374,-84.458275
-44.454904,-139.219684,-67.611166
-42.516300,-370.194986,-82.579955
-41.945741,-139.464875,-64.626305
-20.157138,-218.568175,-87.438750
-40.218794,-140.339254,-63.269199
-43.146440,-373.342555,-83.989477
-20.764096,-218.942448,-90.144378
-43.535449,-138.355595,-66.039527
-42.780916,-376.680687,-84.878509
-21.724608,-219.389109,-92.108422
-46.114215,-137.937184,-70.985556
-41.852225,-379.394345,-85.900185
-38.789256,-219.643768,-87.605263
-45.364001,-138.106659,-68.972165
-40.434394,-381.612525,-86.961169
-39.065015,-220.961982,-89.619115
-44.800689,-137.270987,-67.610989
-46.433609,-136.651861,-73.242876
-36.335573,-354.650002,-79.928877
-38.743816,-222.397622,-91.722192
-46.256737,-135.624507,-75.197718
-37.533004,-357.530837,-80.185072
-36.177150,-218.168093,-82.448158
-45.746785,-134.784557,-76.946922
-38.651950,-360.496647,-80.264908
-34.053480,-217.827697,-80.411232
-44.795049,-134.138265,-78.509394
-31.631606,-217.342999,-79.160027
-35.836210,-353.104331,-81.732176
-43.604734,-133.689088,-79.959051
-35.093475,-350.698793,-81.404036
-34.667570,-348.926534,-82.365481
-36.753090,-220.170320,-83.443098
-42.379587,-133.340898,-81.449472
-37.936776,-220.424217,-85.511709
-35.340102,-351.470062,-83.286698
-34.918062,-219.890627,-81.199630
-45.711697,-136.373706,-69.427571
-36.934353,-356.019109,-82.043974
-32.504022,-219.431495,-79.550758
-46.339801,-135.489324,-71.450862
-46.356098,-134.472534,-73.527863
-38.197415,-358.910382,-82.148591
-29.837428,-218.791758,-78.668018
-45.964427,-133.584046,-75.433317
-39.544564,-361.798865,-82.325864
-38.393473,-221.704653,-86.942327
-45.102746,-132.842129,-77.126475
-40.825559,-364.784349,-82.939413
-37.292366,-221.998874,-84.492603
-43.727264,-132.334963,-78.534447
-42.434606,-367.552970,-83.738096
-35.650031,-221.892438,-82.177764
-42.300028,-131.981101,-80.060385
-43.451959,-370.376739,-84.710485
-40.912758,-131.781204,-81.683146
-33.455886,-221.572393,-80.208421
-36.297409,-354.387840,-84.089130
-39.570583,-131.811338,-83.093115
-30.775166,-221.067281,-78.900681
-37.548125,-131.244340,-83.848399
-37.649747,-357.416164,-83.985915
-27.914805,-220.364150,-78.386551
-38.835723,-130.219336,-81.983805
-38.960411,-360.054968,-83.981493
-44.057656,-375.059083,-86.137107
-25.318985,-219.643284,-78.795726
-40.886128,-130.270213,-80.422333
-44.094895,-372.562496,-85.751896
-43.520711,-377.965524,-86.957042
-23.357756,-219.302842,-79.798267
-42.634077,-130.116508,-78.843180
-38.704944,-223.176096,-88.734257
-42.254432,-380.489138,-88.000792
-44.495444,-130.788071,-77.394394
-37.823603,-223.680488,-85.926601
-34.999937,-384.352803,-87.442888
-45.818262,-131.502700,-75.818154
-36.995305,-383.614181,-87.146235
-36.393613,-223.814389,-83.354542
-38.613484,-383.239065,-88.004187
-46.365349,-132.357423,-73.865553
-34.464989,-223.644959,-81.092837
-36.563422,-384.409189,-88.785538
-46.462456,-133.303283,-71.823859
-31.965161,-223.311228,-79.386476
-40.497214,-382.580487,-89.039352
-46.070431,-134.278741,-69.741912
-28.717013,-222.980585,-78.354454
-45.024198,-135.238470,-67.868446
-38.343457,-384.040672,-90.048429
-25.771005,-221.813889,-78.464295
-46.436941,-132.174964,-70.004656
-32.639760,-384.922767,-87.960622
-45.612845,-133.149727,-67.968285
-23.586148,-221.015294,-79.412605
-46.619486,-131.192187,-72.114867
-30.427845,-385.133523,-88.458429
-28.618370,-385.173800,-88.870963
-21.938909,-220.333248,-80.836235
-46.392569,-130.231865,-74.181864
-34.213325,-385.024773,-89.396962
-20.563964,-220.098687,-83.006359
-45.570638,-129.364165,-76.147754
-31.841174,-385.252027,-89.873629
-19.891728,-220.319528,-85.835338
-43.989617,-128.647065,-77.664177
-29.646994,-385.282144,-90.191730
-20.108620,-220.523405,-88.726868
-35.890224,-385.035865,-90.814894
-41.232950,-128.771926,-79.771477
-20.995097,-220.712005,-91.172074
-42.309564,-127.860323,-78.868258
-33.349783,-385.344530,-91.386123
-39.563797,-128.500380,-80.726886
-22.258708,-220.750856,-93.207057
-30.925393,-385.357537,-91.731803
-36.263179,-129.548333,-83.032520
-34.259823,-347.161381,-83.601647
-23.962988,-220.878599,-94.971684
-37.445375,-128.072517,-81.847691
-33.923654,-345.002568,-82.859730
-26.190337,-221.228181,-96.290141
-35.037278,-130.780999,-84.538474
-34.769041,-349.655314,-84.539478
-28.800302,-221.612135,-97.028692
-33.560342,-132.039462,-85.918486
-35.486520,-352.143127,-85.376326
-31.737627,-221.770257,-97.265984
-31.547706,-133.277931,-86.824591
-33.560626,-343.103469,-83.406965
-29.121897,-134.554296,-87.025356
-34.753995,-221.656635,-96.719270
-33.870909,-345.432268,-84.777697
-26.841196,-135.599465,-86.737433
-24.804819,-136.404572,-85.948890
-34.259705,-347.899245,-85.803193
-37.984300,-224.039231,-93.404740
-36.180432,-223.799805,-95.597333
-22.468018,-137.345364,-84.404286
-34.888008,-350.421946,-86.668324
-38.571862,-224.733153,-90.585506
-20.583791,-139.487549,-82.272041
-33.124849,-340.727531,-84.059279
-19.862178,-222.334780,-84.324182
-20.833197,-221.592535,-81.982050
-19.483418,-141.113300,-79.768629
-33.345086,-343.369581,-85.775711
-21.927713,-222.209606,-80.468105
-19.232492,-142.119626,-77.161121
-33.673677,-346.097789,-87.076560
-23.613757,-223.099490,-79.113890
-19.290550,-142.861423,-74.786107
-34.176619,-348.817864,-88.047087
-25.776703,-224.047347,-78.269419
-19.540274,-143.216663,-72.530373
-32.762100,-338.099539,-84.617165
-27.881956,-225.345748,-78.135584
-19.934045,-143.513426,-70.194677
-30.613119,-225.177017,-78.788643
-32.447194,-335.508665,-85.301414
-20.511079,-223.317248,-82.042289
-20.646946,-143.705878,-67.736165
-32.042052,-333.183868,-86.495016
-32.294788,-330.547763,-85.061815
-21.623295,-224.233338,-80.299796
-29.607266,-132.537129,-86.237383
-32.631325,-340.826545,-86.994913
-31.547642,-131.753591,-85.928017
-23.400697,-225.495259,-78.880818
-32.632506,-130.491336,-85.085987
-32.895363,-344.089787,-88.360604
-30.215918,-130.708905,-85.437486
-25.673352,-225.864030,-78.116987
-33.153895,-347.266527,-89.771997
-33.868091,-129.057203,-83.994088
-19.637078,-222.335564,-87.428203
-32.180964,-337.759244,-87.218162
-31.538684,-339.518260,-89.343938
-31.320265,-128.935413,-84.673341
-19.346866,-224.372837,-86.501542
-31.750355,-342.257203,-89.854173
-19.601254,-224.654509,-83.993179
-27.393667,-133.622915,-86.287226
-20.223060,-225.295781,-81.964064
-31.930539,-345.025631,-90.868818
-25.633935,-134.651547,-86.061656
-21.169472,-226.375234,-80.352119
-23.864235,-134.734067,-85.210234
-37.150486,-356.294033,-85.857955
-36.167762,-354.195959,-86.097012
-22.349315,-227.801060,-79.086299
-27.767937,-131.573776,-85.682097
-38.448775,-358.737698,-85.663795
-24.609702,-227.417772,-78.186988
-20.308637,-222.385256,-90.080703
-25.572988,-132.946962,-85.561921
-35.601459,-352.893704,-87.329159
-21.443364,-222.412936,-92.313078
-34.917350,-351.465247,-88.746837
-22.933653,-222.463133,-94.179814
-20.310398,-136.806545,-82.592183
-21.789252,-134.676100,-83.878119
-34.013037,-350.246710,-90.237885
-24.817837,-222.676921,-95.632409
-19.036675,-138.481692,-80.598398
-38.161617,-225.367976,-87.609962
-32.816777,-349.658438,-91.909629
-31.687743,-347.578227,-92.122974
-17.998555,-139.800628,-77.921072
-37.044864,-225.693901,-84.749085
-36.574211,-355.287644,-87.604869
-18.053205,-141.270982,-75.525899
-35.379050,-225.656378,-82.180300
-37.865845,-357.691361,-87.510588
-18.309525,-141.865303,-73.407736
-33.200155,-225.409393,-80.154277
-28.331689,-129.233260,-84.995145
-35.810095,-354.072272,-89.214823
-18.595735,-142.117708,-71.209403
-37.148150,-356.575700,-89.402864
-19.761897,-224.254436,-89.136217
-19.054964,-142.278627,-68.743594
-34.920812,-352.898270,-90.776258
-20.755432,-224.173389,-91.441806
-35.126873,-127.531656,-82.960811
-36.135160,-355.472539,-91.221578
-22.080278,-224.126411,-93.408924
-23.743005,-224.190117,-95.050479
-32.657605,-127.204915,-83.940376
-33.812444,-352.059884,-92.294350
-32.323380,-351.706738,-93.783050
-31.162596,-349.794584,-93.521357
-27.094152,-223.173881,-96.564996
-30.018861,-127.211907,-84.535118
-34.958424,-354.512379,-92.898268
-25.576780,-224.249968,-96.033804
-25.612477,-130.729052,-84.991779
-40.365424,-362.482590,-84.349954
-19.011814,-226.679392,-85.731550
-39.627806,-360.745641,-85.477144
-19.452967,-226.305252,-83.514691
-23.497472,-132.527692,-84.535270
-19.285262,-226.304427,-88.454969
-39.356316,-360.044694,-87.160317
-20.152345,-226.103939,-90.784432
-22.943374,-143.945119,-64.084517
-38.704755,-359.042265,-89.253181
-21.414055,-143.579888,-65.683136
-21.399395,-225.923553,-92.751373
-19.981954,-142.408605,-66.261125
-37.729763,-357.918240,-91.410947
-22.906052,-225.857128,-94.459255
-25.041864,-143.434104,-62.470847
-36.428892,-356.957327,-93.512447
-25.078480,-226.103808,-95.813111
-27.286093,-142.796157,-61.182038
-40.637174,-362.340615,-86.415519
-27.489066,-225.281739,-96.594435
-21.360921,-142.343158,-64.218015
-41.559416,-365.145240,-85.419585
-30.092515,-224.084118,-97.024372
-23.192586,-142.102892,-62.539940
-43.092152,-367.981913,-85.967364
-33.446522,-223.939782,-96.781267
-25.372258,-141.542825,-61.397400
-44.322732,-370.596382,-86.724909
-31.488363,-141.518090,-60.082209
-38.063360,-226.274611,-92.190935
-29.154636,-141.836138,-60.433907
-44.872704,-373.342263,-87.476692
-37.089432,-225.582224,-94.320182
-27.526793,-140.858662,-60.436898
-35.191439,-226.218922,-95.677875
-44.757775,-376.234272,-88.271790
-29.811634,-140.130748,-59.796923
-32.434245,-226.159378,-96.697520
-43.849690,-379.031888,-89.257275
-34.299818,-140.693069,-60.443171
-29.871558,-226.716387,-96.806793
-42.309759,-381.492307,-90.242157
-32.506076,-139.361128,-59.549903
-27.525346,-227.541367,-96.495918
-40.195576,-383.273466,-91.320151
-36.842510,-139.844115,-61.156805
-38.144924,-226.995853,-89.388987
-37.732213,-384.590780,-92.263878
-39.055221,-139.115192,-62.073187
-36.978394,-227.514979,-93.683916
-35.017553,-385.277394,-92.951356
-40.983845,-138.385884,-63.165713
-37.706284,-228.443177,-91.191309
-42.559989,-137.418955,-64.521208
-32.356813,-385.377501,-93.359346
-37.544366,-227.576627,-86.349763
-43.970490,-136.306382,-66.051276
-40.380230,-361.695254,-88.826927
-37.787534,-229.280637,-88.299270
-41.335848,-364.190149,-87.627021
-35.311496,-138.567360,-59.968830
-36.093602,-227.727098,-83.472658
-42.328805,-366.281678,-87.206337
-37.865535,-137.936889,-60.739719
-39.443433,-360.320886,-91.282181
-36.703028,-230.117191,-84.959689
-40.004111,-137.305589,-61.757111
-41.254905,-363.776464,-89.342654
-34.173293,-227.472051,-81.097662
-40.766276,-362.654301,-90.997161
-41.680276,-136.521889,-63.011289
-42.124034,-365.714020,-88.900286
-31.943607,-227.154150,-79.391600
-43.130951,-135.458217,-64.344010
-43.717544,-368.150523,-88.355971
-29.494341,-227.048964,-78.372898
-44.380219,-134.216876,-66.036276
-27.017624,-227.202541,-77.943801
-34.877630,-229.600695,-82.022324
-45.024566,-371.323088,-88.956318
-38.656620,-126.553851,-81.059931
-32.910123,-229.133300,-80.049184
-40.621705,-127.130821,-80.012469
-45.536674,-374.311037,-89.705879
-36.481911,-125.977135,-82.187251
-30.749761,-228.856009,-78.753414
-45.043537,-377.284029,-90.605769
-34.114044,-125.478490,-83.414006
-28.425079,-228.838286,-78.035656
-43.776729,-379.907280,-91.650266
-31.378594,-125.275162,-84.240626
-25.972850,-229.049315,-77.787057
-41.928644,-382.097139,-92.689648
-41.771729,-125.908643,-79.121651
-25.482143,-228.437526,-95.927572
-39.546312,-383.720014,-93.720170
-23.787599,-227.412932,-95.115240
-39.931659,-125.215655,-80.297320
-22.299932,-227.633502,-93.969992
-36.825483,-384.759461,-94.539346
-37.858290,-124.530349,-81.397855
-20.906444,-227.907028,-92.311940
-33.957573,-385.210103,-95.049595
-35.531135,-123.855102,-82.516844
-23.701141,-229.166767,-95.070947
-39.974995,-361.977731,-93.576798
-32.796552,-123.277256,-83.468173
-38.272344,-359.343619,-93.776413
-19.725950,-228.199637,-90.325658
-41.671986,-364.829309,-90.701011
-25.707204,-128.421310,-84.682565
-41.050806,-364.049674,-92.549433
-22.005068,-229.663449,-93.803962
-27.735535,-127.285201,-84.777589
-23.196100,-129.888897,-83.744311
-20.568623,-230.075008,-92.106689
-43.003155,-366.965378,-90.563624
-21.373135,-132.316181,-83.156988
-44.597902,-369.488707,-90.755465
-18.908826,-228.535596,-88.091178
-20.069565,-134.483783,-82.202000
-45.638941,-372.395146,-91.332635
-19.391247,-230.442755,-90.098387
-19.146037,-136.290709,-81.045442
-45.606466,-375.349428,-92.167610
-18.555570,-229.074145,-85.876094
-28.610459,-125.537151,-84.476289
-19.013248,-227.964568,-83.911328
-44.733680,-378.071678,-93.089798
-19.841240,-227.216874,-82.076816
-29.669496,-123.405467,-83.892792
-18.548638,-229.721076,-84.122410
-43.258439,-380.443756,-94.088062
-19.277980,-229.182726,-82.369270
-26.118967,-126.231017,-84.386062
-20.544142,-228.477873,-80.575320
-41.237380,-382.429583,-95.159106
-23.883280,-127.237836,-83.708514
-38.533910,-383.674471,-96.114138
-18.613010,-230.830623,-87.916163
-20.712142,-130.143755,-82.196072
-21.675700,-127.828978,-82.668862
-35.621948,-384.415240,-96.739588
-18.290675,-231.258150,-85.667838
-19.638988,-132.422342,-81.376375
-43.655811,-368.123136,-92.872292
-18.595977,-231.524297,-83.156537
-18.796786,-134.634718,-80.210159
-42.172709,-365.962826,-92.302652
-21.498424,-229.916583,-79.283576
-18.276994,-137.005027,-79.083213
-45.181165,-370.760486,-93.117557
-23.599947,-229.406495,-78.184641
-19.866834,-230.595234,-80.896376
-45.529858,-373.564693,-93.735995
-26.827581,-124.164604,-83.796694
-45.099492,-376.189213,-94.531445
-35.550769,-228.601124,-94.872303
-24.405712,-125.070450,-83.441221
-44.087486,-378.611579,-95.459476
-33.905906,-227.778865,-96.044410
-36.865213,-229.637088,-92.915955
-42.494049,-380.619082,-96.506789
-22.617285,-126.014162,-82.728096
-32.005907,-228.279415,-96.506368
-18.905210,-130.486016,-80.362656
-40.097946,-382.141444,-97.637517
-19.681201,-128.211149,-81.033055
-29.798438,-228.993787,-96.626915
-18.228541,-132.722314,-79.373700
-37.104617,-382.922681,-98.258482
-37.486301,-230.600040,-90.420346
-17.604699,-135.083480,-77.754469
-25.182097,-384.956556,-90.118475
-27.517512,-385.167766,-90.218925
-27.654659,-229.800357,-96.383771
-17.308291,-137.790894,-76.788777
-28.628008,-385.213509,-91.889487
-25.620976,-230.609242,-95.902157
-17.326251,-139.640932,-75.789730
-17.378377,-140.332954,-74.053378
-26.301889,-384.981509,-91.919805
-23.682455,-231.319901,-95.080012
-17.715744,-140.878018,-72.259676
-29.867016,-385.184863,-93.553383
-16.815232,-138.559657,-74.615116
-21.864979,-231.899714,-93.791397
-31.257750,-385.030386,-95.265892
-17.090753,-139.343726,-72.470127
-20.330132,-232.397374,-92.059884
-17.777267,-140.432933,-70.112287
-32.716185,-384.564005,-97.011295
-19.110734,-232.795460,-90.010433
-27.502927,-384.871815,-93.637315
-16.761754,-136.378292,-75.285156
-18.333196,-233.156878,-87.764867
-28.794872,-384.582515,-95.289151
-16.683730,-137.321389,-72.985762
-18.055654,-233.529710,-85.402151
-17.094531,-138.173455,-70.727771
-30.135530,-384.038196,-96.973095
-37.399938,-231.639527,-87.661890
-18.684103,-140.700290,-67.257565
-22.674670,-384.579040,-89.967598
-17.759974,-138.769385,-68.303963
-35.129073,-231.893506,-82.565654
-23.827900,-384.499601,-91.829812
-36.436770,-232.908278,-84.934931
-20.027254,-140.718527,-64.931298
-33.922910,-229.591251,-95.739270
-25.093808,-384.330100,-93.595789
-21.735642,-140.554470,-63.068843
-26.409515,-383.923925,-95.227436
-31.948433,-230.386991,-96.267052
-23.723685,-140.187309,-61.699221
-27.754158,-383.297987,-96.779071
-29.842407,-231.166364,-96.412167
-25.799134,-139.630295,-60.570919
-20.177603,-383.831788,-89.471007
-35.575413,-230.687866,-94.329109
-28.010412,-138.935641,-59.657409
-17.838136,-382.710027,-88.506955
-36.736688,-231.716850,-92.298639
-27.790186,-231.958770,-96.257909
-30.537802,-138.100397,-59.053661
-15.561831,-381.434683,-87.187594
-33.901767,-231.633859,-95.355706
-18.900320,-138.920195,-65.878452
-13.638950,-379.820905,-85.812005
-31.918922,-232.469703,-95.948406
-20.470940,-138.893059,-63.777868
-12.376233,-377.833361,-84.830995
-29.885053,-233.213170,-96.172507
-22.129185,-138.780582,-61.967195
-11.570563,-375.850366,-84.138991
-35.523098,-232.730505,-93.851693
-24.022811,-138.447751,-60.528790
-11.235571,-373.670169,-83.525351
-33.821801,-233.669101,-94.961959
-26.152437,-137.828409,-59.432046
-34.198861,-383.300012,-98.515166
-31.799749,-234.486962,-95.637124
-28.513295,-136.961147,-58.760353
-31.573372,-383.196333,-98.512957
-25.783780,-232.796718,-95.860209
-17.919797,-137.175774,-67.012809
-29.138468,-382.406057,-98.205132
-27.995484,-234.026921,-96.121389
-17.243943,-136.865351,-69.199250
-19.185605,-136.949098,-64.619329
-21.238984,-383.717816,-91.524376
-29.917157,-234.935741,-95.974490
-23.783042,-233.591720,-95.122453
-20.840688,-137.217402,-62.521490
-18.743807,-382.583993,-90.794102
-21.848901,-234.327357,-93.894306
-22.421274,-137.036477,-60.792770
-16.256196,-381.282724,-89.725222
-20.151176,-234.846370,-92.071167
-24.314120,-136.625650,-59.267259
-13.982656,-379.864354,-88.346561
-18.866642,-235.189062,-89.933270
-26.575959,-135.807229,-58.574065
-12.439277,-378.199955,-86.927855
-11.604469,-376.397493,-86.073982
-17.992748,-235.546013,-87.674688
-33.542553,-137.071577,-58.694457
-10.970105,-374.324066,-85.466291
-26.097053,-234.987558,-95.819597
-36.618166,-136.676456,-59.296232
-10.932772,-371.928934,-84.862329
-28.543603,-236.051258,-95.961413
-39.083551,-136.169511,-60.230041
-11.196806,-369.239596,-84.439110
-24.047209,-235.968589,-95.202152
-40.966904,-135.522475,-61.521101
-11.770863,-366.676630,-84.503343
-26.624271,-237.223327,-95.798482
-11.548145,-364.430549,-84.921254
-42.363694,-134.949849,-62.794663
-21.877986,-237.061582,-94.011040
-43.556976,-133.295448,-63.804893
-10.646385,-362.591582,-85.561658
-9.902384,-360.885014,-86.563395
-19.919364,-237.183715,-91.958375
-31.034966,-136.102088,-58.121863
-22.577566,-383.418945,-93.372908
-18.660433,-237.586279,-89.895324
-29.013006,-134.922167,-57.908840
-23.977232,-383.004998,-95.033701
-31.316147,-236.687356,-95.432486
-44.979630,-132.037145,-66.074862
-25.413004,-382.338514,-96.525375
-26.842449,-381.464056,-97.861503
-29.265092,-238.228144,-95.691216
-46.006378,-131.002188,-68.176919
-20.032708,-382.275467,-92.848187
-33.486251,-231.114259,-80.589216
-46.546442,-130.111242,-70.284437
-46.601740,-129.076211,-72.278713
-17.528856,-380.924005,-92.019948
-31.668112,-230.684577,-79.216679
-46.170676,-128.018792,-74.355923
-14.901182,-379.203069,-91.013421
-29.620633,-230.603418,-78.280418
-27.321532,-230.760500,-77.705928
-45.040283,-127.233261,-76.367962
-12.839040,-377.917366,-89.081175
-24.909989,-231.091177,-77.691598
-43.486431,-126.595335,-77.861552
-11.851857,-376.727495,-87.728222
-22.614376,-231.520671,-78.329507
-35.412886,-135.107285,-58.159334
-11.227442,-375.030793,-87.372256
-33.144896,-135.196470,-57.825726
-10.875908,-372.781465,-86.839760
-20.660772,-232.048334,-79.535554
-38.014978,-134.801709,-58.889698
-21.450596,-381.817889,-94.676050
-22.953813,-381.073360,-96.225589
-19.201543,-232.782726,-81.250800
-40.223738,-134.258921,-60.073451
-24.601032,-380.213377,-97.436049
-18.277647,-234.052983,-83.191858
-41.973677,-133.690436,-61.670843
-17.746134,-235.919083,-85.265885
-20.509689,-379.622667,-95.602705
-31.551773,-134.089064,-57.608317
-22.158970,-378.284050,-96.991776
-17.722862,-238.033152,-87.586478
-19.064556,-380.449707,-93.965382
-34.104415,-133.505293,-57.603544
-24.607980,-238.386995,-95.317677
-36.727692,-133.204285,-57.931989
-10.947821,-370.373806,-86.413439
-27.245370,-239.496435,-95.692765
-39.104606,-132.774566,-58.903962
-11.475570,-368.041447,-86.186405
-22.811674,-239.648429,-94.626561
-20.994071,-238.851693,-93.397577
-41.074654,-132.256074,-60.370713
-11.805376,-365.945426,-86.233622
-25.259934,-240.711486,-95.396545
-11.224937,-364.161995,-86.649119
-42.806892,-131.644144,-62.101852
-19.691875,-239.381726,-91.960540
-10.457424,-362.589778,-87.400095
-44.230937,-130.778323,-64.203664
-16.865055,-379.034222,-93.158390
-15.133728,-377.248665,-92.617748
-21.271155,-240.764055,-93.677181
-45.239946,-129.813810,-66.461624
-13.370753,-376.715051,-90.855628
-23.398697,-241.871289,-94.831251
-45.934534,-129.006448,-68.635842
-11.957794,-375.792477,-89.153563
-18.395058,-240.016682,-90.036423
-46.307069,-128.387567,-70.499981
-11.473056,-373.597700,-88.725769
-19.698704,-241.633749,-92.266100
-16.660129,-134.111721,-75.730621
-17.175204,-132.959230,-77.578409
-11.198820,-371.350181,-88.218328
-21.614560,-242.939112,-93.917407
-16.534129,-135.212331,-73.476784
-12.519378,-374.354176,-90.474781
-33.703498,-235.724199,-94.533362
-16.828132,-136.122932,-71.319427
-12.104249,-372.099408,-89.861967
-14.037294,-375.023586,-92.134242
-35.385428,-234.686567,-93.405677
-17.500171,-131.040028,-78.305258
-13.369881,-372.664380,-91.446856
-36.520617,-233.707354,-91.902362
-16.523906,-131.904818,-76.139407
-11.493243,-369.135453,-87.936379
-37.238186,-232.758011,-89.969626
-16.291687,-133.058593,-73.835481
-11.922247,-370.208372,-89.245440
-18.030286,-236.255849,-82.990378
-16.464898,-134.124651,-71.683567
-11.870495,-367.088722,-87.709876
-11.618951,-365.435780,-87.587247
-18.693017,-234.645154,-81.539403
-16.855520,-135.041598,-69.695005
-19.756407,-234.188546,-79.978822
-17.306747,-135.777437,-68.031553
-12.842337,-370.421285,-90.641019
-17.445393,-238.334047,-85.058200
-17.801154,-135.473811,-66.244964
-12.346603,-368.260654,-89.505077
-18.099313,-128.811698,-78.928375
-17.425257,-240.824286,-87.562255
-16.802351,-129.600725,-76.618678
-11.100821,-364.207318,-88.397536
-18.414753,-242.520537,-90.424204
-16.183512,-130.770420,-74.133254
-11.840748,-365.963245,-89.098025
-19.927683,-243.954617,-92.636014
-15.758750,-375.506008,-93.622373
-16.147524,-132.038535,-71.859992
-16.662937,-377.359721,-93.933983
-21.539422,-233.725538,-78.565339
-18.258653,-378.405117,-94.816226
-16.380152,-133.161143,-69.792651
-23.721411,-233.297494,-77.700781
-16.937003,-134.252027,-67.902536
-20.777596,-125.835219,-81.257695
-14.926190,-373.197858,-92.996975
-26.152709,-232.918657,-77.472071
-18.958623,-126.667122,-79.310722
-14.268707,-370.860484,-92.136365
-28.510765,-232.600079,-77.857564
-17.595517,-127.356612,-77.078789
-13.468782,-368.627079,-91.413334
-30.632045,-232.360371,-78.657970
-32.263137,-232.232696,-79.623090
-16.564625,-128.167039,-74.217181
-12.618155,-366.561522,-90.858585
-29.675917,-234.465156,-78.198895
-17.496210,-376.131316,-94.904453
-31.776078,-233.922915,-79.300413
-16.154099,-129.870413,-71.883048
-27.254205,-234.935306,-77.486941
-19.524866,-377.081891,-96.003540
-16.197307,-131.071241,-69.796475
-24.743332,-235.254305,-77.314039
-16.637453,-373.742568,-94.458989
-16.595974,-132.238945,-67.714167
-22.359392,-235.603177,-77.848265
-15.877381,-371.303755,-93.642199
-17.449761,-133.563904,-65.838879
-20.266120,-236.004816,-79.027396
-14.916290,-368.999274,-92.954164
-18.614613,-134.874200,-64.199621
-18.751682,-236.313066,-80.861350
-18.505110,-374.433258,-95.784898
-19.854214,-135.807632,-62.947075
-21.034466,-135.588170,-61.344423
-17.661206,-371.829431,-95.051945
-17.850133,-238.502669,-82.535424
-22.702445,-135.152447,-59.822728
-16.743292,-369.358699,-94.252304
-17.195872,-240.655782,-84.660420
-24.793719,-134.596820,-58.785357
-13.732876,-366.979999,-92.521644
-18.874399,-238.675039,-80.036063
-27.026978,-133.693944,-58.111204
-15.408503,-367.110536,-93.866799
-20.909045,-237.910309,-78.213139
-29.622249,-132.706297,-57.755646
-11.646446,-364.364232,-90.577568
-17.636695,-240.931087,-82.200616
-32.413447,-131.991517,-57.598131
-12.707361,-365.392474,-92.103109
-23.143375,-237.614865,-77.340071
-13.884240,-365.262110,-93.446509
-35.098924,-131.531379,-57.473104
-25.623977,-237.421842,-77.102001
-10.739306,-362.443015,-89.246736
-37.736033,-131.122840,-58.172473
-28.461196,-237.226377,-77.669636
-10.272429,-361.097826,-88.195712
-39.910742,-130.743392,-59.370408
-10.318878,-359.345451,-87.914786
-18.445411,-241.452497,-80.007074
-19.850413,-239.925139,-78.654992
-41.676831,-130.282936,-60.879154
-10.696500,-357.340507,-87.369962
-21.527351,-239.831129,-77.613112
-43.105777,-129.493512,-62.641832
-11.146869,-355.439468,-86.836178
-19.888720,-241.850078,-78.292157
-44.232706,-128.528415,-64.810624
-11.624759,-353.902033,-86.555333
-12.283556,-352.586542,-87.296636
-23.740897,-239.782067,-76.992251
-45.141510,-127.739053,-67.112448
-21.877404,-241.932975,-77.213337
-45.660599,-127.139440,-69.416081
-46.028932,-126.842984,-72.001997
-20.596988,-375.280983,-97.023463
-26.239481,-239.783875,-76.999469
-19.448022,-372.475987,-96.595421
-24.185841,-242.048323,-76.719835
-45.449593,-125.935405,-74.499940
-18.721897,-369.855294,-95.525134
-17.483827,-243.567024,-88.572978
-44.307689,-125.234423,-76.436948
-17.032951,-242.499364,-86.392391
-17.612167,-367.368359,-94.930036
-18.578668,-244.979378,-91.006652
-42.784181,-124.645150,-78.027304
-15.877886,-364.938438,-94.846116
-16.961067,-242.888096,-84.392784
-41.080408,-123.974327,-79.308367
-39.158122,-123.201870,-80.403815
-16.835742,-244.514561,-86.701593
-45.084514,-372.103005,-95.314085
-36.904296,-122.383968,-81.348622
-44.925642,-374.496277,-95.976289
-17.458409,-245.966001,-89.182226
-34.240071,-121.635846,-82.200538
-44.391582,-376.785383,-96.794425
-17.322734,-243.415611,-82.081124
-30.863601,-121.105445,-82.426949
-43.091290,-378.698035,-97.646766
-16.652783,-245.208739,-84.504176
-27.570341,-121.959164,-82.768446
-41.366221,-380.150828,-98.815708
-16.690376,-246.852634,-87.072011
-24.903604,-123.049606,-82.567490
-38.342544,-380.828249,-99.932874
-18.187175,-244.132053,-79.660767
-22.729878,-124.294031,-81.953210
-44.419225,-369.813277,-94.967977
-20.089765,-243.926588,-77.763426
-19.779748,-134.205490,-62.321326
-35.325093,-381.642854,-99.821519
-22.168711,-244.108524,-76.856577
-18.517273,-132.827491,-63.749441
-32.886672,-381.704892,-99.591278
-16.927553,-245.948786,-82.196752
-21.320935,-133.642557,-60.594255
-30.558883,-381.174420,-99.355436
-16.362065,-247.669706,-84.781665
-23.347778,-133.197403,-59.363278
-28.302923,-380.300676,-98.979570
-17.540576,-246.827433,-80.107804
-25.301956,-132.814547,-58.597226
-26.099290,-379.249002,-98.509542
-18.796216,-245.677173,-78.482262
-17.398257,-131.373792,-65.500126
-16.538838,-248.461579,-82.461690
-24.186156,-378.192360,-98.026433
-27.254756,-131.219556,-58.265090
-22.918024,-375.994349,-98.049168
-20.274768,-245.960219,-77.341722
-16.716685,-129.756428,-67.655102
-21.579624,-373.212798,-97.943017
-18.534688,-247.597743,-78.391626
-16.318879,-129.254013,-69.930343
-20.644292,-370.438746,-97.084421
-17.130785,-249.229580,-80.277022
-16.494521,-127.825064,-71.415018
-19.958430,-367.979119,-95.954804
-33.560797,-233.143235,-80.739004
-16.792949,-127.662088,-69.061800
-25.251115,-376.763612,-98.843364
-30.516169,-130.430084,-57.966432
-30.963736,-236.101075,-78.892390
-27.546139,-377.856100,-99.411250
-36.943710,-234.866124,-89.815290
-33.398446,-129.871280,-57.794804
-36.304966,-235.407564,-91.678601
-29.781235,-378.959808,-99.841273
-35.391795,-236.621110,-92.749990
-36.110597,-129.378546,-57.871794
-31.923954,-379.780240,-100.176000
-37.112236,-233.981394,-87.438356
-38.494971,-129.127517,-58.871321
-33.796164,-380.326320,-100.347826
-40.472652,-128.853379,-60.119591
-24.045119,-373.966001,-98.838767
-34.939562,-234.302129,-82.538767
-41.875751,-128.616125,-61.523485
-22.835479,-371.112633,-98.456231
-33.098894,-235.360996,-80.415274
-42.768310,-127.202458,-63.125984
-22.012875,-368.520190,-97.426320
-43.945785,-126.424093,-65.676046
-36.180974,-235.365793,-84.831347
-35.559862,-379.562428,-100.771364
-44.743549,-125.769384,-68.011678
-36.881631,-236.226722,-87.417220
-33.372835,-378.494743,-100.809423
-45.084109,-125.334682,-70.379586
-36.541020,-237.089023,-90.180084
-31.272216,-377.595744,-100.556860
-45.047346,-124.835401,-72.659903
-44.427378,-124.187866,-74.651043
-29.137582,-376.558661,-100.197995
-34.486407,-237.093274,-82.135462
-43.295863,-123.467403,-76.387446
-26.783400,-374.868046,-99.737293
-32.190863,-237.719522,-79.735269
-41.746938,-122.825687,-77.859735
-30.273781,-238.172158,-78.449267
-40.068464,-122.119619,-79.077790
-43.028269,-368.036532,-95.097451
-28.616374,-239.957063,-77.596046
-38.084782,-121.262494,-79.923398
-42.344020,-366.791455,-93.799911
-41.226374,-365.454873,-93.833249
-30.815787,-240.016549,-78.735016
-35.661412,-120.421902,-80.558165
-40.391972,-364.008500,-94.193845
-33.032568,-239.760394,-80.497100
-32.987089,-119.843479,-80.945476
-41.546057,-366.687538,-95.310593
-26.580207,-242.211958,-76.896563
-28.015200,-120.111815,-81.040109
-40.221346,-365.339065,-95.447471
-30.427247,-119.269774,-80.412978
-25.309353,-371.812142,-99.394860
-24.456718,-244.358021,-76.513710
-25.428913,-121.158896,-81.110235
-24.283526,-369.125232,-98.677925
-22.313797,-246.320209,-76.550960
-23.100722,-122.423945,-80.723271
-27.751285,-372.346188,-100.216467
-20.160993,-248.127458,-77.032658
-21.204777,-123.831021,-80.073196
-28.829137,-374.430105,-100.432729
-30.671692,-375.280418,-100.789485
-18.246210,-249.891385,-78.284437
-19.799556,-125.026350,-79.293855
-18.553422,-125.389771,-77.565254
-30.011628,-372.919936,-100.760495
-29.003402,-242.313706,-77.667600
-17.564040,-125.906535,-75.320000
-32.781236,-376.192082,-101.121744
-26.883992,-244.573584,-76.818471
-17.090510,-126.109591,-72.945728
-32.174459,-373.782656,-101.172268
-24.636332,-246.673188,-76.314207
-17.160611,-125.922818,-70.585073
-26.768866,-369.724727,-99.701885
-22.320659,-248.630223,-76.191579
-19.867585,-123.777483,-77.998868
-29.302166,-370.450985,-100.431874
-19.966129,-250.491313,-76.749403
-18.705616,-124.175953,-75.879279
-31.660348,-371.366184,-100.864288
-31.431934,-242.281915,-79.136518
-17.923870,-124.700963,-74.065254
-35.033996,-377.152491,-101.325808
-29.453355,-244.712570,-77.803759
-17.898895,-124.344454,-72.236686
-21.516539,-122.278468,-78.536656
-34.385506,-374.703652,-101.479046
-27.132906,-246.952196,-76.745372
-23.522553,-120.833808,-79.016901
-33.843370,-372.331834,-101.279013
-24.789305,-249.033984,-76.102050
-25.806574,-119.643095,-79.224630
-37.565205,-378.132617,-101.248204
-22.341725,-251.094394,-75.889765
-20.092083,-122.547357,-76.253573
-40.228466,-378.662897,-100.586673
-34.843849,-239.646459,-82.879819
-36.049955,-237.736723,-84.905300
-21.848306,-120.985742,-76.651296
-42.064254,-378.385754,-99.333669
-36.114742,-239.790768,-85.333657
-43.165651,-376.988684,-98.733189
-36.683066,-238.358828,-87.437865
-23.908236,-119.557449,-77.011760
-44.023131,-375.113621,-98.068817
-33.659012,-242.007637,-81.314895
-18.897457,-123.218552,-74.079203
-41.660339,-376.818495,-100.458944
-35.261360,-241.660416,-83.857265
-42.826208,-375.470929,-99.684856
-20.352334,-121.513502,-74.240587
-39.371088,-376.346963,-101.512293
-33.772382,-237.883839,-93.980389
-22.219210,-119.923225,-74.535394
-36.732012,-375.613757,-101.669597
-35.511502,-238.665748,-91.926604
-19.225084,-122.612948,-71.970658
-36.414825,-239.360955,-89.507539
-35.990263,-373.259846,-101.580102
-31.868820,-239.171025,-94.829188
-20.882466,-120.912348,-71.964644
-38.306812,-373.946289,-101.724024
-29.872018,-240.504498,-95.309870
-18.320513,-124.114827,-70.014437
-41.188228,-374.330396,-101.068701
-27.870510,-241.749313,-95.478186
-17.761952,-125.850695,-68.375838
-19.812777,-122.396166,-69.720888
-25.874014,-242.930074,-95.316836
-44.389518,-372.987459,-97.339485
-17.593298,-127.592533,-66.870102
-34.072696,-240.033605,-93.218688
-44.371712,-371.124812,-96.592859
-17.914174,-129.198853,-65.221464
-43.211790,-373.566375,-99.365798
-32.342822,-241.391774,-94.150713
-18.828014,-130.663868,-63.412182
-43.451284,-369.562339,-96.845790
-30.477039,-242.723616,-94.840897
-20.046696,-132.131892,-61.801099
-43.399645,-371.406835,-98.302060
-28.483011,-243.944282,-95.164124
-19.076532,-124.175428,-67.899800
-35.631909,-240.705373,-91.085352
-18.597231,-125.864783,-66.417029
-41.805589,-371.716665,-100.158450
-18.681115,-127.341094,-64.991319
-34.394604,-242.112692,-92.445522
-39.367526,-372.001228,-101.255611
-19.424984,-128.609862,-63.426256
-37.332613,-372.114124,-101.426034
-32.800762,-243.530455,-93.426959
-22.081998,-131.606672,-60.261663
-35.598146,-371.153132,-101.148408
-36.506161,-240.024454,-87.441666
-24.432071,-131.300542,-59.162451
-41.950362,-367.997519,-96.996266
-36.194864,-241.468519,-86.331892
-20.803395,-129.821962,-61.587988
-42.008929,-369.702608,-98.682212
-36.320610,-241.189950,-88.737734
-35.736758,-242.592243,-90.197910
-33.542928,-370.112983,-100.724633
-23.190032,-129.697306,-60.209231
-34.720498,-244.129459,-91.552177
-31.323264,-369.040658,-100.364960
-25.734865,-129.302474,-59.398997
-30.975231,-244.882601,-94.230653
-28.759981,-367.734528,-99.886692
-28.622826,-128.771033,-58.718333
-33.209268,-245.680943,-92.695122
-25.910145,-367.308085,-98.891434
-31.597972,-128.218808,-58.255298
-23.934471,-244.040313,-94.903867
-23.531680,-366.774953,-97.737453
-34.421365,-127.768468,-58.225479
-26.460372,-245.046517,-95.176133
-21.230711,-366.108287,-96.612335
-22.073084,-245.145431,-94.173045
-36.956724,-127.481471,-58.801933
-18.722769,-365.571561,-95.898794
-20.339587,-246.247966,-93.079774
-39.171179,-127.283081,-59.790400
-18.837000,-247.341583,-91.565654
-40.943372,-127.184307,-61.260130
-39.919068,-369.913603,-100.181108
-24.526788,-246.135705,-94.943404
-28.169491,-118.703288,-79.025156
-37.578576,-370.352502,-100.917405
-40.272937,-368.159706,-98.590932
-17.564945,-248.383883,-89.720113
-26.162465,-118.471033,-77.120811
-37.870532,-368.232863,-99.566907
-16.618031,-249.328966,-87.554458
-24.374594,-118.573173,-74.823245
-35.565720,-369.108791,-100.448474
-16.128992,-250.178078,-85.142519
-22.849940,-119.293355,-72.199871
-40.364541,-366.691687,-96.984647
-16.220462,-250.967059,-82.698710
-21.630594,-120.665995,-69.568627
-16.782089,-251.675255,-80.346627
-20.684627,-122.598642,-67.433403
-38.910698,-366.990942,-98.131326
-17.917517,-252.320181,-78.139227
-19.931428,-124.538310,-65.973083
-38.873407,-365.496510,-97.009439
-19.739621,-253.005348,-76.436669
-19.528279,-126.005043,-65.022500
-39.476674,-363.559949,-95.798476
-20.049911,-126.902294,-63.774202
-22.691811,-247.296467,-94.413814
-20.979768,-127.794131,-62.331048
-38.633470,-361.132911,-96.286139
-20.918171,-248.509231,-93.514989
-22.295529,-128.393251,-61.150856
-24.188024,-127.864453,-60.617650
-36.316417,-358.744756,-96.414936
-19.215074,-249.713274,-92.160203
-26.828006,-126.959254,-60.052511
-34.699152,-356.187513,-95.139545
-17.756327,-250.899700,-90.352398
-29.824148,-126.626151,-59.198734
-37.405548,-366.037946,-98.573393
-16.564584,-251.907054,-88.053809
-32.655324,-126.156991,-58.906846
-35.550739,-367.050851,-99.543616
-15.916964,-252.770194,-85.472500
-35.344493,-125.867028,-59.167042
-33.480857,-368.042498,-100.056058
-15.932985,-253.525568,-82.844906
-37.711534,-125.686667,-59.895520
-37.919107,-363.753247,-97.825705
-16.503144,-254.156159,-80.296574
-39.637841,-125.666793,-61.081202
-17.624414,-254.792970,-78.009140
-41.290877,-125.459112,-62.503200
-36.652432,-361.676451,-98.824089
-42.542784,-125.062445,-64.525315
-34.442478,-359.870984,-99.015485
-36.175667,-242.911753,-87.742342
-43.431638,-124.497756,-66.803438
-33.760164,-357.697917,-97.363102
-35.581489,-364.498145,-99.250330
-35.794647,-244.381698,-89.179741
-43.989270,-123.994968,-69.081066
-34.966432,-246.106237,-90.527377
-44.229795,-123.633831,-71.313697
-33.582307,-365.988683,-99.686376
-35.747908,-243.315926,-85.306761
-44.183690,-123.433261,-73.148623
-31.437239,-366.907983,-99.859341
-43.342935,-122.606641,-74.555123
-29.706948,-365.517076,-99.939548
-35.972066,-244.438713,-86.962859
-34.493894,-243.931428,-82.697014
-42.043321,-121.795658,-76.142760
-27.322807,-365.549775,-99.444699
-32.229240,-244.856823,-79.814104
-40.508611,-121.122204,-77.557109
-25.004247,-365.119047,-98.428535
-39.005054,-120.639787,-78.569848
-22.627912,-364.529645,-97.585304
-35.808072,-246.041048,-87.880858
-36.900252,-119.396350,-78.618587
-20.246169,-363.856103,-96.704569
-35.412922,-245.577587,-84.853966
-34.166329,-118.939043,-79.264912
-17.800444,-363.137223,-95.735127
-32.091912,-118.755240,-79.499211
-33.912464,-246.321437,-81.948269
-30.355166,-118.190651,-78.473018
-34.305477,-362.421822,-99.896894
-29.717581,-247.199068,-77.874987
-28.432047,-117.828482,-76.884785
-33.559191,-364.272959,-99.893098
-32.004420,-247.753259,-79.656022
-31.856448,-364.997123,-99.943739
-26.641429,-117.815346,-74.922845
-27.401606,-249.342030,-76.674127
-25.082571,-118.100267,-72.598409
-32.302705,-363.177041,-100.297960
-25.086309,-251.473322,-75.903678
-23.816396,-118.988459,-69.880199
-30.411524,-363.813987,-100.294099
-28.447396,-363.987833,-100.060579
-22.565639,-253.917493,-75.518783
-22.865807,-120.874377,-66.838674
-32.528423,-360.974232,-100.200009
-19.483305,-255.534295,-76.193820
-32.430916,-118.034663,-77.915150
-30.723254,-362.067224,-100.507391
-28.933014,-246.022206,-94.806091
-30.581294,-117.635616,-76.424118
-29.256802,-362.687720,-100.399574
-26.368922,-363.621163,-99.301516
-26.923336,-247.011090,-94.997521
-28.798105,-117.472833,-74.789965
-27.728634,-362.268560,-99.922313
-25.156816,-248.077956,-94.911329
-27.234634,-117.508689,-72.940391
-24.232672,-363.016132,-98.305039
-31.243504,-247.042192,-93.762370
-34.661971,-118.181591,-77.245771
-22.014929,-362.312311,-97.216107
-33.449855,-248.167711,-91.856042
-32.687497,-117.652642,-75.815066
-19.729408,-361.594954,-96.107587
-35.330930,-248.058397,-89.153775
-30.833843,-117.380472,-74.361829
-32.237383,-358.978690,-99.045954
-35.553837,-247.680480,-86.196756
-29.166025,-117.307739,-72.860733
-30.665104,-360.198585,-99.968095
-34.825920,-247.436937,-83.785177
-26.110135,-117.846568,-70.698436
-33.687863,-248.571251,-81.842698
-27.861871,-117.408998,-71.453576
-29.154272,-361.218440,-100.135501
-23.468560,-249.370038,-94.572680
-21.587925,-123.387179,-65.203913
-25.891685,-361.598237,-98.964981
-32.738062,-355.620382,-96.210995
-29.061811,-248.001890,-94.512204
-20.739838,-125.306646,-64.261718
-33.453080,-353.905795,-94.291493
-27.205241,-248.594855,-94.829119
-31.641290,-353.692978,-95.439813
-21.325525,-126.325017,-62.970652
-26.103992,-249.853014,-94.806869
-22.596309,-126.823651,-61.832125
-31.542420,-357.200964,-97.798623
-28.553380,-249.821155,-94.433313
-30.184425,-358.652399,-98.922601
-24.542471,-125.867318,-61.477657
-29.141303,-359.835246,-99.533727
-30.959955,-249.228740,-93.524027
-22.634548,-124.857212,-63.119504
-27.609354,-360.496124,-99.415750
-30.656763,-355.436788,-96.857143
-34.439549,-250.127206,-90.011565
-32.534256,-250.712002,-92.177447
-23.554891,-122.648226,-64.337272
-29.325744,-357.146880,-97.889161
-35.258077,-249.738404,-87.262267
-24.742239,-123.886655,-62.591206
-28.180531,-358.819890,-98.678329
-34.917062,-249.234835,-84.357273
-26.551924,-124.786493,-61.236237
-23.930590,-360.791839,-97.746542
-29.904297,-249.613459,-77.916568
-28.478793,-125.309151,-60.238080
-21.749023,-360.009594,-96.483868
-36.868517,-118.380627,-76.293965
-32.041780,-250.101716,-79.795351
-38.904475,-119.604343,-77.143083
-26.054452,-359.528739,-98.292970
-27.851890,-251.624738,-76.713104
-40.593727,-120.154745,-75.746256
-25.964868,-253.752904,-75.892974
-24.179299,-358.109238,-96.885277
-34.776064,-117.717051,-75.052474
-21.631216,-256.631043,-75.300981
-26.985291,-357.445831,-97.604559
-24.443604,-256.000967,-75.340828
-32.836561,-117.388476,-73.697801
-21.664419,-250.735734,-93.910133
-38.771417,-118.776167,-75.018097
-28.459021,-355.450862,-96.985013
-24.539803,-251.382457,-94.647353
-36.753342,-117.908071,-74.001160
-29.836002,-353.938151,-96.196856
-27.379221,-251.602295,-94.494223
-30.117461,-351.939353,-95.089432
-34.771400,-117.486016,-72.847224
-30.081992,-251.358259,-93.624872
-31.043264,-117.255367,-72.345084
-27.972665,-353.525121,-96.171123
-19.818254,-252.148500,-92.795174
-29.387608,-117.260415,-70.964005
-26.052874,-355.578146,-96.571706
-32.928140,-117.295386,-71.632758
-22.722960,-252.956591,-94.243161
-31.209935,-117.247988,-70.359151
-27.743642,-351.501535,-95.304246
-25.835101,-253.404280,-94.532646
-29.412786,-350.129475,-94.504652
-27.676218,-117.672440,-69.567112
-29.838909,-348.307177,-93.670977
-18.049989,-253.756311,-91.004042
-29.589691,-117.464141,-68.961511
-30.133268,-346.046648,-92.784802
-16.473637,-254.453752,-88.301350
-25.606607,-118.868296,-67.748308
-27.686330,-349.463951,-94.583113
-15.684878,-255.596116,-85.705670
-24.991311,-120.810071,-65.170301
-30.270767,-343.501989,-92.073375
-15.628749,-256.002344,-82.592422
-25.215869,-122.322969,-63.609312
-27.895419,-347.254482,-93.961021
-16.289801,-256.558255,-79.962226
-26.595167,-122.960554,-62.361466
-28.505085,-123.647983,-61.197655
-27.982580,-344.901198,-93.347407
-17.522822,-257.145877,-77.618670
-30.849651,-124.465345,-60.030298
-30.034165,-340.848137,-91.478663
-19.333566,-257.796833,-75.914434
-27.681758,-342.420480,-92.885768
-28.867250,-253.474404,-93.849816
-33.718856,-124.340030,-59.873684
-25.593164,-353.393779,-95.685515
-31.622184,-253.039183,-92.457868
-36.195554,-124.146666,-60.393737
-25.381484,-351.155647,-94.902683
-33.741272,-252.323433,-90.583427
-38.377944,-124.103650,-61.280076
-25.407091,-348.814348,-94.308491
-34.855057,-251.739378,-88.031043
-39.993018,-124.300106,-62.232394
-20.830185,-254.577544,-93.446586
-41.015956,-123.732157,-63.766650
-25.533875,-346.429010,-93.829866
-41.981626,-123.238436,-65.830005
-23.985548,-255.161326,-94.382454
-25.367153,-344.123494,-93.241685
-42.656462,-122.720676,-68.019744
-27.210357,-255.504590,-94.125681
-23.548366,-355.572597,-95.718426
-43.095380,-122.287648,-70.290032
-19.228562,-256.338129,-92.373670
-21.534681,-357.643178,-95.550124
-17.469079,-255.900597,-90.339328
-43.221385,-122.222594,-72.534390
-22.092189,-256.905339,-93.922962
-19.485249,-359.317469,-95.207666
-25.249127,-257.368624,-94.268777
-42.013644,-121.054813,-74.113394
-17.489513,-360.826020,-94.823881
-16.434846,-256.798489,-88.532600
-15.607609,-362.314016,-94.342653
-40.448505,-119.502324,-73.415164
-17.759797,-258.241568,-90.888555
-38.483586,-118.435518,-72.537348
-14.170471,-363.466006,-93.742405
-12.667446,-363.629618,-92.529024
-20.346406,-258.729810,-93.124161
-36.488817,-117.757627,-71.668630
-11.750979,-362.027920,-91.188093
-23.371817,-259.220256,-94.081926
-34.645506,-117.460656,-70.752979
-10.935949,-360.458935,-89.631046
-30.632012,-255.659313,-92.659898
-33.017560,-117.370257,-69.685209
-33.207334,-254.576413,-90.772923
-31.484889,-117.474252,-68.446152
-23.153965,-353.221885,-94.855958
-41.840995,-120.772467,-71.745712
-34.501468,-253.723084,-88.525626
-22.683886,-350.725926,-94.063350
-40.014543,-119.540693,-70.527174
-34.937622,-251.340300,-85.103235
-23.099797,-348.075491,-93.598201
-34.877119,-253.326525,-85.937890
-41.608956,-121.077742,-69.309532
-41.187391,-121.589600,-67.139406
-23.060286,-345.763418,-93.089771
-33.742386,-250.782888,-82.220281
-40.372408,-122.065515,-65.097924
-13.557302,-361.519657,-92.778009
-39.128393,-122.611030,-63.020559
-30.257710,-251.788972,-78.125367
-12.358577,-359.947358,-91.188199
-36.926589,-122.553339,-61.821149
-15.416404,-360.156308,-93.433999
-32.148663,-252.305594,-80.079657
-34.585991,-122.706921,-61.093870
-13.882088,-359.610827,-92.219356
-17.231492,-358.428936,-93.778136
-30.649619,-253.506562,-78.420025
-32.475266,-123.054395,-60.691421
-28.686158,-253.634471,-77.013574
-30.510257,-122.533352,-61.363459
-19.369068,-357.090130,-94.397378
-28.464666,-121.897285,-62.482075
-21.199796,-355.335535,-94.689873
-33.864362,-253.299816,-82.645172
-26.681471,-121.261192,-63.771784
-15.035097,-358.271706,-92.454221
-34.475440,-255.194755,-84.327505
-34.727675,-254.887859,-86.724670
-27.013443,-119.574859,-65.527099
-11.567642,-358.186460,-89.489646
-34.283456,-255.758688,-88.480310
-28.590192,-120.276239,-64.009910
-31.947694,-254.499489,-79.880208
-28.046407,-118.203051,-67.375660
-13.304597,-358.156643,-91.144022
-29.923902,-255.325334,-77.794648
-30.037739,-117.997835,-67.113827
-11.703834,-356.063887,-88.566732
-29.032500,-118.856217,-65.588558
-12.031125,-354.314355,-87.979872
-33.036407,-256.908455,-90.455249
-30.486027,-120.940004,-62.822895
-12.866220,-356.462521,-90.079477
-33.193997,-255.867269,-81.647990
-12.700219,-354.976937,-89.245918
-30.520286,-119.538163,-64.348105
-14.414911,-356.557720,-91.405566
-31.382208,-256.761483,-79.222495
-30.680883,-118.577760,-65.711697
-13.896657,-354.894892,-90.367598
-31.902500,-118.076570,-66.694023
-13.278117,-353.206400,-89.103952
-27.382198,-255.736181,-76.229492
-33.308564,-117.690183,-67.898362
-34.454115,-117.592675,-69.079358
-32.631867,-121.600200,-61.869194
-13.298063,-350.977789,-88.202000
-29.024609,-257.752825,-77.043360
-31.212575,-258.313278,-91.870212
-36.002386,-117.842270,-69.515237
-16.183883,-356.625445,-92.581456
-28.435102,-257.751385,-93.500168
-17.821093,-356.470701,-93.426644
-37.866288,-118.424170,-70.082778
-26.581595,-259.649103,-93.889072
-15.499243,-354.932002,-91.600775
-19.133048,-355.078944,-93.673834
-29.500680,-260.047103,-92.699434
-17.250663,-354.954115,-92.701844
-14.854851,-353.209972,-90.604256
-26.078646,-257.865070,-75.562818
-40.279778,-120.376500,-68.346257
-36.999899,-118.558134,-67.911205
-38.806992,-119.432475,-68.259398
-14.342380,-351.636049,-89.678680
-23.348249,-258.106410,-75.016242
-39.597594,-120.610619,-66.581654
-16.585495,-353.214501,-91.799630
-14.735665,-349.458709,-89.440563
-21.173748,-258.434924,-75.158444
-38.629497,-120.987351,-64.705043
-34.053788,-257.362948,-83.385228
-14.385126,-346.782494,-88.308134
-34.615623,-256.628477,-86.000954
-37.419556,-121.358417,-63.252920
-32.648588,-258.162034,-80.900841
-37.863625,-119.691463,-66.260772
-14.207345,-344.230360,-87.364398
-36.659749,-120.192440,-64.520807
-15.827088,-351.422673,-90.803306
-30.928909,-258.991372,-78.715190
-35.119509,-121.031933,-62.789453
-34.232344,-257.893585,-87.901187
-20.745229,-353.166180,-93.911690
-34.429655,-258.774990,-85.241519
-35.131476,-118.049599,-67.699745
-18.538930,-353.217294,-92.908350
-33.603559,-259.578952,-82.599892
-35.905948,-118.936376,-66.052734
-17.771431,-351.390249,-92.043505
-32.133052,-260.340058,-80.255961
-34.463788,-119.484597,-64.540591
-32.571128,-120.139185,-63.428980
-19.948588,-351.255223,-93.150203
-33.234876,-259.159331,-89.716234
-21.070806,-349.404864,-93.246319
-31.839821,-260.492282,-91.018999
-32.299220,-118.919726,-65.045267
-19.031923,-349.472129,-92.341454
-34.195216,-260.070192,-87.168895
-16.867037,-349.491715,-91.097538
-34.202926,-260.972561,-84.467788
-33.852916,-118.415175,-66.216089
-33.133291,-261.771404,-81.853318
-16.034496,-347.367162,-90.130888
-20.600948,-347.370341,-92.603677
-27.374458,-259.721830,-75.959988
-29.331950,-259.795013,-77.211596
-30.476286,-261.022193,-78.235115
-18.120986,-347.620924,-91.469802
-31.576048,-262.457963,-79.573960
-15.532625,-345.073125,-89.189123
-28.532841,-261.429750,-76.553522
-17.313128,-345.711116,-90.642717
-29.768958,-262.985111,-77.506607
-19.082585,-346.041831,-91.670703
-24.763342,-259.808517,-75.024499
-20.765701,-345.010337,-92.213028
-26.153949,-261.574389,-75.279384
-18.720407,-344.290387,-91.223704
-27.538830,-263.301573,-75.811786
-16.835237,-343.573085,-89.970657
-22.158924,-259.868961,-74.817973
-14.129399,-341.624660,-86.633166
-15.254657,-342.686124,-88.435983
-19.744275,-259.733583,-75.409143
-23.465813,-261.620368,-74.631870
-14.142828,-338.930094,-85.994947
-20.694532,-261.556266,-74.816795
-14.196153,-335.876336,-85.505323
-24.912430,-263.412193,-74.696542
-22.768090,-343.533835,-92.624582
-22.029198,-263.407105,-74.361594
-20.394850,-342.940594,-91.772584
-24.824172,-341.808690,-92.732871
-17.655192,-259.339309,-76.974062
-27.066721,-339.600574,-92.407342
-16.239220,-258.846445,-79.313536
-29.880105,-338.294909,-90.972691
-15.419825,-258.330939,-81.930759
-31.268763,-337.346143,-89.214848
-15.379301,-257.874683,-84.613043
-31.687047,-335.439944,-88.054363
-15.781064,-257.740983,-86.813433
-18.156519,-261.406962,-76.068122
-30.067981,-335.855592,-90.334711
-19.213237,-263.370007,-75.007208
-30.458948,-333.182967,-89.493674
-16.403589,-261.069975,-78.377412
-22.137186,-341.430139,-92.161795
-15.410120,-260.564885,-81.108692
-18.313628,-342.239467,-90.711049
-15.185544,-260.011505,-83.818926
-19.872551,-340.960902,-91.343729
-16.524587,-341.338433,-89.445207
-15.544293,-259.527781,-86.294498
-15.099935,-340.217410,-87.880748
-16.317803,-258.971726,-88.504608
-18.000501,-340.148043,-90.311659
-18.930338,-260.565786,-92.156547
-16.358645,-339.062052,-89.070113
-17.141591,-260.625869,-90.158955
-21.641326,-261.314698,-93.596921
-15.085847,-337.748612,-87.528539
-24.878234,-261.490524,-93.994710
-31.470121,-331.340554,-87.777682
-28.023303,-262.240020,-93.187744
-23.800519,-339.660540,-92.303512
-30.728948,-262.167793,-91.608813
-21.295583,-339.514089,-91.722367
-33.411490,-261.233269,-88.920688
-32.437163,-262.197488,-90.129905
-19.429098,-339.262491,-90.975320
-24.996853,-337.625277,-92.156808
-34.149622,-262.224036,-86.413152
-27.633706,-336.848554,-91.742197
-33.874621,-263.158465,-83.602180
-22.518300,-337.830251,-91.868156
-32.606855,-263.929674,-81.070681
-20.255713,-337.725513,-91.168522
-17.970131,-337.805573,-90.114265
-30.942475,-264.556486,-78.771479
-28.915079,-265.003981,-76.668323
-16.233384,-337.100309,-88.812395
-13.902979,-333.128153,-84.119447
-26.398185,-265.228759,-75.044921
-13.731054,-330.912971,-82.796777
-33.491484,-263.273263,-88.278488
-13.649832,-328.917157,-81.240807
-32.249693,-263.970837,-90.057310
-13.662297,-327.046817,-79.641043
-34.051557,-264.409766,-85.589186
-15.385184,-335.464460,-87.707953
-33.484582,-265.354158,-82.775098
-14.690130,-333.349386,-86.377514
-32.027835,-266.092541,-80.237016
-16.982890,-335.510555,-89.355777
-30.217050,-266.678361,-77.893281
-19.115418,-335.770650,-90.614230
-27.911915,-267.098199,-75.774694
-21.426455,-336.038580,-91.443812
-23.531348,-265.245472,-74.115649
-23.448593,-336.314908,-91.866369
-25.354965,-335.500276,-91.905139
-20.541548,-265.272302,-74.220219
-27.829080,-334.390317,-91.379770
-30.222158,-264.392952,-91.638651
-33.511617,-265.489356,-87.744846
-16.014154,-333.430970,-88.418535
-32.185184,-266.365061,-89.769211
-14.252165,-331.102468,-85.091727
-15.267241,-331.352628,-87.297206
-33.907856,-266.697482,-84.775357
-27.542827,-331.869274,-91.227386
-33.027306,-267.590153,-81.871307
-29.788796,-330.461504,-89.761939
-22.972467,-334.591491,-91.743071
-31.384487,-268.283858,-79.358295
-25.071047,-333.290281,-91.790151
-29.421823,-268.861990,-76.956526
-33.560727,-267.954052,-87.010555
-20.452055,-334.053064,-91.127599
-33.692764,-269.038101,-83.780816
-18.022493,-333.652631,-90.029578
-32.474871,-269.838366,-80.953534
-22.158190,-332.505038,-91.644405
-30.727012,-270.488660,-78.458413
-19.360322,-331.890958,-90.776459
-27.975683,-264.891135,-92.913555
-26.066452,-263.410743,-93.669093
-16.914660,-331.513688,-89.309782
-23.812980,-263.424398,-93.864220
-25.681902,-265.323417,-93.566560
-13.957562,-328.720177,-83.782185
-30.011172,-266.933263,-91.448119
-14.720515,-329.333732,-86.181067
-15.914649,-329.500041,-88.226312
-27.607124,-267.296975,-92.757696
-13.701412,-326.843168,-81.940079
-32.176274,-269.347273,-89.394037
-18.104308,-329.374529,-90.270429
-29.475550,-269.460837,-91.505859
-24.328731,-330.978600,-91.876639
-33.624271,-270.519988,-86.013190
-21.013123,-330.413603,-91.885356
-33.368904,-271.388058,-82.764631
-31.867361,-272.099405,-80.031497
-14.480714,-327.412802,-85.509754
-15.228741,-328.006319,-87.137784
-32.901247,-272.218869,-87.805538
-13.983171,-326.691132,-83.836021
-30.959270,-271.795449,-90.200816
-16.436254,-327.554059,-88.655604
-33.604401,-272.972046,-84.750106
-18.324451,-326.956786,-90.141080
-32.865003,-273.703124,-81.715960
-20.408612,-328.128647,-91.183096
-15.197039,-326.308701,-87.050353
-25.176022,-267.209793,-74.155339
-14.344834,-325.533416,-85.114175
-22.012398,-267.172126,-73.658962
-16.646712,-325.192199,-88.835342
-26.779759,-269.464895,-74.749300
-13.834144,-325.050869,-83.032755
-28.759750,-271.027225,-76.174553
-13.644197,-324.730916,-80.429591
-30.054761,-272.655736,-77.542420
-13.755713,-325.440289,-77.841124
-31.172034,-274.368767,-79.069518
-14.049084,-323.769420,-75.956341
-23.574280,-269.185840,-73.426782
-15.059652,-324.278441,-86.742526
-16.706006,-263.499180,-77.146898
-14.209108,-323.590533,-84.655094
-15.437791,-262.823156,-80.130013
-13.738803,-323.014753,-82.430827
-15.046124,-262.234218,-83.003458
-13.722585,-323.324316,-78.186708
-13.618112,-322.256722,-80.175865
-15.292892,-261.620322,-85.631170
-14.283665,-321.707884,-74.693763
-16.002113,-261.074192,-87.963526
-13.919445,-322.156412,-76.625741
-14.874294,-320.595151,-72.350417
-15.937266,-318.907696,-70.095023
-17.953884,-265.344741,-75.461521
-17.480913,-317.210851,-67.795074
-19.196714,-267.183034,-74.418663
-19.805551,-315.747228,-65.755335
-20.499381,-269.088559,-73.633041
-23.190842,-314.856265,-65.272151
-15.510184,-265.054965,-79.158577
-16.419477,-265.618472,-77.104879
-26.383228,-314.798624,-67.048889
-14.913890,-264.769678,-82.188534
-29.435185,-316.313093,-71.696902
-15.056752,-263.801225,-85.041196
-28.261706,-314.779928,-69.729200
-30.337151,-317.345246,-74.159513
-15.661414,-263.211806,-87.450891
-31.583438,-319.905335,-78.210459
-16.669408,-262.764122,-89.590416
-31.099712,-317.735594,-76.860554
-18.084860,-262.467116,-91.500109
-32.126056,-321.987952,-80.057266
-19.775177,-262.406545,-92.768007
-32.435941,-324.073071,-82.020280
-21.418523,-263.742861,-93.442028
-32.465833,-326.099231,-83.886480
-23.292562,-265.572252,-93.694154
-32.136486,-327.902583,-85.809270
-25.112599,-267.533455,-93.464787
-31.359619,-329.271625,-87.824946
-19.422091,-264.180765,-92.541626
-26.849993,-329.113765,-91.216593
-21.093669,-265.811097,-93.271555
-29.520658,-328.209487,-89.736786
-22.707665,-267.589377,-93.501403
-17.681732,-264.543386,-91.184972
-29.457370,-326.545412,-89.628468
-30.955359,-327.186653,-88.222990
-16.293288,-264.958801,-89.266508
-31.849401,-325.800689,-86.703554
-23.282237,-328.691267,-91.672180
-15.340951,-265.337391,-87.061169
-26.878345,-269.618894,-92.736111
-32.406400,-324.011156,-85.123634
-28.468867,-271.759028,-91.819212
-32.590939,-321.680797,-83.425060
-31.872205,-274.131711,-88.969291
-29.777682,-273.921272,-90.832038
-32.301069,-319.746100,-81.095715
-33.227980,-274.633718,-86.495298
-31.882070,-317.756438,-79.610461
-33.437429,-275.314334,-83.634025
-30.724395,-315.688891,-75.877838
-32.282256,-276.019146,-80.766272
-30.058604,-315.541708,-73.741173
-13.720940,-321.286546,-78.113962
-19.220083,-266.200325,-92.383517
-13.990354,-320.438068,-76.142615
-20.784533,-267.477716,-93.077293
-17.507187,-266.733700,-91.033566
-14.447296,-319.537333,-74.126230
-19.310322,-268.252928,-92.404671
-15.110488,-318.181123,-72.206605
-24.942791,-326.916661,-91.404835
-15.963821,-267.359693,-88.878232
-27.621809,-326.815765,-90.687669
-22.208264,-326.736450,-91.350632
-14.842314,-265.934240,-84.821154
-20.142430,-326.403182,-90.914547
-18.900262,-325.059061,-90.420571
-15.113772,-267.026130,-86.624855
-24.183424,-269.594533,-93.391170
-15.999215,-322.897466,-88.212981
-17.747074,-323.221900,-89.898809
-14.837773,-322.261600,-86.346425
-21.581632,-269.206674,-93.222868
-14.108513,-321.546041,-84.311290
-13.684281,-320.837239,-82.084194
-17.546000,-269.005064,-91.097537
-13.603164,-320.076505,-79.853590
-16.150498,-316.030860,-70.128603
-19.758091,-270.447358,-92.574997
-18.063115,-314.541244,-67.492334
-22.581964,-271.393100,-93.270150
-20.951321,-312.937419,-65.813957
-25.683347,-271.741886,-92.945361
-24.655676,-312.746952,-66.284458
-27.134181,-273.876487,-92.265325
-14.591655,-317.751575,-73.912702
-32.441823,-276.288985,-87.829827
-14.130604,-318.431316,-75.628823
-30.810744,-275.998612,-89.769551
-33.330175,-276.890590,-85.401026
-13.766481,-319.235834,-77.695442
-33.109080,-277.548692,-82.578217
-14.965384,-316.098333,-72.761781
-24.786780,-271.228761,-73.554451
-26.918522,-271.585001,-74.627391
-16.856812,-313.304300,-69.283433
-21.853803,-271.050810,-73.152387
-15.572650,-313.900822,-71.582371
-18.539141,-312.142435,-67.392527
-28.095036,-273.017380,-75.402016
-23.184100,-310.739873,-66.203993
-25.895738,-273.075003,-73.810014
-20.518443,-310.607461,-66.450269
-23.217147,-272.986920,-72.959247
-13.637098,-318.662786,-81.657774
-14.015732,-319.359161,-84.029711
-29.282871,-274.790383,-76.554336
-13.614523,-317.922012,-79.356548
-30.420753,-276.862114,-78.034556
-13.861884,-317.136069,-77.111138
-31.805486,-278.232747,-80.105240
-14.319377,-316.431896,-74.949341
-27.176455,-274.896259,-74.406356
-24.601576,-274.882682,-73.038327
-13.594263,-316.462939,-81.032805
-13.866858,-317.080010,-83.470933
-28.357671,-276.814956,-75.345205
-13.670884,-315.740729,-78.713776
-26.017868,-276.774393,-73.412608
-14.023454,-314.920119,-76.397188
-29.206735,-278.779508,-76.307550
-14.655225,-314.281434,-74.007375
-30.555129,-278.951647,-78.274306
-27.264962,-278.717292,-74.118453
-27.067275,-312.920242,-68.397303
-28.490325,-313.094320,-70.526040
-14.653455,-267.077699,-82.866337
-15.031189,-266.792584,-80.525295
-29.406395,-314.315329,-72.156052
-14.693768,-267.913428,-85.040426
-30.253481,-313.923562,-74.596846
-15.189239,-268.764668,-87.134187
-29.359459,-312.063332,-72.680892
-16.126148,-269.826170,-89.280433
-25.905659,-310.889848,-67.545867
-15.699638,-267.039692,-78.170930
-27.776567,-311.311500,-69.916447
-17.009971,-267.193151,-76.035838
-14.718392,-268.339154,-81.438993
-15.111334,-268.667725,-79.452528
-28.433237,-325.099982,-90.153039
-14.522213,-269.037085,-83.236042
-30.376112,-325.399482,-88.792771
-31.304238,-323.972018,-87.695750
-14.658329,-269.835947,-85.350519
-26.087956,-325.044515,-91.074790
-17.859691,-269.035350,-74.926386
-23.534564,-325.099946,-91.359283
-16.050956,-268.918985,-77.056749
-21.142337,-325.034977,-91.100465
-18.939074,-270.944344,-73.934293
-29.550684,-323.646686,-89.326251
-20.204331,-272.876230,-73.126603
-27.294282,-322.964850,-90.580378
-21.657033,-274.844895,-72.600543
-24.637927,-323.243381,-91.321862
-23.184997,-276.762443,-72.425703
-22.252896,-323.345487,-91.296041
-24.699472,-278.676920,-72.583787
-19.951266,-323.335215,-90.866874
-14.630134,-270.271715,-81.152183
-31.972181,-322.234423,-86.605190
-14.402711,-270.945813,-83.517354
-30.637449,-322.509774,-88.416377
-29.225382,-321.713738,-89.466976
-16.617367,-270.836004,-75.844427
-25.409233,-321.229900,-91.152593
-17.431947,-272.792152,-74.592889
-27.488775,-320.538062,-90.369624
-23.208218,-321.588636,-91.397265
-18.551122,-274.825172,-73.450369
-21.032442,-321.613167,-91.194550
-20.041129,-276.804741,-72.520817
-18.819767,-321.418360,-90.556971
-21.694324,-278.696725,-72.055725
-16.813136,-321.252827,-89.223545
-15.280156,-270.624463,-78.403331
-15.583632,-321.207705,-87.682372
-14.765023,-320.245491,-86.175263
-15.905146,-319.496002,-88.130960
-15.591517,-272.624874,-77.146462
-14.748271,-317.720142,-86.249811
-14.740783,-272.285063,-79.832849
-14.419518,-272.027481,-81.959141
-17.801035,-319.395584,-89.876236
-15.206519,-270.766684,-87.393978
-20.116142,-319.724869,-90.923607
-14.599850,-271.784697,-85.537050
-14.305284,-272.855787,-83.593471
-22.009950,-320.238107,-91.287522
-23.760291,-319.767815,-91.330970
-17.652564,-271.291350,-91.177718
-16.101926,-271.890848,-89.309855
-21.902743,-318.523100,-91.275559
-20.180599,-273.095180,-92.649458
-19.301270,-317.278336,-90.682669
-16.094098,-274.670880,-75.771535
-16.554695,-317.360978,-88.835116
-14.850962,-274.298553,-78.684114
-32.382161,-320.175882,-85.812470
-14.382425,-273.720983,-81.355696
-32.645506,-319.478399,-83.503848
-30.927488,-320.842809,-88.084237
-16.926175,-277.049461,-74.249443
-32.499949,-317.771424,-82.303219
-18.706984,-278.837729,-72.686217
-32.632059,-318.056932,-85.105848
-15.065877,-276.483841,-77.405432
-31.298630,-318.703520,-87.617200
-14.385239,-275.835999,-80.449264
-29.388692,-319.602498,-89.266435
-14.196129,-274.916842,-83.183872
-14.521720,-273.803891,-85.526636
-25.758804,-319.216724,-90.941892
-24.079575,-317.891091,-91.257274
-15.160566,-272.703016,-87.460339
-27.597567,-318.385556,-90.198646
-15.298973,-278.695676,-76.267425
-16.640216,-279.218584,-74.117945
-25.931388,-317.511847,-90.816042
-14.454226,-278.156245,-79.315141
-29.539760,-317.362281,-89.059520
-14.097669,-277.272557,-82.464434
-27.257629,-316.027907,-90.240191
-14.384215,-276.062942,-85.335348
-24.697493,-316.020173,-91.113643
-15.157623,-274.729191,-87.580652
-22.175541,-316.426064,-91.354958
-15.935970,-273.558347,-89.069101
-17.312881,-273.406922,-90.845690
-32.238519,-315.820882,-81.056688
-31.509381,-315.754902,-78.406855
-32.610506,-315.928113,-83.859357
-23.953042,-273.698614,-93.126299
-31.604706,-316.208060,-87.071579
-28.492377,-275.988042,-91.408976
-29.569883,-315.106501,-88.929710
-31.604300,-277.727973,-88.829839
-29.828106,-277.986693,-90.394513
-25.401605,-314.018273,-90.871843
-32.784641,-278.440383,-87.016757
-27.693440,-313.616077,-89.891976
-31.074710,-313.859818,-77.201933
-33.312831,-279.099594,-84.335254
-31.903844,-313.897223,-79.827960
-32.703822,-279.702348,-81.691762
-32.452817,-314.002364,-82.562958
-31.356571,-280.257245,-79.477963
-32.226856,-314.182538,-85.423375
-29.929957,-280.606875,-77.335543
-31.089599,-314.215605,-87.529917
-28.313275,-280.663923,-75.040179
-30.546352,-312.008365,-75.754924
-26.098365,-280.608580,-73.067622
-29.801644,-312.989649,-88.674556
-23.263318,-280.595363,-71.937789
-31.472073,-312.004048,-78.521609
-20.210508,-280.635367,-71.916437
-32.276215,-312.066823,-81.278432
-17.542666,-280.755332,-73.063539
-32.419472,-312.234966,-84.155781
-15.703460,-280.732678,-75.128366
-31.572343,-312.502859,-86.879150
-14.654683,-280.468297,-77.905465
-22.872624,-314.277196,-91.400493
-14.035645,-280.095999,-81.429632
-20.113953,-314.645776,-91.020145
-14.196653,-278.587262,-84.851592
-17.415266,-315.031049,-89.627814
-15.265989,-277.282222,-87.954205
-16.401398,-275.255954,-89.806913
-15.394517,-315.297189,-87.459288
-14.273442,-315.229527,-85.010406
-18.710993,-275.402682,-91.869366
-13.707964,-314.837072,-82.598002
-22.026679,-275.652584,-92.959572
-13.595296,-314.268467,-80.279546
-13.775932,-313.517116,-78.019028
-17.290286,-277.382004,-90.785168
-14.280411,-312.287568,-75.552660
-16.224299,-279.388859,-89.576063
-14.820617,-279.893528,-87.126956
-15.181280,-311.962397,-72.806857
-20.214768,-277.627571,-92.473993
-16.260162,-311.706686,-70.530169
-25.533382,-275.918211,-92.666453
-17.389884,-311.440318,-68.795921
-23.608429,-312.141453,-91.258321
-23.712920,-277.894278,-92.865926
-25.952895,-311.839742,-90.629664
-28.167202,-311.414470,-89.626522
-21.009604,-312.373024,-91.252563
-27.050778,-278.027955,-91.944582
-18.220427,-312.442360,-90.206631
-31.510902,-279.974838,-88.843821
-16.048702,-313.089624,-88.365249
-18.603844,-310.223846,-67.656408
-20.031187,-309.068304,-66.906805
-33.061814,-280.698371,-86.039327
-24.650441,-308.895583,-67.091530
-33.154600,-281.275662,-83.341666
-22.085238,-308.894998,-66.461812
-26.795794,-309.222393,-69.132987
-32.205432,-281.805109,-80.852999
-28.458367,-309.717398,-71.659793
-30.753417,-282.263472,-78.603403
-29.828270,-310.088011,-74.376354
-29.205679,-282.613650,-76.189366
-30.921532,-310.181530,-77.131173
-27.322492,-282.681278,-73.796432
-31.909105,-310.119690,-79.927472
-24.745648,-282.576705,-72.121882
-32.521013,-310.201248,-82.874478
-21.707862,-282.562629,-71.488103
-32.052094,-310.450586,-85.865992
-18.703505,-282.604326,-72.102359
-30.337646,-310.855102,-88.178302
-16.352305,-282.619888,-73.869502
-17.207324,-309.873206,-69.270069
-14.975589,-282.578479,-76.367977
-18.647923,-308.422137,-67.927814
-18.521345,-279.526467,-91.704561
-20.651832,-307.449078,-66.943158
-21.812638,-279.814019,-92.730461
-23.243662,-307.043341,-66.901951
-25.371483,-280.064682,-92.397306
-25.747855,-307.135136,-68.455467
-28.608808,-280.138791,-90.972355
-27.611587,-307.565434,-70.756753
-14.247440,-282.478637,-79.201557
-13.872611,-282.731667,-82.049011
-15.979278,-309.761712,-71.324406
-14.060177,-281.150314,-84.535679
-14.910123,-309.809981,-73.738517
-29.073840,-308.051723,-73.323081
-17.220693,-281.312014,-90.639655
-15.657368,-281.084047,-88.748074
-30.299790,-308.402741,-75.837980
-14.767666,-282.130486,-87.032982
-14.137079,-309.841429,-76.191615
-13.866539,-311.579287,-77.562417
-16.061313,-282.863849,-89.339693
-13.657435,-312.101417,-79.477301
-19.869859,-281.640630,-92.413677
-13.631182,-312.617738,-81.680963
-23.459680,-282.016079,-92.645818
-13.956001,-313.035792,-83.946559
-18.235947,-283.420063,-91.450879
-14.727770,-313.228679,-86.211233
-21.466894,-283.897459,-92.734905
-13.740822,-309.994381,-78.468607
-26.977592,-282.275670,-91.619825
-13.628786,-310.403415,-80.698028
-25.068274,-284.282672,-92.178182
-13.757045,-310.827868,-82.951622
-14.061576,-283.736319,-84.853410
-14.323107,-311.169918,-85.139270
-15.062880,-284.284210,-87.703186
-15.217486,-311.311169,-87.169033
-17.138207,-307.855774,-69.622567
-16.767934,-285.032998,-90.166675
-18.944085,-306.378856,-68.021019
-19.457014,-285.679243,-92.115201
-21.483301,-305.358009,-67.078193
-23.011659,-286.129882,-92.483320
-24.412647,-305.077525,-67.987259
-30.100179,-282.357075,-89.821994
-26.722093,-305.370171,-69.967326
-32.334969,-282.527459,-87.468284
-33.150608,-282.958308,-84.855435
-28.399212,-305.850751,-72.462175
-32.820124,-283.407881,-82.277237
-29.738139,-306.454744,-75.004547
-31.623712,-283.916603,-79.940622
-31.331870,-308.362340,-78.410378
-30.727242,-307.004170,-77.051225
-30.127638,-284.457514,-77.597399
-32.361439,-307.884122,-81.546375
-32.837011,-284.737490,-86.057418
-31.429666,-284.576851,-88.521897
-32.409375,-308.369309,-84.756051
-33.038340,-285.104814,-83.611611
-31.027236,-308.413898,-87.597047
-32.358434,-285.579709,-81.254817
-28.718194,-309.163834,-89.333589
-31.076235,-286.147725,-79.033702
-26.476448,-309.662830,-90.413815
-28.388544,-285.140669,-74.840051
-24.207644,-309.939846,-91.160098
-29.695019,-286.829656,-76.771140
-21.817549,-310.170333,-91.392638
-26.046180,-284.746472,-72.535389
-19.484940,-310.366210,-90.884844
-23.175563,-284.651824,-71.349080
-16.512893,-311.014439,-88.867970
-17.778185,-310.303891,-89.968858
-19.988502,-284.644035,-71.358932
-28.577165,-284.751927,-90.587028
-15.804158,-307.530565,-71.920562
-14.649100,-307.548588,-74.548073
-26.276898,-286.468925,-91.556213
-13.807449,-307.833710,-77.153891
-30.567146,-286.599910,-89.113788
-28.595607,-286.917974,-90.390380
-13.619865,-308.197405,-79.638430
-32.288120,-286.632356,-87.058315
-17.210854,-284.622723,-72.749061
-13.665209,-308.628434,-81.986434
-15.393893,-284.608374,-75.046331
-14.034675,-309.054246,-84.231945
-14.476187,-284.561168,-77.682864
-14.775384,-309.426021,-86.283843
-15.640324,-309.749523,-87.856416
-13.971933,-284.543858,-80.303641
-16.639107,-309.004703,-89.041178
-13.795297,-284.659429,-82.546527
-17.179224,-305.559470,-69.853332
-26.852549,-287.081601,-72.907712
-28.426063,-287.901402,-74.687302
-19.399240,-304.025286,-68.126849
-24.531776,-286.832129,-71.471611
-22.654495,-302.789000,-67.937822
-21.367300,-287.126879,-70.802748
-25.670444,-303.137150,-69.346278
-18.131298,-286.862640,-71.794980
-27.652230,-303.570820,-71.575096
-15.861223,-286.794819,-73.943677
-29.300300,-303.886067,-74.509722
-14.671515,-286.661207,-76.558012
-30.579712,-305.151669,-77.090262
-14.064538,-286.625005,-79.221286
-31.582303,-306.337131,-79.187162
-13.773887,-286.484171,-81.828754
-13.912580,-286.020060,-84.257483
-14.495435,-307.351206,-85.577132
-15.427537,-307.945570,-87.566498
-14.446587,-285.605558,-86.305647
-13.829119,-306.879621,-83.349219
-15.534717,-286.513120,-88.533703
-13.607247,-306.429211,-80.982899
-17.736366,-287.396376,-90.965672
-13.621654,-305.973327,-78.474786
-21.003016,-287.985964,-92.474966
-14.231507,-305.487576,-75.756828
-24.417942,-288.291700,-92.059385
-15.596577,-304.866578,-72.595604
-14.513990,-287.592467,-86.487136
-16.080458,-289.248752,-89.257500
-19.043117,-289.840692,-91.723712
-18.137354,-308.439888,-90.272032
-22.563365,-290.251705,-92.255468
-20.095106,-308.151760,-91.200616
-16.629233,-306.492515,-89.085627
-27.341772,-288.453163,-90.928699
-22.379551,-307.643440,-91.458816
-29.695564,-288.468140,-89.579546
-25.812738,-290.367577,-91.416111
-24.851235,-307.800197,-91.017407
-28.529698,-290.300991,-90.160385
-26.997078,-307.523128,-90.218946
-13.847384,-288.262634,-84.049303
-29.061573,-306.916195,-89.167118
-13.767567,-288.959444,-81.238809
-18.495203,-306.112648,-90.575001
-20.389471,-305.745940,-91.393135
-14.173582,-288.736847,-78.298581
-30.820922,-305.996891,-87.909001
-14.833520,-288.945259,-75.735699
-31.994849,-306.850264,-86.257202
-32.553912,-306.280703,-84.210805
-16.328887,-289.517301,-72.986679
-32.429142,-305.283477,-81.791525
-14.563953,-289.926800,-86.542891
-32.033285,-305.031416,-86.322819
-17.632492,-291.762114,-90.708095
-15.669745,-291.656589,-88.575228
-32.589400,-304.076630,-84.324093
-20.629160,-292.214508,-92.180015
-31.672714,-304.077492,-79.548111
-24.143278,-292.713986,-91.801371
-32.509753,-302.960225,-82.126184
-13.852070,-290.644704,-84.114214
-30.602486,-302.797854,-77.369038
-14.568523,-292.120841,-86.434261
-15.379622,-293.292331,-88.057037
-29.578665,-301.333108,-75.404637
-18.979605,-289.211515,-70.953429
-17.623366,-291.628170,-71.401793
-28.352195,-301.670978,-73.060874
-31.784515,-301.669234,-79.924633
-18.803651,-293.996524,-91.381069
-16.643337,-293.555851,-89.728237
-30.721322,-300.278643,-77.796309
-21.687600,-294.540623,-92.037440
-14.207699,-305.139815,-84.785899
-13.658538,-291.602194,-81.873866
-15.127571,-305.691003,-87.002641
-13.892494,-290.516911,-79.744440
-15.937241,-303.855504,-88.369856
-14.244502,-290.871582,-77.712638
-13.682813,-304.706490,-82.427497
-13.844601,-292.544840,-79.799346
-13.519676,-304.246986,-79.939306
-14.872052,-291.453105,-75.338443
-13.903463,-303.718477,-77.330022
-14.229992,-293.223383,-77.536180
-14.779130,-303.022399,-74.609624
-15.897314,-292.543542,-73.284865
-17.392155,-303.005968,-69.927206
-14.838359,-294.019718,-75.318927
-16.039835,-301.927394,-72.045834
-13.914763,-292.959837,-84.357166
-19.767056,-301.515343,-68.441473
-14.651547,-294.149605,-86.569092
-24.738626,-300.811625,-69.167265
-22.293840,-300.122053,-68.451605
-15.726577,-295.004600,-88.528863
-26.833661,-301.316708,-70.851763
-17.371876,-295.636300,-90.294411
-14.767215,-303.215775,-86.215251
-19.610958,-296.296348,-91.648942
-13.934867,-302.818165,-83.827750
-13.613909,-293.977181,-82.219186
-13.566581,-302.571227,-81.372129
-14.053905,-295.223593,-84.677079
-13.700054,-302.095622,-78.876622
-14.849613,-296.286084,-86.936794
-14.236628,-301.425621,-76.330344
-16.148101,-297.161624,-88.953609
-15.199679,-300.534951,-73.898450
-17.896895,-297.931160,-90.597336
-17.692168,-300.164523,-70.046592
-13.767495,-295.143601,-79.877186
-16.255755,-299.726293,-71.958766
-14.227100,-295.568607,-77.349130
-29.589248,-299.114650,-75.797818
-28.734698,-299.997881,-74.078432
-13.663478,-296.368040,-82.627161
-27.723066,-299.614122,-72.325132
-14.191280,-297.596188,-85.017941
-28.502244,-298.131130,-73.879737
-15.159045,-298.700008,-87.300578
-26.199236,-299.117770,-70.512713
-16.559795,-299.562700,-89.286568
-27.263717,-297.386938,-72.015635
-27.285254,-292.288730,-90.637758
-24.133852,-298.494828,-69.273679
-26.298817,-294.445938,-90.909076
-19.994948,-299.148464,-68.822150
-24.085374,-295.034239,-91.658377
-25.556627,-296.761924,-70.409206
-22.552314,-297.068239,-91.810483
-21.916826,-297.875524,-68.841367
-25.397688,-296.604622,-91.203779
-23.491044,-296.264122,-69.441711
-13.633256,-297.495269,-80.856121
-13.863051,-296.909124,-78.940912
-20.186675,-297.285047,-69.106548
-13.775302,-298.649073,-82.973074
-18.558984,-297.715926,-69.754206
-21.396062,-295.824473,-69.166386
-14.320211,-300.437948,-85.184407
-15.501092,-301.296052,-87.753937
-16.994537,-297.924390,-71.166950
-19.401338,-295.668132,-69.646911
-31.615485,-288.501669,-87.878124
-15.658208,-297.875871,-73.251387
-30.719993,-290.320759,-88.654477
-14.582609,-299.116932,-75.617375
-17.720388,-295.846264,-70.680495
-29.660817,-292.113199,-89.304548
-16.543122,-296.155469,-71.986420
-32.984857,-286.823133,-84.766393
-13.934971,-299.931963,-77.949453
-32.748939,-288.646093,-85.635502
-32.798729,-287.222369,-82.516848
-14.789274,-296.547881,-75.314546
-31.874156,-287.858138,-80.352207
-14.142654,-297.761253,-77.376995
-30.604572,-288.488641,-78.200370
-13.598740,-300.560543,-80.268219
-13.744620,-298.653769,-79.421356
-28.647143,-294.037740,-89.786519
-13.708974,-300.742104,-82.541679
-27.820970,-296.270342,-90.097348
-13.611842,-299.115460,-81.246178
-32.277190,-290.497641,-86.601782
-32.930596,-288.588601,-83.670972
-32.532878,-289.458035,-81.782607
-15.719746,-295.146999,-73.439301
-16.901598,-294.093436,-71.777909
-18.599833,-293.666051,-70.410732
-20.734572,-293.690849,-69.651787
-19.850673,-291.453106,-70.210428
-21.216748,-289.578391,-70.350308
-22.867010,-294.109044,-69.618149
-22.473318,-291.596970,-69.884572
-23.344895,-289.090134,-70.750333
-25.571735,-288.963071,-71.726062
-24.603873,-290.973755,-70.890666
-24.123304,-292.765529,-70.222827
-24.792358,-294.549543,-70.302893
-16.985993,-302.108009,-89.599478
-17.300329,-304.375836,-89.797482
-18.352843,-300.439924,-90.769959
-20.045416,-298.751604,-91.665508
-18.871648,-303.356592,-90.905078
-20.393823,-301.266874,-91.611484
-21.001477,-303.609451,-91.612420
-21.953845,-305.396680,-91.577977
-23.593326,-305.846180,-91.354723
-22.749143,-303.946693,-91.562993
-22.270078,-302.012381,-91.609267
-22.269016,-299.768452,-91.691661
-24.517678,-298.845268,-91.352059
-23.955141,-301.043150,-91.391786
-23.644039,-302.701463,-91.407383
-24.409090,-304.161336,-91.195130
-25.520526,-305.841150,-90.817096
-27.406655,-305.462734,-90.055768
-26.085231,-304.015879,-90.646374
-25.096280,-302.484719,-91.026871
-29.180233,-304.785567,-89.131146
-27.693628,-303.539230,-89.945031
-26.541207,-302.465311,-90.519911
-26.083703,-300.638300,-90.778599
-26.710984,-298.321446,-90.646702
-30.792277,-303.910095,-88.014450
-29.245538,-302.769128,-89.118742
-27.785130,-301.667007,-89.948909
-27.912046,-299.728431,-89.944725
-28.244561,-298.087713,-89.810493
-32.012502,-302.939038,-86.478288
-32.600870,-301.863183,-84.597245
-32.585147,-300.566213,-82.512723
-30.739659,-301.876226,-88.107125
-29.288779,-300.824213,-89.138018
-29.375179,-299.113403,-89.125468
-30.687776,-299.921016,-88.186030
-31.926041,-300.847796,-86.683010
-32.594244,-299.645434,-84.974148
-31.807701,-298.875717,-86.946082
-30.641275,-298.120911,-88.269092
-29.431034,-297.250918,-89.139894
-29.787972,-295.547700,-88.986340
-30.605266,-296.677778,-88.353191
-31.616067,-297.098454,-87.287632
-32.477897,-297.651737,-85.610256
-32.677163,-297.949867,-83.018786
-25.621425,-292.771735,-71.165592
-26.331933,-291.006537,-71.978998
-27.313280,-289.381634,-73.100969
-29.443232,-289.153718,-76.214044
-26.734821,-294.809053,-71.758647
-26.921722,-292.729090,-72.230680
-27.703385,-291.516867,-73.225447
-28.500983,-290.182243,-74.580259
-28.211471,-295.869436,-73.577891
-27.979232,-293.633718,-73.365401
-28.694551,-292.261089,-74.699757
-29.282355,-291.015309,-75.809248
-30.153841,-290.742839,-77.331601
-31.397892,-290.531884,-79.489160
-31.897950,-299.114570,-80.267343
-29.339780,-296.652885,-75.557212
-28.998385,-294.382487,-75.072988
-29.634280,-292.687132,-76.306198
-30.705743,-297.372901,-77.980165
-30.078557,-294.812763,-76.981480
-32.013188,-296.524037,-80.578084
-31.187346,-294.764951,-78.996448
-30.642973,-292.724149,-78.086609
-31.542685,-292.793244,-79.684843
-32.341021,-291.835703,-81.358234
-32.168470,-294.153135,-80.954233
-32.674624,-295.527959,-82.769659
-32.725026,-296.349517,-84.496320
-32.282587,-295.878193,-86.199130
-31.277003,-295.494313,-87.788944
-30.596378,-293.874502,-88.496160
-31.524102,-292.233394,-87.686803
-32.021534,-294.108477,-86.803248
-32.634044,-292.591398,-85.468925
-32.720081,-294.639918,-84.802367
-32.754680,-293.284516,-83.107519
-32.878810,-290.731697,-83.855305
-16.290598,-366.286544,-70.289118
-25.816765,-374.585122,-45.579569
-27.559326,-374.870631,-44.808018
-29.376248,-374.922393,-44.151514
-31.064507,-375.603220,-44.181996
-39.905716,-138.227449,-91.308413
-41.055964,-137.696738,-92.686590
-42.186146,-137.166108,-94.151798
-41.808299,-138.445485,-91.123948
-43.665343,-138.806520,-91.045727
-45.454797,-139.379928,-91.261024
-56.523665,-142.307070,-92.947038
-55.366490,-142.441712,-91.874226
-53.717036,-142.288666,-91.658446
-51.898737,-142.263485,-91.276342
-49.932835,-142.179282,-90.976359
-56.353157,-141.386824,-94.734654
-56.309348,-141.146359,-96.881233
-55.830899,-141.602917,-99.005692
-47.286268,-140.178898,-91.601205
-48.917048,-140.957448,-91.646916
-48.190637,-140.586943,-102.576060
-46.852290,-139.483043,-101.810566
-45.710231,-138.671712,-100.728717
-45.370058,-137.816229,-99.014691
-44.190107,-137.214471,-97.440210
-43.215186,-136.857464,-95.847145
-50.338798,-140.581396,-102.102236
-52.341970,-140.838834,-101.465643
-54.199380,-141.153117,-100.454123
-42.919711,-137.957063,-92.586594
-44.770578,-138.341942,-92.568291
-46.729254,-138.978107,-92.667171
-43.995088,-137.369905,-94.057433
-45.829081,-137.892992,-94.006033
-45.024403,-137.223630,-95.646955
-46.065898,-137.366314,-97.215250
-46.902958,-137.596848,-95.462927
-47.732601,-138.463360,-94.002404
-48.910190,-139.749127,-92.863811
-48.880885,-139.292661,-101.271986
-47.241827,-138.372148,-100.249454
-47.310058,-137.548531,-98.672171
-47.962966,-137.142618,-96.890923
-48.902640,-137.968044,-95.428234
-49.577718,-138.866920,-94.141956
-54.633796,-141.096082,-93.570600
-52.686485,-141.001877,-92.986812
-50.700644,-140.995193,-92.331263
-51.195638,-139.791800,-93.646375
-54.921580,-140.242126,-95.746426
-53.149423,-139.585785,-94.762917
-54.862321,-140.312781,-98.222853
-53.180753,-139.751113,-99.632324
-50.997975,-139.331805,-100.449236
-49.144347,-138.296141,-99.772709
-49.022548,-137.423780,-98.259630
-50.662247,-138.263033,-98.559792
-52.216324,-138.862633,-98.594625
-53.737002,-139.224772,-97.185781
-50.071406,-137.836591,-96.800416
-51.045344,-138.698350,-95.201139
-52.042690,-138.537733,-96.652163
-47.143476,-384.361972,-55.024812
-48.390520,-383.344810,-56.058525
-49.239219,-382.116250,-57.329192
-50.253555,-380.663373,-56.870566
-51.251428,-378.813480,-56.603368
-51.949954,-376.636735,-56.172648
-52.125563,-374.707861,-55.878384
-51.936394,-372.620128,-55.864583
-51.406722,-370.603258,-55.903277
-46.816645,-367.419910,-53.162250
-46.398589,-368.107308,-51.474749
-48.388183,-368.168728,-54.069688
-45.931971,-369.297614,-50.004755
-46.713611,-370.805508,-49.620296
-47.565664,-372.164906,-49.573196
-50.190595,-369.363758,-54.757843
-48.852518,-373.147836,-50.256930
-50.052474,-374.250876,-51.151026
-51.111791,-375.205019,-52.381887
-51.812879,-375.993776,-54.050300
-51.648581,-377.739330,-55.151393
-51.818470,-373.819635,-54.100261
-51.020769,-373.133064,-52.608361
-49.803318,-372.274164,-51.399781
-51.296597,-371.466985,-54.177692
-50.384039,-371.331937,-52.690681
-49.747349,-369.690296,-53.339488
-48.418006,-371.252811,-50.586800
-49.141896,-370.311887,-51.828183
-48.095767,-368.752703,-52.450512
-47.542793,-369.628062,-50.932726