-13.994527,-369.808422,-72.835238,0.153245
-13.942245,-368.548646,-74.337986,0.148219
-14.660174,-368.198891,-72.615976,0.141432
-43.341769,-385.419854,-51.962278,0.145556
-44.542275,-385.648774,-53.615043,0.160208
-43.270850,-386.316765,-54.167993,0.148476
-14.820750,-368.598376,-70.765476,0.142191
-14.134032,-371.068622,-71.370354,0.170457
-15.800269,-364.457103,-71.859553,0.132572
-15.908759,-366.324800,-72.242064,0.110373
-15.459105,-364.545811,-73.272625,0.113963
-14.902712,-366.484802,-74.227065,0.101653
-44.299795,-386.037786,-55.497617,0.161567
-45.726870,-385.316669,-55.093464,0.187884
-42.027245,-386.755128,-54.917731,0.151158
-42.745634,-386.617959,-55.991913,0.151816
-32.646698,-377.507493,-44.916797,0.119631
-34.754259,-377.199127,-44.876892,0.121808
-33.766573,-378.920446,-45.514758,0.121758
-35.789781,-378.783794,-45.624993,0.121526
-14.238726,-370.190552,-69.421798,0.151319
-15.093768,-368.241786,-68.942202,0.136567
-14.376458,-372.354848,-69.904073,0.174327
-14.534022,-369.758074,-67.644244,0.157636
-15.235740,-368.093039,-67.069261,0.134031
-14.779276,-369.658238,-65.892779,0.156405
-15.474206,-367.944132,-65.170083,0.116471
-15.044033,-369.636706,-64.054556,0.143567
-15.847763,-367.957030,-63.312914,0.107720
-15.458049,-369.603882,-62.184016,0.135283
-16.267201,-367.999234,-61.451765,0.102012
-46.401892,-384.700888,-53.629003,0.190294
-45.466580,-384.580110,-52.090151,0.172457
-14.246493,-371.629197,-68.077164,0.158333
-14.759688,-373.585869,-68.426724,0.158452
-44.201756,-384.009049,-50.542547,0.148228
-42.109531,-384.837159,-50.482865,0.125109
-15.176003,-374.848255,-66.993721,0.174455
-14.553526,-372.810246,-66.702744,0.160707
-15.639217,-376.199844,-65.648140,0.172340
-14.850457,-373.967249,-65.311906,0.157174
-15.916384,-377.366415,-64.095920,0.186298
-15.111769,-375.069907,-63.829531,0.169673
-16.048749,-369.577279,-60.355429,0.130752
-16.738618,-367.797742,-59.611882,0.099496
-16.533401,-378.578271,-62.748468,0.164565
-15.569596,-376.020521,-61.919606,0.160257
-42.791586,-383.247477,-49.259445,0.126800
-40.730655,-384.014069,-49.234438,0.117841
-16.734158,-369.492409,-58.541997,0.125279
-17.345527,-367.526482,-57.817785,0.104496
-14.764379,-364.578372,-75.150192,0.129282
-14.015079,-366.722139,-76.319865,0.104418
-41.542730,-386.412349,-52.725326,0.133624
-40.105846,-387.097969,-54.767397,0.156465
-39.332883,-386.714832,-52.753295,0.139152
-38.169631,-387.316032,-54.549421,0.160150
-37.434675,-386.816388,-52.648561,0.144819
-36.229769,-387.375657,-54.283001,0.153467
-35.520875,-386.802282,-52.437492,0.144959
-34.288676,-387.291133,-54.029850,0.153190
-33.545047,-386.624914,-52.291625,0.140090
-32.351398,-387.076424,-53.893072,0.158417
-31.588722,-386.315923,-52.238629,0.138541
-30.430686,-386.738556,-53.906329,0.154132
-29.670539,-385.871310,-52.228044,0.145132
-28.590853,-386.154559,-53.655443,0.155463
-41.331251,-382.290627,-48.309126,0.121166
-39.225028,-382.997912,-48.278548,0.109478
-40.012078,-381.180381,-47.440154,0.118123
-38.036462,-381.690815,-47.346240,0.111903
-38.873528,-379.896009,-46.621861,0.114607
-37.062642,-380.179026,-46.421042,0.116697
-34.931997,-380.368534,-46.269162,0.116442
-36.063381,-381.777590,-47.158719,0.112646
-45.405917,-385.510271,-56.871909,0.185144
-47.024179,-384.569901,-56.290255,0.165304
-46.425333,-384.723705,-58.257132,0.172669
-47.894205,-383.660818,-57.722890,0.183671
-47.193989,-383.493043,-59.577411,0.168942
-48.521652,-382.410553,-59.051407,0.200734
-37.162141,-383.194716,-48.252542,0.106682
-37.798093,-378.526200,-45.818037,0.115423
-36.704356,-377.048988,-45.167075,0.118722
-40.121157,-385.642272,-50.908495,0.115779
-38.379208,-384.756595,-49.606251,0.109699
-17.505841,-379.903315,-61.652981,0.146557
-16.451929,-377.982968,-60.665265,0.140788
-18.503074,-381.007085,-60.404956,0.128181
-17.482000,-379.353325,-59.560080,0.125625
-19.551362,-381.889498,-59.009601,0.127370
-18.502650,-380.429546,-58.336084,0.122865
-20.708517,-382.590181,-57.593573,0.143206
-19.612591,-381.297286,-57.026150,0.127718
-21.942837,-383.252384,-56.297187,0.149197
-20.920733,-382.013923,-55.732903,0.153481
-27.784436,-385.264465,-52.361729,0.145152
-26.731177,-385.629750,-53.971221,0.163757
-25.938341,-384.512576,-52.787144,0.163760
-24.991842,-384.868482,-54.465904,0.158076
-40.993078,-387.060856,-56.259907,0.155969
-39.037056,-387.366017,-56.219140,0.157971
-37.042860,-387.547835,-56.045548,0.170009
-35.078762,-387.544872,-55.830470,0.162040
-33.144036,-387.411399,-55.654071,0.163126
-31.213987,-387.154860,-55.534510,0.162237
-29.319504,-386.793358,-55.404691,0.163508
-27.514805,-386.313640,-55.340429,0.154414
-26.031836,-385.812414,-55.315280,0.152613
-23.485205,-384.145452,-55.448681,0.165463
-24.846333,-385.301956,-56.158183,0.156071
-23.472893,-384.591139,-57.202748,0.161295
-22.125384,-383.855995,-58.348392,0.149364
-20.902327,-383.067632,-59.622933,0.130447
-19.755110,-382.248657,-60.971229,0.133200
-18.698630,-381.223411,-62.290171,0.144205
-17.686425,-380.129213,-63.538069,0.158220
-16.942252,-378.876986,-64.824043,0.166973
-16.429407,-377.657847,-66.157528,0.166265
-15.956456,-376.481864,-67.529848,0.146822
-15.435053,-375.297259,-68.914362,0.169641
-14.882120,-374.126198,-70.335143,0.179076
-14.361428,-372.915094,-71.770386,0.174354
-13.788077,-371.658265,-73.189228,0.152235
-13.299389,-370.230984,-74.707205,0.138205
-13.240386,-368.677062,-76.375747,0.144490
-30.534265,-377.196329,-45.123263,0.115616
-31.628157,-378.971060,-45.632974,0.121535
-28.537002,-376.430755,-45.391759,0.105054
-29.327022,-378.826776,-46.293916,0.114449
-26.588921,-375.484079,-45.612911,0.090544
-27.239406,-377.664822,-46.698638,0.103839
-24.866465,-374.989430,-46.703437,0.089221
-25.503838,-376.717210,-47.317391,0.097015
-22.412864,-382.798246,-54.491933,0.151804
-24.127421,-383.669546,-53.464628,0.157206
-47.991582,-383.486546,-54.307398,0.166897
-47.304937,-383.376419,-52.566612,0.178816
-49.306771,-382.099268,-55.083695,0.183786
-48.753579,-382.152510,-53.267681,0.148572
-50.191978,-380.774293,-55.056451,0.180746
-49.696201,-381.122428,-53.906686,0.179817
-50.999321,-379.392940,-55.025959,0.187637
-50.432606,-379.853391,-53.716080,0.176223
-51.322299,-377.953680,-53.772668,0.169208
-50.694387,-377.208856,-52.154017,0.179691
-50.210796,-378.959380,-52.240843,0.154771
-49.731614,-376.248983,-50.801949,0.156803
-49.429216,-378.019371,-50.834766,0.159312
-48.677169,-374.955003,-49.845094,0.150770
-48.369508,-376.903170,-49.717455,0.136568
-47.514464,-373.569162,-49.162516,0.131663
-47.214604,-375.725435,-48.796946,0.131911
-46.119739,-372.359354,-48.560035,0.121907
-45.851854,-374.505199,-48.083152,0.120653
-44.967621,-370.863731,-48.600039,0.121334
-44.213155,-373.054162,-47.536173,0.117344
-35.586381,-375.613165,-44.694271,0.122378
-33.642883,-376.195063,-44.579383,0.118983
-34.239305,-374.083437,-44.237587,0.118658
-32.336310,-375.412542,-44.351073,0.114551
-32.417985,-373.405879,-44.129608,0.119795
-30.261085,-373.588158,-44.288566,0.108025
-44.546177,-369.148153,-49.231614,0.127330
-43.239981,-370.455214,-47.803739,0.125285
-44.754912,-367.680507,-50.487632,0.144376
-43.261777,-367.819124,-48.976176,0.143970
-45.063070,-366.650217,-52.117542,0.160419
-43.771832,-366.297244,-50.946185,0.142496
-45.704859,-366.323448,-53.841708,0.135984
-44.225482,-365.528362,-52.854392,0.157335
-47.006342,-366.735917,-55.143651,0.136207
-45.714073,-365.854064,-55.372590,0.143460
-44.554369,-365.250089,-54.707982,0.143371
-48.612636,-367.756046,-55.613393,0.159180
-47.813465,-366.738520,-57.042305,0.143681
-46.317134,-365.929962,-56.759092,0.134743
-50.120056,-368.716008,-56.194321,0.161538
-49.263022,-367.718325,-57.534741,0.169331
-51.196655,-369.713440,-57.425740,0.169129
-50.594427,-368.826394,-58.296883,0.189455
-51.728087,-371.626708,-57.706172,0.186308
-51.353107,-370.482476,-58.961547,0.185597
-51.961663,-373.627465,-57.794907,0.178122
-51.653590,-372.496285,-59.286620,0.195352
-51.879719,-375.629499,-57.772813,0.195919
-51.632076,-374.566439,-59.383634,0.195802
-51.463662,-377.631370,-57.727591,0.166639
-51.312916,-376.523596,-59.310838,0.191701
-50.733387,-379.328647,-58.282906,0.205095
-50.944381,-378.082857,-59.219000,0.181791
-49.613782,-380.751617,-59.122301,0.183732
-50.192697,-379.259944,-59.940318,0.169030
-49.025225,-380.581787,-60.452904,0.160676
-47.826390,-381.948305,-60.863844,0.187932
-15.705522,-366.143858,-66.255017,0.106239
-16.127008,-366.011851,-68.376304,0.102255
-15.275796,-364.463164,-67.170235,0.154689
-15.543448,-364.435751,-68.844131,0.157867
-16.107853,-365.349229,-70.195675,0.110512
-15.422287,-363.592567,-70.182609,0.150345
-15.819384,-366.282396,-64.067609,0.114951
-15.273037,-364.505141,-65.083630,0.135756
-16.110166,-366.245844,-61.910483,0.109074
-15.536957,-364.474701,-63.001949,0.142075
-16.482277,-366.028863,-59.771227,0.121406
-15.807517,-364.315261,-60.970952,0.158742
-15.193298,-362.962682,-71.830064,0.145977
-17.008152,-365.311435,-57.025840,0.146004
-16.077229,-363.781443,-58.882895,0.154524
-31.693590,-371.827728,-44.147734,0.119983
-29.703784,-371.659586,-44.406646,0.115696
-28.567076,-373.382093,-44.720104,0.099290
-27.761472,-371.495155,-44.837333,0.105946
-26.928921,-372.932864,-45.339488,0.091094
-25.874214,-371.599523,-45.772154,0.097859
-25.014379,-373.709554,-46.630940,0.094742
-24.014157,-373.855864,-47.643778,0.093094
-23.968652,-375.752356,-48.020106,0.094783
-24.221177,-371.889544,-46.973434,0.100812
-13.943373,-364.673789,-77.123658,0.119407
-13.329797,-366.888361,-77.898070,0.108712
-17.664700,-369.430394,-56.741496,0.107644
-18.287389,-367.316329,-55.967505,0.115013
-46.242623,-140.389287,-90.107132,0.098836
-47.788587,-141.526417,-90.352597,0.100929
-46.931763,-141.169552,-88.571262,0.124693
-48.165115,-142.207890,-88.745721,0.123717
-49.173642,-142.725125,-89.599853,0.088219
-44.559307,-139.494512,-89.472483,0.146780
-45.476933,-139.948151,-88.249712,0.147939
-42.702758,-138.704764,-89.394533,0.168695
-43.809159,-138.745810,-88.021527,0.156743
-40.770577,-138.212703,-89.613703,0.139987
-41.865712,-137.770204,-88.121463,0.178863
-38.789481,-137.941878,-89.861373,0.159399
-39.781627,-137.108401,-88.496931,0.173587
-36.815873,-137.542329,-89.982484,0.148333
-37.575096,-136.747331,-88.910444,0.158111
-49.648073,-143.071885,-88.075853,0.108954
-51.054261,-143.331171,-89.701115,0.092662
-51.782197,-144.004653,-88.461147,0.068757
-53.032054,-143.497423,-89.847614,0.120858
-53.798928,-144.413800,-88.782841,0.089926
-54.987308,-143.484532,-90.279255,0.165644
-55.691025,-144.844749,-89.260706,0.135460
-56.839513,-143.604974,-91.021642,0.144090
-57.379597,-145.521608,-89.953797,0.121109
-58.191087,-144.702206,-91.313868,0.127665
-58.051253,-143.520623,-92.530824,0.147040
-58.949147,-145.031742,-92.592942,0.138033
-58.715079,-144.052665,-93.804894,0.146409
-57.801713,-142.811449,-94.214205,0.153358
-58.673244,-143.964632,-95.316366,0.144498
-57.592087,-142.438663,-95.931988,0.151571
-58.326050,-144.054243,-97.084051,0.143169
-57.321511,-142.615330,-97.731910,0.143900
-57.648862,-144.249161,-98.835793,0.152838
-56.658268,-142.964202,-99.395201,0.144670
-56.554511,-144.367879,-100.454335,0.150062
-55.174089,-142.670707,-100.894815,0.144722
-55.115369,-144.389543,-101.957887,0.152031
-53.492645,-142.692092,-102.231276,0.154410
-53.320449,-144.405906,-103.113266,0.161377
-51.562634,-142.402367,-102.947791,0.149688
-51.273549,-144.303259,-103.835705,0.154920
-49.482763,-142.000418,-103.236585,0.135211
-49.141933,-144.226145,-104.331687,0.145914
-47.400503,-141.888072,-103.647995,0.148433
-42.174648,-137.235469,-97.602398,0.170856
-41.470438,-136.976309,-95.892100,0.171071
-40.483377,-137.599519,-97.417425,0.176648
-39.921995,-137.453912,-95.905567,0.191673
-40.348459,-137.353739,-94.374098,0.183880
-38.737019,-137.742284,-94.957287,0.179365
-39.138336,-137.782765,-92.926732,0.149584
-37.341772,-138.388924,-93.719675,0.155249
-37.947190,-137.971537,-91.478984,0.112602
-35.662468,-138.997140,-92.268767,0.123568
-43.354600,-137.813899,-98.984724,0.147960
-41.379443,-138.101237,-99.020050,0.175575
-44.232129,-138.613938,-100.499773,0.152239
-42.361082,-138.860680,-100.452378,0.154069
-44.783380,-139.721632,-101.976292,0.149770
-43.242824,-139.861911,-101.817870,0.162062
-45.938495,-140.818079,-102.956521,0.139931
-44.205182,-141.006028,-102.978243,0.151866
-45.488521,-142.448637,-103.890968,0.147418
-47.017379,-144.309383,-104.551292,0.159991
-34.345760,-138.657519,-90.634562,0.182244
-35.142369,-137.111017,-89.339120,0.161620
-14.410347,-371.081379,-66.619793,0.160354
-58.793398,-146.199796,-90.990428,0.124975
-43.749731,-386.191204,-57.334433,0.172125
-47.932068,-141.850794,-87.274306,0.156106
-41.935685,-386.738923,-57.703907,0.179209
-38.433983,-386.057830,-51.313214,0.127652
-46.524412,-140.474291,-86.873264,0.157644
-45.086721,-138.984895,-86.599665,0.175210
-14.587796,-371.642624,-65.009635,0.146104
-43.247507,-137.393900,-86.366109,0.172677
-40.991708,-136.303048,-87.051499,0.169367
-14.871202,-371.416665,-63.021579,0.150849
-14.755282,-373.089182,-63.836912,0.152507
-38.665582,-135.714634,-87.539129,0.164183
-14.736241,-362.580520,-73.614985,0.166019
-36.079017,-135.606459,-88.048330,0.176172
-14.044813,-362.121441,-75.776007,0.179462
-49.025721,-142.750946,-86.090155,0.180647
-15.257852,-371.426620,-61.175169,0.150475
-50.721382,-144.075883,-86.776149,0.142636
-52.629265,-144.986682,-87.286889,0.091456
-51.541352,-145.295579,-85.766447,0.160098
-14.983014,-373.421979,-62.296171,0.153867
-47.603205,-141.180201,-85.517927,0.172868
-32.865090,-380.478992,-46.303730,0.120269
-46.284829,-139.587395,-85.177385,0.187927
-44.971277,-137.979686,-84.887198,0.219700
-36.785866,-385.907984,-50.931701,0.132699
-49.941029,-143.967086,-84.926009,0.203692
-48.441248,-142.300197,-84.178288,0.235970
-36.050612,-384.613822,-49.401487,0.119940
-34.783642,-385.772657,-50.753409,0.133201
-47.141578,-140.484613,-83.726345,0.201547
-49.508223,-380.673055,-52.525588,0.143123
-46.081777,-138.702935,-83.445095,0.179910
-53.204479,-146.254359,-86.265419,0.136292
-48.781120,-379.880435,-51.003036,0.159213
-54.442176,-145.770094,-87.747557,0.090423
-47.838765,-378.765917,-49.829596,0.142118
-56.163281,-146.586909,-88.364676,0.099326
-32.783754,-385.578889,-50.705336,0.125340
-57.925558,-147.349911,-89.155474,0.108884
-33.967975,-384.509738,-49.340176,0.124182
-54.806145,-147.287784,-86.686205,0.135919
-35.069820,-383.209838,-48.165548,0.108984
-34.013394,-381.865890,-47.129694,0.111633
-56.584237,-148.245309,-87.161881,0.149629
-33.055497,-383.186472,-48.195330,0.112690
-50.667854,-145.556926,-84.131549,0.197590
-52.112356,-146.419509,-85.016230,0.193720
-32.075361,-381.869173,-47.285437,0.116251
-53.294833,-147.544978,-85.149773,0.174336
-44.743905,-385.411880,-58.704124,0.179143
-54.853705,-148.796080,-85.399839,0.176816
-45.646192,-384.418679,-60.030750,0.172139
-51.567552,-147.247781,-83.786290,0.192979
-46.386331,-383.061412,-61.271208,0.198317
-42.927680,-386.003598,-59.118857,0.158972
-52.843841,-148.907403,-83.818796,0.173351
-43.910321,-385.099395,-60.460712,0.183164
-49.051046,-143.962998,-82.805078,0.189970
-44.772963,-383.940431,-61.685327,0.176297
-46.196400,-382.891502,-50.912108,0.151026
-49.879121,-146.196659,-82.440162,0.217165
-44.752083,-382.199107,-49.572694,0.137031
-50.627215,-148.446786,-82.028253,0.226095
-43.243533,-381.441110,-48.506104,0.127602
-47.647411,-141.730779,-82.283792,0.239380
-30.831511,-385.246944,-50.741812,0.133750
-46.741827,-139.687387,-81.933847,0.223797
-28.942784,-384.713323,-50.880445,0.132770
-31.985270,-384.321034,-49.394432,0.129111
-47.821245,-143.089888,-80.815845,0.240702
-48.642856,-144.965473,-81.244662,0.261798
-31.178870,-383.044911,-48.304121,0.117917
-48.857848,-146.698109,-80.653347,0.204467
-30.087098,-383.979734,-49.495960,0.130391
-47.701459,-144.747936,-79.649371,0.216856
-15.957611,-371.421586,-59.330928,0.133242
-47.059348,-140.868123,-80.373126,0.254949
-15.456071,-373.583132,-60.396650,0.139820
-47.098269,-142.321076,-78.652425,0.225466
-16.028785,-375.716469,-59.616475,0.137263
-59.315202,-145.373854,-94.254620,0.133092
-30.899322,-380.530618,-46.662332,0.117853
-59.600896,-146.717922,-92.664891,0.114961
-59.174418,-145.634136,-96.121394,0.136282
-30.516618,-381.878275,-47.532911,0.118720
-29.449921,-382.624881,-48.378523,0.127227
-58.564516,-145.838112,-98.004025,0.137811
-28.224179,-383.440038,-49.634307,0.137547
-57.554969,-145.977315,-99.700699,0.146632
-27.063978,-384.035309,-51.151015,0.146114
-56.290760,-146.147768,-101.233281,0.152777
-16.750862,-377.507421,-58.660505,0.118830
-54.753058,-146.319065,-102.587388,0.153265
-17.724279,-378.781935,-57.631578,0.117475
-52.946743,-146.441451,-103.683296,0.164570
-18.797435,-379.734149,-56.496897,0.117429
-19.962036,-380.508798,-55.246499,0.130926
-59.821493,-148.043929,-90.410379,0.155896
-21.349960,-381.229798,-53.906542,0.144064
-58.611998,-149.056033,-87.684630,0.176902
-41.876548,-380.518445,-47.574459,0.121686
-56.680057,-150.036599,-85.815666,0.174754
-40.656977,-379.407869,-46.828399,0.114307
-39.593557,-378.198427,-46.078941,0.113239
-54.457880,-150.489278,-84.128515,0.171415
-38.574592,-376.766787,-45.557912,0.109692
-52.183157,-150.531962,-82.591931,0.191302
-37.530130,-375.239726,-45.156209,0.124240
-59.894687,-147.150466,-94.644212,0.115765
-47.979925,-381.665337,-51.634190,0.158916
-60.511024,-148.487123,-92.780621,0.121003
-59.572142,-147.736099,-96.859401,0.122414
-46.801259,-380.776070,-50.006950,0.132405
-58.323773,-147.596099,-98.781766,0.128722
-57.158383,-147.783976,-100.310993,0.150348
-45.014555,-380.373314,-48.822182,0.125481
-46.360565,-379.257104,-49.118600,0.130078
-55.805334,-148.041100,-101.688753,0.157179
-46.797636,-377.673277,-48.876613,0.130384
-54.235617,-148.317870,-102.917583,0.166724
-43.617502,-379.645082,-47.843077,0.124253
-45.233537,-378.617334,-48.259053,0.122536
-60.382626,-149.227921,-94.785336,0.133448
-42.342273,-378.716279,-47.036150,0.118506
-50.898626,-146.518798,-104.536975,0.156032
-41.221822,-377.710619,-46.339606,0.117445
-48.698616,-146.633642,-104.927859,0.164553
-40.250833,-376.455107,-45.951508,0.113804
-43.988191,-377.783412,-47.324480,0.119345
-52.527778,-148.601320,-104.044995,0.161804
-42.704058,-376.862484,-46.658125,0.117465
-41.578885,-376.154401,-46.301335,0.112347
-50.464545,-148.879177,-104.727575,0.169565
-39.356103,-374.947391,-45.640332,0.117542
-41.053754,-374.736710,-46.127112,0.113571
-48.820169,-148.793483,-80.111008,0.271216
-45.572478,-376.689653,-47.974498,0.120617
-50.241524,-150.474524,-81.023189,0.235152
-47.343821,-146.890187,-78.792843,0.210838
-44.191384,-375.649838,-47.234832,0.119789
-46.758213,-144.437023,-77.783430,0.208807
-59.706974,-150.135990,-96.517037,0.111471
-42.665475,-374.890603,-46.660284,0.120320
-58.843575,-149.144679,-97.967866,0.116504
-57.913898,-149.382498,-99.329514,0.131132
-56.739494,-149.663049,-100.791992,0.139955
-42.129590,-372.832492,-46.729618,0.115193
-55.246397,-149.967680,-101.993011,0.147946
-53.666950,-150.320292,-103.080160,0.155264
-29.171697,-381.018383,-47.361087,0.113774
-51.971170,-150.749974,-104.033890,0.148397
-27.533442,-379.836037,-47.596504,0.109466
-58.673071,-150.912517,-98.042283,0.109838
-27.752640,-381.804354,-48.551940,0.139616
-26.437062,-382.549744,-49.960953,0.142841
-57.433207,-151.316434,-99.578396,0.118702
-25.181858,-383.115258,-51.630798,0.156144
-56.055479,-151.552072,-100.978037,0.108170
-54.575493,-151.861544,-102.105331,0.130157
-16.797021,-371.423074,-57.525709,0.130903
-53.039093,-152.293361,-103.106056,0.112312
-60.652257,-150.274029,-88.689301,0.212942
-16.131464,-373.479121,-58.478874,0.125398
-61.115004,-149.614041,-91.093748,0.203616
-61.192814,-150.446684,-92.771832,0.185121
-16.664085,-375.405718,-57.748159,0.119741
-60.755945,-151.395849,-94.660890,0.193417
-17.268542,-376.980839,-56.862344,0.111316
-59.765789,-152.323957,-96.389227,0.169002
-18.184715,-378.167249,-55.943759,0.111157
-19.244946,-378.930300,-54.900892,0.109943
-61.506357,-151.583059,-90.449057,0.218663
-20.421513,-379.543011,-53.653850,0.114220
-17.324709,-375.168288,-56.092001,0.114897
-61.495676,-152.654463,-92.451436,0.222570
-16.899326,-373.429885,-56.729364,0.122777
-18.046318,-376.535128,-55.338169,0.103972
-60.902196,-153.641493,-94.403842,0.212843
-18.705261,-377.627168,-54.656649,0.104900
-58.788423,-151.317912,-86.355380,0.181219
-19.673838,-377.931355,-53.587157,0.107687
-60.535295,-152.657968,-87.791106,0.200733
-18.186491,-374.922952,-54.617641,0.112473
-17.572288,-373.622919,-55.338282,0.103988
-61.451595,-153.883083,-89.920628,0.220406
-18.957841,-376.380886,-53.939950,0.108892
-20.074929,-376.587343,-52.517420,0.112354
-61.433792,-154.966076,-92.055217,0.216099
-17.742495,-371.605025,-55.484600,0.122580
-18.733260,-369.381933,-54.832841,0.107640
-56.252392,-152.077932,-84.617777,0.153973
-23.133910,-381.941863,-52.330853,0.140970
-53.707420,-152.307853,-83.019086,0.159568
-58.202425,-153.928440,-85.482281,0.176969
-25.832064,-378.744676,-48.047303,0.106486
-26.040960,-380.774355,-48.860968,0.123736
-60.271589,-155.037812,-87.389414,0.202169
-24.305146,-377.644124,-48.670139,0.108780
-61.144908,-156.200202,-89.472391,0.206826
-24.639188,-381.531225,-50.369739,0.138095
-55.278102,-154.135335,-83.516997,0.161103
-24.447838,-379.625334,-49.364412,0.117616
-56.659776,-156.090063,-84.088439,0.184797
-58.681659,-156.041205,-85.686888,0.187833
-59.835111,-157.208376,-87.050533,0.209938
-23.108870,-380.155746,-50.826765,0.137244
-21.790685,-380.076544,-52.314111,0.128622
-57.967000,-157.830510,-85.024996,0.207749
-20.894945,-378.379505,-52.276267,0.112651
-58.479500,-153.288017,-98.215790,0.156808
-56.893571,-153.286788,-99.976046,0.119046
-22.088644,-378.838972,-51.223311,0.122366
-23.059548,-378.344060,-50.010062,0.114392
-55.448827,-153.430950,-101.271502,0.124003
-54.026739,-153.737630,-102.348666,0.107301
-22.905904,-376.399996,-49.427283,0.109265
-59.841596,-154.638089,-96.161234,0.179616
-21.593579,-376.962450,-50.995533,0.114171
-60.732022,-155.946450,-94.042305,0.194303
-22.867741,-374.367700,-48.952899,0.106860
-21.668207,-374.865910,-50.294588,0.111205
-61.051172,-157.297216,-91.659026,0.200347
-20.416483,-374.981641,-51.640607,0.104485
-60.626523,-158.496700,-88.972637,0.212915
-19.244550,-374.821803,-53.155975,0.108180
-59.161198,-159.285164,-86.535673,0.212253
-18.395241,-373.154485,-53.993169,0.112662
-58.748548,-155.725472,-97.673452,0.177313
-57.673958,-154.876841,-99.151894,0.166687
-18.982690,-371.224860,-53.464812,0.120144
-59.744736,-156.876336,-95.772872,0.173147
-19.576757,-373.100912,-52.397386,0.111679
-60.394609,-158.145733,-93.711992,0.179828
-60.510160,-159.827962,-91.396935,0.198358
-36.456118,-373.678082,-44.760119,0.129081
-59.756964,-160.695910,-88.384967,0.225098
-38.397593,-373.307221,-45.367140,0.126800
-56.386104,-155.411066,-100.573953,0.167317
-40.257340,-372.984922,-45.999085,0.121086
-54.967680,-154.975756,-101.749178,0.166683
-41.222885,-370.894643,-46.688489,0.125907
-57.627398,-156.802511,-99.009207,0.176258
-41.968049,-369.000842,-47.511546,0.140754
-58.631699,-157.914521,-97.228183,0.183433
-39.329179,-371.196030,-45.852621,0.120978
-59.502825,-158.965000,-95.388658,0.168816
-37.396402,-371.620877,-45.110127,0.139139
-35.473162,-372.056525,-44.483384,0.136406
-60.006701,-159.891085,-93.663456,0.169288
-51.508592,-152.183150,-81.564000,0.176751
-49.901134,-151.948784,-80.406229,0.227363
-33.632490,-372.068213,-44.126810,0.128231
-52.735837,-154.024818,-81.927547,0.177745
-40.362305,-369.014819,-46.545114,0.137312
-50.567785,-153.543264,-80.552753,0.193869
-22.942934,-372.283356,-48.471034,0.100728
-54.024588,-156.022765,-82.362717,0.173166
-21.599174,-372.829174,-49.845551,0.108909
-20.692709,-373.394173,-51.098454,0.110494
-55.439354,-158.309981,-82.973341,0.183500
-57.322247,-159.934261,-84.491876,0.226009
-20.283891,-371.321469,-51.339971,0.107834
-58.398303,-161.357453,-86.113128,0.219234
-51.486786,-155.524422,-80.787931,0.163600
-19.660855,-369.228996,-52.734146,0.105388
-52.551473,-157.677631,-81.119899,0.185072
-19.029443,-367.337570,-53.823356,0.110717
-17.927695,-365.540039,-54.661790,0.157476
-53.484358,-159.925801,-81.484859,0.191218
-55.505373,-160.482446,-82.985954,0.209611
-39.956721,-387.136367,-57.855321,0.146235
-56.475887,-162.093192,-84.159477,0.236493
-37.903785,-387.429542,-57.796100,0.156690
-54.430550,-161.961634,-82.107213,0.221337
-35.885469,-387.511842,-57.625212,0.169042
-47.332141,-149.270330,-78.682748,0.249419
-48.669354,-150.772336,-79.663206,0.241633
-33.938000,-387.479032,-57.432374,0.175255
-48.754695,-152.632304,-79.477414,0.224321
-32.007079,-387.302316,-57.281412,0.167311
-49.187663,-154.639416,-79.500454,0.191397
-30.092688,-387.034466,-57.148193,0.160904
-49.943447,-156.836148,-79.606227,0.167569
-28.196431,-386.658225,-56.966963,0.160570
-47.173966,-151.285821,-78.479130,0.294560
-26.403032,-386.136780,-56.697151,0.168603
-47.191278,-153.355771,-78.380872,0.264555
-25.128949,-385.567585,-57.917167,0.165105
-47.454971,-155.628038,-78.365147,0.231428
-40.928713,-386.525763,-59.444476,0.158127
-50.876284,-159.163410,-79.795514,0.179249
-41.934226,-385.606860,-60.881653,0.178763
-42.961845,-384.514710,-62.100579,0.181140
-51.983052,-161.703885,-80.013377,0.186310
-38.792984,-386.939682,-59.501136,0.165211
-48.155683,-158.051142,-78.379005,0.221742
-36.698240,-387.131562,-59.374445,0.164291
-49.081068,-160.509512,-78.501978,0.141344
-34.710064,-387.203909,-59.190194,0.165980
-46.048675,-146.112072,-76.941447,0.272026
-32.798000,-387.146095,-59.032850,0.171545
-46.312363,-147.981867,-77.660890,0.271285
-45.904681,-149.666952,-77.449120,0.266724
-30.874633,-386.986402,-58.906040,0.157405
-45.543161,-151.694889,-77.279735,0.314781
-28.902679,-386.737828,-58.732084,0.158444
-45.171760,-147.749855,-76.336247,0.223124
-26.950061,-386.312102,-58.425963,0.155631
-44.297867,-149.667867,-76.133433,0.311113
-39.715951,-386.051628,-61.109277,0.158101
-45.309363,-153.950193,-77.244452,0.312389
-40.716976,-384.816736,-62.731023,0.172910
-43.646394,-151.877379,-76.118184,0.374498
-37.518662,-386.440186,-61.073925,0.169393
-45.228773,-156.628538,-77.114680,0.284936
-35.470945,-386.624432,-60.867969,0.161553
-43.062802,-154.274139,-76.244892,0.280080
-33.561190,-386.700199,-60.718513,0.169628
-31.649926,-386.652938,-60.640835,0.160431
-46.436170,-159.359333,-77.260898,0.264362
-29.656860,-386.559834,-60.561265,0.156812
-27.577598,-386.222904,-60.291450,0.156417
-42.428537,-156.523177,-76.243639,0.356258
-43.914184,-158.586886,-76.546638,0.301633
-38.269902,-385.307546,-62.595222,0.174805
-56.463145,-157.942464,-100.382201,0.177414
-55.166609,-156.779646,-101.789750,0.221621
-36.152502,-385.689463,-62.444406,0.163857
-57.480790,-159.074597,-98.572098,0.186720
-34.255922,-385.964900,-62.279439,0.159458
-58.460246,-160.077391,-96.715851,0.178571
-32.442482,-386.012392,-62.232142,0.145473
-59.286171,-160.955579,-94.852581,0.165081
-30.474574,-385.996224,-62.318544,0.135252
-59.639542,-161.519966,-92.660489,0.196785
-28.279920,-385.832224,-62.243165,0.158641
-25.614662,-385.603334,-59.784184,0.167042
-59.537824,-162.058483,-90.252785,0.215749
-58.751031,-162.641712,-87.939395,0.237300
-23.754465,-384.896479,-59.114663,0.166234
-57.525271,-163.224003,-86.010276,0.250160
-22.406579,-384.142366,-60.330836,0.144931
-55.129683,-163.717438,-83.116234,0.252073
-21.225689,-383.250886,-61.572518,0.145526
-56.345076,-163.839849,-84.676606,0.235468
-20.131872,-382.323482,-62.890387,0.136574
-53.472054,-163.687661,-81.200331,0.220783
-26.105812,-385.413032,-61.775789,0.175172
-49.839379,-162.874753,-78.452986,0.163327
-51.863796,-163.733174,-79.584036,0.218626
-19.083531,-381.295979,-64.215464,0.151839
-47.217154,-161.808878,-77.404296,0.179252
-18.162298,-380.186870,-65.502016,0.152206
-44.838201,-160.705179,-76.540404,0.317268
-42.965947,-159.942115,-76.309591,0.352003
-17.497728,-378.972693,-66.761401,0.154542
-58.516842,-163.874695,-89.594192,0.226649
-16.909706,-377.866898,-68.060993,0.147231
-58.823725,-163.323391,-91.721740,0.216846
-16.314170,-376.815060,-69.410367,0.134970
-58.592143,-162.766165,-93.834826,0.199598
-15.672355,-375.772334,-70.805237,0.132338
-57.744596,-164.420005,-87.596646,0.233046
-14.952493,-374.681226,-72.214931,0.143602
-56.691209,-164.887678,-85.902689,0.241153
-58.039953,-162.133350,-95.879887,0.188182
-14.176915,-373.521074,-73.613939,0.146858
-57.203406,-161.324902,-97.882282,0.188154
-13.358885,-372.218559,-75.092474,0.152280
-56.075341,-160.336256,-99.798266,0.188424
-12.752712,-370.745239,-76.671547,0.145618
-54.916938,-159.105929,-101.536353,0.212699
-24.142387,-384.913947,-61.064984,0.170413
-55.478423,-165.219685,-84.281996,0.252509
-22.746320,-384.140367,-62.218497,0.152266
-54.128687,-165.388847,-82.390126,0.252902
-21.682897,-383.198384,-63.410396,0.152716
-52.615799,-165.374876,-80.366706,0.243689
-20.630816,-382.316800,-64.772588,0.140362
-50.770700,-164.993286,-78.480841,0.205367
-19.598962,-381.275180,-66.137073,0.156918
-47.916503,-164.407083,-77.342176,0.144724
-18.695561,-380.184168,-67.419426,0.139613
-17.976153,-379.100041,-68.651252,0.137754
-45.351974,-162.943647,-76.467346,0.229905
-17.273263,-378.164775,-69.927373,0.135984
-16.579549,-377.248733,-71.272114,0.165968
-43.145755,-161.723675,-76.191021,0.355033
-15.765652,-376.292929,-72.677921,0.161729
-53.674431,-157.728433,-102.843455,0.213288
-14.841826,-375.279358,-74.087031,0.162610
-53.821791,-155.637362,-102.702124,0.183424
-13.850364,-374.148469,-75.522335,0.146250
-52.559061,-154.311030,-103.336317,0.155153
-12.876854,-372.860685,-77.008097,0.156256
-51.410853,-152.805409,-103.921526,0.122094
-50.112241,-151.226954,-104.561832,0.156766
-24.453248,-384.632597,-63.016634,0.152223
-52.328983,-156.413305,-103.761337,0.188051
-23.071673,-383.875465,-63.773791,0.164475
-48.074977,-149.378502,-105.025961,0.164357
-22.358702,-383.146960,-65.136128,0.153191
-21.271817,-382.240211,-66.672344,0.158006
-50.730990,-154.958419,-104.319625,0.177792
-20.149745,-381.185655,-68.034789,0.151331
-49.940226,-153.121426,-104.481065,0.123049
-48.422255,-152.190314,-104.674592,0.124605
-19.187197,-380.186151,-69.283887,0.154285
-48.842075,-154.321242,-104.938351,0.177514
-18.331473,-379.301833,-70.467359,0.159222
-17.596075,-378.510261,-71.698903,0.167796
-50.694799,-157.269583,-104.604642,0.244769
-16.774719,-377.756647,-73.089355,0.158357
-49.230327,-156.276582,-105.199851,0.229304
-52.004327,-158.528649,-103.754896,0.232362
-15.735551,-376.923148,-74.528162,0.132785
-53.129755,-159.924386,-102.611797,0.242544
-14.607602,-375.950062,-75.951425,0.176567
-54.128693,-161.734262,-100.889943,0.225372
-13.463616,-374.857920,-77.402703,0.152339
-55.640618,-162.673508,-98.829431,0.218711
-12.534744,-369.061197,-78.304087,0.138228
-56.731741,-163.447629,-96.849996,0.179425
-12.299528,-371.379437,-78.637489,0.144906
-57.483847,-164.046251,-94.849162,0.206541
-12.473162,-373.617675,-78.877287,0.152333
-57.908327,-164.501411,-92.891084,0.223222
-38.353058,-369.391501,-45.595723,0.137943
-57.913654,-164.999001,-91.002002,0.233531
-57.504775,-165.587729,-89.108364,0.236670
-36.350626,-370.078984,-44.858425,0.133555
-34.749743,-370.687021,-44.363815,0.134926
-56.704267,-166.052436,-87.319047,0.250131
-33.213836,-370.270353,-44.161688,0.124315
-55.664955,-166.475897,-85.640977,0.273039
-31.156405,-369.890075,-44.246132,0.123207
-54.458782,-166.905032,-83.804524,0.251876
-28.996025,-369.749158,-44.700052,0.128199
-53.169109,-167.165168,-81.596435,0.271359
-26.933346,-369.741408,-45.409225,0.111616
-51.722279,-167.085648,-79.293972,0.207247
-25.067300,-369.814135,-46.508532,0.104895
-49.457190,-166.638177,-77.619528,0.194648
-37.050665,-367.842953,-45.270544,0.129537
-34.984719,-368.942769,-44.561393,0.132738
-45.533571,-165.156782,-76.419873,0.220827
-33.049640,-368.188562,-44.274211,0.127518
-47.315651,-166.341128,-76.941050,0.157444
-43.286908,-163.844130,-76.143421,0.322484
-41.505409,-367.168294,-47.801297,0.139532
-43.730814,-136.460936,-84.465979,0.183010
-45.002701,-137.088558,-83.175355,0.189215
-42.373147,-365.838442,-49.622993,0.136761
-42.046016,-135.732421,-85.359023,0.172300
-42.739065,-364.621306,-51.655015,0.166594
-45.945752,-137.832220,-81.736734,0.192441
-46.514349,-138.761012,-80.177677,0.188350
-43.276331,-364.329259,-53.877200,0.163602
-46.839956,-139.814319,-78.522466,0.217597
-39.410873,-366.817797,-46.512262,0.150934
-39.991319,-134.796939,-85.969888,0.172689
-37.439568,-134.131484,-86.604281,0.162644
-40.886070,-365.244763,-48.388785,0.148504
-46.811017,-140.810136,-76.818945,0.199342
-41.598517,-364.446688,-50.044551,0.163403
-46.656041,-142.649790,-76.852439,0.193690
-35.256043,-366.755984,-44.965260,0.133034
-46.040077,-143.966609,-75.979048,0.235182
-37.430691,-365.516312,-45.992557,0.146389
-45.056522,-145.553240,-75.133171,0.233580
-39.279591,-364.387680,-47.491064,0.146838
-43.842431,-147.383233,-74.656256,0.200670
-40.424141,-363.603622,-49.341735,0.129161
-42.413422,-149.527076,-74.495352,0.176932
-23.341237,-370.109653,-47.930046,0.101743
-41.633117,-152.075684,-75.042759,0.291831
-21.792937,-370.650904,-49.544061,0.108022
-40.592688,-154.390748,-75.336239,0.300883
-20.870529,-369.047384,-50.844257,0.108286
-22.377572,-368.533604,-49.212453,0.098900
-46.373007,-141.894795,-75.317193,0.182042
-20.047824,-367.254516,-51.731641,0.120865
-45.495083,-143.296649,-74.081934,0.182485
-21.264526,-367.271785,-50.166686,0.101839
-44.047924,-144.925645,-72.955409,0.189263
-18.864812,-365.433234,-52.371919,0.150514
-20.450155,-365.238516,-49.885107,0.146837
-42.464022,-146.932973,-72.897852,0.225712
-22.415248,-366.386703,-48.626545,0.134400
-40.253282,-156.762533,-75.857827,0.236400
-41.743726,-158.487508,-76.240488,0.309727
-24.226654,-367.803765,-47.520497,0.099616
-41.352987,-160.339115,-76.343758,0.291272
-41.263200,-162.382215,-76.478708,0.306561
-26.156522,-367.992648,-46.097926,0.115337
-39.759740,-158.715744,-76.227140,0.217476
-28.098844,-367.930565,-45.179220,0.132957
-30.515071,-367.543181,-44.448608,0.129081
-39.417237,-160.694946,-76.716954,0.282516
-40.857172,-148.446276,-72.632956,0.255375
-33.145307,-365.858808,-44.674440,0.125957
-40.730688,-150.375080,-73.776753,0.278158
-39.710665,-151.959868,-74.049204,0.300530
-35.461970,-364.504326,-45.612907,0.134130
-39.314478,-149.897718,-72.603122,0.202884
-37.547901,-363.372338,-46.809914,0.132770
-38.412484,-153.553225,-74.388464,0.336386
-39.085721,-362.569517,-48.462574,0.098797
-38.915141,-155.394684,-75.251508,0.277280
-26.567067,-384.908418,-64.132123,0.166383
-38.308578,-156.973052,-75.708345,0.298491
-24.263029,-383.977205,-64.950978,0.145922
-37.711289,-158.820953,-76.404571,0.230902
-23.451516,-383.081309,-67.049944,0.149175
-37.878910,-151.441176,-73.030662,0.245797
-21.861884,-382.038324,-68.555989,0.159777
-37.190859,-155.081113,-74.907722,0.316346
-20.644534,-381.129037,-69.911618,0.156600
-36.411179,-152.955933,-73.679980,0.249814
-19.518331,-380.260294,-71.146895,0.171740
-18.579046,-379.494784,-72.012343,0.157546
-36.261866,-156.808401,-75.632167,0.263675
-17.939124,-379.043913,-73.382054,0.156420
-16.869576,-378.366671,-74.909103,0.156023
-35.120825,-154.606764,-74.564095,0.249574
-15.606085,-377.602402,-76.382575,0.153907
-43.841928,-135.701258,-82.887020,0.147164
-14.288929,-376.687693,-77.794416,0.154483
-44.938208,-136.218665,-81.560871,0.164683
-45.732078,-136.931636,-80.066010,0.181207
-13.116199,-375.633578,-79.205897,0.152105
-46.334054,-137.759421,-78.473666,0.171749
-29.222142,-385.255454,-64.138919,0.152240
-42.736790,-135.324132,-83.948328,0.126409
-31.441957,-385.277931,-63.888075,0.130093
-41.292611,-134.380311,-84.298062,0.147340
-46.618788,-138.708099,-76.777439,0.201455
-33.148417,-385.311754,-63.469748,0.151801
-34.701914,-384.912915,-63.749609,0.135208
-46.576152,-139.808466,-75.072032,0.201724
-36.667981,-384.463071,-63.893725,0.175606
-38.779142,-383.933307,-64.025893,0.172243
-46.068235,-141.078665,-73.479676,0.186506
-25.787798,-383.887462,-66.359042,0.157268
-39.092890,-132.991705,-84.733525,0.169721
-28.044979,-384.361461,-65.995212,0.149399
-45.113754,-142.530765,-72.034980,0.212846
-41.410737,-363.184668,-51.115924,0.118545
-43.726595,-143.714176,-70.756391,0.203585
-42.128928,-363.055519,-53.033717,0.134304
-42.723606,-145.275836,-71.457413,0.181700
-40.203118,-362.021227,-50.278205,0.119635
-41.283300,-146.445243,-71.098563,0.223324
-41.116902,-361.618645,-52.148424,0.125840
-39.346534,-147.823460,-70.738219,0.215363
-32.830118,-384.265948,-65.131669,0.139064
-37.670355,-149.497658,-71.380270,0.165394
-35.011004,-383.590140,-65.217212,0.167338
-36.012020,-150.813018,-72.040584,0.184537
-37.043852,-382.957304,-65.216571,0.170628
-34.124258,-152.180117,-73.015620,0.261450
-30.367638,-384.453349,-65.753589,0.153283
-42.151922,-144.749771,-69.797049,0.205666
-25.338569,-383.135568,-68.290134,0.161959
-40.352230,-145.858651,-69.200547,0.191501
-27.119856,-383.557036,-67.503466,0.153649
-23.544288,-382.603461,-69.006106,0.144987
-38.407716,-146.757800,-68.750980,0.182726
-22.430734,-381.918216,-70.378455,0.147280
-37.587540,-148.086847,-69.874559,0.212220
-36.062540,-149.024944,-70.225201,0.205180
-21.008661,-381.199014,-71.814685,0.155396
-19.472369,-380.325667,-73.264819,0.149316
-36.490153,-147.532325,-68.606424,0.177123
-18.241234,-379.717643,-75.157484,0.129813
-34.197053,-149.967355,-70.985150,0.234265
-16.856327,-379.107923,-76.768886,0.147427
-34.485797,-148.351821,-69.036081,0.194825
-15.372614,-378.388535,-78.233441,0.167664
-38.859526,-138.087143,-96.912858,0.169851
-14.013880,-377.445766,-79.638045,0.160478
-39.555577,-138.599194,-98.730374,0.163394
-29.078189,-383.472256,-67.528965,0.138919
-40.515726,-139.256200,-100.379462,0.164804
-27.307512,-382.874302,-69.090472,0.157756
-41.571117,-140.211796,-101.582622,0.147910
-42.521094,-141.309361,-102.649541,0.154920
-24.856929,-382.509848,-70.473885,0.152213
-43.575116,-142.694667,-103.678513,0.156837
-44.915489,-144.427997,-104.508974,0.151134
-31.461734,-383.253145,-67.123419,0.180264
-46.454234,-146.600648,-105.051338,0.167001
-33.492893,-382.988704,-66.503617,0.187229
-45.518484,-148.747353,-105.206244,0.164141
-23.002039,-381.862640,-72.263458,0.157746
-46.444362,-151.201741,-104.903606,0.107369
-21.367977,-381.363430,-73.792402,0.159892
-46.999075,-153.584473,-105.271105,0.139537
-19.902532,-380.836365,-75.411838,0.160389
-18.413617,-380.439023,-77.119150,0.160494
-37.262602,-138.788049,-95.982604,0.169697
-16.774921,-379.928646,-78.694341,0.143279
-35.679356,-139.859333,-94.784873,0.133266
-15.165559,-379.197358,-80.125858,0.154883
-34.008985,-141.205266,-93.460521,0.122234
-33.616145,-140.224065,-91.816412,0.141756
-35.197907,-381.875627,-66.789748,0.174575
-47.571318,-155.628682,-105.737698,0.223459
-32.773796,-381.925697,-68.150348,0.233866
-37.803105,-139.400047,-98.123492,0.175711
-30.005413,-382.324105,-69.351809,0.171440
-38.779537,-140.084306,-99.949292,0.152169
-40.022599,-140.882520,-101.320533,0.158816
-27.422958,-382.328369,-71.173953,0.167484
-41.124951,-141.511728,-102.263134,0.149942
-41.745587,-142.799708,-103.125862,0.159526
-25.207793,-382.208405,-72.728239,0.176386
-42.836351,-144.472673,-104.071623,0.153352
-23.357346,-381.947734,-74.237986,0.159492
-44.165578,-146.417511,-104.888132,0.164871
-21.758749,-381.676007,-75.759499,0.162051
-20.239330,-381.479661,-77.364065,0.160706
-36.193409,-140.646296,-97.174014,0.175225
-18.600993,-381.357336,-79.249711,0.146554
-37.199908,-141.303016,-99.338871,0.160891
-16.659155,-380.716712,-80.627197,0.150245
-38.581001,-142.000473,-100.994073,0.156308
-30.906694,-364.970865,-44.899834,0.116723
-28.998480,-366.182667,-45.046479,0.124508
-40.075759,-142.546351,-102.257219,0.162002
-27.194436,-366.243248,-45.680123,0.109913
-25.520805,-366.434607,-46.459666,0.104032
-34.417357,-142.500748,-95.969736,0.137779
-33.344550,-363.575496,-45.364101,0.111823
-35.679939,-143.009639,-98.560735,0.166895
-24.091521,-365.435776,-47.059793,0.134644
-37.154282,-143.525568,-100.624877,0.146131
-28.510924,-364.139191,-45.351400,0.111032
-38.921423,-144.015861,-102.088224,0.149313
-26.041594,-364.668895,-46.065669,0.124863
-40.806762,-144.351417,-103.252951,0.153134
-31.104984,-362.640752,-45.321084,0.101958
-41.964605,-146.265690,-104.166315,0.149948
-28.960921,-361.625402,-45.251472,0.147163
-43.133882,-148.314083,-105.031100,0.138842
-26.705832,-362.538665,-45.618870,0.148275
-44.249045,-150.580604,-105.271717,0.111343
-35.713777,-362.329167,-46.246508,0.119109
-45.046274,-152.816621,-105.551105,0.174837
-37.606025,-361.500354,-47.705505,0.124410
-45.492907,-155.109646,-106.390649,0.194990
-39.073386,-360.903716,-49.287863,0.151715
-49.113274,-158.151907,-105.227302,0.208970
-33.643287,-361.322062,-45.837969,0.128970
-48.017515,-157.240718,-105.688248,0.269912
-50.260986,-159.205991,-104.385852,0.241925
-31.416349,-360.250638,-45.492161,0.163245
-51.325002,-160.439012,-103.460591,0.240331
-52.057563,-161.915048,-102.218659,0.215134
-36.032095,-360.310084,-46.899986,0.153274
-46.486570,-157.273714,-106.161270,0.229342
-37.947098,-359.722318,-48.390536,0.162177
-54.071738,-164.311066,-99.506869,0.232280
-40.134099,-360.337188,-50.979569,0.196449
-52.438387,-163.866631,-100.992080,0.210441
-39.117359,-359.504062,-49.860794,0.189597
-55.352495,-164.936853,-97.642633,0.234543
-34.066216,-358.999234,-46.248513,0.194721
-56.287127,-165.460071,-95.672920,0.210162
-36.576826,-358.336779,-47.649117,0.209814
-56.964243,-165.853733,-93.723437,0.224843
-38.302869,-358.188404,-49.439265,0.199241
-57.285904,-165.939667,-92.087152,0.229702
-56.977119,-166.645453,-90.539045,0.248400
-39.681614,-358.573177,-51.216830,0.222374
-56.413848,-167.207956,-88.727784,0.243672
-40.847943,-359.683578,-53.146351,0.221683
-55.669536,-167.624591,-87.016004,0.269909
-54.624410,-168.096787,-85.405864,0.274573
-41.651642,-361.579087,-54.144873,0.153101
-53.360907,-168.961898,-83.334887,0.275024
-42.489201,-363.109971,-54.995987,0.099817
-52.023034,-168.995987,-80.627794,0.229137
-43.541036,-364.386091,-55.772026,0.119679
-44.886673,-365.214193,-56.401094,0.142817
-50.294511,-168.765888,-78.295709,0.219169
-22.265716,-364.017449,-47.686430,0.148073
-47.966897,-168.142242,-77.094609,0.185829
-24.469067,-363.151861,-46.356875,0.156418
-45.735424,-167.254567,-76.429649,0.208121
-43.429399,-166.049454,-76.261976,0.294257
-29.078345,-359.366574,-45.609709,0.190374
-27.339142,-360.683251,-45.583620,0.170345
-41.271834,-164.566717,-76.642060,0.338869
-25.443236,-360.942302,-46.125119,0.163300
-39.218399,-162.845747,-77.080951,0.237010
-23.230852,-361.417567,-47.147609,0.143018
-37.231490,-160.883235,-77.049334,0.211127
-26.908773,-359.105040,-46.105355,0.152811
-35.486125,-158.724348,-76.468829,0.199594
-24.730480,-359.209567,-47.034572,0.139933
-34.066353,-156.458989,-75.487531,0.288286
-31.530594,-357.600755,-46.282059,0.194548
-33.000142,-154.125810,-74.420688,0.282348
-28.684724,-357.524263,-46.448672,0.157887
-26.512246,-357.451857,-47.142648,0.140451
-56.376845,-167.547707,-92.252489,0.245550
-34.504588,-356.855186,-47.427855,0.184101
-55.972436,-167.341572,-94.399673,0.250653
-36.710328,-356.657792,-49.184697,0.187276
-55.227448,-167.086345,-96.367916,0.234968
-38.429620,-356.854504,-51.155233,0.185507
-54.070467,-166.667146,-98.244328,0.205356
-39.694762,-357.478638,-53.131455,0.198142
-52.539738,-166.124468,-99.795553,0.232571
-20.985183,-362.160595,-48.784202,0.149103
-50.889591,-165.641081,-101.026489,0.204661
-50.696808,-163.654041,-102.039091,0.228481
-19.124965,-362.977417,-51.002468,0.154394
-50.312607,-162.053645,-103.010981,0.242802
-49.573825,-160.829001,-103.899265,0.188265
-17.899824,-363.505696,-53.363760,0.164141
-48.534814,-159.807103,-104.743901,0.231616
-47.419252,-158.713107,-105.484807,0.228394
-17.184172,-363.849734,-55.291279,0.159233
-16.506016,-362.745153,-56.762177,0.150211
-32.271584,-150.759290,-71.862724,0.198459
-32.150808,-152.368641,-73.333180,0.267097
-17.354919,-361.752158,-54.706614,0.165806
-32.399912,-149.128179,-69.909460,0.214485
-18.515742,-360.914399,-52.447999,0.179819
-55.990458,-168.340638,-90.158226,0.250562
-20.269308,-360.161709,-50.247449,0.168783
-55.356967,-168.782557,-88.297256,0.266237
-54.769215,-168.943867,-86.779535,0.256186
-22.427538,-359.549857,-48.385446,0.144295
-53.800534,-169.748083,-85.568708,0.274013
-51.995546,-170.823412,-82.132164,0.254702
-52.856358,-170.721574,-84.197507,0.283177
-30.084889,-355.978808,-47.276754,0.168297
-50.697636,-170.777030,-79.570350,0.209441
-28.084478,-356.270428,-47.394178,0.156175
-32.526781,-355.694026,-47.809154,0.169232
-48.665653,-170.300496,-77.588443,0.234681
-34.731830,-355.371269,-49.157485,0.172999
-46.172834,-169.410346,-76.620005,0.253102
-36.563717,-355.349462,-51.017550,0.176592
-43.713409,-168.256127,-76.591600,0.243002
-38.099168,-355.784046,-53.063588,0.184957
-41.419665,-166.831491,-76.925432,0.309859
-24.345265,-357.365044,-48.306100,0.154711
-39.192884,-165.144887,-77.417443,0.285744
-26.428177,-355.759519,-48.196343,0.151758
-36.928511,-163.164511,-77.621290,0.249080
-21.956968,-357.621307,-49.911416,0.166180
-34.820369,-160.873518,-77.303000,0.288816
-24.083985,-355.190101,-49.772836,0.168794
-33.090845,-158.377060,-76.533781,0.337166
-19.659411,-358.248608,-51.836811,0.181544
-31.828924,-155.805699,-75.558939,0.226720
-18.052110,-359.185347,-54.125493,0.198426
-31.028205,-153.420686,-74.442398,0.249471
-16.773330,-360.266963,-56.371360,0.186818
-30.589734,-151.432151,-73.013568,0.234772
-15.977292,-361.469664,-58.518441,0.174595
-30.444560,-149.736768,-71.214848,0.242025
-15.641923,-362.563118,-60.218668,0.171980
-15.362861,-362.610419,-61.976743,0.160343
-49.103314,-163.457983,-102.802972,0.231935
-15.099246,-362.716191,-64.003661,0.150975
-48.924378,-162.134449,-103.477624,0.186973
-14.925968,-362.737031,-66.041795,0.167351
-47.931916,-161.389810,-104.130246,0.202946
-46.709559,-160.384610,-104.897663,0.229062
-15.005276,-362.692447,-68.259383,0.171651
-45.466110,-159.137137,-105.705472,0.237486
-47.635379,-163.032936,-103.470556,0.222279
-14.901992,-361.791819,-70.087038,0.158274
-46.169823,-162.248093,-104.168255,0.252010
-15.543945,-360.505204,-60.631369,0.184556
-44.581745,-161.085445,-104.840568,0.224439
-15.172466,-360.861658,-62.921074,0.178083
-44.242125,-157.547683,-106.486312,0.249117
-14.950552,-360.937476,-64.927643,0.183732
-14.813862,-360.948234,-66.891326,0.179908
-43.062124,-159.537262,-105.501923,0.263517
-14.754587,-360.872782,-68.562743,0.186279
-55.443905,-169.444218,-91.581508,0.296341
-16.299664,-359.020103,-58.291613,0.198087
-55.577165,-168.793635,-93.257959,0.252823
-55.118234,-168.969665,-94.881912,0.249050
-17.546602,-357.742930,-56.002716,0.204933
-54.952613,-170.016448,-89.624660,0.303987
-19.115397,-356.660532,-53.696300,0.194756
-54.198721,-170.384229,-87.545588,0.289016
-21.242069,-355.843119,-51.596290,0.180812
-53.084527,-171.430051,-85.912111,0.289072
-14.725706,-360.903023,-71.775051,0.151775
-54.222325,-168.950314,-96.847695,0.185025
-14.713751,-359.762218,-69.783914,0.171133
-52.818063,-168.566792,-98.632950,0.189206
-14.376582,-360.121439,-73.682268,0.175078
-51.848736,-172.545965,-84.029734,0.312721
-28.690731,-354.902343,-48.210165,0.166610
-50.725855,-172.625685,-81.213434,0.268187
-31.004320,-354.505411,-48.437842,0.183210
-49.149680,-172.369301,-78.811816,0.271274
-32.983225,-354.498716,-49.151537,0.184654
-46.661245,-171.671662,-77.244997,0.275129
-26.980883,-353.964805,-49.238825,0.166253
-44.100958,-170.465604,-77.076118,0.191919
-25.265714,-352.926649,-50.601042,0.182052
-22.677885,-353.638534,-51.712970,0.180644
-41.708296,-169.088488,-77.332340,0.268533
-34.425231,-353.892956,-50.834038,0.188180
-39.332165,-167.510046,-77.705249,0.369706
-36.279475,-354.215910,-52.891264,0.199408
-36.905146,-165.683408,-78.015762,0.246073
-29.514586,-353.362378,-49.283559,0.190637
-34.162608,-163.490564,-78.173285,0.280106
-31.959084,-353.300090,-49.856377,0.207164
-32.217989,-160.570227,-77.533492,0.327879
-27.875366,-352.224363,-50.182298,0.203619
-30.421550,-157.635586,-76.908483,0.298090
-30.480768,-351.929203,-50.547700,0.233943
-29.758655,-154.629170,-75.827481,0.265225
-32.904801,-352.208535,-51.478832,0.238539
-29.196575,-152.292129,-74.512975,0.270048
-34.731781,-352.865498,-52.649953,0.200114
-28.772648,-150.325954,-72.893167,0.201742
-15.926930,-357.971729,-60.260682,0.219807
-15.418048,-359.144353,-62.025066,0.205400
-51.071320,-167.991054,-100.030879,0.228308
-15.151131,-359.094631,-63.779350,0.212627
-49.292861,-165.199045,-101.990647,0.230798
-14.922358,-359.125464,-65.778824,0.208922
-47.730182,-164.800844,-102.741504,0.228564
-14.779188,-359.266300,-67.783615,0.192075
-49.360409,-167.285866,-101.204417,0.226296
-16.989396,-356.545895,-58.022069,0.218244
-48.029308,-166.470011,-102.041701,0.212717
-45.966749,-164.310742,-103.363455,0.270078
-18.475379,-355.325639,-55.685365,0.205052
-46.347220,-166.463507,-102.543684,0.282879
-20.355419,-354.377082,-53.497110,0.194544
-44.025336,-163.359318,-103.993507,0.292704
-41.802019,-161.857394,-104.345234,0.300672
-15.576864,-357.242504,-62.271052,0.199526
-43.803324,-166.100351,-103.020651,0.297334
-16.422689,-355.553513,-60.148997,0.226051
-41.583754,-164.448953,-103.468129,0.334044
-15.228289,-357.083138,-64.462469,0.224320
-54.891401,-170.321264,-93.143930,0.251573
-14.940983,-357.265619,-66.703195,0.208480
-14.756860,-357.575014,-68.939510,0.226610
-54.517692,-171.151428,-91.155550,0.263165
-15.862343,-354.627524,-62.643497,0.232672
-53.966997,-171.667722,-89.166259,0.282602
-17.771252,-354.146091,-57.734527,0.223651
-53.326003,-171.979988,-87.544597,0.311774
-52.425427,-173.114249,-86.529370,0.278842
-19.458420,-353.057461,-55.408313,0.203745
-54.215707,-170.803468,-95.022091,0.259174
-21.533966,-352.280058,-53.468461,0.202614
-53.012738,-170.842931,-97.008917,0.240179
-23.853516,-351.679221,-52.042456,0.193341
-51.448078,-170.584507,-98.899912,0.222573
-26.329630,-351.123218,-51.280791,0.210044
-17.116087,-353.028171,-59.890624,0.250182
-49.503393,-169.819821,-100.341601,0.247565
-18.642040,-351.810405,-57.423139,0.239056
-47.457361,-168.670735,-101.597461,0.232682
-20.542451,-350.941285,-55.245924,0.242520
-45.055327,-168.576521,-102.207364,0.250744
-22.690734,-350.369711,-53.564680,0.230663
-24.979191,-349.900168,-52.450450,0.223112
-42.545163,-168.791326,-102.357622,0.296269
-40.867155,-166.792617,-102.680605,0.394180
-28.808174,-350.658686,-51.213598,0.249566
-50.445647,-174.443848,-82.843653,0.323264
-27.318100,-349.501629,-51.987619,0.266295
-51.293385,-174.597145,-85.378349,0.291214
-49.203928,-174.273268,-80.395402,0.312639
-31.363710,-350.453778,-52.201175,0.270955
-47.008273,-173.677264,-78.572124,0.265693
-33.767567,-351.444023,-53.408741,0.247466
-44.558558,-172.607580,-77.918398,0.190572
-35.753444,-352.859349,-54.814078,0.220760
-42.092932,-171.322256,-77.832718,0.266221
-37.588994,-354.835719,-55.002300,0.193002
-39.590502,-169.870717,-77.978792,0.315649
-39.218315,-356.586616,-55.079745,0.205400
-37.115987,-168.225366,-78.241226,0.288390
-40.588445,-358.472162,-55.123812,0.233910
-34.693309,-166.464766,-78.540716,0.244740
-41.355283,-360.211909,-55.145757,0.278478
-41.988871,-361.664793,-56.067735,0.159766
-31.283512,-162.653738,-78.480444,0.320893
-32.353001,-165.055689,-78.810857,0.253176
-42.621518,-363.337682,-56.874398,0.099359
-29.851351,-160.194808,-78.175405,0.361253
-43.843184,-364.536999,-57.565716,0.144484
-45.361434,-365.349427,-58.100572,0.143849
-54.012334,-172.106368,-92.900715,0.287346
-46.917515,-366.098741,-58.484761,0.140492
-53.611437,-172.877572,-90.702652,0.277997
-48.410857,-366.856573,-58.831473,0.160851
-53.019747,-173.213753,-88.598358,0.322076
-49.692735,-367.917513,-59.373140,0.168554
-50.699844,-369.345959,-60.135078,0.191115
-53.245488,-172.768007,-94.984336,0.292506
-15.268149,-355.063666,-65.413854,0.238238
-51.785031,-172.841936,-97.106305,0.248502
-14.929826,-355.313515,-67.767060,0.230281
-49.786339,-172.733561,-98.963825,0.220760
-16.623613,-351.792793,-61.952944,0.271290
-15.727127,-352.773929,-64.302525,0.269404
-47.759841,-171.558549,-100.684598,0.229645
-17.894013,-350.553460,-59.474741,0.263468
-45.998789,-170.552470,-101.458913,0.198211
-19.606878,-349.519133,-57.114808,0.261102
-53.225689,-174.053364,-92.566033,0.320341
-21.676157,-348.914050,-55.151637,0.260394
-52.689424,-174.618810,-90.086632,0.329651
-23.864091,-348.574013,-53.745637,0.255803
-52.007218,-174.742808,-87.758737,0.353075
-26.116350,-348.214925,-52.969461,0.285804
-29.372766,-349.408928,-52.198867,0.297010
-43.997127,-170.934913,-101.758421,0.316612
-28.538041,-348.061272,-52.832258,0.330125
-45.600501,-173.112413,-100.843256,0.311867
-51.191178,-371.301222,-60.697008,0.185645
-28.362545,-155.615398,-77.271654,0.239512
-51.216058,-373.458931,-60.937893,0.192086
-28.436731,-157.974115,-78.280172,0.236065
-27.971913,-153.185647,-76.234914,0.258691
-51.014969,-375.588093,-60.900904,0.191366
-27.362297,-151.108792,-74.761380,0.229869
-50.619453,-377.522005,-60.594939,0.165313
-47.710657,-174.177913,-99.657074,0.238408
-49.548422,-378.746659,-61.473059,0.174990
-50.705444,-174.502269,-97.138345,0.251054
-48.296156,-380.050597,-62.024330,0.179569
-46.941975,-381.363225,-62.432558,0.186495
-49.180161,-175.332043,-98.009040,0.262864
-52.209208,-175.044194,-95.000650,0.316423
-45.461222,-382.483010,-62.828951,0.181063
-52.334067,-176.035477,-91.877938,0.355473
-43.802788,-383.294691,-63.131490,0.170297
-42.198648,-383.729540,-63.310927,0.163360
-51.714934,-176.342439,-89.278153,0.340500
-40.747307,-383.227811,-64.155883,0.176216
-50.929633,-176.356075,-86.826627,0.333527
-39.067695,-382.356292,-65.135168,0.167910
-50.079041,-176.243755,-84.367857,0.353662
-37.479475,-381.345201,-66.216359,0.162089
-15.246288,-353.147545,-66.517414,0.254564
-15.622126,-351.441474,-65.470442,0.274352
-49.001296,-176.035161,-81.973472,0.295077
-47.260351,-175.550503,-79.995260,0.325688
-17.239035,-349.252743,-61.511516,0.279486
-16.264568,-350.470490,-63.763297,0.291547
-45.000420,-174.611550,-78.915058,0.255774
-18.710779,-348.149971,-59.145225,0.258244
-42.572637,-173.501544,-78.425944,0.289319
-20.804951,-347.097871,-56.920951,0.271251
-39.966075,-172.226160,-78.333664,0.247897
-22.999240,-347.094091,-55.021150,0.259738
-37.338637,-170.700232,-78.434235,0.314631
-25.046274,-346.898724,-54.006578,0.296577
-34.926200,-168.955256,-78.716352,0.251402
-14.615038,-358.153179,-71.480401,0.187448
-32.802684,-167.345979,-79.046244,0.170004
-31.183680,-166.118436,-79.354113,0.327425
-14.740513,-355.603128,-70.058931,0.254223
-29.135768,-162.161333,-79.224151,0.326657
-30.283590,-164.340814,-79.305034,0.373540
-14.878185,-352.958936,-68.924165,0.261826
-28.086295,-159.960924,-79.355868,0.257558
-27.400468,-158.115831,-79.570965,0.230635
-15.287278,-351.032511,-67.136798,0.248444
-27.034253,-153.977391,-78.124277,0.210975
-27.249988,-156.235436,-78.947491,0.235357
-15.858725,-349.550152,-65.522800,0.260171
-26.458008,-151.789093,-76.972176,0.213535
-16.677196,-347.778678,-63.585294,0.305138
-47.238674,-177.317872,-81.354364,0.274377
-48.693460,-177.838782,-83.449390,0.324384
-17.957934,-346.773587,-61.087230,0.282363
-49.757740,-178.066302,-85.880947,0.365568
-19.490225,-345.899571,-59.042741,0.298970
-21.165729,-344.784655,-57.572325,0.281969
-45.298969,-176.508871,-79.917385,0.294522
-22.741571,-345.388741,-55.983484,0.290410
-43.078391,-175.525177,-79.153811,0.306852
-40.604047,-174.490580,-78.719697,0.310363
-24.247263,-345.757365,-54.894171,0.298693
-27.314891,-346.608074,-53.688596,0.339026
-37.564789,-173.378735,-78.635220,0.331417
-26.044959,-345.255719,-54.438690,0.338873
-34.948344,-171.358594,-78.849015,0.272366
-30.798243,-348.663371,-53.346792,0.316935
-32.812805,-169.564774,-79.260466,0.332908
-32.764184,-349.826508,-54.217818,0.282534
-34.406454,-350.986098,-55.489437,0.224923
-31.007845,-167.859927,-79.626114,0.292619
-37.151934,-354.030891,-57.060145,0.202691
-29.607108,-166.027884,-79.967663,0.304766
-35.737514,-352.187243,-57.279739,0.230140
-38.641860,-355.853398,-57.016900,0.188089
-28.529122,-163.910181,-80.308012,0.403809
-40.041056,-357.679486,-56.985976,0.212731
-27.678984,-161.623520,-80.672309,0.400368
-41.230742,-359.824370,-57.043402,0.286921
-26.972018,-159.335001,-80.782644,0.287507
-26.696164,-157.042651,-80.646360,0.217293
-41.805090,-362.024639,-57.995285,0.179437
-26.562601,-154.717907,-80.153498,0.239631
-42.727739,-363.717709,-58.728909,0.111421
-44.235301,-364.814477,-59.379675,0.138579
-26.140440,-152.439465,-79.333054,0.226601
-45.902909,-365.623705,-59.866135,0.139805
-46.982677,-179.156250,-82.530281,0.330067
-47.526052,-366.396091,-60.217327,0.162576
-48.233583,-179.951790,-84.878328,0.390710
-48.801074,-367.197005,-60.346303,0.185907
-45.350515,-178.353162,-80.913446,0.328270
-49.727236,-368.240351,-61.189626,0.194696
-50.533084,-370.064018,-62.000936,0.183747
-43.410295,-177.427760,-79.833186,0.396781
-41.011659,-360.568982,-59.291139,0.227652
-40.421651,-358.756129,-58.582966,0.223705
-41.304035,-176.484160,-79.178664,0.416876
-39.412266,-357.132413,-58.874038,0.186763
-51.484994,-177.368574,-93.689168,0.360817
-50.528525,-176.444238,-96.152714,0.275608
-41.511323,-362.826879,-59.938642,0.091729
-51.361885,-177.897303,-90.956515,0.356705
-42.974383,-364.232191,-60.667988,0.124663
-50.639275,-178.042011,-88.383598,0.315070
-44.734377,-365.181933,-61.250320,0.150640
-46.509707,-366.009137,-61.646850,0.152924
-48.971213,-177.541831,-97.029924,0.337268
-48.258688,-367.116993,-62.003816,0.163382
-50.150703,-178.619740,-95.119981,0.342650
-49.352433,-368.796527,-63.050250,0.175600
-50.659676,-179.400042,-92.595979,0.387273
-40.027792,-358.871192,-60.687448,0.191847
-50.279898,-179.672241,-89.984750,0.386554
-40.643475,-361.311337,-61.397439,0.217408
-49.468331,-179.805540,-87.498909,0.321984
-41.682443,-363.339459,-62.082761,0.091489
-47.421631,-176.810364,-98.683720,0.272939
-43.475507,-364.617405,-62.746291,0.134879
-46.144409,-175.449695,-99.927635,0.270893
-48.643750,-179.601248,-96.172564,0.243800
-45.370436,-365.668615,-63.131755,0.148107
-47.756648,-178.659655,-97.524918,0.342712
-49.380999,-180.900626,-94.078478,0.353021
-46.943699,-366.546403,-63.154367,0.153750
-49.700599,-181.293084,-91.417238,0.328919
-48.020278,-367.721862,-64.085619,0.174193
-38.140709,-355.297357,-59.026788,0.191198
-49.155584,-181.463201,-89.046863,0.335389
-48.223136,-181.594988,-86.820966,0.284881
-38.880338,-356.683188,-60.839028,0.168778
-45.099902,-180.181331,-81.726160,0.362276
-40.145527,-359.963140,-63.098781,0.216692
-46.403101,-180.976526,-83.303777,0.418453
-39.136099,-357.940208,-62.741524,0.176837
-47.075389,-181.955061,-84.947471,0.396037
-40.877294,-362.090894,-63.629456,0.201148
-44.684043,-181.975742,-82.276664,0.391395
-45.714037,-182.621272,-83.637497,0.399202
-42.063223,-363.981132,-64.278760,0.114335
-43.437156,-179.324055,-80.442264,0.404175
-44.063084,-365.517967,-65.111515,0.156033
-41.537299,-178.327869,-79.599187,0.299259
-46.252365,-366.626261,-64.750588,0.158830
-43.167184,-181.235497,-81.007527,0.360099
-46.968069,-368.488219,-65.866529,0.168099
-38.982639,-175.724330,-78.852611,0.316293
-50.676489,-372.248914,-62.431614,0.174945
-39.850533,-177.359287,-79.155968,0.306039
-49.832185,-370.939436,-63.785492,0.190055
-41.441331,-180.215752,-79.954606,0.434959
-48.482037,-369.673997,-64.819020,0.179857
-39.260469,-179.054698,-79.252722,0.349561
-50.491073,-374.509557,-62.505859,0.185160
-37.884318,-177.171716,-78.931793,0.390608
-50.097299,-376.716092,-62.187018,0.168479
-36.527138,-175.408732,-78.806829,0.404230
-34.672486,-173.608840,-78.951578,0.282317
-49.678734,-373.266463,-63.969268,0.192859
-32.627174,-171.804675,-79.372115,0.295186
-49.245990,-375.634184,-63.785093,0.180927
-30.744315,-169.967945,-79.886132,0.295837
-48.739843,-377.939252,-63.038520,0.184528
-29.141128,-167.977334,-80.394522,0.348232
-47.314581,-379.324854,-63.521825,0.185397
-28.050170,-165.716934,-81.293633,0.391162
-45.866109,-380.669639,-63.828981,0.175380
-44.264697,-381.751263,-64.129010,0.182596
-27.492440,-163.285338,-82.006824,0.356501
-42.513662,-382.494459,-64.228659,0.175674
-26.960381,-160.756023,-82.383214,0.310233
-40.951381,-381.633910,-65.060117,0.171219
-26.490704,-158.199936,-82.420264,0.316096
-39.341194,-380.753450,-65.956173,0.171791
-26.342973,-155.688472,-82.151572,0.249121
-48.432256,-371.943474,-65.140571,0.173060
-26.138556,-153.252781,-81.615705,0.235969
-46.922850,-370.698654,-66.170626,0.157062
-34.286820,-175.624929,-79.043701,0.276362
-45.408674,-369.432004,-67.182787,0.179569
-35.913427,-176.889654,-78.899370,0.335335
-45.213124,-367.270238,-66.604981,0.172993
-32.350282,-174.000425,-79.454983,0.296552
-48.087428,-374.326842,-65.043764,0.174572
-30.440898,-172.166666,-80.048803,0.333570
-47.505665,-376.924502,-64.609169,0.190295
-28.717517,-170.133059,-80.839603,0.353615
-46.632224,-373.017824,-66.003118,0.143660
-27.588861,-167.762983,-82.052518,0.397875
-46.325761,-375.260305,-65.684857,0.172042
-27.208824,-165.122146,-83.279161,0.454149
-44.814265,-371.831785,-67.109946,0.183065
-27.156692,-162.338465,-83.988515,0.406871
-44.775416,-374.184172,-66.493977,0.167306
-26.926840,-159.537699,-84.231807,0.318818
-46.019487,-378.685694,-64.735219,0.195572
-26.669074,-156.838499,-84.154928,0.318503
-45.879393,-377.013517,-65.385989,0.181554
-26.430867,-154.277829,-83.831083,0.275250
-44.618889,-376.192022,-66.008464,0.187801
-44.493015,-379.936321,-64.933163,0.189876
-36.606094,-178.518723,-78.970115,0.385033
-42.763018,-380.874382,-65.040075,0.176577
-34.313285,-177.568204,-79.148975,0.309791
-44.530545,-378.058223,-65.527927,0.184798
-32.187715,-176.144593,-79.517755,0.299945
-30.175535,-174.416621,-80.162647,0.257259
-42.892167,-379.083269,-65.672599,0.163616
-41.122335,-379.972748,-65.825193,0.174943
-28.416887,-172.405581,-81.147894,0.386169
-42.986844,-377.286790,-66.209653,0.168176
-27.245353,-170.070492,-82.800889,0.465073
-41.266481,-378.237429,-66.505470,0.141798
-27.008501,-167.370779,-84.441979,0.407637
-39.465162,-379.127811,-66.731803,0.149548
-27.372082,-164.259342,-85.759894,0.414115
-38.021679,-379.999658,-66.855961,0.179157
-27.545495,-161.026604,-85.941492,0.316339
-36.372905,-380.182098,-67.625816,0.199025
-34.301729,-380.468782,-68.850402,0.235235
-27.451845,-158.163956,-85.985061,0.343770
-43.028324,-375.494185,-66.799938,0.160477
-27.224704,-155.490466,-85.872361,0.302250
-41.579487,-376.653073,-66.951972,0.182508
-37.363334,-180.539901,-79.135516,0.412150
-42.990071,-373.618764,-67.591478,0.159578
-39.574094,-180.986649,-79.580600,0.373534
-41.020970,-182.174372,-80.302655,0.392298
-42.958160,-371.987925,-68.372118,0.206472
-43.664395,-370.298703,-68.312904,0.222706
-38.253888,-182.803212,-79.562121,0.375478
-44.001895,-368.327002,-68.206007,0.198550
-41.195931,-375.227181,-67.902438,0.207009
-34.739705,-179.648339,-79.158828,0.418725
-41.075508,-373.343024,-69.392386,0.198244
-35.272134,-181.858833,-79.250381,0.416722
-39.616456,-377.175537,-67.765741,0.154734
-32.273985,-178.340992,-79.508486,0.403386
-37.708253,-378.732657,-67.915104,0.192946
-30.040955,-176.685648,-80.197868,0.280744
-39.188919,-375.479736,-69.544790,0.202764
-28.110974,-174.759612,-81.389830,0.432216
-37.380379,-377.237956,-69.489139,0.190806
-27.017971,-172.556596,-83.208104,0.527456
-26.957130,-169.971507,-85.477907,0.445539
-35.768412,-378.889309,-69.333467,0.174361
-27.420247,-166.916580,-86.762453,0.393322
-32.012645,-380.884042,-70.277941,0.228026
-33.711791,-379.378178,-70.914486,0.176879
-32.556170,-180.623632,-79.450636,0.368509
-29.706857,-381.559965,-71.855089,0.168883
-30.059773,-179.036430,-80.116910,0.323540
-27.442288,-382.062915,-73.372956,0.169340
-27.994350,-177.183952,-81.458783,0.399956
-25.401634,-382.207022,-74.766113,0.167103
-26.842994,-175.109623,-83.446018,0.598458
-23.665780,-382.183041,-76.159524,0.154632
-26.763556,-172.868362,-85.608130,0.424280
-22.127034,-382.141691,-77.600071,0.148692
-20.726549,-382.204140,-79.116471,0.139809
-27.732342,-168.882139,-87.936823,0.361779
-31.671059,-380.365164,-72.680543,0.164813
-27.277415,-171.098445,-87.242961,0.383344
-28.187210,-162.396201,-87.668264,0.368768
-29.554452,-381.528552,-74.192560,0.178790
-28.017481,-164.730318,-87.679165,0.375255
-28.285791,-159.597694,-87.740498,0.327925
-27.407508,-382.196420,-75.467094,0.154450
-28.195896,-156.860748,-87.755606,0.298068
-25.543208,-382.458793,-76.696438,0.162405
-23.949261,-382.571156,-77.980306,0.145370
-28.342648,-166.327184,-88.733933,0.265258
-22.505186,-382.727296,-79.304940,0.140030
-28.808331,-163.786525,-89.212568,0.337227
-35.407739,-377.816414,-71.343555,0.173287
-29.074013,-161.121359,-89.428627,0.265131
-37.138776,-376.095170,-71.525274,0.196982
-29.130645,-158.404477,-89.578623,0.268238
-38.903015,-374.243788,-71.578169,0.204133
-42.806310,-183.390432,-81.487093,0.417093
-44.431084,-183.406229,-82.747328,0.396776
-33.566922,-378.944145,-73.318806,0.152844
-40.333545,-184.306850,-80.465315,0.477805
-35.414361,-377.342367,-73.725182,0.166503
-35.597066,-184.146148,-79.362455,0.397589
-37.912249,-185.283293,-79.855754,0.393925
-37.114580,-375.421660,-73.896564,0.168426
-32.897167,-183.009625,-79.395390,0.446391
-31.669810,-380.605417,-75.311464,0.188811
-30.185013,-181.493274,-79.974360,0.422060
-29.336389,-382.026250,-76.389404,0.171074
-27.975596,-179.641229,-81.401152,0.459468
-27.341409,-382.563953,-77.449310,0.151759
-26.727257,-177.676872,-83.493333,0.485550
-25.663499,-382.842512,-78.500073,0.156081
-24.228209,-383.096291,-79.719120,0.139951
-26.637263,-175.543879,-86.186421,0.401900
-33.910112,-379.090043,-75.652494,0.139677
-27.352194,-172.999073,-87.846283,0.358739
-35.937023,-377.502223,-76.324627,0.184977
-28.111839,-170.702901,-89.024504,0.370306
-40.396746,-372.309070,-71.642858,0.229354
-28.720121,-168.171304,-89.933319,0.357069
-42.032651,-371.209055,-69.785942,0.230344
-42.658114,-369.290371,-69.767586,0.252240
-29.349273,-165.505604,-90.569689,0.334993
-38.753450,-373.479190,-73.903146,0.163123
-29.784637,-162.801970,-90.994739,0.320346
-41.329757,-370.309410,-71.584861,0.267630
-30.024082,-160.097190,-91.298543,0.346742
-40.085953,-371.436238,-73.790325,0.243177
-45.111627,-184.148727,-83.843327,0.463323
-46.221727,-183.327907,-84.804260,0.416604
-37.639419,-375.214385,-76.209041,0.187135
-47.042847,-183.288635,-86.236258,0.313749
-47.921333,-183.226979,-88.163380,0.299698
-39.085052,-372.966841,-76.504663,0.154910
-48.642544,-183.125649,-90.307071,0.368720
-19.696468,-382.365420,-80.774144,0.150266
-21.293178,-382.808544,-80.483634,0.152596
-48.818776,-182.855948,-92.539935,0.408748
-18.074983,-381.754943,-81.127476,0.155561
-43.625784,-184.885992,-82.675884,0.434643
-22.734567,-383.338438,-81.012647,0.155261
-20.843376,-383.237458,-82.206626,0.153266
-41.803379,-185.619870,-81.512192,0.357525
-39.720963,-186.530562,-80.614703,0.449470
-18.782343,-382.508732,-82.427448,0.155732
-16.904453,-381.560693,-82.486325,0.163200
-35.656908,-186.323942,-79.500617,0.404443
-37.577927,-187.483862,-80.015387,0.347882
-15.105867,-380.107061,-82.089076,0.188422
-33.349736,-185.307309,-79.367330,0.368462
-13.736369,-378.282698,-81.499712,0.156323
-30.400218,-184.263116,-79.884600,0.468855
-12.788364,-376.413172,-80.997926,0.149261
-27.971237,-182.176248,-81.265288,0.509425
-12.117515,-374.473758,-80.603384,0.149164
-26.643290,-180.220992,-83.394861,0.461820
-11.804473,-372.297921,-80.495151,0.164573
-26.371181,-178.329142,-85.844467,0.360421
-11.915305,-369.755980,-80.355870,0.157892
-27.507150,-174.994511,-88.702999,0.290798
-12.510908,-367.165482,-79.834010,0.119822
-26.814622,-176.917956,-87.744763,0.378109
-28.403954,-172.727413,-89.887685,0.308451
-13.257602,-364.892424,-79.054134,0.118302
-29.158068,-170.195715,-91.043597,0.299330
-13.292016,-362.775401,-78.011350,0.156477
-29.826396,-167.439918,-91.930960,0.312011
-13.921862,-359.170685,-75.574903,0.170559
-13.339336,-360.453164,-77.340003,0.173526
-30.072951,-346.753708,-54.350057,0.382166
-30.407480,-164.637562,-92.481649,0.336172
-32.151436,-348.266549,-55.217630,0.319937
-30.797821,-161.947145,-92.916750,0.360321
-33.492435,-349.557519,-55.921646,0.296559
-45.866374,-184.714155,-85.313656,0.382867
-28.434990,-345.080764,-54.683664,0.393715
-46.662793,-184.998995,-87.158833,0.370945
-24.667847,-344.225485,-55.369147,0.315995
-47.475776,-185.018168,-89.261733,0.434416
-23.067479,-343.426970,-56.556399,0.318903
-44.489701,-185.862828,-84.044299,0.460783
-27.034230,-343.626858,-55.198785,0.407962
-42.897438,-186.830897,-82.706889,0.421764
-25.413825,-342.382413,-55.934316,0.391271
-41.088953,-187.756569,-81.588806,0.433271
-21.510398,-342.742591,-58.037542,0.316184
-47.976685,-184.754263,-91.426364,0.453051
-20.112148,-344.087802,-59.022981,0.306443
-18.836282,-344.465543,-60.526944,0.299519
-45.306148,-186.587501,-85.773014,0.429391
-23.660216,-341.312657,-56.975518,0.372497
-46.085399,-187.179056,-88.013316,0.401996
-17.530514,-345.022665,-62.579725,0.313548
-47.046715,-186.726652,-90.341607,0.426087
-20.039910,-342.418766,-59.691759,0.311796
-43.778561,-187.831705,-84.185887,0.440198
-18.569421,-342.519420,-61.589834,0.325748
-42.156385,-188.865570,-82.756569,0.428241
-21.876632,-340.531900,-58.489879,0.346938
-44.540472,-188.707904,-85.978844,0.440091
-20.079535,-340.165988,-60.337492,0.330199
-43.040488,-189.897740,-84.165643,0.474548
-43.513008,-366.370237,-67.529567,0.187634
-45.133298,-189.647483,-87.887446,0.388059
-46.173941,-188.472541,-89.509417,0.372523
-42.711443,-367.363540,-69.437187,0.222423
-43.792103,-190.941539,-85.850922,0.482566
-42.210970,-364.755191,-66.568204,0.147866
-39.186663,-188.709610,-80.712335,0.311319
-41.687692,-368.331551,-71.273092,0.266793
-40.452574,-189.861028,-81.619005,0.405425
-40.899956,-369.340460,-73.428301,0.301186
-41.481158,-190.854154,-82.716304,0.443027
-40.913183,-363.067712,-65.839757,0.100891
-42.310586,-191.875247,-83.970489,0.393175
-40.259478,-360.926560,-65.357529,0.199100
-37.220046,-189.574937,-80.085035,0.468922
-38.652150,-190.805172,-80.747514,0.514404
-41.975033,-365.570567,-68.740820,0.176573
-35.433764,-188.353168,-79.596575,0.385138
-41.477732,-366.439911,-70.793770,0.217268
-33.815709,-187.151027,-79.386792,0.414127
-40.978052,-367.283064,-72.912836,0.285167
-31.692805,-186.702381,-79.518148,0.354172
-40.881837,-363.923664,-68.053243,0.106890
-27.843034,-184.705242,-81.154702,0.450600
-29.564822,-186.283778,-80.092687,0.337965
-40.741660,-364.699394,-70.210259,0.137033
-26.510694,-182.767023,-83.270498,0.554799
-40.414968,-365.433779,-72.304286,0.179255
-26.143990,-180.838473,-85.843800,0.468656
-40.169814,-361.956958,-67.569985,0.159130
-26.689634,-178.926981,-88.006316,0.370884
-39.953667,-362.911732,-69.707388,0.125474
-27.633303,-176.958646,-89.502396,0.381486
-39.692490,-363.707098,-71.771986,0.113892
-40.215166,-370.494680,-75.800013,0.244761
-28.605752,-174.828135,-90.714776,0.337297
-40.655461,-368.219935,-75.209593,0.306232
-29.497333,-172.422299,-91.966872,0.315666
-40.183320,-366.106651,-74.442231,0.223156
-30.388201,-169.656186,-93.390882,0.307052
-39.495692,-364.249250,-73.864398,0.120552
-31.005456,-166.566338,-93.935037,0.302839
-39.380206,-358.903753,-64.921708,0.184512
-31.454834,-163.882775,-94.458572,0.297442
-39.483588,-359.920121,-67.157656,0.182854
-32.940336,-188.901018,-79.386619,0.364667
-39.456859,-360.936671,-69.358918,0.180574
-35.177943,-190.377582,-79.651372,0.410067
-39.348073,-361.874127,-71.361514,0.166595
-30.333412,-188.228440,-79.738838,0.311587
-39.067124,-362.382509,-73.306370,0.113798
-27.916569,-187.483740,-80.865853,0.464294
-36.849744,-353.476540,-59.251451,0.185882
-26.349677,-185.370430,-83.044805,0.466189
-34.522062,-350.385934,-57.502021,0.249338
-25.883817,-183.476568,-85.688954,0.473844
-35.601004,-351.616669,-59.525072,0.246782
-26.542301,-181.582511,-88.476797,0.408194
-37.661580,-355.000082,-61.056517,0.210271
-27.638215,-179.109964,-90.153001,0.448649
-38.202754,-356.330020,-62.463356,0.179465
-36.528875,-353.218473,-61.509093,0.199787
-28.678472,-176.953512,-91.483149,0.422301
-37.296876,-355.022526,-63.137272,0.191578
-29.695568,-174.688134,-92.735811,0.418882
-38.172008,-356.890535,-64.517526,0.167619
-30.600792,-172.327084,-93.968823,0.362971
-31.625314,-168.278865,-95.401053,0.264905
-38.589004,-358.018578,-66.696408,0.148356
-31.334676,-170.448563,-95.065427,0.335418
-38.651080,-358.801193,-69.073352,0.173294
-32.111320,-165.778946,-95.908409,0.356156
-38.874883,-360.055302,-71.135658,0.162010
-39.882375,-191.837508,-81.677533,0.359113
-40.981313,-192.448970,-82.683585,0.430094
-38.926194,-360.894864,-72.662909,0.179409
-36.909042,-191.331471,-80.131076,0.505363
-33.296384,-348.585359,-57.287066,0.283291
-47.898867,-184.344363,-93.436863,0.352613
-48.447658,-182.677294,-94.274111,0.375041
-34.385218,-349.608299,-59.478235,0.245875
-48.098639,-181.658111,-95.714041,0.222762
-47.216691,-186.358007,-92.444193,0.399219
-31.831765,-346.767628,-56.484683,0.327516
-46.512213,-188.381323,-91.331795,0.403299
-30.340572,-345.380318,-55.716944,0.422015
-29.468866,-343.834445,-56.081584,0.428164
-45.642548,-190.228861,-89.889087,0.447985
-28.221843,-342.158209,-56.456736,0.460495
-44.399810,-192.097920,-87.963154,0.394386
-35.342944,-351.063454,-62.063078,0.221955
-43.019824,-193.097011,-85.453267,0.442071
-26.599764,-340.482273,-56.764487,0.456717
-41.477382,-193.679129,-83.533664,0.391182
-24.600691,-339.061311,-57.492406,0.414015
-39.846144,-193.673702,-82.024980,0.380782
-22.411672,-337.831078,-58.961107,0.396220
-37.916313,-192.951224,-80.670564,0.502190
-36.279073,-353.339088,-63.900922,0.209680
-35.377390,-192.473606,-79.774134,0.523616
-37.083498,-355.219243,-65.277178,0.160829
-47.487074,-183.681939,-95.217827,0.282339
-37.754136,-356.566508,-66.396041,0.167050
-46.896367,-185.799160,-94.420927,0.250735
-37.843546,-357.049002,-68.097512,0.179249
-37.029980,-355.510787,-67.340389,0.160117
-46.397665,-188.043630,-93.429009,0.328172
-36.176621,-353.763902,-66.306278,0.193971
-45.781297,-190.220669,-92.072001,0.378411
-33.040815,-347.268939,-59.130305,0.319831
-45.100317,-192.198745,-90.473472,0.377127
-34.219518,-348.876452,-61.239095,0.257191
-43.441033,-194.439341,-87.097747,0.424218
-44.315275,-193.762639,-89.060954,0.308274
-35.348048,-351.630982,-65.003759,0.224212
-42.099985,-195.122781,-84.850536,0.375147
-34.519401,-349.320330,-63.515518,0.280019
-40.385538,-195.392698,-82.890465,0.367622
-31.364981,-345.110031,-57.524368,0.369130
-38.384368,-195.192543,-81.291832,0.423396
-30.560844,-343.107213,-58.049750,0.452432
-36.014217,-194.635327,-80.019803,0.460823
-29.475239,-340.908018,-58.169625,0.457362
-33.076872,-191.274264,-79.388010,0.423397
-27.953957,-338.732315,-58.104552,0.457677
-31.216482,-190.061069,-79.481392,0.374771
-33.121111,-193.743457,-79.386605,0.454727
-26.160965,-336.793275,-58.423530,0.490110
-30.881870,-191.872753,-79.472243,0.395444
-32.239650,-345.017725,-60.000174,0.368058
-29.247565,-189.973835,-79.994360,0.361724
-33.538286,-347.161645,-61.819740,0.298554
-31.504193,-342.613120,-60.910689,0.377135
-26.133174,-187.946201,-82.916322,0.524554
-30.270930,-339.789541,-60.497169,0.454978
-27.223360,-190.027860,-81.165667,0.500410
-25.577412,-186.068793,-85.311058,0.515502
-29.042516,-337.356180,-60.106919,0.442806
-25.917630,-184.468329,-87.890530,0.375456
-32.900099,-345.227328,-62.630114,0.295314
-27.757931,-181.170874,-91.011577,0.270646
-26.957418,-183.359403,-90.199965,0.269885
-33.842604,-347.398518,-64.326367,0.298503
-28.739828,-179.085409,-92.239496,0.419288
-31.027963,-381.773018,-77.576684,0.192770
-29.796924,-176.890140,-93.513765,0.416751
-32.725722,-380.602131,-77.058979,0.171104
-29.040594,-382.611835,-78.410775,0.142740
-30.839134,-174.549083,-94.740174,0.399711
-27.218420,-383.028941,-79.271874,0.146722
-31.731043,-172.199874,-95.806164,0.372054
-25.747884,-383.277286,-80.003725,0.131417
-24.764286,-383.709666,-81.548384,0.147351
-32.361384,-169.924997,-96.598123,0.391341
-22.883443,-383.927380,-82.890596,0.166183
-32.864982,-167.629244,-97.196032,0.311849
-19.588208,-383.178975,-83.695236,0.159791
-46.725892,-182.623015,-96.712582,0.288790
-21.192469,-383.847829,-84.232003,0.153841
-47.283378,-180.483632,-97.157089,0.281216
-17.884720,-382.524113,-84.118831,0.170956
-46.462312,-179.104532,-98.415615,0.295928
-46.180519,-184.915285,-96.173963,0.301647
-34.366485,-379.861889,-77.724267,0.177762
-45.759277,-187.424976,-95.461058,0.377429
-32.655175,-381.518489,-78.719354,0.177228
-45.407162,-189.965810,-94.286330,0.268320
-30.705085,-382.607833,-79.522985,0.164675
-45.000406,-192.219023,-92.679593,0.363546
-28.727726,-383.209597,-80.309938,0.134860
-26.854499,-383.587629,-81.013599,0.147086
-44.508618,-194.143589,-90.883199,0.374607
-36.177003,-379.013729,-78.679014,0.156315
-43.740111,-195.575568,-88.822050,0.376340
-37.190200,-376.986522,-77.893672,0.178731
-38.399488,-375.472266,-78.337424,0.175055
-42.618237,-196.517187,-86.507563,0.385363
-37.865004,-377.859413,-79.551548,0.155224
-41.080941,-197.053278,-84.180608,0.401501
-34.543484,-381.082145,-79.703980,0.170610
-39.119611,-197.134140,-82.164906,0.441691
-36.744833,-380.401325,-80.841580,0.167675
-36.809075,-196.775874,-80.572207,0.382885
-32.477202,-382.523154,-80.638701,0.169610
-34.258613,-196.120975,-79.578720,0.421060
-30.351650,-383.342441,-81.456073,0.168362
-45.524628,-177.528828,-99.579066,0.370298
-28.341503,-383.871653,-82.159155,0.151635
-44.327866,-175.701039,-100.500635,0.312714
-26.360184,-384.111926,-82.802102,0.144347
-43.022742,-173.502891,-101.327454,0.334939
-24.606663,-384.203589,-83.385905,0.146803
-34.411556,-382.295350,-81.782001,0.178415
-41.543319,-171.208923,-101.851028,0.359041
-32.125358,-383.384145,-82.638124,0.156201
-45.849946,-181.359786,-98.091511,0.354813
-29.936364,-384.052488,-83.373573,0.155254
-44.853684,-179.908222,-99.266890,0.343021
-45.244538,-183.734514,-97.680971,0.358347
-27.849383,-384.408489,-84.049815,0.156637
-44.676249,-186.341781,-97.216882,0.382501
-25.739875,-384.522391,-84.635691,0.159911
-44.134649,-189.446286,-96.546197,0.390255
-23.385778,-384.402407,-84.985577,0.151979
-44.347071,-192.163531,-94.853273,0.345465
-15.530940,-381.240763,-84.460810,0.185481
-44.269844,-194.400220,-93.029373,0.319312
-13.558302,-379.197316,-83.518249,0.158670
-43.889723,-196.280823,-90.911697,0.428271
-12.498714,-377.181020,-82.831329,0.150392
-43.020576,-197.751256,-88.462499,0.470150
-11.798347,-375.218989,-82.311379,0.169612
-41.721320,-198.649867,-85.835730,0.426175
-11.546234,-373.383606,-81.899241,0.173561
-11.318851,-371.122435,-82.548063,0.176844
-39.920807,-198.957119,-83.385731,0.458286
-11.828952,-367.634870,-82.260918,0.153493
-37.698279,-198.826541,-81.370623,0.489937
-12.606651,-364.991762,-81.067624,0.126327
-35.100718,-198.326781,-79.886077,0.496909
-12.556833,-363.026389,-79.909252,0.168080
-43.617431,-178.258288,-100.159675,0.312664
-12.602891,-361.123823,-79.029534,0.177022
-41.830848,-176.334730,-100.906872,0.315257
-39.647366,-373.791501,-79.034796,0.146211
-40.500693,-173.627128,-101.409974,0.384279
-39.993633,-371.707283,-77.836863,0.202969
-39.312449,-376.292666,-80.247848,0.158870
-44.185563,-182.339324,-98.921555,0.368729
-38.822107,-378.774642,-81.278724,0.151768
-43.033165,-180.771112,-99.855391,0.400852
-43.457795,-184.914697,-98.613527,0.473401
-36.325107,-382.043093,-83.051933,0.161103
-38.067317,-380.662319,-82.411408,0.166987
-41.681944,-179.226841,-100.501941,0.305176
-33.999449,-383.325232,-83.920109,0.155835
-42.213328,-183.294105,-99.561603,0.367632
-31.647668,-384.211017,-84.620628,0.144100
-41.096880,-181.576126,-100.243029,0.384413
-29.434752,-384.630240,-85.306439,0.161278
-42.795619,-187.668454,-98.313639,0.511376
-27.271896,-384.804431,-85.998673,0.168738
-25.020529,-384.784996,-86.526733,0.166674
-43.074639,-192.312067,-96.733294,0.417690
-42.101801,-190.341324,-98.113157,0.486911
-40.651107,-369.421945,-77.828911,0.284629
-43.543279,-194.560770,-95.139152,0.343342
-40.723129,-372.000196,-79.674329,0.168502
-41.028551,-186.123415,-99.436175,0.460686
-40.658696,-374.587711,-80.963752,0.158261
-40.634681,-188.816607,-99.125470,0.406450
-40.327111,-377.234414,-82.047093,0.161664
-42.220894,-194.740033,-96.946270,0.409410
-41.327072,-192.751871,-98.098861,0.421044
-39.671358,-379.703324,-83.028926,0.168947
-43.597617,-196.716043,-93.176757,0.364351
-38.221269,-381.570336,-84.119322,0.160311
-43.200543,-198.593734,-90.805199,0.424760
-36.096493,-383.198856,-85.381324,0.162810
-42.220959,-200.293652,-87.964771,0.447281
-33.399858,-384.269401,-85.976038,0.145756
-40.661664,-200.745208,-84.869453,0.573054
-31.045267,-384.798648,-86.590778,0.162011
-38.605599,-200.811699,-82.457145,0.529068
-28.899356,-385.007354,-87.232938,0.164619
-36.087635,-200.522083,-80.594198,0.429403
-26.666295,-385.043075,-88.201876,0.161400
-42.719726,-196.923773,-95.369937,0.400002
-21.348733,-384.192624,-86.181202,0.156498
-23.080532,-384.621595,-86.857769,0.162482
-42.854277,-199.055327,-93.332931,0.387354
-19.445014,-383.465248,-85.328520,0.161432
-24.059472,-384.820111,-88.330363,0.167641
-42.634077,-200.913910,-90.869806,0.392235
-21.763316,-384.451313,-88.081503,0.159400
-39.907811,-178.204855,-100.777981,0.346632
-39.210931,-175.838565,-100.993332,0.459243
-19.576056,-383.703432,-87.345413,0.158548
-40.101565,-180.188085,-100.562673,0.354704
-41.080064,-202.503964,-86.398423,0.443196
-17.517363,-382.647231,-86.185832,0.169573
-41.992345,-202.238565,-88.771620,0.453105
-39.409346,-202.703245,-83.796543,0.574416
-16.547263,-345.546409,-64.763581,0.303282
-37.165111,-202.598825,-81.562216,0.543153
-16.030595,-347.589130,-65.634000,0.299874
-17.270487,-342.963804,-63.729631,0.304556
-39.960611,-183.921776,-100.020225,0.404548
-39.070491,-181.993941,-100.397673,0.390467
-15.468808,-348.644923,-67.190289,0.300798
-30.440271,-193.962164,-79.447067,0.450282
-18.361552,-340.075777,-62.591982,0.330323
-32.052556,-195.499754,-79.260751,0.515339
-28.676164,-192.103493,-80.094357,0.371930
-15.785591,-346.166477,-66.767621,0.323272
-16.302332,-343.604563,-65.900311,0.326260
-32.434395,-197.398076,-79.231814,0.405335
-16.949245,-341.029422,-64.877757,0.347725
-30.122972,-196.025689,-79.388401,0.403745
-20.133524,-337.789238,-60.912786,0.365613
-28.233947,-194.298874,-80.118662,0.357864
-18.700309,-337.353275,-62.738634,0.353949
-26.736814,-192.352986,-81.331908,0.439857
-17.588289,-338.897223,-64.144122,0.357988
-14.981133,-350.009709,-68.987689,0.318188
-25.754614,-190.375264,-82.958129,0.438295
-15.184631,-347.168811,-68.725598,0.319128
-25.258809,-188.562980,-84.992385,0.347512
-32.951078,-199.903681,-79.242141,0.446952
-15.523231,-344.317868,-68.023563,0.268831
-34.558080,-202.205549,-79.934522,0.567530
-16.019256,-341.613762,-67.005449,0.306918
-30.112169,-198.232815,-79.254593,0.491382
-16.664347,-339.150654,-65.896772,0.336883
-27.873569,-196.539325,-80.102587,0.455607
-17.554529,-336.973339,-64.624624,0.367545
-26.201192,-194.630299,-81.486192,0.449710
-24.038574,-335.236745,-59.011688,0.454046
-21.737035,-336.014692,-59.949545,0.404633
-25.192185,-192.676404,-83.113297,0.476101
-27.469245,-335.130832,-59.855239,0.482457
-24.773851,-190.902439,-84.973865,0.381804
-20.294206,-335.538121,-61.301902,0.388195
-25.444289,-187.003715,-87.388133,0.477813
-22.349205,-334.028206,-60.104363,0.440313
-25.006188,-189.415006,-87.004050,0.399385
-25.495938,-332.947881,-59.985305,0.503138
-29.985711,-200.486200,-79.188090,0.406599
-32.134429,-201.861378,-79.167701,0.462382
-18.853457,-334.991288,-63.051306,0.401366
-27.643959,-198.829611,-80.034363,0.391030
-20.632470,-333.290668,-61.517993,0.380673
-25.527852,-197.055148,-81.774252,0.460189
-22.878663,-331.948896,-60.490587,0.483848
-24.639049,-194.841334,-83.517756,0.321242
-14.635165,-351.403819,-70.876390,0.304825
-24.262614,-193.131938,-85.230291,0.373429
-14.672559,-353.745899,-70.960317,0.253244
-14.574861,-355.479264,-72.201305,0.215688
-24.618573,-191.670760,-87.014592,0.313661
-25.201509,-190.432567,-88.839543,0.355528
-14.302289,-357.403639,-73.812588,0.191173
-25.728052,-188.165819,-89.262034,0.346646
-13.950410,-356.392730,-75.775337,0.184889
-26.299427,-185.733920,-89.801054,0.440069
-13.389872,-357.897720,-77.319867,0.148482
-12.660113,-359.053452,-78.759070,0.178397
-14.513205,-352.891057,-72.630581,0.237365
-28.786905,-181.098857,-92.966267,0.324285
-27.962169,-182.678216,-91.911382,0.391675
-14.311892,-354.656822,-74.209838,0.212100
-29.880679,-179.090848,-94.240954,0.450928
-31.049099,-176.804183,-95.559677,0.392609
-14.709186,-348.437535,-70.742732,0.301550
-32.168241,-174.320433,-96.704413,0.496393
-14.363272,-349.942089,-72.763363,0.340696
-33.024170,-171.836010,-97.604951,0.403661
-14.236737,-351.701504,-74.612458,0.295142
-33.697894,-169.518160,-98.326610,0.354700
-13.948029,-353.529808,-76.212380,0.183726
-27.554934,-184.547420,-91.837076,0.388539
-14.913179,-345.275092,-70.242380,0.327999
-28.731313,-183.087685,-93.446939,0.448336
-14.401944,-346.608879,-72.533245,0.371540
-29.902367,-181.275393,-94.831069,0.514657
-15.295215,-342.219997,-69.274041,0.343960
-31.136207,-179.178948,-96.229825,0.421120
-15.784956,-339.513043,-68.010969,0.320744
-32.713127,-176.761378,-97.706887,0.507094
-16.497571,-337.066135,-66.710226,0.341221
-27.064363,-187.080689,-91.754395,0.401228
-17.488707,-334.487504,-65.252131,0.393440
-26.172416,-189.496729,-90.871259,0.285772
-13.992488,-348.232600,-74.964963,0.299969
-25.629456,-191.588204,-90.468864,0.336916
-13.737033,-350.604213,-76.650206,0.243684
-24.844394,-192.275903,-88.755341,0.281246
-33.756166,-173.911523,-98.589450,0.392272
-13.404656,-355.158825,-77.721951,0.174207
-34.607113,-171.512541,-99.341400,0.422252
-12.681567,-356.596334,-79.159994,0.168643
-13.307153,-352.302658,-78.210868,0.226002
-24.265114,-193.921154,-87.608220,0.237620
-24.001299,-194.938357,-85.549277,0.327534
-14.607051,-342.958505,-71.899043,0.367370
-24.002738,-196.647176,-84.486834,0.342332
-15.100824,-339.896640,-70.319756,0.354270
-23.807435,-196.173568,-87.001159,0.370702
-15.591340,-337.361844,-68.914923,0.320168
-28.511622,-185.242367,-93.695541,0.416342
-16.242894,-335.050080,-67.613246,0.374616
-29.847676,-183.457949,-95.283639,0.493661
-14.097164,-344.722325,-74.302367,0.348720
-31.184045,-181.508204,-96.694612,0.501858
-12.692461,-353.810803,-79.752073,0.190805
-32.622596,-179.487726,-97.941175,0.473964
-11.820323,-355.384555,-81.398469,0.199590
-34.702227,-175.871293,-99.467458,0.427246
-11.927925,-357.947026,-80.353994,0.186127
-33.948974,-177.902428,-98.959665,0.419596
-11.980425,-359.788874,-79.932180,0.188397
-35.709186,-173.583499,-100.143888,0.434585
-11.795816,-361.237292,-80.672213,0.210465
-11.835939,-362.956734,-81.778076,0.183527
-28.319168,-187.422576,-94.017256,0.407026
-11.298581,-359.319556,-81.386429,0.203205
-27.239083,-188.882018,-92.647728,0.419705
-29.761839,-185.683039,-95.609950,0.371150
-10.972562,-360.934581,-82.485635,0.182382
-12.058036,-364.812841,-83.067611,0.142200
-31.265154,-183.798273,-97.063964,0.402313
-11.132577,-362.754430,-83.666208,0.196336
-32.790516,-181.773700,-98.281824,0.440449
-14.527004,-340.062400,-72.582702,0.398043
-14.210510,-342.133523,-73.881232,0.404535
-34.304174,-179.760935,-99.251293,0.470655
-14.948321,-337.598720,-71.163238,0.391978
-35.629010,-177.764852,-99.960639,0.332683
-15.439337,-335.254366,-69.755521,0.338813
-36.840192,-175.674928,-100.517567,0.406008
-13.712868,-345.712464,-76.530443,0.313863
-13.588722,-348.176791,-77.096792,0.268093
-26.765785,-190.703965,-92.412628,0.355880
-13.243742,-349.491054,-78.549187,0.252495
-28.069063,-189.517825,-94.230274,0.397952
-13.316033,-346.732914,-78.550273,0.257049
-29.570794,-187.949675,-95.904414,0.351109
-13.850495,-342.844813,-75.795273,0.335343
-31.277025,-186.106391,-97.405935,0.460624
-14.083159,-340.250283,-74.737022,0.383754
-33.020850,-184.070900,-98.600254,0.463855
-14.392817,-337.809736,-73.399096,0.394703
-34.722755,-181.954993,-99.483530,0.342238
-14.772324,-335.403333,-71.958191,0.388151
-36.288638,-179.857127,-100.136133,0.466405
-13.452426,-343.622873,-78.239370,0.349509
-37.753962,-177.839476,-100.602134,0.427477
-13.707517,-340.718702,-76.953840,0.407680
-26.210481,-192.791095,-92.133969,0.338093
-13.947635,-338.101538,-75.670176,0.436121
-25.055207,-193.557195,-90.052114,0.365524
-27.640102,-191.690035,-94.137210,0.400460
-14.252542,-335.599460,-74.240259,0.450352
-29.258643,-190.256045,-96.043793,0.465374
-19.142299,-332.589796,-63.225520,0.414528
-24.457793,-195.604109,-89.458857,0.392558
-21.049880,-331.042284,-61.666764,0.431505
-25.594234,-194.905675,-91.779662,0.434845
-17.904880,-331.803756,-65.014104,0.414103
-16.851917,-333.122132,-66.635724,0.411389
-27.092705,-193.927736,-93.915810,0.484760
-16.039984,-333.107957,-68.374196,0.394358
-28.847694,-192.663659,-95.910556,0.508655
-15.254166,-333.131927,-70.475993,0.343682
-31.237787,-188.521142,-97.672951,0.484433
-14.624544,-333.208424,-72.722776,0.425720
-33.280922,-186.440217,-98.883217,0.446105
-16.893947,-331.189862,-66.837803,0.387441
-35.206584,-184.213705,-99.637208,0.416168
-15.944036,-330.956760,-68.865607,0.362067
-31.011836,-191.119005,-97.707992,0.459052
-15.148650,-330.901934,-71.104128,0.367168
-33.814374,-189.158634,-99.128122,0.560925
-19.537970,-330.188350,-63.228601,0.419310
-35.810969,-186.467015,-99.729410,0.434995
-18.182438,-329.428032,-65.001788,0.417855
-36.910288,-182.021040,-100.154834,0.451504
-16.950604,-328.829335,-67.026543,0.406510
-38.392808,-179.988422,-100.525685,0.379260
-15.871057,-328.586661,-69.307876,0.419718
-37.581067,-184.166101,-100.071552,0.411368
-12.710340,-350.935649,-80.184661,0.255551
-12.876605,-348.104165,-80.380163,0.280967
-24.210509,-198.679970,-83.258189,0.418154
-13.080071,-345.330505,-80.281664,0.309643
-25.688072,-199.318713,-81.261464,0.420848
-23.553720,-198.199517,-85.991529,0.420344
-23.796722,-197.717591,-88.750875,0.412972
-11.253703,-357.404844,-81.953807,0.215919
-12.114618,-352.388136,-81.847105,0.245044
-24.917902,-197.112833,-91.278533,0.493810
-12.387052,-349.538980,-82.229006,0.282055
-26.438742,-196.209878,-93.608713,0.517044
-12.729263,-346.648671,-82.244479,0.301818
-28.268869,-195.070430,-95.684612,0.493007
-13.416239,-341.042285,-79.171888,0.328698
-30.444910,-193.767197,-97.475446,0.494608
-13.201803,-343.061765,-80.193886,0.349843
-13.611904,-338.489041,-77.968035,0.365202
-33.304743,-192.413040,-98.901799,0.417455
-13.850676,-335.870331,-76.588352,0.461864
-36.889437,-188.379691,-99.723576,0.463739
-35.993831,-190.701348,-99.531416,0.483543
-14.137334,-333.364628,-75.049343,0.502293
-38.408163,-186.206802,-99.914328,0.453070
-14.499185,-330.959494,-73.434756,0.460248
-15.035011,-328.589742,-71.742080,0.425934
-27.186973,-201.263343,-80.037720,0.495996
-12.982273,-343.930327,-81.881920,0.323648
-24.614933,-200.750947,-82.052912,0.420093
-13.217713,-341.467755,-81.231330,0.368160
-23.448348,-200.244416,-84.767620,0.373934
-13.395248,-338.947843,-80.248208,0.380583
-23.305698,-199.748344,-87.651267,0.389041
-13.577615,-336.237263,-79.016517,0.474553
-24.122013,-199.525107,-90.590022,0.533713
-13.776842,-333.582675,-77.499707,0.467684
-25.734672,-198.552717,-93.273439,0.447050
-14.015795,-331.093855,-75.845754,0.497262
-27.639607,-197.503680,-95.482062,0.463144
-14.354028,-328.671694,-74.228034,0.437129
-29.756156,-196.276508,-97.238712,0.549993
-10.461356,-358.509698,-83.419876,0.202197
-32.101308,-195.131988,-98.480558,0.447268
-10.228582,-360.775404,-84.466547,0.196984
-35.876899,-192.865560,-99.393472,0.427158
-34.411231,-194.497204,-99.147161,0.441570
-11.001439,-355.993645,-83.450937,0.220534
-39.085434,-187.878667,-99.663998,0.439937
-38.447791,-189.781067,-99.554371,0.325863
-37.918979,-191.855011,-99.434370,0.350154
-11.504859,-353.655893,-83.540723,0.246541
-11.993117,-351.128292,-83.982491,0.275727
-12.519195,-348.167532,-84.599981,0.288926
-40.048023,-191.098036,-98.989594,0.366088
-12.918708,-345.012135,-83.952000,0.349697
-39.461815,-193.217199,-98.944604,0.368926
-40.555873,-194.900134,-98.173098,0.396468
-13.123951,-342.260634,-83.267402,0.389294
-37.595412,-193.757194,-99.308569,0.248652
-13.328528,-339.632925,-82.460115,0.390350
-36.132670,-194.427560,-99.324638,0.271553
-38.013365,-173.538314,-101.068168,0.427987
-39.025965,-171.344036,-101.572762,0.455198
-38.838913,-195.058723,-98.945667,0.347680
-13.439173,-336.873357,-81.458836,0.417260
-37.219107,-195.430922,-99.211214,0.288765
-36.641064,-171.365939,-100.757550,0.448730
-35.561991,-195.947294,-99.206661,0.305728
-13.554149,-333.785254,-80.250351,0.485437
-33.646655,-196.589911,-98.954396,0.384454
-39.952570,-169.101810,-102.058478,0.432896
-13.726485,-331.212807,-78.277071,0.451242
-31.523192,-197.558393,-98.310958,0.432193
-37.501161,-169.260047,-101.305476,0.425246
-41.348182,-196.874208,-97.209927,0.445364
-13.888329,-328.930978,-76.686025,0.478173
-35.382188,-169.298315,-99.986696,0.460976
-39.706654,-196.697534,-98.388543,0.313295
-11.724718,-352.713390,-85.468142,0.269298
-38.263314,-196.468765,-98.965146,0.369997
-11.161016,-354.674194,-85.205484,0.239579
-36.937266,-197.130016,-99.099224,0.248353
-34.302477,-167.314612,-98.990588,0.372091
-10.487657,-356.650247,-85.376243,0.209720
-35.232920,-197.884705,-99.088006,0.302988
-41.926143,-199.084483,-95.825791,0.421882
-38.309359,-167.137728,-101.904573,0.448387
-9.829856,-358.776650,-85.814310,0.201592
-40.388240,-198.661840,-97.716184,0.295087
-12.374532,-350.659494,-86.159873,0.285523
-36.050992,-167.222768,-100.696635,0.413972
-38.552188,-198.034650,-98.679271,0.260928
-13.309591,-345.971283,-86.187585,0.356479
-13.262419,-348.611083,-87.218957,0.310292
-36.957496,-199.032875,-98.898145,0.326062
-39.135078,-165.057540,-102.623943,0.373505
-13.429700,-343.245895,-85.353776,0.398678
-38.901338,-200.013762,-98.249136,0.394779
-39.809384,-163.280727,-103.431567,0.353944
-13.565517,-340.555000,-84.597176,0.421771
-33.374900,-165.356121,-97.808027,0.331334
-42.181611,-201.596119,-93.817285,0.435888
-13.601110,-337.771626,-83.826063,0.449745
-32.597624,-163.375278,-96.440270,0.332679
-40.886809,-200.876212,-96.810996,0.454625
-13.604860,-334.982731,-82.871363,0.446701
-31.870749,-161.348779,-94.933249,0.324806
-13.611631,-331.054963,-80.575158,0.485015
-42.155401,-203.130257,-90.704610,0.388083
-34.828949,-165.198197,-99.722268,0.359826
-13.606941,-332.733082,-82.106493,0.406483
-13.695483,-329.056978,-78.978340,0.428266
-41.371608,-204.034228,-88.021691,0.385428
-33.857741,-163.161907,-98.494913,0.317384
-38.165704,-358.277044,-71.196394,0.155053
-40.096287,-204.500651,-85.292298,0.447321
-33.023559,-161.050629,-97.060407,0.364137
-37.825418,-357.355710,-69.769379,0.159811
-37.116285,-355.959547,-69.281260,0.175975
-38.113595,-204.589465,-82.742592,0.571842
-36.798443,-165.189661,-101.397821,0.432221
-36.211346,-354.301739,-68.559768,0.154849
-35.656647,-204.296569,-80.674598,0.545182
-38.458177,-359.334292,-72.887213,0.200455
-37.705343,-163.212176,-102.309624,0.380834
-32.894986,-203.676306,-79.516294,0.429055
-37.331982,-356.589684,-71.122215,0.149826
-35.510140,-163.121663,-100.565456,0.393438
-30.167639,-202.701340,-79.211915,0.554564
-36.459121,-354.851861,-70.667601,0.128177
-34.388194,-160.986647,-99.307122,0.332106
-37.688159,-357.459691,-72.918495,0.184198
-41.818976,-204.238148,-92.930158,0.353370
-41.069374,-203.156328,-95.814444,0.528863
-31.023656,-159.348638,-93.303080,0.333932
-36.769659,-355.541371,-72.661070,0.180123
-41.621371,-205.308581,-89.990981,0.386871
-32.160092,-158.875423,-95.484375,0.326214
-35.378864,-352.302545,-67.614772,0.179690
-40.671979,-206.163285,-87.085590,0.522578
-33.405017,-158.787958,-97.831776,0.367686
-35.580579,-353.003079,-69.961471,0.163627
-38.973304,-206.549187,-84.190457,0.505560
-34.482841,-349.745796,-66.473029,0.224663
-30.060916,-157.472395,-91.542166,0.328906
-36.652630,-206.405303,-81.677363,0.515833
-34.822808,-350.996172,-69.178541,0.205243
-28.977803,-155.776764,-89.678304,0.291247
-33.883545,-205.681892,-79.930159,0.514989
-35.870772,-353.599216,-72.103698,0.201004
-27.937650,-154.280044,-87.687970,0.271949
-30.893339,-204.946876,-79.209193,0.530732
-35.069897,-351.689812,-71.317537,0.200321
-26.951778,-152.972609,-85.590440,0.282292
-27.972849,-203.864139,-79.498852,0.492224
-33.801146,-347.225964,-66.660962,0.286602
-26.132656,-151.865402,-83.328430,0.214144
-33.337137,-345.680206,-64.825804,0.290556
-25.367422,-202.911052,-80.969000,0.400673
-34.199492,-348.867326,-68.801787,0.223585
-25.592862,-150.983558,-80.879934,0.192237
-23.609672,-202.294692,-83.383162,0.523881
-34.531788,-350.036079,-70.556359,0.209872
-25.328185,-150.345179,-78.280028,0.222838
-32.601063,-343.668878,-64.032181,0.342306
-22.957042,-201.916990,-86.522456,0.392036
-25.669693,-149.804460,-75.568011,0.202062
-31.610704,-341.206833,-63.309013,0.375893
-23.307651,-201.090308,-88.952474,0.418516
-26.820167,-149.228277,-73.100284,0.192844
-33.224982,-344.937445,-66.563793,0.317982
-25.063326,-200.887676,-92.996213,0.484936
-23.804902,-201.813481,-90.885639,0.520162
-28.431196,-148.829621,-70.898560,0.210928
-32.563415,-342.544109,-66.071781,0.322637
-27.073576,-200.202236,-95.447621,0.506247
-31.087330,-156.777460,-93.716567,0.288703
-30.683926,-338.683871,-62.822513,0.405151
-29.317314,-198.743251,-97.175509,0.485618
-32.352677,-156.154148,-96.334193,0.295916
-31.757501,-340.095525,-65.542073,0.306989
-33.339963,-198.784165,-98.842314,0.412139
-29.879590,-154.873988,-91.769471,0.360314
-29.743060,-336.204563,-62.371860,0.448766
-35.158998,-199.966007,-98.929102,0.285204
-28.710830,-153.208053,-89.715866,0.290301
-31.019880,-337.663160,-65.124161,0.386227
-31.369590,-199.866665,-98.268479,0.420281
-27.671028,-151.819089,-87.495245,0.224825
-28.596074,-333.807784,-61.986673,0.491499
-33.351146,-200.958005,-98.752029,0.372132
-29.368917,-201.131698,-97.450487,0.455817
-26.623924,-150.603301,-85.192733,0.216041
-33.652072,-346.622178,-68.852295,0.305573
-31.567818,-202.036013,-98.350446,0.412160
-25.544252,-149.605881,-82.748401,0.195499
-34.129732,-348.356147,-70.824852,0.231839
-37.114066,-201.075231,-98.654109,0.321430
-24.640759,-148.835134,-80.056021,0.231418
-33.124574,-344.016989,-68.950356,0.321980
-35.270312,-202.058426,-98.772733,0.346588
-24.275630,-148.365330,-77.084373,0.202414
-32.508327,-341.427157,-68.085006,0.309105
-33.479493,-203.021891,-98.661603,0.441642
-39.200899,-202.152023,-97.797669,0.337158
-30.445985,-148.353642,-69.135737,0.190799
-31.856173,-339.123644,-67.704317,0.382751
-41.017305,-205.412959,-95.052291,0.404460
-39.401332,-204.316220,-97.356785,0.293525
-24.672335,-147.843041,-73.793665,0.166495
-30.228669,-335.196420,-64.757202,0.416945
-41.479475,-206.511729,-92.147473,0.386817
-30.957120,-154.115706,-94.051936,0.319472
-31.261383,-336.740638,-67.412263,0.384854
-41.090706,-207.567431,-89.184377,0.412332
-29.598303,-152.004338,-92.066528,0.247730
-27.524350,-331.539244,-61.833264,0.518957
-39.783768,-208.632721,-86.040015,0.520873
-25.147031,-331.051317,-60.671717,0.503573
-28.418510,-150.676438,-89.556737,0.253935
-23.486599,-329.924777,-60.956408,0.510724
-37.599963,-208.588766,-82.929985,0.512434
-27.417526,-149.410087,-87.185551,0.227704
-26.225347,-329.548169,-61.616773,0.517788
-34.921970,-208.157024,-80.633493,0.541131
-26.143318,-148.261265,-84.813480,0.205103
-21.668130,-328.788715,-61.774340,0.439924
-31.848993,-207.289413,-79.324103,0.562188
-26.313677,-147.829668,-70.977471,0.177282
-24.463813,-327.959318,-61.518518,0.510383
-28.737953,-206.239752,-79.160282,0.466473
-28.254331,-147.612339,-68.682508,0.185976
-20.035467,-327.820339,-63.257203,0.461734
-26.067984,-205.198031,-80.156685,0.499471
-32.717212,-147.743012,-67.902544,0.185168
-22.527378,-326.590739,-62.086785,0.497124
-24.050105,-204.388363,-82.098524,0.372678
-37.286431,-203.177813,-98.366944,0.309552
-35.036073,-146.992664,-67.238701,0.169864
-29.452787,-332.701596,-64.390572,0.476226
-37.228483,-146.143041,-67.125373,0.158661
-28.561069,-329.992876,-64.051782,0.489262
-35.350466,-204.157756,-98.589245,0.349752
-39.330774,-145.267267,-67.372994,0.193177
-27.026418,-327.800878,-62.867752,0.508623
-37.447800,-205.344522,-98.071788,0.489621
-24.765394,-147.311553,-82.274576,0.210205
-25.403601,-325.964015,-62.366823,0.466675
-39.566545,-206.581333,-96.767005,0.376852
-23.389693,-146.485160,-79.305793,0.191940
-30.648075,-334.284642,-67.139514,0.401275
-40.937725,-207.682469,-94.184078,0.394206
-38.935724,-161.403143,-103.479721,0.332396
-27.622329,-202.700183,-96.426416,0.349014
-18.511524,-326.939265,-64.993470,0.442488
-26.005736,-202.206404,-94.607319,0.516851
-36.380784,-160.846263,-101.652348,0.350347
-29.951374,-203.412018,-97.819552,0.419138
-20.701287,-325.445841,-63.252199,0.506381
-31.914403,-203.809020,-98.414126,0.417629
-40.439550,-159.547895,-104.736924,0.343646
-23.608783,-324.439698,-62.677218,0.548860
-24.600590,-203.334620,-92.940605,0.533261
-41.782446,-157.684132,-106.096810,0.282331
-17.035657,-326.059731,-67.220059,0.420764
-26.172451,-204.210007,-95.199515,0.531555
-43.054014,-155.650017,-106.705664,0.223521
-15.697097,-326.288039,-69.888953,0.428074
-28.369186,-205.370748,-97.101542,0.412306
-43.765669,-153.895616,-106.384312,0.181691
-14.882962,-326.212081,-72.422263,0.427513
-31.149161,-205.676867,-98.202704,0.459064
-42.978478,-152.260781,-105.836388,0.176055
-14.137971,-326.280049,-75.371033,0.499723
-33.383256,-205.073968,-98.566036,0.408398
-41.643348,-150.163521,-105.180611,0.162775
-40.891918,-147.925680,-104.272442,0.141281
-13.783251,-327.346132,-77.667511,0.508862
-35.411895,-206.374755,-98.412557,0.355805
-19.064555,-324.396964,-64.838177,0.502556
-37.692776,-207.629588,-97.654118,0.288967
-39.791193,-145.991195,-103.259153,0.139968
-37.987702,-159.216005,-103.325638,0.339511
-21.562985,-323.128591,-63.321106,0.529329
-35.701837,-208.683453,-98.147578,0.402373
-33.114779,-207.507999,-98.414827,0.366519
-34.861418,-158.889312,-100.100223,0.347360
-30.072936,-331.746935,-66.886538,0.433608
-36.260596,-158.713727,-101.826130,0.327037
-33.656025,-346.219862,-71.159627,0.294705
-30.338255,-207.639552,-97.951543,0.490376
-33.930964,-156.772869,-98.943443,0.326799
-17.781813,-323.264350,-66.520209,0.399358
-39.746257,-208.943049,-95.891896,0.408007
-39.218934,-157.142272,-104.936783,0.329704
-16.478811,-324.348297,-68.427506,0.462605
-19.855129,-321.938124,-64.582477,0.494436
-41.153720,-208.756095,-91.333824,0.351595
-37.010656,-157.193087,-102.974762,0.311396
-40.727740,-210.035972,-93.236368,0.356256
-15.584186,-324.020464,-70.358402,0.355187
-35.399419,-157.061309,-101.056754,0.284719
-40.530367,-209.767659,-88.617666,0.434969
-16.701900,-322.284341,-68.271169,0.455391
-40.634004,-210.970338,-90.518919,0.386080
-41.900886,-154.032892,-106.383019,0.223308
-18.353400,-320.821737,-66.198037,0.468147
-40.302541,-212.249203,-92.122709,0.380587
-41.004854,-155.894000,-106.348512,0.263905
-14.732567,-323.470685,-73.043021,0.504043
-39.646355,-211.608529,-94.848475,0.373998
-37.908613,-210.044511,-97.124847,0.414818
-15.700551,-321.542106,-70.316477,0.355678
-31.925946,-153.228556,-96.305887,0.335331
-17.041744,-319.847121,-68.024372,0.410347
-38.392734,-210.671396,-84.249347,0.371646
-33.254586,-154.451994,-98.287688,0.296873
-39.624174,-210.683554,-86.524075,0.538913
-30.701126,-151.551383,-94.571224,0.310957
-29.554886,-329.285564,-66.838957,0.443945
-35.944963,-210.733301,-81.561119,0.585250
-28.471237,-327.999300,-64.850012,0.482640
-29.039100,-149.273013,-91.520203,0.245054
-27.577096,-326.230184,-64.267953,0.507115
-39.993949,-211.819527,-88.043137,0.382009
-29.841334,-149.971586,-93.334898,0.279630
-28.244310,-148.172103,-89.279078,0.228556
-29.078935,-326.992376,-66.548897,0.491193
-38.952349,-212.351551,-85.674137,0.342617
-27.139185,-146.946497,-87.002038,0.221381
-26.337408,-324.323258,-63.726702,0.503996
-37.372189,-212.602731,-83.287117,0.494220
-23.106432,-146.539270,-75.918863,0.155530
-24.728746,-322.517548,-63.444679,0.555117
-32.825392,-209.796673,-79.608567,0.467569
-37.750825,-145.710378,-102.030763,0.147590
-22.817411,-320.928325,-63.606677,0.553270
-29.582198,-208.717804,-78.981770,0.506473
-35.539949,-145.688884,-100.388257,0.179476
-20.731669,-319.547478,-64.464328,0.495443
-26.686933,-207.547825,-79.626796,0.413125
-33.909655,-145.011722,-97.961435,0.220694
-28.299843,-324.840190,-65.907652,0.444253
-24.512680,-206.551591,-81.151139,0.440357
-30.674223,-147.152862,-66.952311,0.174124
-19.014204,-318.329545,-65.934779,0.483362
-22.900771,-203.908523,-84.631882,0.450994
-23.106290,-205.871825,-83.221889,0.445825
-33.293045,-146.496701,-65.962983,0.163191
-27.321818,-322.723862,-65.229205,0.517058
-33.622552,-212.213688,-80.023296,0.587071
-35.778171,-145.637034,-65.632097,0.154955
-25.977161,-320.708589,-64.646422,0.525974
-35.670553,-212.862317,-81.485287,0.505374
-30.214556,-211.607145,-78.923323,0.584584
-38.080818,-144.746954,-65.714461,0.185180
-24.236405,-318.793761,-64.265681,0.586799
-27.106632,-210.003664,-79.234849,0.498294
-25.651886,-145.845262,-84.661047,0.177751
-21.822234,-317.129513,-64.550168,0.575327
-22.981693,-202.692592,-88.924763,0.413629
-22.586150,-203.885222,-87.143874,0.423807
-24.025265,-144.944652,-82.292176,0.177691
-33.242781,-344.074550,-71.641718,0.320098
-32.852246,-342.384374,-70.158662,0.298482
-23.329605,-203.736380,-90.708594,0.301068
-22.748204,-204.201111,-89.001025,0.350447
-21.953391,-144.871782,-77.483215,0.141999
-32.472436,-340.494853,-69.999887,0.326313
-24.826849,-208.762109,-80.514613,0.461644
-22.381934,-144.007687,-80.268873,0.161547
-41.314705,-144.192063,-67.946357,0.184842
-31.966754,-338.265573,-69.852572,0.398882
-23.345546,-207.857490,-82.262963,0.493076
-22.433550,-207.383991,-84.324854,0.427785
-40.233994,-143.671916,-66.107651,0.176547
-31.529167,-335.898654,-69.676772,0.413813
-22.417943,-205.678231,-85.648970,0.447596
-43.131547,-143.051582,-68.801522,0.199740
-31.097217,-333.448195,-69.499943,0.402909
-44.704489,-141.837706,-69.977864,0.231263
-27.969612,-207.952327,-96.983218,0.489348
-24.242864,-146.727751,-71.094388,0.153456
-32.893746,-342.010373,-72.028582,0.354673
-26.343373,-206.434905,-95.705516,0.437372
-22.937633,-146.229195,-73.272569,0.155787
-24.934687,-205.578414,-93.970788,0.494971
-25.911398,-146.775922,-68.637111,0.166039
-32.515329,-339.838334,-72.097640,0.396567
-23.699650,-205.349899,-92.071040,0.514245
-28.169785,-146.397200,-66.135532,0.150227
-32.119281,-337.530838,-72.054733,0.398612
-26.124231,-208.463683,-95.740855,0.418977
-25.165971,-207.254981,-94.596707,0.450264
-40.654596,-152.396631,-105.685945,0.221313
-31.767660,-335.137786,-71.969111,0.399529
-22.826830,-205.500160,-90.065880,0.506717
-39.252890,-150.801714,-104.879094,0.226567
-30.578934,-330.936252,-69.400446,0.481071
-22.354814,-205.680424,-87.984610,0.392316
-39.683525,-154.596178,-105.778366,0.265900
-24.097732,-207.159725,-93.139447,0.540740
-31.424271,-332.687295,-71.873374,0.410691
-23.020466,-207.174061,-91.279650,0.382731
-37.742757,-155.199472,-104.123514,0.297683
-30.164592,-328.216610,-69.367897,0.435907
-22.046989,-207.291555,-86.697296,0.425606
-36.043243,-155.323791,-102.249629,0.244140
-29.560554,-325.725143,-68.348559,0.446048
-22.280324,-207.247306,-89.110302,0.424824
-34.602604,-155.104929,-100.313108,0.301027
-28.893797,-323.526369,-67.742618,0.439009
-24.677280,-208.784135,-94.290040,0.569548
-39.718692,-149.144858,-104.398695,0.196083
-28.146920,-321.303996,-67.102307,0.500312
-23.385837,-208.912607,-92.596481,0.528136
-21.893792,-209.060173,-85.391160,0.401805
-38.757376,-147.598551,-103.431690,0.175569
-31.027670,-330.235083,-71.854346,0.441012
-22.523398,-208.917919,-83.380268,0.474182
-38.453120,-152.964533,-104.806880,0.272925
-21.775390,-209.111497,-87.994672,0.386769
-27.074206,-319.002330,-66.405731,0.558078
-36.616699,-153.421807,-103.278938,0.262449
-22.352305,-209.022893,-90.505617,0.323617
-25.449246,-316.782299,-65.602155,0.573288
-35.221255,-153.545511,-101.542686,0.311348
-37.212702,-151.343502,-103.823214,0.260362
-30.823620,-327.962555,-72.072804,0.471823
-35.899583,-210.939696,-97.864210,0.290238
-30.268465,-326.454134,-70.455605,0.451510
-34.097326,-209.658582,-98.269645,0.304963
-35.695657,-151.812479,-102.338054,0.252238
-29.917476,-324.580958,-70.159561,0.437313
-32.059162,-209.683892,-98.191348,0.406739
-37.854235,-149.317413,-103.823563,0.221941
-36.713406,-147.660692,-102.391856,0.226026
-30.638452,-325.870568,-72.254518,0.369430
-29.708085,-209.872312,-97.727828,0.392018
-36.102702,-149.784553,-102.597626,0.269859
-29.464456,-322.350861,-69.758214,0.454364
-27.507838,-210.132425,-96.824709,0.454827
-34.041923,-153.140982,-99.861855,0.267801
-34.675253,-152.084073,-100.992645,0.255579
-30.337513,-323.683122,-72.203122,0.398624
-25.648987,-210.391403,-95.553404,0.394656
-32.894962,-152.119983,-98.230011,0.291775
-29.007859,-319.917726,-69.214728,0.476619
-37.919558,-212.460850,-96.725508,0.380239
-31.689660,-150.580216,-96.700933,0.319976
-28.138147,-317.130897,-68.672679,0.483665
-35.033579,-148.373430,-101.098937,0.245671
-33.754847,-211.518212,-98.143931,0.321568
-30.055174,-321.253540,-72.062449,0.475033
-35.667194,-213.175184,-97.679752,0.354832
-34.807187,-150.459306,-101.230561,0.258982
-29.813568,-318.660038,-71.744402,0.423875
-31.435377,-211.811642,-98.018270,0.398422
-34.621911,-350.137619,-72.311007,0.253792
-33.810529,-151.199297,-99.854291,0.275822
-29.108421,-212.016742,-97.532794,0.467149
-34.188768,-348.218714,-72.956133,0.300475
-33.700003,-147.541753,-99.331423,0.264999
-33.229050,-213.649225,-97.997186,0.322443
-35.292837,-352.131955,-73.391639,0.180261
-33.972392,-149.461203,-100.071085,0.242165
-30.788050,-213.926964,-97.837734,0.419067
-33.757490,-346.075503,-73.501847,0.309958
-32.892644,-149.748657,-98.605895,0.260209
-26.932089,-212.176905,-96.636397,0.420210
-33.349084,-343.876235,-73.953892,0.317799
-28.398330,-214.073389,-97.292472,0.418848
-32.936203,-341.620303,-74.240299,0.373057
-45.844353,-140.345300,-71.444387,0.197927
-32.589090,-339.284609,-74.361644,0.389968
-39.123446,-214.020748,-94.921286,0.403186
-46.379171,-138.871756,-73.190153,0.215554
-40.161443,-213.084847,-89.676165,0.323751
-32.271288,-336.888665,-74.377353,0.422153
-39.398320,-213.840495,-87.223474,0.349296
-46.498483,-137.679376,-75.048387,0.195871
-31.999516,-334.444700,-74.331260,0.378014
-38.152999,-214.297399,-84.729106,0.387709
-46.233456,-136.719028,-76.824226,0.183925
-31.738925,-331.964556,-74.246499,0.492490
-36.489107,-214.450727,-82.440882,0.483323
-45.655297,-135.913901,-78.479734,0.181344
-31.359306,-329.610234,-74.206294,0.486283
-34.467276,-214.259154,-80.595607,0.456253
-44.788204,-135.270591,-79.993619,0.164315
-31.197587,-327.388955,-74.221940,0.434145
-31.993653,-213.951237,-79.326273,0.431324
-43.737736,-134.775953,-81.430208,0.122207
-42.524978,-134.480145,-82.786671,0.129908
-31.012888,-325.203411,-74.328978,0.417214
-26.874375,-212.575885,-79.043719,0.511714
-41.036719,-133.118334,-83.008802,0.140788
-29.255040,-214.253269,-78.705330,0.514240
-30.815127,-322.852082,-74.527295,0.478582
-24.681237,-211.047719,-80.231170,0.485295
-30.615339,-148.940885,-95.108949,0.321702
-32.057116,-147.464235,-97.144910,0.298143
-36.160677,-354.263643,-74.156662,0.152894
-23.242252,-209.834396,-81.878916,0.465714
-22.009761,-210.566351,-83.817233,0.413248
-30.731841,-320.012273,-74.932027,0.417258
-21.240958,-211.186864,-86.642416,0.446727
-32.644438,-144.739984,-96.116933,0.205055
-37.141780,-356.415586,-74.589629,0.166694
-21.732563,-211.000208,-89.685548,0.310502
-32.342583,-143.508838,-94.264271,0.190073
-38.076969,-358.538522,-74.662372,0.197219
-22.770096,-210.817654,-92.089419,0.356448
-30.980897,-146.028956,-94.979724,0.269235
-38.701837,-360.647892,-74.332258,0.216225
-24.107929,-210.611163,-93.964177,0.481179
-25.083930,-212.270398,-95.292721,0.494813
-29.742826,-147.667076,-93.316947,0.247070
-34.750408,-350.369659,-74.432203,0.252799
-22.695729,-211.896440,-82.002803,0.468034
-35.524273,-352.703763,-75.517948,0.156301
-21.303190,-212.570141,-84.314816,0.390552
-29.009155,-146.700983,-91.283753,0.266109
-34.294678,-348.297818,-75.234433,0.250179
-24.030607,-213.414026,-80.307994,0.492128
-28.290429,-145.685696,-89.155485,0.227263
-33.854860,-346.037675,-75.867033,0.345980
-21.864363,-214.038152,-82.422829,0.453953
-29.525913,-144.172261,-90.933714,0.261611
-30.315973,-144.941602,-92.973463,0.251250
-33.448171,-343.689066,-76.337499,0.324469
-26.199875,-214.071793,-96.248233,0.434888
-33.049149,-341.267943,-76.619471,0.334526
-23.596064,-212.501807,-93.660068,0.433290
-31.671682,-142.224981,-92.124835,0.185758
-32.153516,-140.218310,-90.658618,0.230156
-32.701881,-338.831932,-76.768591,0.421339
-24.569359,-213.856466,-94.961121,0.447835
-22.236252,-212.856901,-91.591344,0.582059
-30.123861,-142.018603,-90.200845,0.221097
-32.429450,-336.330172,-76.829516,0.369757
-28.637270,-143.631685,-89.246814,0.243739
-21.231278,-213.076170,-88.952180,0.411292
-32.675064,-138.302813,-89.577572,0.185898
-32.193151,-333.742429,-76.838480,0.463713
-20.904316,-213.278712,-86.577245,0.361499
-27.088870,-144.181024,-87.162105,0.192637
-31.942904,-331.177389,-76.612742,0.446212
-23.245842,-214.494380,-93.549392,0.558008
-31.638749,-328.858903,-76.272689,0.452785
-24.979925,-215.825046,-95.471682,0.448170
-30.409723,-140.000979,-89.329800,0.243823
-31.504587,-326.773180,-76.248835,0.428859
-20.842903,-214.584213,-85.077065,0.335686
-28.457643,-141.865574,-88.565044,0.270478
-31.441520,-324.639818,-76.561845,0.447657
-20.784310,-214.950159,-87.873132,0.416960
-31.453284,-322.281016,-77.146668,0.477138
-28.432543,-139.641021,-88.016859,0.271731
-21.663319,-215.223129,-91.068389,0.611544
-26.608206,-141.605306,-86.790371,0.242613
-34.998984,-350.768986,-76.715974,0.262105
-30.698121,-137.804022,-88.535479,0.181775
-34.463104,-348.500442,-77.649718,0.258555
-23.072225,-216.642113,-93.658163,0.595527
-25.147264,-143.376390,-84.785307,0.149843
-33.968889,-346.033765,-78.346923,0.312766
-26.147828,-215.409035,-78.949642,0.424398
-33.541138,-343.524259,-78.810415,0.350932
-23.020405,-215.747983,-80.666930,0.543555
-26.355367,-139.281419,-86.749232,0.188036
-28.308139,-137.104855,-87.576741,0.205916
-33.175912,-340.990521,-79.067777,0.377877
-21.095641,-216.186399,-83.267154,0.446322
-31.282882,-145.953047,-64.792661,0.175649
-32.882100,-338.450496,-79.269971,0.432326
-20.432845,-216.563165,-86.191524,0.410790
-34.090136,-145.146700,-64.208684,0.166792
-32.607817,-335.831375,-79.470281,0.510791
-20.723265,-216.964625,-89.175338,0.538309
-36.631300,-144.233430,-64.165951,0.165393
-32.430536,-332.843357,-79.770460,0.511931
-21.717731,-217.666505,-91.781894,0.553430
-38.880500,-143.259815,-64.430812,0.173914
-27.431083,-215.986325,-96.887370,0.423434
-32.129912,-329.994081,-78.621649,0.419143
-24.656265,-140.994149,-85.159236,0.166925
-29.934984,-215.956837,-97.590998,0.407436
-31.894180,-328.089300,-77.859049,0.462785
-23.264196,-142.612594,-82.916318,0.162720
-31.908098,-326.414926,-78.391156,0.484599
-32.486220,-215.772404,-97.877002,0.291474
-31.981374,-324.276461,-79.096787,0.466867
-35.078432,-215.400412,-97.575954,0.397346
-21.769735,-145.168807,-74.908545,0.158027
-21.704330,-145.160174,-72.968892,0.145270
-36.503403,-355.114015,-76.187459,0.163340
-37.470057,-214.793757,-96.670804,0.327734
-23.630606,-145.850291,-68.858735,0.141310
-22.429194,-145.600035,-71.191417,0.139601
-37.589436,-357.514867,-76.451903,0.186313
-39.883651,-213.487068,-93.199567,0.340056
-25.341325,-145.780084,-66.476721,0.148317
-26.394427,-217.781408,-96.413475,0.407002
-38.442682,-359.981949,-76.335195,0.212929
-24.479475,-217.731801,-95.191576,0.544702
-33.323589,-136.300465,-88.500133,0.170854
-28.847029,-217.868992,-97.258033,0.421617
-38.908993,-362.648181,-75.670170,0.129555
-31.487083,-217.793926,-97.632000,0.343792
-39.516161,-364.856118,-75.687854,0.113283
-40.155257,-366.673463,-76.686999,0.223911
-34.200209,-217.560902,-97.524327,0.402550
-34.214085,-134.059124,-87.166447,0.161529
-36.785812,-217.070371,-96.655272,0.344587
-36.195621,-132.443076,-85.544443,0.173384
-35.815074,-353.507618,-77.727503,0.202831
-38.692689,-216.290139,-94.902733,0.383431
-31.169416,-135.436638,-87.813498,0.182819
-35.231941,-351.398126,-79.372598,0.236499
-39.609029,-215.362610,-92.960242,0.374791
-34.570973,-348.593560,-80.081419,0.307834
-29.250504,-145.270452,-63.570137,0.190320
-40.047642,-214.318677,-91.264300,0.415901
-26.930236,-145.443197,-64.597712,0.171088
-34.112521,-346.061250,-81.075639,0.313874
-39.696996,-215.224949,-88.893233,0.335298
-32.169924,-144.680847,-62.749286,0.183964
-23.067782,-218.914614,-93.952315,0.558865
-33.572186,-343.246154,-81.176472,0.389242
-35.030357,-143.679815,-62.657754,0.182526
-25.195760,-219.388416,-95.778516,0.408710
-33.216688,-340.784492,-81.526253,0.431941
-37.428755,-142.692974,-62.985626,0.175725
-27.601695,-219.635752,-96.843531,0.442649
-32.934848,-338.222130,-81.889467,0.427326
-24.456501,-138.640313,-85.519862,0.164969
-30.251007,-219.744816,-97.377178,0.363371
-26.103712,-137.425972,-86.656637,0.185571
-32.705951,-335.568000,-82.367842,0.541820
-22.657540,-140.239483,-83.762857,0.152030
-33.056375,-219.651914,-97.404897,0.390883
-32.551517,-333.041143,-83.361710,0.570443
-21.376158,-141.860807,-81.322143,0.168519
-32.447169,-330.548323,-81.543010,0.490555
-35.933046,-219.360461,-96.622756,0.394346
-32.204237,-328.309993,-79.982809,0.474634
-20.720733,-143.080706,-78.687091,0.156930
-38.201383,-218.644326,-94.869196,0.409839
-20.537422,-143.792926,-76.123112,0.164410
-32.293757,-326.269677,-80.968711,0.544640
-39.271760,-217.578414,-92.736730,0.312239
-20.605882,-144.132059,-73.832115,0.149078
-32.442595,-328.326187,-82.832070,0.532842
-39.713732,-216.474865,-90.727104,0.403052
-20.905594,-144.435668,-71.682174,0.142107
-36.972572,-356.212760,-78.193457,0.201636
-21.595530,-144.787706,-69.354247,0.139383
-38.751585,-215.966154,-86.292423,0.396159
-38.044389,-358.900968,-78.317287,0.205272
-22.781731,-144.881047,-66.559638,0.173172
-39.222728,-217.454190,-88.150552,0.463359
-38.838243,-361.765240,-78.143718,0.180753
-24.947518,-144.887649,-64.362110,0.189050
-39.373091,-218.697284,-90.249563,0.447641
-39.415759,-364.547542,-77.661669,0.106593
-27.149765,-144.512287,-62.707642,0.228949
-38.963292,-219.970179,-92.437956,0.345444
-29.942521,-143.621700,-61.420311,0.203876
-40.540807,-366.946713,-79.074371,0.215586
-37.610833,-221.422929,-94.824862,0.385645
-33.286269,-142.908271,-61.169811,0.209976
-41.434747,-369.756521,-80.367931,0.229572
-37.264820,-216.281194,-83.688358,0.451774
-35.957645,-141.829489,-61.647917,0.187147
-41.819711,-372.619432,-81.720591,0.185548
-38.003440,-218.348266,-85.231787,0.418951
-42.231910,-142.424890,-66.892983,0.180637
-41.762850,-375.497933,-82.902510,0.166989
-35.374072,-216.167689,-81.423089,0.545658
-40.993686,-141.730331,-64.870976,0.191618
-41.224416,-378.264526,-83.918802,0.171185
-33.132277,-215.857998,-79.825054,0.484771
-39.290145,-141.872005,-63.432406,0.204190
-40.134542,-380.665805,-84.953673,0.172719
-31.039383,-215.572556,-78.994030,0.427478
-38.214065,-140.974666,-62.335250,0.181987
-29.165927,-216.547415,-78.613285,0.480858
-38.485667,-382.458741,-86.074663,0.146267
-44.002131,-141.199086,-68.002011,0.215065
-24.369587,-217.660973,-79.419467,0.436729
-39.736309,-364.022746,-80.332774,0.149497
-27.106386,-218.039640,-78.540531,0.449993
-45.264749,-139.804528,-69.418171,0.227504
-21.876300,-218.162509,-81.372902,0.394679
-42.994588,-140.432851,-66.234089,0.209622
-41.411829,-367.223037,-81.479991,0.190973
-20.410777,-218.270374,-84.458275,0.505270
-44.454904,-139.219684,-67.611166,0.213938
-42.516300,-370.194986,-82.579955,0.209605
-41.945741,-139.464875,-64.626305,0.169209
-20.157138,-218.568175,-87.438750,0.518854
-40.218794,-140.339254,-63.269199,0.190344
-43.146440,-373.342555,-83.989477,0.184755
-20.764096,-218.942448,-90.144378,0.543745
-43.535449,-138.355595,-66.039527,0.173941
-42.780916,-376.680687,-84.878509,0.186614
-21.724608,-219.389109,-92.108422,0.491115
-46.114215,-137.937184,-70.985556,0.218370
-41.852225,-379.394345,-85.900185,0.180501
-38.789256,-219.643768,-87.605263,0.427806
-45.364001,-138.106659,-68.972165,0.228819
-40.434394,-381.612525,-86.961169,0.178023
-39.065015,-220.961982,-89.619115,0.458905
-44.800689,-137.270987,-67.610989,0.161809
-46.433609,-136.651861,-73.242876,0.217012
-36.335573,-354.650002,-79.928877,0.204521
-38.743816,-222.397622,-91.722192,0.478052
-46.256737,-135.624507,-75.197718,0.177969
-37.533004,-357.530837,-80.185072,0.174197
-36.177150,-218.168093,-82.448158,0.575681
-45.746785,-134.784557,-76.946922,0.141072
-38.651950,-360.496647,-80.264908,0.181860
-34.053480,-217.827697,-80.411232,0.468715
-44.795049,-134.138265,-78.509394,0.134324
-31.631606,-217.342999,-79.160027,0.353409
-35.836210,-353.104331,-81.732176,0.207937
-43.604734,-133.689088,-79.959051,0.157083
-35.093475,-350.698793,-81.404036,0.247835
-34.667570,-348.926534,-82.365481,0.295998
-36.753090,-220.170320,-83.443098,0.495099
-42.379587,-133.340898,-81.449472,0.142638
-37.936776,-220.424217,-85.511709,0.460556
-35.340102,-351.470062,-83.286698,0.214241
-34.918062,-219.890627,-81.199630,0.580993
-45.711697,-136.373706,-69.427571,0.160050
-36.934353,-356.019109,-82.043974,0.186407
-32.504022,-219.431495,-79.550758,0.406535
-46.339801,-135.489324,-71.450862,0.177917
-46.356098,-134.472534,-73.527863,0.134244
-38.197415,-358.910382,-82.148591,0.167022
-29.837428,-218.791758,-78.668018,0.526025
-45.964427,-133.584046,-75.433317,0.131909
-39.544564,-361.798865,-82.325864,0.177931
-38.393473,-221.704653,-86.942327,0.459187
-45.102746,-132.842129,-77.126475,0.110298
-40.825559,-364.784349,-82.939413,0.130274
-37.292366,-221.998874,-84.492603,0.387981
-43.727264,-132.334963,-78.534447,0.104015
-42.434606,-367.552970,-83.738096,0.187923
-35.650031,-221.892438,-82.177764,0.524916
-42.300028,-131.981101,-80.060385,0.121031
-43.451959,-370.376739,-84.710485,0.181960
-40.912758,-131.781204,-81.683146,0.155099
-33.455886,-221.572393,-80.208421,0.476028
-36.297409,-354.387840,-84.089130,0.205091
-39.570583,-131.811338,-83.093115,0.153548
-30.775166,-221.067281,-78.900681,0.626305
-37.548125,-131.244340,-83.848399,0.159959
-37.649747,-357.416164,-83.985915,0.152400
-27.914805,-220.364150,-78.386551,0.461282
-38.835723,-130.219336,-81.983805,0.133602
-38.960411,-360.054968,-83.981493,0.187179
-44.057656,-375.059083,-86.137107,0.184736
-25.318985,-219.643284,-78.795726,0.350811
-40.886128,-130.270213,-80.422333,0.117889
-44.094895,-372.562496,-85.751896,0.176746
-43.520711,-377.965524,-86.957042,0.183509
-23.357756,-219.302842,-79.798267,0.366328
-42.634077,-130.116508,-78.843180,0.110074
-38.704944,-223.176096,-88.734257,0.419211
-42.254432,-380.489138,-88.000792,0.185012
-44.495444,-130.788071,-77.394394,0.141105
-37.823603,-223.680488,-85.926601,0.520182
-34.999937,-384.352803,-87.442888,0.152864
-45.818262,-131.502700,-75.818154,0.162983
-36.995305,-383.614181,-87.146235,0.156389
-36.393613,-223.814389,-83.354542,0.449913
-38.613484,-383.239065,-88.004187,0.159081
-46.365349,-132.357423,-73.865553,0.142510
-34.464989,-223.644959,-81.092837,0.552055
-36.563422,-384.409189,-88.785538,0.165570
-46.462456,-133.303283,-71.823859,0.127527
-31.965161,-223.311228,-79.386476,0.463924
-40.497214,-382.580487,-89.039352,0.176331
-46.070431,-134.278741,-69.741912,0.127713
-28.717013,-222.980585,-78.354454,0.491052
-45.024198,-135.238470,-67.868446,0.115828
-38.343457,-384.040672,-90.048429,0.177975
-25.771005,-221.813889,-78.464295,0.521286
-46.436941,-132.174964,-70.004656,0.133662
-32.639760,-384.922767,-87.960622,0.153619
-45.612845,-133.149727,-67.968285,0.140206
-23.586148,-221.015294,-79.412605,0.454750
-46.619486,-131.192187,-72.114867,0.161462
-30.427845,-385.133523,-88.458429,0.167492
-28.618370,-385.173800,-88.870963,0.164486
-21.938909,-220.333248,-80.836235,0.564498
-46.392569,-130.231865,-74.181864,0.166166
-34.213325,-385.024773,-89.396962,0.155445
-20.563964,-220.098687,-83.006359,0.328891
-45.570638,-129.364165,-76.147754,0.162708
-31.841174,-385.252027,-89.873629,0.163714
-19.891728,-220.319528,-85.835338,0.402584
-43.989617,-128.647065,-77.664177,0.143206
-29.646994,-385.282144,-90.191730,0.168946
-20.108620,-220.523405,-88.726868,0.370021
-35.890224,-385.035865,-90.814894,0.174613
-41.232950,-128.771926,-79.771477,0.118033
-20.995097,-220.712005,-91.172074,0.450677
-42.309564,-127.860323,-78.868258,0.114354
-33.349783,-385.344530,-91.386123,0.168912
-39.563797,-128.500380,-80.726886,0.107877
-22.258708,-220.750856,-93.207057,0.505246
-30.925393,-385.357537,-91.731803,0.171323
-36.263179,-129.548333,-83.032520,0.122882
-34.259823,-347.161381,-83.601647,0.340145
-23.962988,-220.878599,-94.971684,0.441820
-37.445375,-128.072517,-81.847691,0.108554
-33.923654,-345.002568,-82.859730,0.368354
-26.190337,-221.228181,-96.290141,0.448046
-35.037278,-130.780999,-84.538474,0.149111
-34.769041,-349.655314,-84.539478,0.302733
-28.800302,-221.612135,-97.028692,0.437884
-33.560342,-132.039462,-85.918486,0.165593
-35.486520,-352.143127,-85.376326,0.249129
-31.737627,-221.770257,-97.265984,0.438928
-31.547706,-133.277931,-86.824591,0.173243
-33.560626,-343.103469,-83.406965,0.385169
-29.121897,-134.554296,-87.025356,0.174595
-34.753995,-221.656635,-96.719270,0.371290
-33.870909,-345.432268,-84.777697,0.370036
-26.841196,-135.599465,-86.737433,0.196484
-24.804819,-136.404572,-85.948890,0.167120
-34.259705,-347.899245,-85.803193,0.369624
-37.984300,-224.039231,-93.404740,0.411330
-36.180432,-223.799805,-95.597333,0.348238
-22.468018,-137.345364,-84.404286,0.163795
-34.888008,-350.421946,-86.668324,0.299421
-38.571862,-224.733153,-90.585506,0.437685
-20.583791,-139.487549,-82.272041,0.192022
-33.124849,-340.727531,-84.059279,0.494277
-19.862178,-222.334780,-84.324182,0.417090
-20.833197,-221.592535,-81.982050,0.525282
-19.483418,-141.113300,-79.768629,0.191356
-33.345086,-343.369581,-85.775711,0.467280
-21.927713,-222.209606,-80.468105,0.409118
-19.232492,-142.119626,-77.161121,0.188716
-33.673677,-346.097789,-87.076560,0.358993
-23.613757,-223.099490,-79.113890,0.433051
-19.290550,-142.861423,-74.786107,0.166590
-34.176619,-348.817864,-88.047087,0.339691
-25.776703,-224.047347,-78.269419,0.455303
-19.540274,-143.216663,-72.530373,0.147973
-32.762100,-338.099539,-84.617165,0.487873
-27.881956,-225.345748,-78.135584,0.506617
-19.934045,-143.513426,-70.194677,0.151520
-30.613119,-225.177017,-78.788643,0.494106
-32.447194,-335.508665,-85.301414,0.498261
-20.511079,-223.317248,-82.042289,0.449120
-20.646946,-143.705878,-67.736165,0.173994
-32.042052,-333.183868,-86.495016,0.560696
-32.294788,-330.547763,-85.061815,0.562767
-21.623295,-224.233338,-80.299796,0.419086
-29.607266,-132.537129,-86.237383,0.145165
-32.631325,-340.826545,-86.994913,0.506061
-31.547642,-131.753591,-85.928017,0.163881
-23.400697,-225.495259,-78.880818,0.424308
-32.632506,-130.491336,-85.085987,0.141441
-32.895363,-344.089787,-88.360604,0.423801
-30.215918,-130.708905,-85.437486,0.127799
-25.673352,-225.864030,-78.116987,0.510724
-33.153895,-347.266527,-89.771997,0.379105
-33.868091,-129.057203,-83.994088,0.124394
-19.637078,-222.335564,-87.428203,0.440878
-32.180964,-337.759244,-87.218162,0.501200
-31.538684,-339.518260,-89.343938,0.468082
-31.320265,-128.935413,-84.673341,0.106765
-19.346866,-224.372837,-86.501542,0.472649
-31.750355,-342.257203,-89.854173,0.429733
-19.601254,-224.654509,-83.993179,0.468519
-27.393667,-133.622915,-86.287226,0.160618
-20.223060,-225.295781,-81.964064,0.407409
-31.930539,-345.025631,-90.868818,0.354752
-25.633935,-134.651547,-86.061656,0.177963
-21.169472,-226.375234,-80.352119,0.398252
-23.864235,-134.734067,-85.210234,0.164543
-37.150486,-356.294033,-85.857955,0.193884
-36.167762,-354.195959,-86.097012,0.221564
-22.349315,-227.801060,-79.086299,0.398354
-27.767937,-131.573776,-85.682097,0.136221
-38.448775,-358.737698,-85.663795,0.184185
-24.609702,-227.417772,-78.186988,0.350058
-20.308637,-222.385256,-90.080703,0.480472
-25.572988,-132.946962,-85.561921,0.171277
-35.601459,-352.893704,-87.329159,0.240968
-21.443364,-222.412936,-92.313078,0.479915
-34.917350,-351.465247,-88.746837,0.274556
-22.933653,-222.463133,-94.179814,0.373658
-20.310398,-136.806545,-82.592183,0.193989
-21.789252,-134.676100,-83.878119,0.166633
-34.013037,-350.246710,-90.237885,0.324842
-24.817837,-222.676921,-95.632409,0.523283
-19.036675,-138.481692,-80.598398,0.220159
-38.161617,-225.367976,-87.609962,0.454841
-32.816777,-349.658438,-91.909629,0.300064
-31.687743,-347.578227,-92.122974,0.350456
-17.998555,-139.800628,-77.921072,0.220814
-37.044864,-225.693901,-84.749085,0.443208
-36.574211,-355.287644,-87.604869,0.215997
-18.053205,-141.270982,-75.525899,0.216751
-35.379050,-225.656378,-82.180300,0.454929
-37.865845,-357.691361,-87.510588,0.191901
-18.309525,-141.865303,-73.407736,0.174944
-33.200155,-225.409393,-80.154277,0.326996
-28.331689,-129.233260,-84.995145,0.111223
-35.810095,-354.072272,-89.214823,0.216270
-18.595735,-142.117708,-71.209403,0.158709
-37.148150,-356.575700,-89.402864,0.198861
-19.761897,-224.254436,-89.136217,0.468047
-19.054964,-142.278627,-68.743594,0.173266
-34.920812,-352.898270,-90.776258,0.232112
-20.755432,-224.173389,-91.441806,0.513437
-35.126873,-127.531656,-82.960811,0.104519
-36.135160,-355.472539,-91.221578,0.208751
-22.080278,-224.126411,-93.408924,0.491539
-23.743005,-224.190117,-95.050479,0.504704
-32.657605,-127.204915,-83.940376,0.121374
-33.812444,-352.059884,-92.294350,0.266691
-32.323380,-351.706738,-93.783050,0.253498
-31.162596,-349.794584,-93.521357,0.277346
-27.094152,-223.173881,-96.564996,0.435726
-30.018861,-127.211907,-84.535118,0.113620
-34.958424,-354.512379,-92.898268,0.219138
-25.576780,-224.249968,-96.033804,0.455691
-25.612477,-130.729052,-84.991779,0.116883
-40.365424,-362.482590,-84.349954,0.192637
-19.011814,-226.679392,-85.731550,0.375412
-39.627806,-360.745641,-85.477144,0.169860
-19.452967,-226.305252,-83.514691,0.560723
-23.497472,-132.527692,-84.535270,0.151844
-19.285262,-226.304427,-88.454969,0.419663
-39.356316,-360.044694,-87.160317,0.184766
-20.152345,-226.103939,-90.784432,0.464989
-22.943374,-143.945119,-64.084517,0.209569
-38.704755,-359.042265,-89.253181,0.175127
-21.414055,-143.579888,-65.683136,0.198085
-21.399395,-225.923553,-92.751373,0.547170
-19.981954,-142.408605,-66.261125,0.199595
-37.729763,-357.918240,-91.410947,0.182576
-22.906052,-225.857128,-94.459255,0.459377
-25.041864,-143.434104,-62.470847,0.213831
-36.428892,-356.957327,-93.512447,0.184687
-25.078480,-226.103808,-95.813111,0.396402
-27.286093,-142.796157,-61.182038,0.230430
-40.637174,-362.340615,-86.415519,0.201146
-27.489066,-225.281739,-96.594435,0.416154
-21.360921,-142.343158,-64.218015,0.209530
-41.559416,-365.145240,-85.419585,0.137603
-30.092515,-224.084118,-97.024372,0.547241
-23.192586,-142.102892,-62.539940,0.211061
-43.092152,-367.981913,-85.967364,0.169177
-33.446522,-223.939782,-96.781267,0.427385
-25.372258,-141.542825,-61.397400,0.182950
-44.322732,-370.596382,-86.724909,0.171948
-31.488363,-141.518090,-60.082209,0.190930
-38.063360,-226.274611,-92.190935,0.426522
-29.154636,-141.836138,-60.433907,0.211243
-44.872704,-373.342263,-87.476692,0.175452
-37.089432,-225.582224,-94.320182,0.347425
-27.526793,-140.858662,-60.436898,0.172573
-35.191439,-226.218922,-95.677875,0.325279
-44.757775,-376.234272,-88.271790,0.174937
-29.811634,-140.130748,-59.796923,0.143786
-32.434245,-226.159378,-96.697520,0.350417
-43.849690,-379.031888,-89.257275,0.176908
-34.299818,-140.693069,-60.443171,0.164235
-29.871558,-226.716387,-96.806793,0.474776
-42.309759,-381.492307,-90.242157,0.193772
-32.506076,-139.361128,-59.549903,0.136236
-27.525346,-227.541367,-96.495918,0.381613
-40.195576,-383.273466,-91.320151,0.205312
-36.842510,-139.844115,-61.156805,0.163586
-38.144924,-226.995853,-89.388987,0.504482
-37.732213,-384.590780,-92.263878,0.194979
-39.055221,-139.115192,-62.073187,0.137681
-36.978394,-227.514979,-93.683916,0.345698
-35.017553,-385.277394,-92.951356,0.179065
-40.983845,-138.385884,-63.165713,0.151638
-37.706284,-228.443177,-91.191309,0.436535
-42.559989,-137.418955,-64.521208,0.116085
-32.356813,-385.377501,-93.359346,0.166707
-37.544366,-227.576627,-86.349763,0.540495
-43.970490,-136.306382,-66.051276,0.153793
-40.380230,-361.695254,-88.826927,0.170430
-37.787534,-229.280637,-88.299270,0.637600
-41.335848,-364.190149,-87.627021,0.147851
-35.311496,-138.567360,-59.968830,0.109664
-36.093602,-227.727098,-83.472658,0.594280
-42.328805,-366.281678,-87.206337,0.129803
-37.865535,-137.936889,-60.739719,0.109851
-39.443433,-360.320886,-91.282181,0.157140
-36.703028,-230.117191,-84.959689,0.537910
-40.004111,-137.305589,-61.757111,0.124978
-41.254905,-363.776464,-89.342654,0.169611
-34.173293,-227.472051,-81.097662,0.474395
-40.766276,-362.654301,-90.997161,0.201513
-41.680276,-136.521889,-63.011289,0.115359
-42.124034,-365.714020,-88.900286,0.110733
-31.943607,-227.154150,-79.391600,0.471249
-43.130951,-135.458217,-64.344010,0.116173
-43.717544,-368.150523,-88.355971,0.157810
-29.494341,-227.048964,-78.372898,0.377740
-44.380219,-134.216876,-66.036276,0.121132
-27.017624,-227.202541,-77.943801,0.413778
-34.877630,-229.600695,-82.022324,0.453319
-45.024566,-371.323088,-88.956318,0.187685
-38.656620,-126.553851,-81.059931,0.111321
-32.910123,-229.133300,-80.049184,0.485077
-40.621705,-127.130821,-80.012469,0.116640
-45.536674,-374.311037,-89.705879,0.177994
-36.481911,-125.977135,-82.187251,0.121019
-30.749761,-228.856009,-78.753414,0.399647
-45.043537,-377.284029,-90.605769,0.212589
-34.114044,-125.478490,-83.414006,0.125122
-28.425079,-228.838286,-78.035656,0.413612
-43.776729,-379.907280,-91.650266,0.230134
-31.378594,-125.275162,-84.240626,0.141236
-25.972850,-229.049315,-77.787057,0.435420
-41.928644,-382.097139,-92.689648,0.218081
-41.771729,-125.908643,-79.121651,0.126299
-25.482143,-228.437526,-95.927572,0.386895
-39.546312,-383.720014,-93.720170,0.196728
-23.787599,-227.412932,-95.115240,0.540006
-39.931659,-125.215655,-80.297320,0.102866
-22.299932,-227.633502,-93.969992,0.585767
-36.825483,-384.759461,-94.539346,0.194612
-37.858290,-124.530349,-81.397855,0.106477
-20.906444,-227.907028,-92.311940,0.533482
-33.957573,-385.210103,-95.049595,0.183252
-35.531135,-123.855102,-82.516844,0.126614
-23.701141,-229.166767,-95.070947,0.356957
-39.974995,-361.977731,-93.576798,0.171636
-32.796552,-123.277256,-83.468173,0.141791
-38.272344,-359.343619,-93.776413,0.165549
-19.725950,-228.199637,-90.325658,0.499212
-41.671986,-364.829309,-90.701011,0.122749
-25.707204,-128.421310,-84.682565,0.133514
-41.050806,-364.049674,-92.549433,0.162207
-22.005068,-229.663449,-93.803962,0.625945
-27.735535,-127.285201,-84.777589,0.126505
-23.196100,-129.888897,-83.744311,0.122890
-20.568623,-230.075008,-92.106689,0.513141
-43.003155,-366.965378,-90.563624,0.147307
-21.373135,-132.316181,-83.156988,0.140557
-44.597902,-369.488707,-90.755465,0.184003
-18.908826,-228.535596,-88.091178,0.484867
-20.069565,-134.483783,-82.202000,0.188206
-45.638941,-372.395146,-91.332635,0.181225
-19.391247,-230.442755,-90.098387,0.556666
-19.146037,-136.290709,-81.045442,0.194474
-45.606466,-375.349428,-92.167610,0.189544
-18.555570,-229.074145,-85.876094,0.382974
-28.610459,-125.537151,-84.476289,0.153701
-19.013248,-227.964568,-83.911328,0.398377
-44.733680,-378.071678,-93.089798,0.235139
-19.841240,-227.216874,-82.076816,0.433102
-29.669496,-123.405467,-83.892792,0.158668
-18.548638,-229.721076,-84.122410,0.347079
-43.258439,-380.443756,-94.088062,0.226390
-19.277980,-229.182726,-82.369270,0.376488
-26.118967,-126.231017,-84.386062,0.151102
-20.544142,-228.477873,-80.575320,0.395983
-41.237380,-382.429583,-95.159106,0.218249
-23.883280,-127.237836,-83.708514,0.138702
-38.533910,-383.674471,-96.114138,0.205649
-18.613010,-230.830623,-87.916163,0.523229
-20.712142,-130.143755,-82.196072,0.153579
-21.675700,-127.828978,-82.668862,0.162296
-35.621948,-384.415240,-96.739588,0.188234
-18.290675,-231.258150,-85.667838,0.335779
-19.638988,-132.422342,-81.376375,0.139752
-43.655811,-368.123136,-92.872292,0.175799
-18.595977,-231.524297,-83.156537,0.421330
-18.796786,-134.634718,-80.210159,0.166765
-42.172709,-365.962826,-92.302652,0.123534
-21.498424,-229.916583,-79.283576,0.460738
-18.276994,-137.005027,-79.083213,0.172478
-45.181165,-370.760486,-93.117557,0.192699
-23.599947,-229.406495,-78.184641,0.399645
-19.866834,-230.595234,-80.896376,0.426161
-45.529858,-373.564693,-93.735995,0.191829
-26.827581,-124.164604,-83.796694,0.161132
-45.099492,-376.189213,-94.531445,0.209305
-35.550769,-228.601124,-94.872303,0.335630
-24.405712,-125.070450,-83.441221,0.156594
-44.087486,-378.611579,-95.459476,0.209458
-33.905906,-227.778865,-96.044410,0.319247
-36.865213,-229.637088,-92.915955,0.352669
-42.494049,-380.619082,-96.506789,0.209820
-22.617285,-126.014162,-82.728096,0.162699
-32.005907,-228.279415,-96.506368,0.294474
-18.905210,-130.486016,-80.362656,0.162969
-40.097946,-382.141444,-97.637517,0.209898
-19.681201,-128.211149,-81.033055,0.173826
-29.798438,-228.993787,-96.626915,0.394841
-18.228541,-132.722314,-79.373700,0.144974
-37.104617,-382.922681,-98.258482,0.178967
-37.486301,-230.600040,-90.420346,0.490140
-17.604699,-135.083480,-77.754469,0.133524
-25.182097,-384.956556,-90.118475,0.166780
-27.517512,-385.167766,-90.218925,0.158004
-27.654659,-229.800357,-96.383771,0.381151
-17.308291,-137.790894,-76.788777,0.201906
-28.628008,-385.213509,-91.889487,0.164678
-25.620976,-230.609242,-95.902157,0.431956
-17.326251,-139.640932,-75.789730,0.238848
-17.378377,-140.332954,-74.053378,0.212923
-26.301889,-384.981509,-91.919805,0.162241
-23.682455,-231.319901,-95.080012,0.494668
-17.715744,-140.878018,-72.259676,0.151802
-29.867016,-385.184863,-93.553383,0.172712
-16.815232,-138.559657,-74.615116,0.214922
-21.864979,-231.899714,-93.791397,0.452182
-31.257750,-385.030386,-95.265892,0.168658
-17.090753,-139.343726,-72.470127,0.173994
-20.330132,-232.397374,-92.059884,0.504411
-17.777267,-140.432933,-70.112287,0.162854
-32.716185,-384.564005,-97.011295,0.162536
-19.110734,-232.795460,-90.010433,0.433499
-27.502927,-384.871815,-93.637315,0.161183
-16.761754,-136.378292,-75.285156,0.158504
-18.333196,-233.156878,-87.764867,0.408541
-28.794872,-384.582515,-95.289151,0.158992
-16.683730,-137.321389,-72.985762,0.168322
-18.055654,-233.529710,-85.402151,0.422663
-17.094531,-138.173455,-70.727771,0.148233
-30.135530,-384.038196,-96.973095,0.155299
-37.399938,-231.639527,-87.661890,0.592146
-18.684103,-140.700290,-67.257565,0.189707
-22.674670,-384.579040,-89.967598,0.163867
-17.759974,-138.769385,-68.303963,0.171310
-35.129073,-231.893506,-82.565654,0.587107
-23.827900,-384.499601,-91.829812,0.154681
-36.436770,-232.908278,-84.934931,0.588284
-20.027254,-140.718527,-64.931298,0.186465
-33.922910,-229.591251,-95.739270,0.262376
-25.093808,-384.330100,-93.595789,0.150821
-21.735642,-140.554470,-63.068843,0.200322
-26.409515,-383.923925,-95.227436,0.148172
-31.948433,-230.386991,-96.267052,0.300132
-23.723685,-140.187309,-61.699221,0.124492
-27.754158,-383.297987,-96.779071,0.145477
-29.842407,-231.166364,-96.412167,0.316652
-25.799134,-139.630295,-60.570919,0.142818
-20.177603,-383.831788,-89.471007,0.155909
-35.575413,-230.687866,-94.329109,0.246597
-28.010412,-138.935641,-59.657409,0.112579
-17.838136,-382.710027,-88.506955,0.162190
-36.736688,-231.716850,-92.298639,0.375840
-27.790186,-231.958770,-96.257909,0.358293
-30.537802,-138.100397,-59.053661,0.121995
-15.561831,-381.434683,-87.187594,0.177305
-33.901767,-231.633859,-95.355706,0.364210
-18.900320,-138.920195,-65.878452,0.162969
-13.638950,-379.820905,-85.812005,0.199282
-31.918922,-232.469703,-95.948406,0.361397
-20.470940,-138.893059,-63.777868,0.138151
-12.376233,-377.833361,-84.830995,0.200410
-29.885053,-233.213170,-96.172507,0.386215
-22.129185,-138.780582,-61.967195,0.112269
-11.570563,-375.850366,-84.138991,0.192187
-35.523098,-232.730505,-93.851693,0.327526
-24.022811,-138.447751,-60.528790,0.133358
-11.235571,-373.670169,-83.525351,0.173083
-33.821801,-233.669101,-94.961959,0.321790
-26.152437,-137.828409,-59.432046,0.140640
-34.198861,-383.300012,-98.515166,0.182695
-31.799749,-234.486962,-95.637124,0.252789
-28.513295,-136.961147,-58.760353,0.152431
-31.573372,-383.196333,-98.512957,0.157514
-25.783780,-232.796718,-95.860209,0.482789
-17.919797,-137.175774,-67.012809,0.121388
-29.138468,-382.406057,-98.205132,0.149047
-27.995484,-234.026921,-96.121389,0.438190
-17.243943,-136.865351,-69.199250,0.121791
-19.185605,-136.949098,-64.619329,0.132006
-21.238984,-383.717816,-91.524376,0.148580
-29.917157,-234.935741,-95.974490,0.297153
-23.783042,-233.591720,-95.122453,0.486702
-20.840688,-137.217402,-62.521490,0.126816
-18.743807,-382.583993,-90.794102,0.144386
-21.848901,-234.327357,-93.894306,0.541830
-22.421274,-137.036477,-60.792770,0.151845
-16.256196,-381.282724,-89.725222,0.151431
-20.151176,-234.846370,-92.071167,0.635878
-24.314120,-136.625650,-59.267259,0.156408
-13.982656,-379.864354,-88.346561,0.180234
-18.866642,-235.189062,-89.933270,0.499777
-26.575959,-135.807229,-58.574065,0.159932
-12.439277,-378.199955,-86.927855,0.180074
-11.604469,-376.397493,-86.073982,0.172474
-17.992748,-235.546013,-87.674688,0.446673
-33.542553,-137.071577,-58.694457,0.139321
-10.970105,-374.324066,-85.466291,0.193121
-26.097053,-234.987558,-95.819597,0.439118
-36.618166,-136.676456,-59.296232,0.131490
-10.932772,-371.928934,-84.862329,0.180901
-28.543603,-236.051258,-95.961413,0.333297
-39.083551,-136.169511,-60.230041,0.134248
-11.196806,-369.239596,-84.439110,0.180516
-24.047209,-235.968589,-95.202152,0.469815
-40.966904,-135.522475,-61.521101,0.142303
-11.770863,-366.676630,-84.503343,0.122198
-26.624271,-237.223327,-95.798482,0.435823
-11.548145,-364.430549,-84.921254,0.154960
-42.363694,-134.949849,-62.794663,0.146960
-21.877986,-237.061582,-94.011040,0.532689
-43.556976,-133.295448,-63.804893,0.175343
-10.646385,-362.591582,-85.561658,0.195062
-9.902384,-360.885014,-86.563395,0.192579
-19.919364,-237.183715,-91.958375,0.655230
-31.034966,-136.102088,-58.121863,0.150683
-22.577566,-383.418945,-93.372908,0.141452
-18.660433,-237.586279,-89.895324,0.617847
-29.013006,-134.922167,-57.908840,0.161943
-23.977232,-383.004998,-95.033701,0.137234
-31.316147,-236.687356,-95.432486,0.327417
-44.979630,-132.037145,-66.074862,0.167214
-25.413004,-382.338514,-96.525375,0.139857
-26.842449,-381.464056,-97.861503,0.141591
-29.265092,-238.228144,-95.691216,0.376404
-46.006378,-131.002188,-68.176919,0.171168
-20.032708,-382.275467,-92.848187,0.134204
-33.486251,-231.114259,-80.589216,0.572848
-46.546442,-130.111242,-70.284437,0.158990
-46.601740,-129.076211,-72.278713,0.170018
-17.528856,-380.924005,-92.019948,0.128015
-31.668112,-230.684577,-79.216679,0.473932
-46.170676,-128.018792,-74.355923,0.168182
-14.901182,-379.203069,-91.013421,0.150823
-29.620633,-230.603418,-78.280418,0.428470
-27.321532,-230.760500,-77.705928,0.430566
-45.040283,-127.233261,-76.367962,0.159126
-12.839040,-377.917366,-89.081175,0.178242
-24.909989,-231.091177,-77.691598,0.372549
-43.486431,-126.595335,-77.861552,0.142707
-11.851857,-376.727495,-87.728222,0.199337
-22.614376,-231.520671,-78.329507,0.401632
-35.412886,-135.107285,-58.159334,0.203498
-11.227442,-375.030793,-87.372256,0.186812
-33.144896,-135.196470,-57.825726,0.190386
-10.875908,-372.781465,-86.839760,0.192159
-20.660772,-232.048334,-79.535554,0.466150
-38.014978,-134.801709,-58.889698,0.183221
-21.450596,-381.817889,-94.676050,0.126296
-22.953813,-381.073360,-96.225589,0.117091
-19.201543,-232.782726,-81.250800,0.265591
-40.223738,-134.258921,-60.073451,0.187093
-24.601032,-380.213377,-97.436049,0.128048
-18.277647,-234.052983,-83.191858,0.425530
-41.973677,-133.690436,-61.670843,0.157091
-17.746134,-235.919083,-85.265885,0.376447
-20.509689,-379.622667,-95.602705,0.111579
-31.551773,-134.089064,-57.608317,0.168266
-22.158970,-378.284050,-96.991776,0.109845
-17.722862,-238.033152,-87.586478,0.520491
-19.064556,-380.449707,-93.965382,0.123221
-34.104415,-133.505293,-57.603544,0.181621
-24.607980,-238.386995,-95.317677,0.459886
-36.727692,-133.204285,-57.931989,0.188864
-10.947821,-370.373806,-86.413439,0.170736
-27.245370,-239.496435,-95.692765,0.402908
-39.104606,-132.774566,-58.903962,0.203536
-11.475570,-368.041447,-86.186405,0.139951
-22.811674,-239.648429,-94.626561,0.395311
-20.994071,-238.851693,-93.397577,0.548895
-41.074654,-132.256074,-60.370713,0.186002
-11.805376,-365.945426,-86.233622,0.096170
-25.259934,-240.711486,-95.396545,0.419486
-11.224937,-364.161995,-86.649119,0.148759
-42.806892,-131.644144,-62.101852,0.185206
-19.691875,-239.381726,-91.960540,0.444930
-10.457424,-362.589778,-87.400095,0.183196
-44.230937,-130.778323,-64.203664,0.186068
-16.865055,-379.034222,-93.158390,0.126943
-15.133728,-377.248665,-92.617748,0.141759
-21.271155,-240.764055,-93.677181,0.472309
-45.239946,-129.813810,-66.461624,0.175851
-13.370753,-376.715051,-90.855628,0.173546
-23.398697,-241.871289,-94.831251,0.427785
-45.934534,-129.006448,-68.635842,0.168052
-11.957794,-375.792477,-89.153563,0.187889
-18.395058,-240.016682,-90.036423,0.515100
-46.307069,-128.387567,-70.499981,0.166253
-11.473056,-373.597700,-88.725769,0.193525
-19.698704,-241.633749,-92.266100,0.510303
-16.660129,-134.111721,-75.730621,0.138988
-17.175204,-132.959230,-77.578409,0.162851
-11.198820,-371.350181,-88.218328,0.182130
-21.614560,-242.939112,-93.917407,0.429063
-16.534129,-135.212331,-73.476784,0.134467
-12.519378,-374.354176,-90.474781,0.175434
-33.703498,-235.724199,-94.533362,0.307527
-16.828132,-136.122932,-71.319427,0.124322
-12.104249,-372.099408,-89.861967,0.174061
-14.037294,-375.023586,-92.134242,0.137966
-35.385428,-234.686567,-93.405677,0.374751
-17.500171,-131.040028,-78.305258,0.185257
-13.369881,-372.664380,-91.446856,0.149203
-36.520617,-233.707354,-91.902362,0.410656
-16.523906,-131.904818,-76.139407,0.175516
-11.493243,-369.135453,-87.936379,0.166883
-37.238186,-232.758011,-89.969626,0.453969
-16.291687,-133.058593,-73.835481,0.160977
-11.922247,-370.208372,-89.245440,0.169333
-18.030286,-236.255849,-82.990378,0.320028
-16.464898,-134.124651,-71.683567,0.127398
-11.870495,-367.088722,-87.709876,0.103476
-11.618951,-365.435780,-87.587247,0.113147
-18.693017,-234.645154,-81.539403,0.330460
-16.855520,-135.041598,-69.695005,0.127293
-19.756407,-234.188546,-79.978822,0.361745
-17.306747,-135.777437,-68.031553,0.121599
-12.842337,-370.421285,-90.641019,0.147728
-17.445393,-238.334047,-85.058200,0.513724
-17.801154,-135.473811,-66.244964,0.128212
-12.346603,-368.260654,-89.505077,0.120332
-18.099313,-128.811698,-78.928375,0.171051
-17.425257,-240.824286,-87.562255,0.477337
-16.802351,-129.600725,-76.618678,0.173445
-11.100821,-364.207318,-88.397536,0.158150
-18.414753,-242.520537,-90.424204,0.552600
-16.183512,-130.770420,-74.133254,0.171641
-11.840748,-365.963245,-89.098025,0.126064
-19.927683,-243.954617,-92.636014,0.591296
-15.758750,-375.506008,-93.622373,0.119507
-16.147524,-132.038535,-71.859992,0.161372
-16.662937,-377.359721,-93.933983,0.123649
-21.539422,-233.725538,-78.565339,0.346319
-18.258653,-378.405117,-94.816226,0.114174
-16.380152,-133.161143,-69.792651,0.169561
-23.721411,-233.297494,-77.700781,0.451877
-16.937003,-134.252027,-67.902536,0.155466
-20.777596,-125.835219,-81.257695,0.168360
-14.926190,-373.197858,-92.996975,0.131446
-26.152709,-232.918657,-77.472071,0.355150
-18.958623,-126.667122,-79.310722,0.168397
-14.268707,-370.860484,-92.136365,0.135347
-28.510765,-232.600079,-77.857564,0.447652
-17.595517,-127.356612,-77.078789,0.164674
-13.468782,-368.627079,-91.413334,0.111482
-30.632045,-232.360371,-78.657970,0.417386
-32.263137,-232.232696,-79.623090,0.462081
-16.564625,-128.167039,-74.217181,0.165437
-12.618155,-366.561522,-90.858585,0.143396
-29.675917,-234.465156,-78.198895,0.456847
-17.496210,-376.131316,-94.904453,0.112117
-31.776078,-233.922915,-79.300413,0.397685
-16.154099,-129.870413,-71.883048,0.173400
-27.254205,-234.935306,-77.486941,0.487611
-19.524866,-377.081891,-96.003540,0.100859
-16.197307,-131.071241,-69.796475,0.167250
-24.743332,-235.254305,-77.314039,0.431612
-16.637453,-373.742568,-94.458989,0.114455
-16.595974,-132.238945,-67.714167,0.171873
-22.359392,-235.603177,-77.848265,0.364423
-15.877381,-371.303755,-93.642199,0.121458
-17.449761,-133.563904,-65.838879,0.160661
-20.266120,-236.004816,-79.027396,0.286642
-14.916290,-368.999274,-92.954164,0.113529
-18.614613,-134.874200,-64.199621,0.185470
-18.751682,-236.313066,-80.861350,0.352539
-18.505110,-374.433258,-95.784898,0.111724
-19.854214,-135.807632,-62.947075,0.163667
-21.034466,-135.588170,-61.344423,0.168233
-17.661206,-371.829431,-95.051945,0.117575
-17.850133,-238.502669,-82.535424,0.454635
-22.702445,-135.152447,-59.822728,0.182058
-16.743292,-369.358699,-94.252304,0.110485
-17.195872,-240.655782,-84.660420,0.525072
-24.793719,-134.596820,-58.785357,0.180156
-13.732876,-366.979999,-92.521644,0.164988
-18.874399,-238.675039,-80.036063,0.455712
-27.026978,-133.693944,-58.111204,0.176812
-15.408503,-367.110536,-93.866799,0.156443
-20.909045,-237.910309,-78.213139,0.242536
-29.622249,-132.706297,-57.755646,0.149044
-11.646446,-364.364232,-90.577568,0.184376
-17.636695,-240.931087,-82.200616,0.401595
-32.413447,-131.991517,-57.598131,0.142465
-12.707361,-365.392474,-92.103109,0.175001
-23.143375,-237.614865,-77.340071,0.431371
-13.884240,-365.262110,-93.446509,0.171257
-35.098924,-131.531379,-57.473104,0.166644
-25.623977,-237.421842,-77.102001,0.471985
-10.739306,-362.443015,-89.246736,0.187327
-37.736033,-131.122840,-58.172473,0.187315
-28.461196,-237.226377,-77.669636,0.407323
-10.272429,-361.097826,-88.195712,0.196772
-39.910742,-130.743392,-59.370408,0.202874
-10.318878,-359.345451,-87.914786,0.187820
-18.445411,-241.452497,-80.007074,0.523899
-19.850413,-239.925139,-78.654992,0.464128
-41.676831,-130.282936,-60.879154,0.209124
-10.696500,-357.340507,-87.369962,0.200503
-21.527351,-239.831129,-77.613112,0.388042
-43.105777,-129.493512,-62.641832,0.194587
-11.146869,-355.439468,-86.836178,0.212128
-19.888720,-241.850078,-78.292157,0.466839
-44.232706,-128.528415,-64.810624,0.188624
-11.624759,-353.902033,-86.555333,0.253109
-12.283556,-352.586542,-87.296636,0.256349
-23.740897,-239.782067,-76.992251,0.449688
-45.141510,-127.739053,-67.112448,0.181342
-21.877404,-241.932975,-77.213337,0.470232
-45.660599,-127.139440,-69.416081,0.165860
-46.028932,-126.842984,-72.001997,0.159163
-20.596988,-375.280983,-97.023463,0.105342
-26.239481,-239.783875,-76.999469,0.423056
-19.448022,-372.475987,-96.595421,0.111946
-24.185841,-242.048323,-76.719835,0.365877
-45.449593,-125.935405,-74.499940,0.159469
-18.721897,-369.855294,-95.525134,0.122482
-17.483827,-243.567024,-88.572978,0.417920
-44.307689,-125.234423,-76.436948,0.166091
-17.032951,-242.499364,-86.392391,0.467914
-17.612167,-367.368359,-94.930036,0.116282
-18.578668,-244.979378,-91.006652,0.632190
-42.784181,-124.645150,-78.027304,0.152510
-15.877886,-364.938438,-94.846116,0.166964
-16.961067,-242.888096,-84.392784,0.451224
-41.080408,-123.974327,-79.308367,0.133675
-39.158122,-123.201870,-80.403815,0.120484
-16.835742,-244.514561,-86.701593,0.477025
-45.084514,-372.103005,-95.314085,0.187273
-36.904296,-122.383968,-81.348622,0.127272
-44.925642,-374.496277,-95.976289,0.185931
-17.458409,-245.966001,-89.182226,0.471628
-34.240071,-121.635846,-82.200538,0.133006
-44.391582,-376.785383,-96.794425,0.184589
-17.322734,-243.415611,-82.081124,0.431900
-30.863601,-121.105445,-82.426949,0.142662
-43.091290,-378.698035,-97.646766,0.186466
-16.652783,-245.208739,-84.504176,0.454073
-27.570341,-121.959164,-82.768446,0.158511
-41.366221,-380.150828,-98.815708,0.184558
-16.690376,-246.852634,-87.072011,0.524837
-24.903604,-123.049606,-82.567490,0.158165
-38.342544,-380.828249,-99.932874,0.176404
-18.187175,-244.132053,-79.660767,0.442886
-22.729878,-124.294031,-81.953210,0.165954
-44.419225,-369.813277,-94.967977,0.195441
-20.089765,-243.926588,-77.763426,0.401296
-19.779748,-134.205490,-62.321326,0.178701
-35.325093,-381.642854,-99.821519,0.159686
-22.168711,-244.108524,-76.856577,0.402321
-18.517273,-132.827491,-63.749441,0.185493
-32.886672,-381.704892,-99.591278,0.159964
-16.927553,-245.948786,-82.196752,0.508412
-21.320935,-133.642557,-60.594255,0.166489
-30.558883,-381.174420,-99.355436,0.139134
-16.362065,-247.669706,-84.781665,0.567210
-23.347778,-133.197403,-59.363278,0.195776
-28.302923,-380.300676,-98.979570,0.137357
-17.540576,-246.827433,-80.107804,0.491622
-25.301956,-132.814547,-58.597226,0.178973
-26.099290,-379.249002,-98.509542,0.129435
-18.796216,-245.677173,-78.482262,0.364627
-17.398257,-131.373792,-65.500126,0.177368
-16.538838,-248.461579,-82.461690,0.590973
-24.186156,-378.192360,-98.026433,0.119084
-27.254756,-131.219556,-58.265090,0.144521
-22.918024,-375.994349,-98.049168,0.114164
-20.274768,-245.960219,-77.341722,0.376853
-16.716685,-129.756428,-67.655102,0.178946
-21.579624,-373.212798,-97.943017,0.114696
-18.534688,-247.597743,-78.391626,0.386686
-16.318879,-129.254013,-69.930343,0.176768
-20.644292,-370.438746,-97.084421,0.114433
-17.130785,-249.229580,-80.277022,0.569871
-16.494521,-127.825064,-71.415018,0.163204
-19.958430,-367.979119,-95.954804,0.110125
-33.560797,-233.143235,-80.739004,0.435258
-16.792949,-127.662088,-69.061800,0.175974
-25.251115,-376.763612,-98.843364,0.121685
-30.516169,-130.430084,-57.966432,0.131097
-30.963736,-236.101075,-78.892390,0.407592
-27.546139,-377.856100,-99.411250,0.132204
-36.943710,-234.866124,-89.815290,0.535711
-33.398446,-129.871280,-57.794804,0.141039
-36.304966,-235.407564,-91.678601,0.454490
-29.781235,-378.959808,-99.841273,0.143008
-35.391795,-236.621110,-92.749990,0.272881
-36.110597,-129.378546,-57.871794,0.177769
-31.923954,-379.780240,-100.176000,0.152868
-37.112236,-233.981394,-87.438356,0.504346
-38.494971,-129.127517,-58.871321,0.213754
-33.796164,-380.326320,-100.347826,0.161408
-40.472652,-128.853379,-60.119591,0.213462
-24.045119,-373.966001,-98.838767,0.116923
-34.939562,-234.302129,-82.538767,0.400466
-41.875751,-128.616125,-61.523485,0.212719
-22.835479,-371.112633,-98.456231,0.116371
-33.098894,-235.360996,-80.415274,0.549131
-42.768310,-127.202458,-63.125984,0.202199
-22.012875,-368.520190,-97.426320,0.113434
-43.945785,-126.424093,-65.676046,0.190384
-36.180974,-235.365793,-84.831347,0.457423
-35.559862,-379.562428,-100.771364,0.174427
-44.743549,-125.769384,-68.011678,0.180864
-36.881631,-236.226722,-87.417220,0.600142
-33.372835,-378.494743,-100.809423,0.158261
-45.084109,-125.334682,-70.379586,0.176651
-36.541020,-237.089023,-90.180084,0.381689
-31.272216,-377.595744,-100.556860,0.141196
-45.047346,-124.835401,-72.659903,0.171154
-44.427378,-124.187866,-74.651043,0.154909
-29.137582,-376.558661,-100.197995,0.134851
-34.486407,-237.093274,-82.135462,0.449214
-43.295863,-123.467403,-76.387446,0.171102
-26.783400,-374.868046,-99.737293,0.123337
-32.190863,-237.719522,-79.735269,0.478369
-41.746938,-122.825687,-77.859735,0.153192
-30.273781,-238.172158,-78.449267,0.417899
-40.068464,-122.119619,-79.077790,0.137273
-43.028269,-368.036532,-95.097451,0.159559
-28.616374,-239.957063,-77.596046,0.482061
-38.084782,-121.262494,-79.923398,0.134547
-42.344020,-366.791455,-93.799911,0.138679
-41.226374,-365.454873,-93.833249,0.126919
-30.815787,-240.016549,-78.735016,0.461750
-35.661412,-120.421902,-80.558165,0.136560
-40.391972,-364.008500,-94.193845,0.130927
-33.032568,-239.760394,-80.497100,0.552695
-32.987089,-119.843479,-80.945476,0.136549
-41.546057,-366.687538,-95.310593,0.147300
-26.580207,-242.211958,-76.896563,0.496706
-28.015200,-120.111815,-81.040109,0.152204
-40.221346,-365.339065,-95.447471,0.120193
-30.427247,-119.269774,-80.412978,0.146558
-25.309353,-371.812142,-99.394860,0.122600
-24.456718,-244.358021,-76.513710,0.484291
-25.428913,-121.158896,-81.110235,0.154429
-24.283526,-369.125232,-98.677925,0.120781
-22.313797,-246.320209,-76.550960,0.457675
-23.100722,-122.423945,-80.723271,0.166153
-27.751285,-372.346188,-100.216467,0.128495
-20.160993,-248.127458,-77.032658,0.368029
-21.204777,-123.831021,-80.073196,0.163167
-28.829137,-374.430105,-100.432729,0.136303
-30.671692,-375.280418,-100.789485,0.137618
-18.246210,-249.891385,-78.284437,0.416249
-19.799556,-125.026350,-79.293855,0.161007
-18.553422,-125.389771,-77.565254,0.164120
-30.011628,-372.919936,-100.760495,0.138099
-29.003402,-242.313706,-77.667600,0.501143
-17.564040,-125.906535,-75.320000,0.170505
-32.781236,-376.192082,-101.121744,0.148594
-26.883992,-244.573584,-76.818471,0.471041
-17.090510,-126.109591,-72.945728,0.163461
-32.174459,-373.782656,-101.172268,0.139280
-24.636332,-246.673188,-76.314207,0.565262
-17.160611,-125.922818,-70.585073,0.166951
-26.768866,-369.724727,-99.701885,0.128457
-22.320659,-248.630223,-76.191579,0.338151
-19.867585,-123.777483,-77.998868,0.170443
-29.302166,-370.450985,-100.431874,0.137429
-19.966129,-250.491313,-76.749403,0.425209
-18.705616,-124.175953,-75.879279,0.179623
-31.660348,-371.366184,-100.864288,0.134034
-31.431934,-242.281915,-79.136518,0.495940
-17.923870,-124.700963,-74.065254,0.156604
-35.033996,-377.152491,-101.325808,0.154559
-29.453355,-244.712570,-77.803759,0.464964
-17.898895,-124.344454,-72.236686,0.151135
-21.516539,-122.278468,-78.536656,0.175620
-34.385506,-374.703652,-101.479046,0.147878
-27.132906,-246.952196,-76.745372,0.544792
-23.522553,-120.833808,-79.016901,0.167781
-33.843370,-372.331834,-101.279013,0.136893
-24.789305,-249.033984,-76.102050,0.492073
-25.806574,-119.643095,-79.224630,0.157645
-37.565205,-378.132617,-101.248204,0.164105
-22.341725,-251.094394,-75.889765,0.489993
-20.092083,-122.547357,-76.253573,0.173914
-40.228466,-378.662897,-100.586673,0.167584
-34.843849,-239.646459,-82.879819,0.487747
-36.049955,-237.736723,-84.905300,0.523119
-21.848306,-120.985742,-76.651296,0.176002
-42.064254,-378.385754,-99.333669,0.175589
-36.114742,-239.790768,-85.333657,0.337056
-43.165651,-376.988684,-98.733189,0.171477
-36.683066,-238.358828,-87.437865,0.584433
-23.908236,-119.557449,-77.011760,0.161921
-44.023131,-375.113621,-98.068817,0.165518
-33.659012,-242.007637,-81.314895,0.523055
-18.897457,-123.218552,-74.079203,0.177747
-41.660339,-376.818495,-100.458944,0.169631
-35.261360,-241.660416,-83.857265,0.472064
-42.826208,-375.470929,-99.684856,0.168115
-20.352334,-121.513502,-74.240587,0.187920
-39.371088,-376.346963,-101.512293,0.150991
-33.772382,-237.883839,-93.980389,0.301560
-22.219210,-119.923225,-74.535394,0.176235
-36.732012,-375.613757,-101.669597,0.153560
-35.511502,-238.665748,-91.926604,0.330805
-19.225084,-122.612948,-71.970658,0.175056
-36.414825,-239.360955,-89.507539,0.471989
-35.990263,-373.259846,-101.580102,0.138750
-31.868820,-239.171025,-94.829188,0.388004
-20.882466,-120.912348,-71.964644,0.195974
-38.306812,-373.946289,-101.724024,0.150606
-29.872018,-240.504498,-95.309870,0.395147
-18.320513,-124.114827,-70.014437,0.163707
-41.188228,-374.330396,-101.068701,0.165072
-27.870510,-241.749313,-95.478186,0.307569
-17.761952,-125.850695,-68.375838,0.163750
-19.812777,-122.396166,-69.720888,0.178109
-25.874014,-242.930074,-95.316836,0.389365
-44.389518,-372.987459,-97.339485,0.168187
-17.593298,-127.592533,-66.870102,0.150917
-34.072696,-240.033605,-93.218688,0.377126
-44.371712,-371.124812,-96.592859,0.188847
-17.914174,-129.198853,-65.221464,0.152830
-43.211790,-373.566375,-99.365798,0.158683
-32.342822,-241.391774,-94.150713,0.397197
-18.828014,-130.663868,-63.412182,0.161173
-43.451284,-369.562339,-96.845790,0.184461
-30.477039,-242.723616,-94.840897,0.349585
-20.046696,-132.131892,-61.801099,0.190869
-43.399645,-371.406835,-98.302060,0.167081
-28.483011,-243.944282,-95.164124,0.375859
-19.076532,-124.175428,-67.899800,0.163446
-35.631909,-240.705373,-91.085352,0.491962
-18.597231,-125.864783,-66.417029,0.170244
-41.805589,-371.716665,-100.158450,0.151941
-18.681115,-127.341094,-64.991319,0.151830
-34.394604,-242.112692,-92.445522,0.410096
-39.367526,-372.001228,-101.255611,0.142536
-19.424984,-128.609862,-63.426256,0.157729
-37.332613,-372.114124,-101.426034,0.145904
-32.800762,-243.530455,-93.426959,0.294541
-22.081998,-131.606672,-60.261663,0.191809
-35.598146,-371.153132,-101.148408,0.135151
-36.506161,-240.024454,-87.441666,0.647823
-24.432071,-131.300542,-59.162451,0.180842
-41.950362,-367.997519,-96.996266,0.169585
-36.194864,-241.468519,-86.331892,0.450402
-20.803395,-129.821962,-61.587988,0.172442
-42.008929,-369.702608,-98.682212,0.161366
-36.320610,-241.189950,-88.737734,0.486755
-35.736758,-242.592243,-90.197910,0.423267
-33.542928,-370.112983,-100.724633,0.135608
-23.190032,-129.697306,-60.209231,0.157579
-34.720498,-244.129459,-91.552177,0.270696
-31.323264,-369.040658,-100.364960,0.123718
-25.734865,-129.302474,-59.398997,0.145535
-30.975231,-244.882601,-94.230653,0.369223
-28.759981,-367.734528,-99.886692,0.119810
-28.622826,-128.771033,-58.718333,0.139661
-33.209268,-245.680943,-92.695122,0.419521
-25.910145,-367.308085,-98.891434,0.111120
-31.597972,-128.218808,-58.255298,0.158393
-23.934471,-244.040313,-94.903867,0.432979
-23.531680,-366.774953,-97.737453,0.103555
-34.421365,-127.768468,-58.225479,0.192998
-26.460372,-245.046517,-95.176133,0.513431
-21.230711,-366.108287,-96.612335,0.122788
-22.073084,-245.145431,-94.173045,0.460216
-36.956724,-127.481471,-58.801933,0.211293
-18.722769,-365.571561,-95.898794,0.152702
-20.339587,-246.247966,-93.079774,0.546026
-39.171179,-127.283081,-59.790400,0.210831
-18.837000,-247.341583,-91.565654,0.633583
-40.943372,-127.184307,-61.260130,0.211131
-39.919068,-369.913603,-100.181108,0.140152
-24.526788,-246.135705,-94.943404,0.461960
-28.169491,-118.703288,-79.025156,0.155658
-37.578576,-370.352502,-100.917405,0.134262
-40.272937,-368.159706,-98.590932,0.144811
-17.564945,-248.383883,-89.720113,0.609835
-26.162465,-118.471033,-77.120811,0.159012
-37.870532,-368.232863,-99.566907,0.134341
-16.618031,-249.328966,-87.554458,0.523201
-24.374594,-118.573173,-74.823245,0.170825
-35.565720,-369.108791,-100.448474,0.135950
-16.128992,-250.178078,-85.142519,0.581773
-22.849940,-119.293355,-72.199871,0.183736
-40.364541,-366.691687,-96.984647,0.128906
-16.220462,-250.967059,-82.698710,0.466049
-21.630594,-120.665995,-69.568627,0.190195
-16.782089,-251.675255,-80.346627,0.325378
-20.684627,-122.598642,-67.433403,0.175294
-38.910698,-366.990942,-98.131326,0.123765
-17.917517,-252.320181,-78.139227,0.457378
-19.931428,-124.538310,-65.973083,0.162345
-38.873407,-365.496510,-97.009439,0.104818
-19.739621,-253.005348,-76.436669,0.574618
-19.528279,-126.005043,-65.022500,0.166468
-39.476674,-363.559949,-95.798476,0.138319
-20.049911,-126.902294,-63.774202,0.151555
-22.691811,-247.296467,-94.413814,0.405065
-20.979768,-127.794131,-62.331048,0.168620
-38.633470,-361.132911,-96.286139,0.176879
-20.918171,-248.509231,-93.514989,0.500346
-22.295529,-128.393251,-61.150856,0.149593
-24.188024,-127.864453,-60.617650,0.152897
-36.316417,-358.744756,-96.414936,0.171507
-19.215074,-249.713274,-92.160203,0.535448
-26.828006,-126.959254,-60.052511,0.154049
-34.699152,-356.187513,-95.139545,0.185976
-17.756327,-250.899700,-90.352398,0.634928
-29.824148,-126.626151,-59.198734,0.162947
-37.405548,-366.037946,-98.573393,0.097398
-16.564584,-251.907054,-88.053809,0.449008
-32.655324,-126.156991,-58.906846,0.190224
-35.550739,-367.050851,-99.543616,0.123824
-15.916964,-252.770194,-85.472500,0.458710
-35.344493,-125.867028,-59.167042,0.208360
-33.480857,-368.042498,-100.056058,0.112920
-15.932985,-253.525568,-82.844906,0.480799
-37.711534,-125.686667,-59.895520,0.201975
-37.919107,-363.753247,-97.825705,0.171252
-16.503144,-254.156159,-80.296574,0.471620
-39.637841,-125.666793,-61.081202,0.209928
-17.624414,-254.792970,-78.009140,0.482925
-41.290877,-125.459112,-62.503200,0.207662
-36.652432,-361.676451,-98.824089,0.179767
-42.542784,-125.062445,-64.525315,0.194415
-34.442478,-359.870984,-99.015485,0.161965
-36.175667,-242.911753,-87.742342,0.522200
-43.431638,-124.497756,-66.803438,0.187013
-33.760164,-357.697917,-97.363102,0.171632
-35.581489,-364.498145,-99.250330,0.142845
-35.794647,-244.381698,-89.179741,0.406188
-43.989270,-123.994968,-69.081066,0.164734
-34.966432,-246.106237,-90.527377,0.380082
-44.229795,-123.633831,-71.313697,0.170720
-33.582307,-365.988683,-99.686376,0.098608
-35.747908,-243.315926,-85.306761,0.452127
-44.183690,-123.433261,-73.148623,0.167570
-31.437239,-366.907983,-99.859341,0.096875
-43.342935,-122.606641,-74.555123,0.168558
-29.706948,-365.517076,-99.939548,0.117817
-35.972066,-244.438713,-86.962859,0.552863
-34.493894,-243.931428,-82.697014,0.582902
-42.043321,-121.795658,-76.142760,0.162008
-27.322807,-365.549775,-99.444699,0.109251
-32.229240,-244.856823,-79.814104,0.520438
-40.508611,-121.122204,-77.557109,0.142363
-25.004247,-365.119047,-98.428535,0.138538
-39.005054,-120.639787,-78.569848,0.141725
-22.627912,-364.529645,-97.585304,0.137904
-35.808072,-246.041048,-87.880858,0.550027
-36.900252,-119.396350,-78.618587,0.147555
-20.246169,-363.856103,-96.704569,0.167734
-35.412922,-245.577587,-84.853966,0.431155
-34.166329,-118.939043,-79.264912,0.136469
-17.800444,-363.137223,-95.735127,0.163424
-32.091912,-118.755240,-79.499211,0.140588
-33.912464,-246.321437,-81.948269,0.449965
-30.355166,-118.190651,-78.473018,0.152348
-34.305477,-362.421822,-99.896894,0.192896
-29.717581,-247.199068,-77.874987,0.430861
-28.432047,-117.828482,-76.884785,0.161751
-33.559191,-364.272959,-99.893098,0.159650
-32.004420,-247.753259,-79.656022,0.562989
-31.856448,-364.997123,-99.943739,0.121656
-26.641429,-117.815346,-74.922845,0.176486
-27.401606,-249.342030,-76.674127,0.504066
-25.082571,-118.100267,-72.598409,0.185257
-32.302705,-363.177041,-100.297960,0.156984
-25.086309,-251.473322,-75.903678,0.413448
-23.816396,-118.988459,-69.880199,0.181740
-30.411524,-363.813987,-100.294099,0.155143
-28.447396,-363.987833,-100.060579,0.156681
-22.565639,-253.917493,-75.518783,0.499082
-22.865807,-120.874377,-66.838674,0.167520
-32.528423,-360.974232,-100.200009,0.189900
-19.483305,-255.534295,-76.193820,0.410057
-32.430916,-118.034663,-77.915150,0.152554
-30.723254,-362.067224,-100.507391,0.180853
-28.933014,-246.022206,-94.806091,0.327673
-30.581294,-117.635616,-76.424118,0.163064
-29.256802,-362.687720,-100.399574,0.157230
-26.368922,-363.621163,-99.301516,0.166412
-26.923336,-247.011090,-94.997521,0.373654
-28.798105,-117.472833,-74.789965,0.176262
-27.728634,-362.268560,-99.922313,0.170940
-25.156816,-248.077956,-94.911329,0.432105
-27.234634,-117.508689,-72.940391,0.173290
-24.232672,-363.016132,-98.305039,0.162727
-31.243504,-247.042192,-93.762370,0.275477
-34.661971,-118.181591,-77.245771,0.152115
-22.014929,-362.312311,-97.216107,0.169886
-33.449855,-248.167711,-91.856042,0.356718
-32.687497,-117.652642,-75.815066,0.174562
-19.729408,-361.594954,-96.107587,0.167204
-35.330930,-248.058397,-89.153775,0.436435
-30.833843,-117.380472,-74.361829,0.182820
-32.237383,-358.978690,-99.045954,0.155692
-35.553837,-247.680480,-86.196756,0.541966
-29.166025,-117.307739,-72.860733,0.189654
-30.665104,-360.198585,-99.968095,0.179406
-34.825920,-247.436937,-83.785177,0.395859
-26.110135,-117.846568,-70.698436,0.182877
-33.687863,-248.571251,-81.842698,0.481084
-27.861871,-117.408998,-71.453576,0.186922
-29.154272,-361.218440,-100.135501,0.170319
-23.468560,-249.370038,-94.572680,0.574691
-21.587925,-123.387179,-65.203913,0.166247
-25.891685,-361.598237,-98.964981,0.163311
-32.738062,-355.620382,-96.210995,0.185231
-29.061811,-248.001890,-94.512204,0.290028
-20.739838,-125.306646,-64.261718,0.155210
-33.453080,-353.905795,-94.291493,0.207920
-27.205241,-248.594855,-94.829119,0.372267
-31.641290,-353.692978,-95.439813,0.205446
-21.325525,-126.325017,-62.970652,0.159125
-26.103992,-249.853014,-94.806869,0.365535
-22.596309,-126.823651,-61.832125,0.165268
-31.542420,-357.200964,-97.798623,0.157879
-28.553380,-249.821155,-94.433313,0.249829
-30.184425,-358.652399,-98.922601,0.159710
-24.542471,-125.867318,-61.477657,0.158545
-29.141303,-359.835246,-99.533727,0.157812
-30.959955,-249.228740,-93.524027,0.390020
-22.634548,-124.857212,-63.119504,0.157204
-27.609354,-360.496124,-99.415750,0.157110
-30.656763,-355.436788,-96.857143,0.176702
-34.439549,-250.127206,-90.011565,0.438631
-32.534256,-250.712002,-92.177447,0.285370
-23.554891,-122.648226,-64.337272,0.167043
-29.325744,-357.146880,-97.889161,0.174954
-35.258077,-249.738404,-87.262267,0.541393
-24.742239,-123.886655,-62.591206,0.168376
-28.180531,-358.819890,-98.678329,0.173018
-34.917062,-249.234835,-84.357273,0.488331
-26.551924,-124.786493,-61.236237,0.169507
-23.930590,-360.791839,-97.746542,0.173424
-29.904297,-249.613459,-77.916568,0.477306
-28.478793,-125.309151,-60.238080,0.179614
-21.749023,-360.009594,-96.483868,0.170657
-36.868517,-118.380627,-76.293965,0.154498
-32.041780,-250.101716,-79.795351,0.501547
-38.904475,-119.604343,-77.143083,0.151834
-26.054452,-359.528739,-98.292970,0.172130
-27.851890,-251.624738,-76.713104,0.467290
-40.593727,-120.154745,-75.746256,0.156938
-25.964868,-253.752904,-75.892974,0.550356
-24.179299,-358.109238,-96.885277,0.172726
-34.776064,-117.717051,-75.052474,0.171605
-21.631216,-256.631043,-75.300981,0.467745
-26.985291,-357.445831,-97.604559,0.171390
-24.443604,-256.000967,-75.340828,0.607527
-32.836561,-117.388476,-73.697801,0.183244
-21.664419,-250.735734,-93.910133,0.505045
-38.771417,-118.776167,-75.018097,0.156015
-28.459021,-355.450862,-96.985013,0.176497
-24.539803,-251.382457,-94.647353,0.400946
-36.753342,-117.908071,-74.001160,0.165291
-29.836002,-353.938151,-96.196856,0.196197
-27.379221,-251.602295,-94.494223,0.347046
-30.117461,-351.939353,-95.089432,0.217621
-34.771400,-117.486016,-72.847224,0.171066
-30.081992,-251.358259,-93.624872,0.370049
-31.043264,-117.255367,-72.345084,0.194154
-27.972665,-353.525121,-96.171123,0.187272
-19.818254,-252.148500,-92.795174,0.431746
-29.387608,-117.260415,-70.964005,0.188061
-26.052874,-355.578146,-96.571706,0.176258
-32.928140,-117.295386,-71.632758,0.181917
-22.722960,-252.956591,-94.243161,0.368120
-31.209935,-117.247988,-70.359151,0.198819
-27.743642,-351.501535,-95.304246,0.224624
-25.835101,-253.404280,-94.532646,0.396379
-29.412786,-350.129475,-94.504652,0.247859
-27.676218,-117.672440,-69.567112,0.180915
-29.838909,-348.307177,-93.670977,0.261580
-18.049989,-253.756311,-91.004042,0.467358
-29.589691,-117.464141,-68.961511,0.171039
-30.133268,-346.046648,-92.784802,0.298204
-16.473637,-254.453752,-88.301350,0.647630
-25.606607,-118.868296,-67.748308,0.195402
-27.686330,-349.463951,-94.583113,0.239748
-15.684878,-255.596116,-85.705670,0.449718
-24.991311,-120.810071,-65.170301,0.178295
-30.270767,-343.501989,-92.073375,0.360524
-15.628749,-256.002344,-82.592422,0.458107
-25.215869,-122.322969,-63.609312,0.161731
-27.895419,-347.254482,-93.961021,0.282990
-16.289801,-256.558255,-79.962226,0.447827
-26.595167,-122.960554,-62.361466,0.158473
-28.505085,-123.647983,-61.197655,0.173024
-27.982580,-344.901198,-93.347407,0.325937
-17.522822,-257.145877,-77.618670,0.452122
-30.849651,-124.465345,-60.030298,0.179233
-30.034165,-340.848137,-91.478663,0.391697
-19.333566,-257.796833,-75.914434,0.326918
-27.681758,-342.420480,-92.885768,0.359307
-28.867250,-253.474404,-93.849816,0.377125
-33.718856,-124.340030,-59.873684,0.176215
-25.593164,-353.393779,-95.685515,0.198854
-31.622184,-253.039183,-92.457868,0.309940
-36.195554,-124.146666,-60.393737,0.208810
-25.381484,-351.155647,-94.902683,0.222685
-33.741272,-252.323433,-90.583427,0.383305
-38.377944,-124.103650,-61.280076,0.205616
-25.407091,-348.814348,-94.308491,0.255923
-34.855057,-251.739378,-88.031043,0.503581
-39.993018,-124.300106,-62.232394,0.203513
-20.830185,-254.577544,-93.446586,0.578356
-41.015956,-123.732157,-63.766650,0.187920
-25.533875,-346.429010,-93.829866,0.267247
-41.981626,-123.238436,-65.830005,0.186779
-23.985548,-255.161326,-94.382454,0.474410
-25.367153,-344.123494,-93.241685,0.316335
-42.656462,-122.720676,-68.019744,0.174872
-27.210357,-255.504590,-94.125681,0.410440
-23.548366,-355.572597,-95.718426,0.173986
-43.095380,-122.287648,-70.290032,0.156942
-19.228562,-256.338129,-92.373670,0.593753
-21.534681,-357.643178,-95.550124,0.182387
-17.469079,-255.900597,-90.339328,0.499222
-43.221385,-122.222594,-72.534390,0.162366
-22.092189,-256.905339,-93.922962,0.472227
-19.485249,-359.317469,-95.207666,0.160395
-25.249127,-257.368624,-94.268777,0.402793
-42.013644,-121.054813,-74.113394,0.155377
-17.489513,-360.826020,-94.823881,0.164431
-16.434846,-256.798489,-88.532600,0.589430
-15.607609,-362.314016,-94.342653,0.162731
-40.448505,-119.502324,-73.415164,0.159001
-17.759797,-258.241568,-90.888555,0.556734
-38.483586,-118.435518,-72.537348,0.165356
-14.170471,-363.466006,-93.742405,0.160986
-12.667446,-363.629618,-92.529024,0.188142
-20.346406,-258.729810,-93.124161,0.567519
-36.488817,-117.757627,-71.668630,0.168235
-11.750979,-362.027920,-91.188093,0.182885
-23.371817,-259.220256,-94.081926,0.530290
-34.645506,-117.460656,-70.752979,0.174940
-10.935949,-360.458935,-89.631046,0.182321
-30.632012,-255.659313,-92.659898,0.406148
-33.017560,-117.370257,-69.685209,0.180398
-33.207334,-254.576413,-90.772923,0.370995
-31.484889,-117.474252,-68.446152,0.187037
-23.153965,-353.221885,-94.855958,0.215191
-41.840995,-120.772467,-71.745712,0.163036
-34.501468,-253.723084,-88.525626,0.440197
-22.683886,-350.725926,-94.063350,0.223208
-40.014543,-119.540693,-70.527174,0.169867
-34.937622,-251.340300,-85.103235,0.614383
-23.099797,-348.075491,-93.598201,0.245989
-34.877119,-253.326525,-85.937890,0.622497
-41.608956,-121.077742,-69.309532,0.165736
-41.187391,-121.589600,-67.139406,0.193298
-23.060286,-345.763418,-93.089771,0.275812
-33.742386,-250.782888,-82.220281,0.433594
-40.372408,-122.065515,-65.097924,0.198879
-13.557302,-361.519657,-92.778009,0.168088
-39.128393,-122.611030,-63.020559,0.195821
-30.257710,-251.788972,-78.125367,0.499790
-12.358577,-359.947358,-91.188199,0.170092
-36.926589,-122.553339,-61.821149,0.187811
-15.416404,-360.156308,-93.433999,0.172430
-32.148663,-252.305594,-80.079657,0.503381
-34.585991,-122.706921,-61.093870,0.180078
-13.882088,-359.610827,-92.219356,0.178919
-17.231492,-358.428936,-93.778136,0.179488
-30.649619,-253.506562,-78.420025,0.469707
-32.475266,-123.054395,-60.691421,0.201000
-28.686158,-253.634471,-77.013574,0.440569
-30.510257,-122.533352,-61.363459,0.171197
-19.369068,-357.090130,-94.397378,0.188343
-28.464666,-121.897285,-62.482075,0.164466
-21.199796,-355.335535,-94.689873,0.194295
-33.864362,-253.299816,-82.645172,0.448479
-26.681471,-121.261192,-63.771784,0.163782
-15.035097,-358.271706,-92.454221,0.175623
-34.475440,-255.194755,-84.327505,0.660173
-34.727675,-254.887859,-86.724670,0.557766
-27.013443,-119.574859,-65.527099,0.190707
-11.567642,-358.186460,-89.489646,0.176225
-34.283456,-255.758688,-88.480310,0.430581
-28.590192,-120.276239,-64.009910,0.179600
-31.947694,-254.499489,-79.880208,0.551085
-28.046407,-118.203051,-67.375660,0.168504
-13.304597,-358.156643,-91.144022,0.174627
-29.923902,-255.325334,-77.794648,0.411552
-30.037739,-117.997835,-67.113827,0.169045
-11.703834,-356.063887,-88.566732,0.206755
-29.032500,-118.856217,-65.588558,0.168860
-12.031125,-354.314355,-87.979872,0.227685
-33.036407,-256.908455,-90.455249,0.300179
-30.486027,-120.940004,-62.822895,0.178572
-12.866220,-356.462521,-90.079477,0.191134
-33.193997,-255.867269,-81.647990,0.647644
-12.700219,-354.976937,-89.245918,0.200487
-30.520286,-119.538163,-64.348105,0.168791
-14.414911,-356.557720,-91.405566,0.194847
-31.382208,-256.761483,-79.222495,0.676816
-30.680883,-118.577760,-65.711697,0.177922
-13.896657,-354.894892,-90.367598,0.198488
-31.902500,-118.076570,-66.694023,0.179115
-13.278117,-353.206400,-89.103952,0.202538
-27.382198,-255.736181,-76.229492,0.562431
-33.308564,-117.690183,-67.898362,0.193781
-34.454115,-117.592675,-69.079358,0.189026
-32.631867,-121.600200,-61.869194,0.183007
-13.298063,-350.977789,-88.202000,0.250516
-29.024609,-257.752825,-77.043360,0.443090
-31.212575,-258.313278,-91.870212,0.362783
-36.002386,-117.842270,-69.515237,0.166325
-16.183883,-356.625445,-92.581456,0.194921
-28.435102,-257.751385,-93.500168,0.338691
-17.821093,-356.470701,-93.426644,0.193693
-37.866288,-118.424170,-70.082778,0.173037
-26.581595,-259.649103,-93.889072,0.402338
-15.499243,-354.932002,-91.600775,0.206662
-19.133048,-355.078944,-93.673834,0.212545
-29.500680,-260.047103,-92.699434,0.321675
-17.250663,-354.954115,-92.701844,0.204803
-14.854851,-353.209972,-90.604256,0.204505
-26.078646,-257.865070,-75.562818,0.445565
-40.279778,-120.376500,-68.346257,0.187378
-36.999899,-118.558134,-67.911205,0.189564
-38.806992,-119.432475,-68.259398,0.181791
-14.342380,-351.636049,-89.678680,0.214032
-23.348249,-258.106410,-75.016242,0.500711
-39.597594,-120.610619,-66.581654,0.199268
-16.585495,-353.214501,-91.799630,0.219875
-14.735665,-349.458709,-89.440563,0.263234
-21.173748,-258.434924,-75.158444,0.545338
-38.629497,-120.987351,-64.705043,0.200825
-34.053788,-257.362948,-83.385228,0.451994
-14.385126,-346.782494,-88.308134,0.332609
-34.615623,-256.628477,-86.000954,0.582778
-37.419556,-121.358417,-63.252920,0.188041
-32.648588,-258.162034,-80.900841,0.464881
-37.863625,-119.691463,-66.260772,0.181169
-14.207345,-344.230360,-87.364398,0.379765
-36.659749,-120.192440,-64.520807,0.179925
-15.827088,-351.422673,-90.803306,0.231304
-30.928909,-258.991372,-78.715190,0.394107
-35.119509,-121.031933,-62.789453,0.192389
-34.232344,-257.893585,-87.901187,0.490840
-20.745229,-353.166180,-93.911690,0.223087
-34.429655,-258.774990,-85.241519,0.546665
-35.131476,-118.049599,-67.699745,0.164980
-18.538930,-353.217294,-92.908350,0.214048
-33.603559,-259.578952,-82.599892,0.432891
-35.905948,-118.936376,-66.052734,0.189754
-17.771431,-351.390249,-92.043505,0.232349
-32.133052,-260.340058,-80.255961,0.420611
-34.463788,-119.484597,-64.540591,0.180204
-32.571128,-120.139185,-63.428980,0.176449
-19.948588,-351.255223,-93.150203,0.206205
-33.234876,-259.159331,-89.716234,0.350980
-21.070806,-349.404864,-93.246319,0.235718
-31.839821,-260.492282,-91.018999,0.263395
-32.299220,-118.919726,-65.045267,0.184139
-19.031923,-349.472129,-92.341454,0.246391
-34.195216,-260.070192,-87.168895,0.491096
-16.867037,-349.491715,-91.097538,0.259128
-34.202926,-260.972561,-84.467788,0.592560
-33.852916,-118.415175,-66.216089,0.189188
-33.133291,-261.771404,-81.853318,0.361567
-16.034496,-347.367162,-90.130888,0.277129
-20.600948,-347.370341,-92.603677,0.239221
-27.374458,-259.721830,-75.959988,0.608250
-29.331950,-259.795013,-77.211596,0.523990
-30.476286,-261.022193,-78.235115,0.434105
-18.120986,-347.620924,-91.469802,0.264857
-31.576048,-262.457963,-79.573960,0.435631
-15.532625,-345.073125,-89.189123,0.326644
-28.532841,-261.429750,-76.553522,0.469705
-17.313128,-345.711116,-90.642717,0.292062
-29.768958,-262.985111,-77.506607,0.539535
-19.082585,-346.041831,-91.670703,0.280752
-24.763342,-259.808517,-75.024499,0.420954
-20.765701,-345.010337,-92.213028,0.277736
-26.153949,-261.574389,-75.279384,0.482667
-18.720407,-344.290387,-91.223704,0.275912
-27.538830,-263.301573,-75.811786,0.437628
-16.835237,-343.573085,-89.970657,0.327467
-22.158924,-259.868961,-74.817973,0.485049
-14.129399,-341.624660,-86.633166,0.406749
-15.254657,-342.686124,-88.435983,0.374043
-19.744275,-259.733583,-75.409143,0.387977
-23.465813,-261.620368,-74.631870,0.471227
-14.142828,-338.930094,-85.994947,0.450543
-20.694532,-261.556266,-74.816795,0.438391
-14.196153,-335.876336,-85.505323,0.478572
-24.912430,-263.412193,-74.696542,0.536277
-22.768090,-343.533835,-92.624582,0.299656
-22.029198,-263.407105,-74.361594,0.373325
-20.394850,-342.940594,-91.772584,0.304794
-24.824172,-341.808690,-92.732871,0.319788
-17.655192,-259.339309,-76.974062,0.367304
-27.066721,-339.600574,-92.407342,0.353128
-16.239220,-258.846445,-79.313536,0.472361
-29.880105,-338.294909,-90.972691,0.442810
-15.419825,-258.330939,-81.930759,0.491405
-31.268763,-337.346143,-89.214848,0.506993
-15.379301,-257.874683,-84.613043,0.382799
-31.687047,-335.439944,-88.054363,0.508354
-15.781064,-257.740983,-86.813433,0.412701
-18.156519,-261.406962,-76.068122,0.410905
-30.067981,-335.855592,-90.334711,0.470530
-19.213237,-263.370007,-75.007208,0.345858
-30.458948,-333.182967,-89.493674,0.550956
-16.403589,-261.069975,-78.377412,0.426455
-22.137186,-341.430139,-92.161795,0.272302
-15.410120,-260.564885,-81.108692,0.419917
-18.313628,-342.239467,-90.711049,0.323183
-15.185544,-260.011505,-83.818926,0.434642
-19.872551,-340.960902,-91.343729,0.280709
-16.524587,-341.338433,-89.445207,0.340720
-15.544293,-259.527781,-86.294498,0.467168
-15.099935,-340.217410,-87.880748,0.421517
-16.317803,-258.971726,-88.504608,0.443390
-18.000501,-340.148043,-90.311659,0.337901
-18.930338,-260.565786,-92.156547,0.463860
-16.358645,-339.062052,-89.070113,0.392497
-17.141591,-260.625869,-90.158955,0.572527
-21.641326,-261.314698,-93.596921,0.601022
-15.085847,-337.748612,-87.528539,0.469207
-24.878234,-261.490524,-93.994710,0.495561
-31.470121,-331.340554,-87.777682,0.548466
-28.023303,-262.240020,-93.187744,0.387018
-23.800519,-339.660540,-92.303512,0.303741
-30.728948,-262.167793,-91.608813,0.243176
-21.295583,-339.514089,-91.722367,0.329399
-33.411490,-261.233269,-88.920688,0.393900
-32.437163,-262.197488,-90.129905,0.292546
-19.429098,-339.262491,-90.975320,0.335283
-24.996853,-337.625277,-92.156808,0.301236
-34.149622,-262.224036,-86.413152,0.538595
-27.633706,-336.848554,-91.742197,0.393612
-33.874621,-263.158465,-83.602180,0.500879
-22.518300,-337.830251,-91.868156,0.350617
-32.606855,-263.929674,-81.070681,0.464562
-20.255713,-337.725513,-91.168522,0.353504
-17.970131,-337.805573,-90.114265,0.390660
-30.942475,-264.556486,-78.771479,0.433245
-28.915079,-265.003981,-76.668323,0.444053
-16.233384,-337.100309,-88.812395,0.418052
-13.902979,-333.128153,-84.119447,0.482862
-26.398185,-265.228759,-75.044921,0.435347
-13.731054,-330.912971,-82.796777,0.488610
-33.491484,-263.273263,-88.278488,0.410758
-13.649832,-328.917157,-81.240807,0.471229
-32.249693,-263.970837,-90.057310,0.383189
-13.662297,-327.046817,-79.641043,0.469526
-34.051557,-264.409766,-85.589186,0.593346
-15.385184,-335.464460,-87.707953,0.443104
-33.484582,-265.354158,-82.775098,0.480930
-14.690130,-333.349386,-86.377514,0.494118
-32.027835,-266.092541,-80.237016,0.479068
-16.982890,-335.510555,-89.355777,0.422971
-30.217050,-266.678361,-77.893281,0.443501
-19.115418,-335.770650,-90.614230,0.393562
-27.911915,-267.098199,-75.774694,0.609708
-21.426455,-336.038580,-91.443812,0.379904
-23.531348,-265.245472,-74.115649,0.460501
-23.448593,-336.314908,-91.866369,0.343090
-25.354965,-335.500276,-91.905139,0.358764
-20.541548,-265.272302,-74.220219,0.394433
-27.829080,-334.390317,-91.379770,0.386514
-30.222158,-264.392952,-91.638651,0.393333
-33.511617,-265.489356,-87.744846,0.438473
-16.014154,-333.430970,-88.418535,0.454416
-32.185184,-266.365061,-89.769211,0.268069
-14.252165,-331.102468,-85.091727,0.498717
-15.267241,-331.352628,-87.297206,0.484879
-33.907856,-266.697482,-84.775357,0.593127
-27.542827,-331.869274,-91.227386,0.416134
-33.027306,-267.590153,-81.871307,0.545145
-29.788796,-330.461504,-89.761939,0.499834
-22.972467,-334.591491,-91.743071,0.336696
-31.384487,-268.283858,-79.358295,0.374215
-25.071047,-333.290281,-91.790151,0.303694
-29.421823,-268.861990,-76.956526,0.509955
-33.560727,-267.954052,-87.010555,0.506095
-20.452055,-334.053064,-91.127599,0.356134
-33.692764,-269.038101,-83.780816,0.543053
-18.022493,-333.652631,-90.029578,0.392915
-32.474871,-269.838366,-80.953534,0.451881
-22.158190,-332.505038,-91.644405,0.328818
-30.727012,-270.488660,-78.458413,0.507445
-19.360322,-331.890958,-90.776459,0.375132
-27.975683,-264.891135,-92.913555,0.431526
-26.066452,-263.410743,-93.669093,0.445480
-16.914660,-331.513688,-89.309782,0.417626
-23.812980,-263.424398,-93.864220,0.418508
-25.681902,-265.323417,-93.566560,0.430448
-13.957562,-328.720177,-83.782185,0.491341
-30.011172,-266.933263,-91.448119,0.406863
-14.720515,-329.333732,-86.181067,0.523131
-15.914649,-329.500041,-88.226312,0.396804
-27.607124,-267.296975,-92.757696,0.393574
-13.701412,-326.843168,-81.940079,0.441744
-32.176274,-269.347273,-89.394037,0.288877
-18.104308,-329.374529,-90.270429,0.374713
-29.475550,-269.460837,-91.505859,0.369896
-24.328731,-330.978600,-91.876639,0.295042
-33.624271,-270.519988,-86.013190,0.618144
-21.013123,-330.413603,-91.885356,0.260899
-33.368904,-271.388058,-82.764631,0.552138
-31.867361,-272.099405,-80.031497,0.554254
-14.480714,-327.412802,-85.509754,0.471655
-15.228741,-328.006319,-87.137784,0.426784
-32.901247,-272.218869,-87.805538,0.557811
-13.983171,-326.691132,-83.836021,0.497835
-30.959270,-271.795449,-90.200816,0.261236
-16.436254,-327.554059,-88.655604,0.491804
-33.604401,-272.972046,-84.750106,0.584786
-18.324451,-326.956786,-90.141080,0.424859
-32.865003,-273.703124,-81.715960,0.604144
-20.408612,-328.128647,-91.183096,0.291849
-15.197039,-326.308701,-87.050353,0.465233
-25.176022,-267.209793,-74.155339,0.457641
-14.344834,-325.533416,-85.114175,0.446450
-22.012398,-267.172126,-73.658962,0.490860
-16.646712,-325.192199,-88.835342,0.412053
-26.779759,-269.464895,-74.749300,0.518351
-13.834144,-325.050869,-83.032755,0.470772
-28.759750,-271.027225,-76.174553,0.442219
-13.644197,-324.730916,-80.429591,0.454751
-30.054761,-272.655736,-77.542420,0.471994
-13.755713,-325.440289,-77.841124,0.523655
-31.172034,-274.368767,-79.069518,0.445206
-14.049084,-323.769420,-75.956341,0.426693
-23.574280,-269.185840,-73.426782,0.392673
-15.059652,-324.278441,-86.742526,0.452875
-16.706006,-263.499180,-77.146898,0.368161
-14.209108,-323.590533,-84.655094,0.468465
-15.437791,-262.823156,-80.130013,0.441845
-13.738803,-323.014753,-82.430827,0.460723
-15.046124,-262.234218,-83.003458,0.429300
-13.722585,-323.324316,-78.186708,0.481986
-13.618112,-322.256722,-80.175865,0.426703
-15.292892,-261.620322,-85.631170,0.449155
-14.283665,-321.707884,-74.693763,0.422398
-16.002113,-261.074192,-87.963526,0.585126
-13.919445,-322.156412,-76.625741,0.413564
-14.874294,-320.595151,-72.350417,0.382361
-15.937266,-318.907696,-70.095023,0.396046
-17.953884,-265.344741,-75.461521,0.395698
-17.480913,-317.210851,-67.795074,0.449116
-19.196714,-267.183034,-74.418663,0.336324
-19.805551,-315.747228,-65.755335,0.567577
-20.499381,-269.088559,-73.633041,0.390751
-23.190842,-314.856265,-65.272151,0.642165
-15.510184,-265.054965,-79.158577,0.362616
-16.419477,-265.618472,-77.104879,0.396444
-26.383228,-314.798624,-67.048889,0.618006
-14.913890,-264.769678,-82.188534,0.463880
-29.435185,-316.313093,-71.696902,0.463523
-15.056752,-263.801225,-85.041196,0.457177
-28.261706,-314.779928,-69.729200,0.504460
-30.337151,-317.345246,-74.159513,0.411605
-15.661414,-263.211806,-87.450891,0.472571
-31.583438,-319.905335,-78.210459,0.428827
-16.669408,-262.764122,-89.590416,0.567145
-31.099712,-317.735594,-76.860554,0.460691
-18.084860,-262.467116,-91.500109,0.465960
-32.126056,-321.987952,-80.057266,0.488279
-19.775177,-262.406545,-92.768007,0.456919
-32.435941,-324.073071,-82.020280,0.483347
-21.418523,-263.742861,-93.442028,0.474431
-32.465833,-326.099231,-83.886480,0.490482
-23.292562,-265.572252,-93.694154,0.394425
-32.136486,-327.902583,-85.809270,0.575537
-25.112599,-267.533455,-93.464787,0.405703
-31.359619,-329.271625,-87.824946,0.512090
-19.422091,-264.180765,-92.541626,0.426341
-26.849993,-329.113765,-91.216593,0.344437
-21.093669,-265.811097,-93.271555,0.429731
-29.520658,-328.209487,-89.736786,0.418606
-22.707665,-267.589377,-93.501403,0.489796
-17.681732,-264.543386,-91.184972,0.454183
-29.457370,-326.545412,-89.628468,0.436950
-30.955359,-327.186653,-88.222990,0.466512
-16.293288,-264.958801,-89.266508,0.465366
-31.849401,-325.800689,-86.703554,0.532563
-23.282237,-328.691267,-91.672180,0.354039
-15.340951,-265.337391,-87.061169,0.490274
-26.878345,-269.618894,-92.736111,0.441131
-32.406400,-324.011156,-85.123634,0.590452
-28.468867,-271.759028,-91.819212,0.382104
-32.590939,-321.680797,-83.425060,0.448969
-31.872205,-274.131711,-88.969291,0.324905
-29.777682,-273.921272,-90.832038,0.330263
-32.301069,-319.746100,-81.095715,0.457537
-33.227980,-274.633718,-86.495298,0.574963
-31.882070,-317.756438,-79.610461,0.504665
-33.437429,-275.314334,-83.634025,0.641783
-30.724395,-315.688891,-75.877838,0.474055
-32.282256,-276.019146,-80.766272,0.541957
-30.058604,-315.541708,-73.741173,0.399575
-13.720940,-321.286546,-78.113962,0.495469
-19.220083,-266.200325,-92.383517,0.579980
-13.990354,-320.438068,-76.142615,0.390336
-20.784533,-267.477716,-93.077293,0.367903
-17.507187,-266.733700,-91.033566,0.529687
-14.447296,-319.537333,-74.126230,0.268317
-19.310322,-268.252928,-92.404671,0.534296
-15.110488,-318.181123,-72.206605,0.427714
-24.942791,-326.916661,-91.404835,0.307010
-15.963821,-267.359693,-88.878232,0.448239
-27.621809,-326.815765,-90.687669,0.345152
-22.208264,-326.736450,-91.350632,0.379775
-14.842314,-265.934240,-84.821154,0.450793
-20.142430,-326.403182,-90.914547,0.361711
-18.900262,-325.059061,-90.420571,0.417745
-15.113772,-267.026130,-86.624855,0.378307
-24.183424,-269.594533,-93.391170,0.408027
-15.999215,-322.897466,-88.212981,0.448429
-17.747074,-323.221900,-89.898809,0.360472
-14.837773,-322.261600,-86.346425,0.477338
-21.581632,-269.206674,-93.222868,0.517829
-14.108513,-321.546041,-84.311290,0.492590
-13.684281,-320.837239,-82.084194,0.413503
-17.546000,-269.005064,-91.097537,0.542000
-13.603164,-320.076505,-79.853590,0.468386
-16.150498,-316.030860,-70.128603,0.415627
-19.758091,-270.447358,-92.574997,0.522374
-18.063115,-314.541244,-67.492334,0.456825
-22.581964,-271.393100,-93.270150,0.499634
-20.951321,-312.937419,-65.813957,0.574856
-25.683347,-271.741886,-92.945361,0.466480
-24.655676,-312.746952,-66.284458,0.608682
-27.134181,-273.876487,-92.265325,0.354689
-14.591655,-317.751575,-73.912702,0.448573
-32.441823,-276.288985,-87.829827,0.384503
-14.130604,-318.431316,-75.628823,0.476582
-30.810744,-275.998612,-89.769551,0.331336
-33.330175,-276.890590,-85.401026,0.585860
-13.766481,-319.235834,-77.695442,0.455341
-33.109080,-277.548692,-82.578217,0.549608
-14.965384,-316.098333,-72.761781,0.272485
-24.786780,-271.228761,-73.554451,0.492450
-26.918522,-271.585001,-74.627391,0.513701
-16.856812,-313.304300,-69.283433,0.376399
-21.853803,-271.050810,-73.152387,0.452340
-15.572650,-313.900822,-71.582371,0.457092
-18.539141,-312.142435,-67.392527,0.500207
-28.095036,-273.017380,-75.402016,0.466272
-23.184100,-310.739873,-66.203993,0.604291
-25.895738,-273.075003,-73.810014,0.452310
-20.518443,-310.607461,-66.450269,0.524379
-23.217147,-272.986920,-72.959247,0.476013
-13.637098,-318.662786,-81.657774,0.408363
-14.015732,-319.359161,-84.029711,0.469674
-29.282871,-274.790383,-76.554336,0.402712
-13.614523,-317.922012,-79.356548,0.455263
-30.420753,-276.862114,-78.034556,0.486528
-13.861884,-317.136069,-77.111138,0.444884
-31.805486,-278.232747,-80.105240,0.477042
-14.319377,-316.431896,-74.949341,0.450835
-27.176455,-274.896259,-74.406356,0.456192
-24.601576,-274.882682,-73.038327,0.449395
-13.594263,-316.462939,-81.032805,0.460491
-13.866858,-317.080010,-83.470933,0.471537
-28.357671,-276.814956,-75.345205,0.425806
-13.670884,-315.740729,-78.713776,0.475404
-26.017868,-276.774393,-73.412608,0.421320
-14.023454,-314.920119,-76.397188,0.494103
-29.206735,-278.779508,-76.307550,0.402025
-14.655225,-314.281434,-74.007375,0.480767
-30.555129,-278.951647,-78.274306,0.299789
-27.264962,-278.717292,-74.118453,0.431595
-27.067275,-312.920242,-68.397303,0.466620
-28.490325,-313.094320,-70.526040,0.379238
-14.653455,-267.077699,-82.866337,0.418092
-15.031189,-266.792584,-80.525295,0.384139
-29.406395,-314.315329,-72.156052,0.286308
-14.693768,-267.913428,-85.040426,0.436366
-30.253481,-313.923562,-74.596846,0.377778
-15.189239,-268.764668,-87.134187,0.440925
-29.359459,-312.063332,-72.680892,0.461111
-16.126148,-269.826170,-89.280433,0.447296
-25.905659,-310.889848,-67.545867,0.551726
-15.699638,-267.039692,-78.170930,0.361529
-27.776567,-311.311500,-69.916447,0.428413
-17.009971,-267.193151,-76.035838,0.369506
-14.718392,-268.339154,-81.438993,0.333090
-15.111334,-268.667725,-79.452528,0.345307
-28.433237,-325.099982,-90.153039,0.351105
-14.522213,-269.037085,-83.236042,0.375134
-30.376112,-325.399482,-88.792771,0.480088
-31.304238,-323.972018,-87.695750,0.418599
-14.658329,-269.835947,-85.350519,0.415863
-26.087956,-325.044515,-91.074790,0.348009
-17.859691,-269.035350,-74.926386,0.328304
-23.534564,-325.099946,-91.359283,0.312061
-16.050956,-268.918985,-77.056749,0.310732
-21.142337,-325.034977,-91.100465,0.418190
-18.939074,-270.944344,-73.934293,0.440573
-29.550684,-323.646686,-89.326251,0.348360
-20.204331,-272.876230,-73.126603,0.453174
-27.294282,-322.964850,-90.580378,0.259368
-21.657033,-274.844895,-72.600543,0.462172
-24.637927,-323.243381,-91.321862,0.363816
-23.184997,-276.762443,-72.425703,0.536956
-22.252896,-323.345487,-91.296041,0.336667
-24.699472,-278.676920,-72.583787,0.510226
-19.951266,-323.335215,-90.866874,0.363551
-14.630134,-270.271715,-81.152183,0.302116
-31.972181,-322.234423,-86.605190,0.564499
-14.402711,-270.945813,-83.517354,0.383282
-30.637449,-322.509774,-88.416377,0.448458
-29.225382,-321.713738,-89.466976,0.392152
-16.617367,-270.836004,-75.844427,0.437173
-25.409233,-321.229900,-91.152593,0.325933
-17.431947,-272.792152,-74.592889,0.385053
-27.488775,-320.538062,-90.369624,0.341208
-23.208218,-321.588636,-91.397265,0.369940
-18.551122,-274.825172,-73.450369,0.510651
-21.032442,-321.613167,-91.194550,0.247172
-20.041129,-276.804741,-72.520817,0.518996
-18.819767,-321.418360,-90.556971,0.345067
-21.694324,-278.696725,-72.055725,0.524989
-16.813136,-321.252827,-89.223545,0.389956
-15.280156,-270.624463,-78.403331,0.462516
-15.583632,-321.207705,-87.682372,0.448353
-14.765023,-320.245491,-86.175263,0.527568
-15.905146,-319.496002,-88.130960,0.489425
-15.591517,-272.624874,-77.146462,0.408611
-14.748271,-317.720142,-86.249811,0.461343
-14.740783,-272.285063,-79.832849,0.434263
-14.419518,-272.027481,-81.959141,0.424693
-17.801035,-319.395584,-89.876236,0.405233
-15.206519,-270.766684,-87.393978,0.509755
-20.116142,-319.724869,-90.923607,0.386844
-14.599850,-271.784697,-85.537050,0.432367
-14.305284,-272.855787,-83.593471,0.363700
-22.009950,-320.238107,-91.287522,0.347953
-23.760291,-319.767815,-91.330970,0.281025
-17.652564,-271.291350,-91.177718,0.544925
-16.101926,-271.890848,-89.309855,0.398083
-21.902743,-318.523100,-91.275559,0.353270
-20.180599,-273.095180,-92.649458,0.573789
-19.301270,-317.278336,-90.682669,0.329346
-16.094098,-274.670880,-75.771535,0.440067
-16.554695,-317.360978,-88.835116,0.553910
-14.850962,-274.298553,-78.684114,0.334865
-32.382161,-320.175882,-85.812470,0.497632
-14.382425,-273.720983,-81.355696,0.411940
-32.645506,-319.478399,-83.503848,0.497580
-30.927488,-320.842809,-88.084237,0.384760
-16.926175,-277.049461,-74.249443,0.449852
-32.499949,-317.771424,-82.303219,0.463023
-18.706984,-278.837729,-72.686217,0.498763
-32.632059,-318.056932,-85.105848,0.426566
-15.065877,-276.483841,-77.405432,0.394420
-31.298630,-318.703520,-87.617200,0.471080
-14.385239,-275.835999,-80.449264,0.399512
-29.388692,-319.602498,-89.266435,0.313728
-14.196129,-274.916842,-83.183872,0.333884
-14.521720,-273.803891,-85.526636,0.465188
-25.758804,-319.216724,-90.941892,0.323634
-24.079575,-317.891091,-91.257274,0.254255
-15.160566,-272.703016,-87.460339,0.505700
-27.597567,-318.385556,-90.198646,0.324481
-15.298973,-278.695676,-76.267425,0.352757
-16.640216,-279.218584,-74.117945,0.360403
-25.931388,-317.511847,-90.816042,0.343300
-14.454226,-278.156245,-79.315141,0.503614
-29.539760,-317.362281,-89.059520,0.355992
-14.097669,-277.272557,-82.464434,0.433939
-27.257629,-316.027907,-90.240191,0.341066
-14.384215,-276.062942,-85.335348,0.514406
-24.697493,-316.020173,-91.113643,0.262674
-15.157623,-274.729191,-87.580652,0.427651
-22.175541,-316.426064,-91.354958,0.331767
-15.935970,-273.558347,-89.069101,0.490709
-17.312881,-273.406922,-90.845690,0.512238
-32.238519,-315.820882,-81.056688,0.547186
-31.509381,-315.754902,-78.406855,0.408219
-32.610506,-315.928113,-83.859357,0.485991
-23.953042,-273.698614,-93.126299,0.507866
-31.604706,-316.208060,-87.071579,0.517210
-28.492377,-275.988042,-91.408976,0.279318
-29.569883,-315.106501,-88.929710,0.278150
-31.604300,-277.727973,-88.829839,0.296968
-29.828106,-277.986693,-90.394513,0.309688
-25.401605,-314.018273,-90.871843,0.296847
-32.784641,-278.440383,-87.016757,0.503577
-27.693440,-313.616077,-89.891976,0.297088
-31.074710,-313.859818,-77.201933,0.470981
-33.312831,-279.099594,-84.335254,0.593023
-31.903844,-313.897223,-79.827960,0.369001
-32.703822,-279.702348,-81.691762,0.457074
-32.452817,-314.002364,-82.562958,0.537905
-31.356571,-280.257245,-79.477963,0.440271
-32.226856,-314.182538,-85.423375,0.603291
-29.929957,-280.606875,-77.335543,0.411602
-31.089599,-314.215605,-87.529917,0.402938
-28.313275,-280.663923,-75.040179,0.470456
-30.546352,-312.008365,-75.754924,0.433585
-26.098365,-280.608580,-73.067622,0.461787
-29.801644,-312.989649,-88.674556,0.289608
-23.263318,-280.595363,-71.937789,0.474490
-31.472073,-312.004048,-78.521609,0.451984
-20.210508,-280.635367,-71.916437,0.491454
-32.276215,-312.066823,-81.278432,0.543339
-17.542666,-280.755332,-73.063539,0.393728
-32.419472,-312.234966,-84.155781,0.641550
-15.703460,-280.732678,-75.128366,0.269303
-31.572343,-312.502859,-86.879150,0.511527
-14.654683,-280.468297,-77.905465,0.428522
-22.872624,-314.277196,-91.400493,0.314231
-14.035645,-280.095999,-81.429632,0.480057
-20.113953,-314.645776,-91.020145,0.426597
-14.196653,-278.587262,-84.851592,0.478259
-17.415266,-315.031049,-89.627814,0.527654
-15.265989,-277.282222,-87.954205,0.462523
-16.401398,-275.255954,-89.806913,0.504375
-15.394517,-315.297189,-87.459288,0.516825
-14.273442,-315.229527,-85.010406,0.489105
-18.710993,-275.402682,-91.869366,0.544024
-13.707964,-314.837072,-82.598002,0.449297
-22.026679,-275.652584,-92.959572,0.519682
-13.595296,-314.268467,-80.279546,0.428694
-13.775932,-313.517116,-78.019028,0.457270
-17.290286,-277.382004,-90.785168,0.639741
-14.280411,-312.287568,-75.552660,0.452124
-16.224299,-279.388859,-89.576063,0.522582
-14.820617,-279.893528,-87.126956,0.505394
-15.181280,-311.962397,-72.806857,0.450709
-20.214768,-277.627571,-92.473993,0.514721
-16.260162,-311.706686,-70.530169,0.429444
-25.533382,-275.918211,-92.666453,0.408736
-17.389884,-311.440318,-68.795921,0.455948
-23.608429,-312.141453,-91.258321,0.337744
-23.712920,-277.894278,-92.865926,0.463309
-25.952895,-311.839742,-90.629664,0.347990
-28.167202,-311.414470,-89.626522,0.311391
-21.009604,-312.373024,-91.252563,0.414217
-27.050778,-278.027955,-91.944582,0.439254
-18.220427,-312.442360,-90.206631,0.473380
-31.510902,-279.974838,-88.843821,0.373002
-16.048702,-313.089624,-88.365249,0.442231
-18.603844,-310.223846,-67.656408,0.407778
-20.031187,-309.068304,-66.906805,0.470702
-33.061814,-280.698371,-86.039327,0.573354
-24.650441,-308.895583,-67.091530,0.561276
-33.154600,-281.275662,-83.341666,0.584589
-22.085238,-308.894998,-66.461812,0.504714
-26.795794,-309.222393,-69.132987,0.514500
-32.205432,-281.805109,-80.852999,0.479884
-28.458367,-309.717398,-71.659793,0.434548
-30.753417,-282.263472,-78.603403,0.448064
-29.828270,-310.088011,-74.376354,0.408630
-29.205679,-282.613650,-76.189366,0.460729
-30.921532,-310.181530,-77.131173,0.381176
-27.322492,-282.681278,-73.796432,0.477420
-31.909105,-310.119690,-79.927472,0.483940
-24.745648,-282.576705,-72.121882,0.565483
-32.521013,-310.201248,-82.874478,0.612364
-21.707862,-282.562629,-71.488103,0.509016
-32.052094,-310.450586,-85.865992,0.633430
-18.703505,-282.604326,-72.102359,0.499004
-30.337646,-310.855102,-88.178302,0.392265
-16.352305,-282.619888,-73.869502,0.407575
-17.207324,-309.873206,-69.270069,0.426708
-14.975589,-282.578479,-76.367977,0.326814
-18.647923,-308.422137,-67.927814,0.404417
-18.521345,-279.526467,-91.704561,0.591083
-20.651832,-307.449078,-66.943158,0.511343
-21.812638,-279.814019,-92.730461,0.472576
-23.243662,-307.043341,-66.901951,0.492294
-25.371483,-280.064682,-92.397306,0.412315
-25.747855,-307.135136,-68.455467,0.501334
-28.608808,-280.138791,-90.972355,0.417288
-27.611587,-307.565434,-70.756753,0.510419
-14.247440,-282.478637,-79.201557,0.414662
-13.872611,-282.731667,-82.049011,0.412102
-15.979278,-309.761712,-71.324406,0.411547
-14.060177,-281.150314,-84.535679,0.576220
-14.910123,-309.809981,-73.738517,0.452604
-29.073840,-308.051723,-73.323081,0.421200
-17.220693,-281.312014,-90.639655,0.434981
-15.657368,-281.084047,-88.748074,0.553312
-30.299790,-308.402741,-75.837980,0.412990
-14.767666,-282.130486,-87.032982,0.555606
-14.137079,-309.841429,-76.191615,0.441921
-13.866539,-311.579287,-77.562417,0.497189
-16.061313,-282.863849,-89.339693,0.603221
-13.657435,-312.101417,-79.477301,0.425309
-19.869859,-281.640630,-92.413677,0.443426
-13.631182,-312.617738,-81.680963,0.488884
-23.459680,-282.016079,-92.645818,0.387885
-13.956001,-313.035792,-83.946559,0.465945
-18.235947,-283.420063,-91.450879,0.556610
-14.727770,-313.228679,-86.211233,0.526275
-21.466894,-283.897459,-92.734905,0.536402
-13.740822,-309.994381,-78.468607,0.438482
-26.977592,-282.275670,-91.619825,0.388400
-13.628786,-310.403415,-80.698028,0.530855
-25.068274,-284.282672,-92.178182,0.459369
-13.757045,-310.827868,-82.951622,0.470427
-14.061576,-283.736319,-84.853410,0.326066
-14.323107,-311.169918,-85.139270,0.609909
-15.062880,-284.284210,-87.703186,0.625906
-15.217486,-311.311169,-87.169033,0.445428
-17.138207,-307.855774,-69.622567,0.428877
-16.767934,-285.032998,-90.166675,0.565397
-18.944085,-306.378856,-68.021019,0.492434
-19.457014,-285.679243,-92.115201,0.480858
-21.483301,-305.358009,-67.078193,0.584378
-23.011659,-286.129882,-92.483320,0.439273
-24.412647,-305.077525,-67.987259,0.590643
-30.100179,-282.357075,-89.821994,0.308088
-26.722093,-305.370171,-69.967326,0.576718
-32.334969,-282.527459,-87.468284,0.367490
-33.150608,-282.958308,-84.855435,0.569128
-28.399212,-305.850751,-72.462175,0.463080
-32.820124,-283.407881,-82.277237,0.575404
-29.738139,-306.454744,-75.004547,0.545115
-31.623712,-283.916603,-79.940622,0.398696
-31.331870,-308.362340,-78.410378,0.380654
-30.727242,-307.004170,-77.051225,0.465020
-30.127638,-284.457514,-77.597399,0.423610
-32.361439,-307.884122,-81.546375,0.520816
-32.837011,-284.737490,-86.057418,0.449378
-31.429666,-284.576851,-88.521897,0.355033
-32.409375,-308.369309,-84.756051,0.631641
-33.038340,-285.104814,-83.611611,0.527295
-31.027236,-308.413898,-87.597047,0.494824
-32.358434,-285.579709,-81.254817,0.454046
-28.718194,-309.163834,-89.333589,0.365720
-31.076235,-286.147725,-79.033702,0.397145
-26.476448,-309.662830,-90.413815,0.226648
-28.388544,-285.140669,-74.840051,0.559377
-24.207644,-309.939846,-91.160098,0.261917
-29.695019,-286.829656,-76.771140,0.401417
-21.817549,-310.170333,-91.392638,0.378938
-26.046180,-284.746472,-72.535389,0.613296
-19.484940,-310.366210,-90.884844,0.307726
-23.175563,-284.651824,-71.349080,0.560322
-16.512893,-311.014439,-88.867970,0.456587
-17.778185,-310.303891,-89.968858,0.433281
-19.988502,-284.644035,-71.358932,0.535707
-28.577165,-284.751927,-90.587028,0.381223
-15.804158,-307.530565,-71.920562,0.378873
-14.649100,-307.548588,-74.548073,0.432564
-26.276898,-286.468925,-91.556213,0.433264
-13.807449,-307.833710,-77.153891,0.469777
-30.567146,-286.599910,-89.113788,0.242313
-28.595607,-286.917974,-90.390380,0.333845
-13.619865,-308.197405,-79.638430,0.435509
-32.288120,-286.632356,-87.058315,0.349249
-17.210854,-284.622723,-72.749061,0.507891
-13.665209,-308.628434,-81.986434,0.506821
-15.393893,-284.608374,-75.046331,0.310217
-14.034675,-309.054246,-84.231945,0.572891
-14.476187,-284.561168,-77.682864,0.441443
-14.775384,-309.426021,-86.283843,0.591479
-15.640324,-309.749523,-87.856416,0.583470
-13.971933,-284.543858,-80.303641,0.497444
-16.639107,-309.004703,-89.041178,0.520801
-13.795297,-284.659429,-82.546527,0.584396
-17.179224,-305.559470,-69.853332,0.442964
-26.852549,-287.081601,-72.907712,0.499072
-28.426063,-287.901402,-74.687302,0.527999
-19.399240,-304.025286,-68.126849,0.584842
-24.531776,-286.832129,-71.471611,0.606164
-22.654495,-302.789000,-67.937822,0.598653
-21.367300,-287.126879,-70.802748,0.529036
-25.670444,-303.137150,-69.346278,0.537263
-18.131298,-286.862640,-71.794980,0.516046
-27.652230,-303.570820,-71.575096,0.447599
-15.861223,-286.794819,-73.943677,0.470872
-29.300300,-303.886067,-74.509722,0.509630
-14.671515,-286.661207,-76.558012,0.418928
-30.579712,-305.151669,-77.090262,0.444612
-14.064538,-286.625005,-79.221286,0.415011
-31.582303,-306.337131,-79.187162,0.427791
-13.773887,-286.484171,-81.828754,0.453171
-13.912580,-286.020060,-84.257483,0.411613
-14.495435,-307.351206,-85.577132,0.603930
-15.427537,-307.945570,-87.566498,0.524601
-14.446587,-285.605558,-86.305647,0.444749
-13.829119,-306.879621,-83.349219,0.565816
-15.534717,-286.513120,-88.533703,0.623226
-13.607247,-306.429211,-80.982899,0.504628
-17.736366,-287.396376,-90.965672,0.635827
-13.621654,-305.973327,-78.474786,0.491214
-21.003016,-287.985964,-92.474966,0.448780
-14.231507,-305.487576,-75.756828,0.527889
-24.417942,-288.291700,-92.059385,0.397244
-15.596577,-304.866578,-72.595604,0.506663
-14.513990,-287.592467,-86.487136,0.560259
-16.080458,-289.248752,-89.257500,0.591283
-19.043117,-289.840692,-91.723712,0.469705
-18.137354,-308.439888,-90.272032,0.494966
-22.563365,-290.251705,-92.255468,0.453016
-20.095106,-308.151760,-91.200616,0.294973
-16.629233,-306.492515,-89.085627,0.513486
-27.341772,-288.453163,-90.928699,0.336892
-22.379551,-307.643440,-91.458816,0.316217
-29.695564,-288.468140,-89.579546,0.297530
-25.812738,-290.367577,-91.416111,0.324335
-24.851235,-307.800197,-91.017407,0.330903
-28.529698,-290.300991,-90.160385,0.339417
-26.997078,-307.523128,-90.218946,0.285766
-13.847384,-288.262634,-84.049303,0.555504
-29.061573,-306.916195,-89.167118,0.345126
-13.767567,-288.959444,-81.238809,0.384109
-18.495203,-306.112648,-90.575001,0.489197
-20.389471,-305.745940,-91.393135,0.381223
-14.173582,-288.736847,-78.298581,0.440766
-30.820922,-305.996891,-87.909001,0.323879
-14.833520,-288.945259,-75.735699,0.455401
-31.994849,-306.850264,-86.257202,0.562442
-32.553912,-306.280703,-84.210805,0.558731
-16.328887,-289.517301,-72.986679,0.471601
-32.429142,-305.283477,-81.791525,0.551340
-14.563953,-289.926800,-86.542891,0.546274
-32.033285,-305.031416,-86.322819,0.528026
-17.632492,-291.762114,-90.708095,0.547668
-15.669745,-291.656589,-88.575228,0.622246
-32.589400,-304.076630,-84.324093,0.542984
-20.629160,-292.214508,-92.180015,0.354029
-31.672714,-304.077492,-79.548111,0.562045
-24.143278,-292.713986,-91.801371,0.476364
-32.509753,-302.960225,-82.126184,0.561849
-13.852070,-290.644704,-84.114214,0.465627
-30.602486,-302.797854,-77.369038,0.530358
-14.568523,-292.120841,-86.434261,0.543510
-15.379622,-293.292331,-88.057037,0.559528
-29.578665,-301.333108,-75.404637,0.434874
-18.979605,-289.211515,-70.953429,0.575750
-17.623366,-291.628170,-71.401793,0.501581
-28.352195,-301.670978,-73.060874,0.484279
-31.784515,-301.669234,-79.924633,0.354762
-18.803651,-293.996524,-91.381069,0.480917
-16.643337,-293.555851,-89.728237,0.535064
-30.721322,-300.278643,-77.796309,0.431553
-21.687600,-294.540623,-92.037440,0.367012
-14.207699,-305.139815,-84.785899,0.550451
-13.658538,-291.602194,-81.873866,0.406992
-15.127571,-305.691003,-87.002641,0.582941
-13.892494,-290.516911,-79.744440,0.389930
-15.937241,-303.855504,-88.369856,0.528637
-14.244502,-290.871582,-77.712638,0.410811
-13.682813,-304.706490,-82.427497,0.512251
-13.844601,-292.544840,-79.799346,0.428483
-13.519676,-304.246986,-79.939306,0.454653
-14.872052,-291.453105,-75.338443,0.516324
-13.903463,-303.718477,-77.330022,0.521123
-14.229992,-293.223383,-77.536180,0.457893
-14.779130,-303.022399,-74.609624,0.465272
-15.897314,-292.543542,-73.284865,0.425029
-17.392155,-303.005968,-69.927206,0.544313
-14.838359,-294.019718,-75.318927,0.435091
-16.039835,-301.927394,-72.045834,0.580311
-13.914763,-292.959837,-84.357166,0.441181
-19.767056,-301.515343,-68.441473,0.552385
-14.651547,-294.149605,-86.569092,0.557548
-24.738626,-300.811625,-69.167265,0.543575
-22.293840,-300.122053,-68.451605,0.528748
-15.726577,-295.004600,-88.528863,0.507242
-26.833661,-301.316708,-70.851763,0.541215
-17.371876,-295.636300,-90.294411,0.495021
-14.767215,-303.215775,-86.215251,0.633300
-19.610958,-296.296348,-91.648942,0.390097
-13.934867,-302.818165,-83.827750,0.598914
-13.613909,-293.977181,-82.219186,0.445472
-13.566581,-302.571227,-81.372129,0.471995
-14.053905,-295.223593,-84.677079,0.552895
-13.700054,-302.095622,-78.876622,0.403093
-14.849613,-296.286084,-86.936794,0.505429
-14.236628,-301.425621,-76.330344,0.543266
-16.148101,-297.161624,-88.953609,0.553788
-15.199679,-300.534951,-73.898450,0.532429
-17.896895,-297.931160,-90.597336,0.449097
-17.692168,-300.164523,-70.046592,0.466614
-13.767495,-295.143601,-79.877186,0.506130
-16.255755,-299.726293,-71.958766,0.522278
-14.227100,-295.568607,-77.349130,0.419501
-29.589248,-299.114650,-75.797818,0.326650
-28.734698,-299.997881,-74.078432,0.550177
-13.663478,-296.368040,-82.627161,0.497982
-27.723066,-299.614122,-72.325132,0.552717
-14.191280,-297.596188,-85.017941,0.501374
-28.502244,-298.131130,-73.879737,0.432312
-15.159045,-298.700008,-87.300578,0.684580
-26.199236,-299.117770,-70.512713,0.422328
-16.559795,-299.562700,-89.286568,0.592482
-27.263717,-297.386938,-72.015635,0.496479
-27.285254,-292.288730,-90.637758,0.349334
-24.133852,-298.494828,-69.273679,0.600014
-26.298817,-294.445938,-90.909076,0.393211
-19.994948,-299.148464,-68.822150,0.467556
-24.085374,-295.034239,-91.658377,0.394644
-25.556627,-296.761924,-70.409206,0.479704
-22.552314,-297.068239,-91.810483,0.405528
-21.916826,-297.875524,-68.841367,0.487713
-25.397688,-296.604622,-91.203779,0.312546
-23.491044,-296.264122,-69.441711,0.480234
-13.633256,-297.495269,-80.856121,0.468962
-13.863051,-296.909124,-78.940912,0.424975
-20.186675,-297.285047,-69.106548,0.498471
-13.775302,-298.649073,-82.973074,0.475573
-18.558984,-297.715926,-69.754206,0.470435
-21.396062,-295.824473,-69.166386,0.437755
-14.320211,-300.437948,-85.184407,0.661248
-15.501092,-301.296052,-87.753937,0.678547
-16.994537,-297.924390,-71.166950,0.376548
-19.401338,-295.668132,-69.646911,0.388500
-31.615485,-288.501669,-87.878124,0.406314
-15.658208,-297.875871,-73.251387,0.482351
-30.719993,-290.320759,-88.654477,0.256347
-14.582609,-299.116932,-75.617375,0.509521
-17.720388,-295.846264,-70.680495,0.470533
-29.660817,-292.113199,-89.304548,0.200898
-16.543122,-296.155469,-71.986420,0.473559
-32.984857,-286.823133,-84.766393,0.533479
-13.934971,-299.931963,-77.949453,0.409382
-32.748939,-288.646093,-85.635502,0.525463
-32.798729,-287.222369,-82.516848,0.509556
-14.789274,-296.547881,-75.314546,0.436613
-31.874156,-287.858138,-80.352207,0.405208
-14.142654,-297.761253,-77.376995,0.531173
-30.604572,-288.488641,-78.200370,0.383130
-13.598740,-300.560543,-80.268219,0.509143
-13.744620,-298.653769,-79.421356,0.445549
-28.647143,-294.037740,-89.786519,0.321342
-13.708974,-300.742104,-82.541679,0.543192
-27.820970,-296.270342,-90.097348,0.303558
-13.611842,-299.115460,-81.246178,0.420889
-32.277190,-290.497641,-86.601782,0.473581
-32.930596,-288.588601,-83.670972,0.618520
-32.532878,-289.458035,-81.782607,0.467278
-15.719746,-295.146999,-73.439301,0.465700
-16.901598,-294.093436,-71.777909,0.357473
-18.599833,-293.666051,-70.410732,0.512348
-20.734572,-293.690849,-69.651787,0.595251
-19.850673,-291.453106,-70.210428,0.462089
-21.216748,-289.578391,-70.350308,0.451167
-22.867010,-294.109044,-69.618149,0.465856
-22.473318,-291.596970,-69.884572,0.544009
-23.344895,-289.090134,-70.750333,0.526633
-25.571735,-288.963071,-71.726062,0.532788
-24.603873,-290.973755,-70.890666,0.478246
-24.123304,-292.765529,-70.222827,0.363106
-24.792358,-294.549543,-70.302893,0.406591
-16.985993,-302.108009,-89.599478,0.439498
-17.300329,-304.375836,-89.797482,0.513318
-18.352843,-300.439924,-90.769959,0.402525
-20.045416,-298.751604,-91.665508,0.358719
-18.871648,-303.356592,-90.905078,0.332580
-20.393823,-301.266874,-91.611484,0.386234
-21.001477,-303.609451,-91.612420,0.293272
-21.953845,-305.396680,-91.577977,0.364477
-23.593326,-305.846180,-91.354723,0.327743
-22.749143,-303.946693,-91.562993,0.277884
-22.270078,-302.012381,-91.609267,0.217944
-22.269016,-299.768452,-91.691661,0.417371
-24.517678,-298.845268,-91.352059,0.316558
-23.955141,-301.043150,-91.391786,0.342558
-23.644039,-302.701463,-91.407383,0.264104
-24.409090,-304.161336,-91.195130,0.356937
-25.520526,-305.841150,-90.817096,0.267021
-27.406655,-305.462734,-90.055768,0.244317
-26.085231,-304.015879,-90.646374,0.313555
-25.096280,-302.484719,-91.026871,0.329625
-29.180233,-304.785567,-89.131146,0.292807
-27.693628,-303.539230,-89.945031,0.255948
-26.541207,-302.465311,-90.519911,0.237301
-26.083703,-300.638300,-90.778599,0.295188
-26.710984,-298.321446,-90.646702,0.308193
-30.792277,-303.910095,-88.014450,0.363027
-29.245538,-302.769128,-89.118742,0.295604
-27.785130,-301.667007,-89.948909,0.296746
-27.912046,-299.728431,-89.944725,0.378212
-28.244561,-298.087713,-89.810493,0.200024
-32.012502,-302.939038,-86.478288,0.575850
-32.600870,-301.863183,-84.597245,0.561279
-32.585147,-300.566213,-82.512723,0.533485
-30.739659,-301.876226,-88.107125,0.245324
-29.288779,-300.824213,-89.138018,0.310185
-29.375179,-299.113403,-89.125468,0.245901
-30.687776,-299.921016,-88.186030,0.312316
-31.926041,-300.847796,-86.683010,0.493448
-32.594244,-299.645434,-84.974148,0.523565
-31.807701,-298.875717,-86.946082,0.386531
-30.641275,-298.120911,-88.269092,0.257110
-29.431034,-297.250918,-89.139894,0.362256
-29.787972,-295.547700,-88.986340,0.323832
-30.605266,-296.677778,-88.353191,0.322522
-31.616067,-297.098454,-87.287632,0.366531
-32.477897,-297.651737,-85.610256,0.648183
-32.677163,-297.949867,-83.018786,0.472049
-25.621425,-292.771735,-71.165592,0.511084
-26.331933,-291.006537,-71.978998,0.503464
-27.313280,-289.381634,-73.100969,0.506953
-29.443232,-289.153718,-76.214044,0.399598
-26.734821,-294.809053,-71.758647,0.410149
-26.921722,-292.729090,-72.230680,0.489093
-27.703385,-291.516867,-73.225447,0.495599
-28.500983,-290.182243,-74.580259,0.409240
-28.211471,-295.869436,-73.577891,0.500359
-27.979232,-293.633718,-73.365401,0.481291
-28.694551,-292.261089,-74.699757,0.403437
-29.282355,-291.015309,-75.809248,0.435147
-30.153841,-290.742839,-77.331601,0.392938
-31.397892,-290.531884,-79.489160,0.463789
-31.897950,-299.114570,-80.267343,0.513553
-29.339780,-296.652885,-75.557212,0.365735
-28.998385,-294.382487,-75.072988,0.396046
-29.634280,-292.687132,-76.306198,0.425538
-30.705743,-297.372901,-77.980165,0.557012
-30.078557,-294.812763,-76.981480,0.505968
-32.013188,-296.524037,-80.578084,0.554424
-31.187346,-294.764951,-78.996448,0.366912
-30.642973,-292.724149,-78.086609,0.389899
-31.542685,-292.793244,-79.684843,0.440327
-32.341021,-291.835703,-81.358234,0.528242
-32.168470,-294.153135,-80.954233,0.512539
-32.674624,-295.527959,-82.769659,0.577261
-32.725026,-296.349517,-84.496320,0.590954
-32.282587,-295.878193,-86.199130,0.368152
-31.277003,-295.494313,-87.788944,0.397447
-30.596378,-293.874502,-88.496160,0.252348
-31.524102,-292.233394,-87.686803,0.372132
-32.021534,-294.108477,-86.803248,0.415144
-32.634044,-292.591398,-85.468925,0.544184
-32.720081,-294.639918,-84.802367,0.579906
-32.754680,-293.284516,-83.107519,0.585251
-32.878810,-290.731697,-83.855305,0.571924
-16.290598,-366.286544,-70.289118,0.091654
-25.816765,-374.585122,-45.579569,0.084826
-27.559326,-374.870631,-44.808018,0.073826
-29.376248,-374.922393,-44.151514,0.097215
-31.064507,-375.603220,-44.181996,0.109471
-39.905716,-138.227449,-91.308413,0.128956
-41.055964,-137.696738,-92.686590,0.165328
-42.186146,-137.166108,-94.151798,0.170666
-41.808299,-138.445485,-91.123948,0.145831
-43.665343,-138.806520,-91.045727,0.136746
-45.454797,-139.379928,-91.261024,0.133535
-56.523665,-142.307070,-92.947038,0.145497
-55.366490,-142.441712,-91.874226,0.153820
-53.717036,-142.288666,-91.658446,0.152721
-51.898737,-142.263485,-91.276342,0.117544
-49.932835,-142.179282,-90.976359,0.103811
-56.353157,-141.386824,-94.734654,0.151882
-56.309348,-141.146359,-96.881233,0.147657
-55.830899,-141.602917,-99.005692,0.146179
-47.286268,-140.178898,-91.601205,0.124326
-48.917048,-140.957448,-91.646916,0.126154
-48.190637,-140.586943,-102.576060,0.136932
-46.852290,-139.483043,-101.810566,0.148949
-45.710231,-138.671712,-100.728717,0.157744
-45.370058,-137.816229,-99.014691,0.137170
-44.190107,-137.214471,-97.440210,0.159925
-43.215186,-136.857464,-95.847145,0.175398
-50.338798,-140.581396,-102.102236,0.137227
-52.341970,-140.838834,-101.465643,0.142972
-54.199380,-141.153117,-100.454123,0.144924
-42.919711,-137.957063,-92.586594,0.185803
-44.770578,-138.341942,-92.568291,0.172292
-46.729254,-138.978107,-92.667171,0.172109
-43.995088,-137.369905,-94.057433,0.177832
-45.829081,-137.892992,-94.006033,0.151406
-45.024403,-137.223630,-95.646955,0.155807
-46.065898,-137.366314,-97.215250,0.145818
-46.902958,-137.596848,-95.462927,0.153261
-47.732601,-138.463360,-94.002404,0.159699
-48.910190,-139.749127,-92.863811,0.176975
-48.880885,-139.292661,-101.271986,0.149536
-47.241827,-138.372148,-100.249454,0.162621
-47.310058,-137.548531,-98.672171,0.165870
-47.962966,-137.142618,-96.890923,0.197642
-48.902640,-137.968044,-95.428234,0.149170
-49.577718,-138.866920,-94.141956,0.162526
-54.633796,-141.096082,-93.570600,0.133336
-52.686485,-141.001877,-92.986812,0.122182
-50.700644,-140.995193,-92.331263,0.161535
-51.195638,-139.791800,-93.646375,0.177595
-54.921580,-140.242126,-95.746426,0.172239
-53.149423,-139.585785,-94.762917,0.145436
-54.862321,-140.312781,-98.222853,0.158367
-53.180753,-139.751113,-99.632324,0.143872
-50.997975,-139.331805,-100.449236,0.145670
-49.144347,-138.296141,-99.772709,0.189192
-49.022548,-137.423780,-98.259630,0.206174
-50.662247,-138.263033,-98.559792,0.173480
-52.216324,-138.862633,-98.594625,0.155266
-53.737002,-139.224772,-97.185781,0.189743
-50.071406,-137.836591,-96.800416,0.189544
-51.045344,-138.698350,-95.201139,0.176556
-52.042690,-138.537733,-96.652163,0.178453
-47.143476,-384.361972,-55.024812,0.194273
-48.390520,-383.344810,-56.058525,0.190095
-49.239219,-382.116250,-57.329192,0.190652
-50.253555,-380.663373,-56.870566,0.190780
-51.251428,-378.813480,-56.603368,0.174702
-51.949954,-376.636735,-56.172648,0.184818
-52.125563,-374.707861,-55.878384,0.193406
-51.936394,-372.620128,-55.864583,0.168869
-51.406722,-370.603258,-55.903277,0.162026
-46.816645,-367.419910,-53.162250,0.140979
-46.398589,-368.107308,-51.474749,0.139419
-48.388183,-368.168728,-54.069688,0.149698
-45.931971,-369.297614,-50.004755,0.128690
-46.713611,-370.805508,-49.620296,0.130378
-47.565664,-372.164906,-49.573196,0.130687
-50.190595,-369.363758,-54.757843,0.153246
-48.852518,-373.147836,-50.256930,0.146348
-50.052474,-374.250876,-51.151026,0.163608
-51.111791,-375.205019,-52.381887,0.186493
-51.812879,-375.993776,-54.050300,0.182797
-51.648581,-377.739330,-55.151393,0.189701
-51.818470,-373.819635,-54.100261,0.155513
-51.020769,-373.133064,-52.608361,0.160382
-49.803318,-372.274164,-51.399781,0.148103
-51.296597,-371.466985,-54.177692,0.152227
-50.384039,-371.331937,-52.690681,0.157636
-49.747349,-369.690296,-53.339488,0.135322
-48.418006,-371.252811,-50.586800,0.136181
-49.141896,-370.311887,-51.828183,0.137626
-48.095767,-368.752703,-52.450512,0.139910
-47.542793,-369.628062,-50.932726,0.132668
-33.753309,-139.315040,-76.433586,0.312986
-26.871095,-245.934687,-86.627414,0.008449
-25.428160,-128.954268,-76.246771,0.205358
-27.529078,-361.957465,-62.181194,0.194764
-34.438984,-130.298898,-67.427330,0.226939
-35.918510,-368.912717,-67.532004,0.089001
-24.658789,-241.824288,-89.496375,0.149951
-37.182636,-183.694577,-89.473846,0.000001
-18.512455,-359.524943,-83.883388,0.184097
-44.391833,-372.781729,-58.884572,0.206825
-38.736352,-143.424185,-92.142107,0.258683
-39.938538,-152.015551,-80.630965,0.148528
-37.447323,-148.783731,-77.455355,0.244654
-47.466403,-152.523457,-93.944273,0.166941
-33.152622,-198.411673,-88.678621,0.000301
-26.081331,-241.435973,-82.797645,0.278334
-30.107265,-238.520798,-87.811899,0.196399
-32.350127,-150.911204,-81.157988,0.238665
-24.556824,-272.413055,-84.326571,0.000001
-22.871383,-362.469410,-68.194166,0.191345
-42.071360,-143.008191,-96.740418,0.179336
-42.659955,-180.861612,-91.647906,0.043411
-27.377991,-304.830948,-84.437109,0.204498
-30.216297,-230.332051,-89.078676,0.136956
-23.640484,-272.056456,-88.830557,0.301106
-24.669103,-236.339680,-89.348532,0.180453
-31.874151,-369.322243,-83.303868,0.205205
-18.856000,-356.761591,-78.819057,0.138986
-22.649881,-246.061981,-82.730027,0.176284
-28.614091,-377.507645,-91.411836,0.129764
-23.736184,-372.512819,-64.206850,0.147970
-27.763824,-222.456802,-86.475656,0.009826
-22.134144,-138.318818,-73.317040,0.259595
-37.538338,-200.073763,-88.323414,0.483916
-51.240869,-157.527691,-89.418509,0.072579
-15.522535,-359.048018,-81.411774,0.196896
-31.547543,-216.356718,-89.838634,0.172357
-43.255618,-174.807933,-94.234878,0.038413
-42.172139,-174.313091,-97.781911,0.356440
-32.253114,-369.558451,-54.663535,0.168501
-34.006308,-208.339157,-91.204539,0.191020
-26.165482,-326.451480,-84.426464,0.092839
-21.408076,-284.470047,-77.660391,0.000001
-34.376821,-213.795068,-92.964430,0.638432
-47.803213,-374.882161,-57.827806,0.202217
-31.197643,-372.070336,-94.257944,0.174290
-21.347311,-321.799725,-84.329031,0.020048
-22.867300,-376.672674,-86.392530,0.128522
-26.935852,-341.796664,-86.676328,0.166501
-46.385914,-177.746705,-92.653291,0.202355
-19.398720,-364.356735,-88.853482,0.257122
-37.161190,-179.488819,-93.874564,0.003832
-24.491809,-225.520284,-88.518893,0.214874
-41.059993,-381.150703,-56.649099,0.180005
-30.574638,-133.880031,-61.895797,0.225722
-52.975139,-152.413221,-88.972543,0.145123
-23.099365,-332.186919,-72.698420,0.000434
-18.001425,-371.982019,-86.570342,0.183989
-26.488102,-136.448184,-66.034730,0.274038
-50.569771,-144.228229,-97.205532,0.127374
-35.702719,-174.196594,-90.614264,0.032470
-19.553646,-324.472840,-79.219960,0.004713
-32.204700,-182.458074,-85.883519,0.108568
-27.362303,-215.280023,-91.528622,0.421127
-55.761636,-145.242950,-93.924169,0.152107
-35.027243,-125.568067,-73.679491,0.195870
-29.062986,-211.305277,-92.762989,0.509366
-28.955465,-195.963745,-86.967032,0.215189
-26.768915,-346.983404,-59.396268,0.164279
-24.677576,-257.787294,-85.554097,0.000001
-25.758493,-372.067797,-74.162121,0.084022
-41.632675,-172.276338,-99.403343,0.457689
-53.022819,-146.909963,-98.975472,0.116988
-25.410641,-227.470106,-83.545706,0.410842
-23.222050,-358.071012,-59.202477,0.156501
-40.678946,-160.740343,-87.925733,0.098491
-22.225795,-295.226336,-80.039874,0.000001
-40.284515,-140.800696,-93.237756,0.228389
-36.300068,-149.942938,-88.134548,0.163667
-30.744919,-246.043777,-88.938699,0.646183
-32.325041,-196.500271,-83.799577,0.593481
-23.074095,-324.019521,-69.339978,0.042663
-49.507098,-163.532223,-93.359609,0.066955
-28.563728,-293.499314,-84.237086,0.531977
-34.414631,-192.131106,-91.614864,0.006250
-26.530440,-275.198860,-80.686733,0.433892
-24.788280,-252.939805,-81.839263,0.145285
-27.165374,-354.338373,-77.985118,0.049303
-36.037641,-139.245262,-67.322066,0.316508
-35.735971,-375.477918,-88.850392,0.187525
-35.761507,-215.952064,-89.762081,0.782052
-22.334567,-310.840499,-83.537852,0.000001
-32.882066,-124.068021,-68.201353,0.228658
-27.295724,-194.046479,-85.057448,0.751387
-24.443767,-278.985360,-85.830702,0.000222
-37.911881,-367.897802,-70.669124,0.154837
-45.524023,-154.312914,-85.946795,0.137236
-42.011431,-163.028322,-82.463533,0.291019
-21.933279,-306.715007,-76.177605,0.002070
-47.154538,-378.065546,-55.363454,0.204352
-19.634891,-271.008139,-84.799024,0.072354
-52.036307,-164.407674,-88.897350,0.106248
-29.885812,-362.969165,-77.105459,0.285770
-24.524306,-246.202243,-90.451660,0.454562
-35.399518,-363.327662,-56.155362,0.321432
-32.037934,-377.355019,-60.498285,0.095906
-33.265775,-171.482328,-85.559024,0.155995
-24.885097,-377.387956,-58.649727,0.099565
-33.447188,-198.755325,-93.751324,0.348400
-26.229984,-132.834816,-63.136043,0.214649
-38.981074,-156.650237,-80.418705,0.254731
-46.184704,-167.979772,-83.392672,0.240378
-39.791343,-152.324825,-94.775915,0.152848
-15.695893,-361.217427,-79.198407,0.211036
-44.059069,-156.139564,-100.648481,0.199849
-27.027011,-373.331921,-95.490843,0.088792
-25.804161,-284.734422,-82.142732,0.020594
-21.535584,-356.803715,-72.254657,0.140699
-29.792323,-128.617639,-71.534386,0.248074
-22.633501,-228.487469,-86.379899,0.548865
-37.597805,-178.539960,-97.197112,0.460298
-24.186220,-300.570825,-78.007016,0.001048
-45.324337,-141.016380,-96.256555,0.184653
-27.846968,-237.004460,-82.410676,0.581979
-39.201270,-192.603721,-93.551567,0.436633
-35.357827,-377.136407,-64.006878,0.100970
-23.980514,-320.154319,-74.791436,0.012223
-23.916677,-232.241730,-83.327853,0.468842
-35.201378,-373.659782,-96.710021,0.197972
-28.469004,-274.240586,-79.071357,0.799434
-31.090607,-195.188477,-81.773170,0.875868
-22.805045,-334.758464,-82.218614,0.019729
-48.561673,-374.272645,-60.472879,0.217728
-19.679303,-371.357117,-76.348860,0.174825
-41.899024,-140.810780,-98.477781,0.176284
-35.637847,-154.208600,-93.567046,0.248951
-52.792384,-142.564962,-95.718600,0.211850
-34.215704,-380.348726,-54.799953,0.148008
-28.585074,-323.088007,-83.526495,0.394391
-36.839239,-123.027764,-68.414879,0.226120
-22.358078,-269.083348,-79.562329,0.010014
-30.976734,-168.809930,-83.792412,0.534241
-35.996810,-121.718045,-72.660639,0.195496
-35.546539,-378.592711,-50.609755,0.058337
-31.831876,-177.034772,-85.348821,0.265246
-29.183020,-209.045868,-86.064847,0.039718
-27.166413,-193.869876,-87.974092,0.783306
-25.906638,-302.508384,-86.889684,0.393962
-21.225537,-298.976218,-73.135730,0.251655
-30.207984,-191.190373,-83.935435,0.701072
-32.455669,-152.620905,-86.546439,0.157508
-25.479387,-219.076962,-89.074735,0.293952
-20.243691,-358.203443,-66.160409,0.186279
-40.355526,-384.035237,-57.631236,0.199470
-18.987587,-297.934049,-77.317412,0.059109
-40.565257,-185.241279,-94.456178,0.189638
-39.562765,-373.212872,-62.577580,0.186586
-35.754111,-145.518485,-93.731982,0.349068
-19.969884,-313.579621,-86.222726,0.108265
-29.004403,-123.965912,-66.260871,0.215395
-22.524754,-363.201622,-92.428580,0.177643
-47.639140,-162.389438,-83.789412,0.189693
-29.992917,-216.399729,-84.446127,0.350527
-40.223800,-143.080517,-86.573414,0.219888
-34.467437,-379.181275,-95.266228,0.209479
-20.875955,-320.997352,-87.718783,0.386919
-25.485378,-357.192688,-54.488261,0.147729
-55.974903,-157.842626,-89.771395,0.083012
-44.917291,-175.753648,-96.981446,0.493866
-54.760804,-162.160106,-91.258209,0.103696
-38.550421,-159.328378,-79.205638,0.471692
-45.940019,-378.212429,-59.245589,0.208224
-22.501858,-350.405053,-68.669529,0.102319
-21.976573,-293.268863,-72.712795,0.666259
-27.345166,-248.507789,-82.223022,0.433681
-20.685758,-376.066926,-77.401956,0.204830
-36.596595,-163.599132,-83.062017,0.216722
-52.289179,-158.368962,-95.397517,0.104717
-44.701447,-381.405471,-57.646330,0.219903
-30.243802,-363.105312,-92.595482,0.226628
-31.987717,-228.090022,-92.249247,0.776342
-36.331203,-217.980729,-87.663634,0.867781
-21.974658,-369.337447,-60.119123,0.216283
-18.854835,-317.556349,-83.382299,0.052165
-44.029157,-147.633455,-90.297816,0.230259
-28.070654,-358.675882,-51.155041,0.141533
-33.063974,-371.357563,-49.543931,0.082553
-27.103109,-381.093503,-92.393152,0.134233
-22.912509,-296.989250,-76.357384,0.001406
-34.584250,-219.284216,-92.411945,0.817735
-42.432417,-148.235426,-80.050034,0.228590
-42.928245,-142.514966,-82.648036,0.277700
-48.466547,-150.911844,-85.186721,0.222104
-27.383349,-331.530755,-83.089323,0.097525
-44.380599,-183.441399,-93.447970,0.444601
-45.307890,-381.880916,-54.466042,0.193140
-21.911385,-270.439286,-90.575035,0.742313
-27.076636,-123.481621,-71.723041,0.226299
-29.909771,-381.125253,-94.760833,0.141899
-24.555400,-322.247710,-79.861896,0.000001
-21.549686,-127.855768,-76.447897,0.170993
-28.320744,-303.760972,-86.757203,0.597743
-26.817035,-339.444241,-80.810005,0.038116
-22.404058,-274.832591,-77.668281,0.083844
-54.251834,-162.951171,-94.544835,0.133406
-22.772832,-129.052592,-79.545916,0.187654
-32.457540,-380.577886,-50.698744,0.076913
-54.412791,-146.886356,-100.574775,0.157992
-23.134065,-318.809471,-88.331569,0.445657
-19.347574,-312.532086,-78.937230,0.001351
-35.922930,-149.895818,-95.083141,0.262228
-19.411577,-330.108505,-80.935665,0.016509
-37.566417,-198.380481,-94.585934,0.772221
-37.651053,-175.558179,-84.741279,0.095581
-51.378066,-155.126711,-98.696285,0.243587
-26.770599,-335.347923,-71.281765,0.053317
-22.829581,-238.026702,-82.525919,0.564373
-29.673229,-122.886305,-76.236290,0.172570
-40.962540,-369.110516,-64.559463,0.160713
-38.720609,-189.378028,-88.566009,0.043050
-39.567792,-174.119894,-98.803697,0.514573
-19.102756,-372.371640,-71.721618,0.178397
-31.749124,-147.822628,-85.114324,0.209147
-27.146786,-304.268415,-79.934279,0.317680
-38.629055,-370.836510,-68.803987,0.183468
-22.729225,-353.970068,-86.702198,0.148503
-23.034484,-346.060419,-62.328779,0.117372
-29.131482,-249.920130,-89.724432,0.585367
-41.208232,-140.231321,-77.721858,0.281288
-16.991385,-323.224174,-77.459285,0.310288
-28.319302,-370.940153,-49.809254,0.042485
-48.760241,-140.217835,-97.694945,0.216087
-37.798776,-368.689578,-90.445804,0.218821
-37.201646,-180.932591,-84.521640,0.151690
-43.923536,-143.269542,-92.721591,0.236256
-39.799470,-181.832406,-96.445222,0.492968
-21.326658,-303.529168,-72.309403,0.204016
-26.708056,-122.048276,-67.786411,0.233229
-18.726210,-350.115692,-68.433301,0.198260
-20.844439,-242.680295,-83.701266,0.631011
-43.985986,-175.914602,-87.140918,0.124169
-16.670734,-326.298380,-77.184129,0.430319
-36.927978,-194.279251,-95.798138,0.776890
-53.571278,-145.065197,-92.143606,0.204109
-41.791801,-175.526680,-83.398150,0.297505
-29.364020,-327.449935,-83.930525,0.508728
-28.025059,-130.589799,-61.448191,0.118698
-25.407925,-281.278634,-78.819486,0.163828
-23.311510,-324.163217,-66.001341,0.317399
-26.365586,-299.133360,-76.099831,0.643943
-30.196988,-321.355113,-82.001367,0.654135
-52.266925,-152.484002,-100.093981,0.148229
-38.506890,-139.205406,-83.230353,0.211966
-39.160359,-372.040814,-86.874031,0.142302
-39.049177,-363.913948,-56.101202,0.203951
-19.169020,-266.567385,-80.391798,0.388785
-23.349675,-131.278561,-69.822420,0.257797
-21.908621,-338.891942,-69.402313,0.027677
-35.896242,-380.726922,-91.457207,0.198237
-13.746253,-359.697005,-84.573052,0.204696
-47.439171,-171.981391,-85.413728,0.205817
-41.449585,-374.380001,-88.875211,0.169756
-15.856223,-360.505742,-76.699672,0.216278
-42.652407,-373.599559,-87.134734,0.164606
-18.160657,-376.730493,-76.644678,0.230786
-41.359647,-164.805182,-95.481718,0.071269
-21.895928,-288.411007,-85.963169,0.000001
-18.259578,-368.922863,-71.632847,0.151481
-16.625595,-371.808012,-71.103883,0.213544
-25.970000,-278.331077,-77.232858,0.802460
-41.913705,-190.070124,-92.876897,0.588959
-28.496948,-208.987390,-82.470662,0.945906
-45.300908,-166.542058,-97.782870,0.120969
-22.894749,-264.787823,-86.263827,0.000001
-23.744464,-337.521461,-86.684243,0.119333
-37.610592,-151.221707,-75.906590,0.437392
-32.350949,-174.985176,-82.702903,0.663440
-44.414983,-144.253576,-86.363336,0.219267
-23.960695,-378.010770,-64.037288,0.164600
-29.006725,-336.022302,-73.798105,0.238539
-26.895335,-249.383027,-91.827272,0.895582
-29.222724,-283.772232,-84.151936,0.728569
-39.061756,-137.363669,-85.293788,0.203289
-46.168428,-175.247595,-84.231078,0.385141
-50.620688,-164.614085,-83.429543,0.190851
-35.627043,-368.998928,-94.939007,0.206224
-33.213776,-180.731774,-90.533306,0.054904
-20.025551,-271.667877,-77.669450,0.459814
-21.220120,-365.207737,-63.702030,0.225417
-40.575511,-374.571751,-53.317303,0.156346
-20.840052,-374.288975,-60.424244,0.132304
-23.057177,-359.804804,-52.937508,0.146434
-23.922787,-378.498125,-77.869741,0.200587
-28.703884,-120.805623,-73.476918,0.202594
-26.600307,-205.680517,-86.935374,0.381927
-38.959747,-373.930231,-97.846139,0.187021
-28.420036,-265.444341,-85.278989,0.275753
-26.892201,-217.171987,-82.292155,0.911749
-27.378235,-311.431999,-84.061572,0.156564
-39.184458,-154.172008,-78.283735,0.450960
-17.425103,-368.879183,-75.110002,0.163011
-42.914987,-186.029474,-90.499342,0.297024
-29.331527,-331.324965,-80.208325,0.372279
-29.848366,-140.977577,-67.476832,0.233267
-30.786954,-168.684988,-81.627789,0.542809
-29.649375,-350.664564,-81.155341,0.123375
-22.201978,-269.635467,-76.352500,0.772144
-16.759618,-323.393401,-80.860018,0.312030
-35.021748,-187.926073,-94.367472,0.219542
-43.892225,-369.260444,-61.581599,0.165040
-35.383954,-176.656957,-82.330963,0.586252
-36.690823,-181.578389,-97.025567,0.548112
-32.538419,-184.749444,-92.091739,0.149868
-26.245622,-231.910246,-80.785315,0.991623
-38.274885,-201.957793,-92.091948,0.711315
-35.835946,-156.958988,-95.891543,0.327608
-46.610164,-172.839311,-90.603211,0.087797
-30.370154,-261.948355,-85.117887,0.724986
-25.103317,-315.425463,-79.036484,0.000001
-18.790532,-359.941818,-80.375539,0.174994
-47.811584,-173.651658,-82.691533,0.409126
-35.444116,-366.181715,-51.254895,0.223490
-54.316062,-156.851101,-97.826498,0.205824
-37.059751,-197.844603,-96.838256,0.729398
-17.662298,-370.855470,-73.348874,0.185103
-19.451623,-289.980382,-88.128441,0.576595
-55.008190,-163.895822,-88.795017,0.174622
-19.437709,-277.620766,-84.654765,0.061850
-43.912613,-161.339848,-98.890560,0.145759
-27.040516,-220.566738,-92.436415,0.697530
-15.279288,-355.589464,-81.222864,0.216682
-33.927561,-382.184605,-95.509257,0.206966
-20.244506,-361.427102,-60.917761,0.169833
-28.834503,-243.289981,-91.190917,0.756224
-34.602703,-120.890172,-69.722309,0.216849
-15.558164,-370.666351,-74.337186,0.193816
-39.263204,-189.046024,-84.967591,0.621969
-28.038663,-347.510104,-56.587555,0.289461
-23.132516,-376.126243,-71.539618,0.161145
-22.438149,-378.189313,-56.221264,0.088992
-29.808216,-309.678250,-84.036642,0.786842
-21.426535,-125.048313,-75.964469,0.188875
-17.013937,-353.355249,-78.577666,0.196187
-44.276481,-165.836085,-80.346112,0.367567
-37.308266,-168.804395,-93.103056,0.064467
-18.205133,-320.211975,-85.611298,0.299332
-49.555919,-167.907641,-86.776379,0.143430
-35.114326,-382.717019,-90.051027,0.185614
-19.947743,-301.175235,-82.574439,0.000001
-28.954357,-270.251510,-84.565751,0.493759
-39.444909,-193.348940,-96.215173,0.750406
-39.978352,-137.869805,-72.092781,0.350394
-33.190157,-367.582056,-48.273325,0.130229
-44.285558,-178.521781,-84.753545,0.413405
-39.996510,-368.026984,-67.584584,0.178029
-35.290283,-143.376331,-90.705608,0.394731
-23.095747,-306.712766,-86.378586,0.074481
-25.685278,-252.569806,-78.821072,0.851458
-20.499987,-239.945398,-82.258391,0.777726
-41.174817,-188.482034,-95.610304,0.665941
-25.890130,-226.351468,-92.033843,0.691992
-21.574703,-245.320474,-90.423532,0.789603
-21.081127,-233.110238,-83.534168,0.791132
-32.110439,-146.100720,-75.900523,0.316016
-33.066738,-194.738337,-94.483861,0.541928
-22.338078,-288.454243,-89.349703,0.568229
-28.916233,-279.410582,-85.028788,0.551572
-29.048226,-148.030652,-75.693388,0.434164
-21.454125,-261.127398,-81.684124,0.032842
-26.698899,-341.820166,-67.853830,0.080485
-23.705402,-352.149624,-61.023048,0.121175
-34.625062,-172.313574,-82.238349,0.594878
-34.163919,-171.742303,-92.991766,0.334696
-53.805566,-159.415000,-86.613022,0.115497
-22.648176,-330.628889,-86.231292,0.071322
-23.267913,-308.600469,-72.128064,0.099050
-33.071196,-223.622955,-92.208634,0.665010
-27.648637,-285.532063,-87.048702,0.582370
-13.656088,-354.083460,-81.811568,0.244465
-38.575692,-365.586694,-70.768912,0.178806
-32.338177,-160.119644,-83.382351,0.240621
-20.747908,-130.865476,-77.628571,0.207944
-29.007004,-253.994015,-85.665396,0.268175
-23.018149,-263.316397,-78.450843,0.425659
-36.775779,-380.437686,-88.221048,0.199423
-30.721452,-242.260818,-85.003279,0.516472
-18.119925,-307.196612,-78.851818,0.081640
-35.884561,-201.656516,-85.138995,0.762710
-41.329083,-165.356083,-79.622358,0.536652
-39.664011,-369.009993,-53.723555,0.198504
-22.577181,-283.532851,-87.665610,0.077042
-45.662903,-152.193018,-82.316816,0.319701
-31.427544,-148.620212,-73.881210,0.397570
-26.542753,-382.805280,-90.551655,0.151701
-18.401886,-259.874100,-82.635079,0.587486
-31.857986,-248.771163,-89.415709,0.831689
-20.997216,-234.720233,-86.468980,0.755053
-41.412734,-135.969946,-76.020303,0.285510
-31.610114,-171.520696,-88.760830,0.481898
-46.627197,-178.030218,-87.130263,0.432618
-27.006773,-346.663202,-72.659230,0.019817
-20.651180,-353.580244,-59.799079,0.179829
-30.912313,-201.478152,-84.091879,0.567675
-52.279673,-166.205219,-83.496068,0.276223
-20.320431,-327.499761,-72.510154,0.022835
-20.730682,-275.841966,-75.334193,0.774201
-29.466649,-373.052281,-97.581330,0.139668
-29.253732,-150.666274,-76.922752,0.428969
-28.129284,-234.092378,-86.491445,0.033409
-29.362726,-179.091031,-84.785485,0.719504
-24.594948,-301.401118,-82.563062,0.000001
-27.959363,-347.459371,-66.936123,0.129657
-19.900025,-295.230211,-72.431608,0.613118
-28.828640,-306.924610,-81.804712,0.623446
-27.553904,-287.073319,-79.811555,0.611820
-49.200729,-374.924111,-55.134526,0.208322
-22.069508,-231.680579,-81.645259,0.853571
-29.735493,-354.792177,-72.312101,0.087221
-28.571083,-307.194229,-86.095822,0.638497
-35.136793,-374.140119,-53.784176,0.105749
-17.534656,-303.253225,-79.926065,0.216757
-26.977129,-240.477288,-92.296896,0.811073
-15.896095,-364.124443,-90.386375,0.229644
-22.546179,-131.970375,-65.494366,0.193542
-19.051883,-268.737444,-77.751233,0.733572
-24.442719,-136.870086,-63.435263,0.213728
-29.731248,-143.553852,-80.836072,0.305030
-35.025746,-147.471960,-96.631905,0.330928
-19.439060,-366.608741,-81.127797,0.236080
-24.757144,-372.010569,-55.409090,0.062758
-55.258318,-149.828222,-94.957711,0.141419
-28.921398,-360.998709,-48.688137,0.172796
-29.678148,-198.104320,-82.562987,0.937575
-22.630007,-380.331530,-62.125299,0.149663
-26.849558,-344.439555,-89.605937,0.222694
-31.491468,-264.031568,-86.539922,0.837287
-16.877716,-328.119242,-82.093485,0.293860
-23.961562,-234.788733,-80.889488,0.967630
-23.462052,-314.395145,-73.418513,0.020922
-44.229785,-378.512294,-62.012427,0.196397
-52.672162,-141.334082,-97.837043,0.177747
-34.724666,-131.676041,-76.731727,0.288149
-30.671112,-377.271935,-66.574346,0.073744
-48.101964,-175.885586,-83.840933,0.441380
-33.650661,-382.676927,-92.611448,0.179781
-33.734924,-226.180912,-88.467276,0.675842
-22.931258,-312.305983,-69.955432,0.225712
-18.981504,-378.614171,-87.287877,0.148309
-23.511343,-259.388139,-78.770700,0.530143
-37.967759,-124.796162,-76.594957,0.135346
-31.728808,-357.802408,-56.607072,0.190712
-17.419995,-329.707063,-75.982517,0.184069
-22.995693,-252.326990,-87.615440,0.009703
-42.373971,-130.511519,-73.968898,0.212280
-32.178607,-358.315953,-75.604261,0.161509
-21.115084,-263.164985,-89.244514,0.620999
-32.815200,-144.754269,-71.497016,0.296515
-30.324280,-193.424117,-92.924359,0.602122
-19.358540,-293.148030,-76.756374,0.097022
-49.255938,-147.781735,-86.320357,0.276702
-28.571380,-209.047269,-94.427717,0.797767
-30.309579,-119.239854,-73.164092,0.198324
-33.211971,-360.839214,-80.899813,0.218194
-40.037121,-383.470955,-54.109065,0.152363
-32.691667,-355.015582,-60.009831,0.221148
-30.095462,-382.149842,-56.742273,0.177250
-32.980995,-376.553047,-97.429766,0.180496
-18.824718,-373.954629,-58.606976,0.117379
-33.024970,-210.393501,-94.431450,0.765990
-54.225987,-150.155401,-98.314142,0.146208
-25.995719,-292.118149,-79.559940,0.205773
-19.375754,-373.725220,-64.753384,0.186842
-48.212639,-156.003597,-101.209221,0.265783
-35.002399,-380.942713,-61.463552,0.185338
-30.670469,-211.115532,-95.522691,0.854800
-25.360369,-222.557707,-82.959700,0.737279
-22.474322,-137.182758,-68.626487,0.260499
-21.723112,-295.408363,-86.056035,0.013940
-47.739989,-371.206550,-58.443289,0.202949
-37.798265,-384.584483,-55.887315,0.175081
-18.990369,-301.799291,-75.460287,0.158779
-25.640515,-217.777571,-92.296811,0.747483
-27.760635,-375.038333,-62.213942,0.064305
-17.252381,-305.625426,-82.740245,0.288279
-35.850826,-380.205606,-85.372613,0.197383
-25.565132,-208.942173,-85.424852,0.685156
-23.494097,-361.417718,-63.934126,0.169046
-26.885705,-278.353221,-88.376866,0.592598
-35.022158,-204.598763,-83.905818,0.921787
-25.592334,-318.734473,-83.662037,0.024840
-25.796838,-309.347319,-71.624192,0.609411
-34.022351,-374.602174,-47.940134,0.079793
-28.810585,-188.826465,-83.193075,0.835637
-26.634673,-284.384075,-77.766156,0.780800
-22.325637,-322.136750,-89.244110,0.469864
-35.730343,-382.331782,-63.293191,0.192631
-57.657046,-148.779882,-93.553324,0.133499
-28.493960,-380.221470,-62.930620,0.165135
-55.797637,-154.037651,-95.001853,0.214209
-18.767471,-130.986381,-76.238440,0.195503
-26.612476,-126.561223,-64.680181,0.138036
-15.009439,-373.285329,-88.089098,0.170154
-29.756696,-334.632932,-80.925747,0.382346
-49.380220,-372.272406,-59.654349,0.219630
-48.316442,-175.483615,-89.014667,0.318120
-18.229142,-316.298672,-86.286547,0.449445
-40.283927,-376.108686,-93.658340,0.211850
-58.561403,-157.999618,-90.727389,0.167951
-42.891661,-130.960264,-70.271530,0.201973
-24.275007,-248.054793,-92.382982,0.786675
-22.018065,-325.983751,-86.583116,0.106033
-19.068205,-370.961136,-60.403859,0.165834
-32.116511,-126.768300,-78.753493,0.176188
-25.684968,-289.246224,-77.025774,0.491060
-39.933418,-140.973800,-69.721115,0.295599
-35.946244,-373.868682,-66.958384,0.130593
-44.569539,-368.914378,-64.341523,0.166883
-32.717417,-375.523016,-79.607567,0.100995
-19.014261,-291.806274,-82.824665,0.008022
-32.732574,-206.301580,-94.514353,0.737370
-41.084331,-182.661712,-85.398056,0.256176
-41.838200,-156.155381,-103.139891,0.317105
-41.130363,-142.086394,-73.491617,0.323179
-43.216114,-187.195624,-93.495598,0.579404
-57.109566,-155.008266,-88.427241,0.135535
-35.659124,-209.482803,-95.329709,0.864453
-23.181962,-130.895762,-62.867882,0.190774
-43.965132,-377.300215,-52.325564,0.153663
-27.028596,-317.992061,-76.491472,0.200397
-29.714024,-301.835766,-85.046367,0.833959
-34.934162,-138.730693,-85.439925,0.273438
-28.261820,-356.933202,-90.146416,0.199192
-26.728834,-314.721457,-74.954499,0.360317
-31.126439,-244.479577,-91.641242,0.784150
-30.896769,-377.385537,-76.969701,0.234791
-33.479553,-360.601889,-88.970990,0.233666
-24.775643,-369.776513,-84.968166,0.193525
-34.828303,-137.227279,-87.111947,0.247455
-27.902219,-141.296500,-83.254988,0.314721
-20.504888,-237.452500,-84.660582,0.774862
-43.298898,-367.049783,-63.287620,0.159139
-32.351916,-163.876395,-86.163531,0.207221
-21.588632,-276.111139,-88.393854,0.366214
-29.315555,-183.566192,-87.586518,0.584802
-30.077247,-180.986560,-82.783189,0.740576
-35.311225,-208.567643,-86.857108,0.657979
-24.663455,-134.281141,-61.464821,0.226007
-19.239718,-348.803495,-84.033485,0.149131
-20.494274,-327.201437,-76.473703,0.003205
-36.796573,-373.934954,-69.681436,0.262283
-20.161968,-377.320173,-62.673410,0.141618
-33.997457,-122.909284,-77.267911,0.123238
-27.304816,-138.587361,-77.326388,0.272288
-36.127437,-135.661386,-83.113379,0.233844
-33.307422,-213.153596,-86.388511,0.550637
-25.989445,-305.814650,-87.258859,0.508247
-53.122339,-150.140179,-100.600734,0.171240
-20.994568,-129.103608,-67.362711,0.185323
-28.589110,-246.577019,-91.589175,0.842880
-24.824687,-335.745647,-63.407718,0.166192
-28.761104,-176.456279,-84.787282,0.695917
-39.848230,-178.617064,-88.128735,0.003701
-29.222045,-288.183103,-82.947507,0.758517
-46.651089,-369.141969,-60.657685,0.193323
-14.138777,-361.615522,-88.584568,0.180448
-31.454442,-155.575092,-81.076010,0.338705
-54.477984,-151.528744,-86.751244,0.188531
-48.010696,-370.325797,-55.949073,0.170821
-23.780600,-303.167924,-88.624337,0.512902
-16.765903,-373.578865,-77.455711,0.220675
-33.221696,-142.348897,-87.060698,0.380916
-35.898983,-140.047803,-88.196242,0.307879
-47.212867,-368.960206,-57.762793,0.178734
-29.774220,-187.976682,-87.441503,0.229168
-21.151308,-353.256327,-90.108734,0.188254
-34.113924,-190.400601,-86.936304,0.001700
-27.712774,-332.015478,-73.480792,0.171255
-30.053392,-342.265086,-85.010998,0.376681
-20.409547,-133.645558,-67.760115,0.224178
-27.443050,-352.660422,-56.119295,0.144416
-19.394341,-329.776185,-69.699678,0.234094
-18.644394,-354.824826,-59.825877,0.241761
-38.865314,-195.318411,-89.457001,0.448208
-34.683254,-357.332330,-76.759308,0.228052
-21.215669,-372.496777,-56.243794,0.087678
-33.560786,-152.050008,-90.583134,0.244066
-33.069039,-240.121059,-86.971264,0.884015
-26.092640,-136.948016,-81.506661,0.205282
-34.210179,-167.240110,-89.436522,0.145057
-29.629095,-376.354983,-55.022087,0.088419
-32.075493,-380.880418,-63.772097,0.183548
-43.326810,-142.791652,-73.479202,0.295310
-25.665750,-274.263448,-77.294972,0.774422
-32.626502,-127.271680,-63.825812,0.184617
-25.189821,-347.720468,-56.741899,0.212690
-44.823186,-181.106968,-88.344421,0.399191
-37.767142,-178.260910,-81.667672,0.595840
-20.305297,-336.801059,-76.360380,0.005400
-42.946761,-133.782341,-72.534655,0.213248
-24.829378,-303.413276,-74.835966,0.282025
-49.804473,-373.968214,-58.255776,0.216032
-23.975236,-272.463597,-80.166977,0.022059
-24.171261,-224.595326,-81.427628,0.873972
-21.006670,-344.813173,-70.720248,0.055118
-34.651774,-376.891710,-78.518641,0.214313
-36.521685,-219.533226,-90.185588,0.849992
-28.998585,-333.945468,-72.021063,0.408606
-42.809549,-140.069362,-94.756293,0.210802
-18.737982,-361.844805,-67.004224,0.177064
-24.499170,-328.697056,-67.950182,0.094383
-33.959340,-358.144336,-72.185802,0.215532
-35.356847,-134.713067,-64.359421,0.251312
-20.332179,-132.525889,-72.578962,0.228350
-24.472490,-353.852908,-54.710361,0.144371
-36.684114,-135.747779,-74.951969,0.337911
-23.556690,-348.691842,-88.122175,0.153735
-29.673690,-341.365864,-87.865439,0.418188
-18.953835,-364.823195,-61.444002,0.192151
-22.697844,-378.228466,-68.276375,0.191613
-40.935214,-168.269364,-80.097909,0.540178
-18.652902,-375.133956,-70.463300,0.226414
-53.206463,-163.228485,-85.905328,0.144189
-25.963402,-208.134042,-82.888311,0.805564
-24.971167,-292.940566,-75.830764,0.422339
-39.593097,-153.573803,-99.450012,0.226401
-25.368231,-310.238476,-76.441892,0.052049
-33.472511,-364.980670,-95.230771,0.268150
-40.710429,-371.883635,-94.530398,0.212363
-44.446556,-131.275609,-74.098147,0.202019
-39.421925,-365.833828,-68.486164,0.169931
-29.817531,-382.548589,-63.771412,0.184139
-18.636730,-372.337047,-68.076637,0.193498
-18.322974,-361.785198,-63.658032,0.172977
-36.899674,-120.688718,-69.020867,0.214227
-51.608790,-166.885194,-94.449079,0.130846
-25.425386,-214.967172,-86.556558,0.275307
-33.311287,-199.386792,-85.385150,0.333481
-38.871575,-178.616487,-98.926694,0.609408
-49.949742,-149.789635,-101.560659,0.198411
-18.955580,-285.318632,-86.242295,0.227075
-20.199621,-297.465721,-71.530726,0.662846
-38.689718,-128.956659,-65.293422,0.221946
-27.389540,-374.519558,-48.453472,0.074410
-17.497784,-314.531186,-87.451032,0.663880
-18.950695,-323.699758,-86.268464,0.278846
-20.720136,-361.137159,-55.091079,0.147190
-26.588517,-379.935814,-54.689213,0.140383
-34.452633,-135.909900,-61.532696,0.179340
-24.929482,-313.169998,-86.875374,0.281682
-33.363040,-203.915709,-95.946780,0.853341
-18.141846,-375.315959,-82.355415,0.176501
-28.517493,-383.292099,-54.484729,0.176971
-44.047155,-171.993385,-82.018194,0.365765
-41.700961,-192.234684,-94.435265,0.713858
-33.772885,-204.326016,-88.553778,0.103933
-21.434667,-360.943874,-66.046854,0.185754
-28.327685,-330.427777,-76.761196,0.194891
-22.762403,-349.466799,-58.283468,0.197175
-34.521608,-383.631866,-59.156575,0.191090
-29.731739,-304.133546,-82.617155,0.729654
-25.137553,-129.858944,-61.741274,0.158664
-48.370253,-169.144976,-96.218615,0.144011
-28.752980,-306.423973,-79.008145,0.659490
-21.181368,-291.900111,-85.662317,0.000001
-28.423103,-146.685045,-82.347137,0.367203
-36.847430,-371.914024,-98.483058,0.172251
-22.432793,-276.187526,-81.818363,0.000001
-31.650212,-353.616373,-68.834767,0.241954
-26.290146,-300.595335,-88.355790,0.521806
-28.751107,-348.513216,-86.189057,0.191435
-28.047433,-131.930182,-80.142758,0.212647
-24.324065,-362.631546,-50.642085,0.164623
-30.020362,-152.603640,-76.462158,0.421747
-32.166293,-232.889827,-85.534276,0.742403
-30.261042,-384.493313,-58.061284,0.178954
-31.190450,-288.357339,-82.744928,0.831730
-18.108625,-316.961611,-78.881088,0.035204
-46.515229,-169.237715,-98.701387,0.348302
-39.885406,-155.415850,-103.766958,0.341628
-29.206272,-168.598418,-85.746555,0.625011
-39.709192,-123.732398,-77.545396,0.140869
-35.603512,-146.119352,-71.239552,0.338261
-24.909947,-265.870471,-82.044416,0.006374
-20.647189,-229.846284,-86.928656,0.755085
-22.350951,-273.088570,-90.998737,0.784289
-17.109732,-346.081744,-85.697470,0.175201
-24.469874,-134.352869,-77.439316,0.276956
-21.611989,-342.440689,-86.486072,0.122971
-46.807523,-163.389082,-80.522759,0.259733
-34.511193,-231.332863,-86.714362,0.891232
-30.568212,-374.790131,-47.248526,0.082088
-26.600547,-297.226630,-80.552416,0.070546
-30.014992,-165.698166,-85.646349,0.570444
-50.822900,-140.542183,-96.631394,0.200173
-20.961056,-280.213879,-76.313442,0.239639
-41.361854,-374.625493,-85.228714,0.166419
-43.044232,-383.577620,-57.631461,0.205992
-33.732070,-151.702901,-93.715699,0.324951
-20.613921,-347.443188,-77.252511,0.038749
-20.056705,-375.213588,-73.871936,0.207003
-25.684126,-317.522403,-72.304270,0.214019
-20.938071,-312.331411,-68.325427,0.511421
-31.863188,-121.960183,-65.990038,0.242303
-17.927441,-329.954648,-72.696747,0.288607
-55.254411,-145.461978,-98.309536,0.125058
-35.035962,-382.530515,-52.015320,0.113025
-38.422050,-164.036172,-80.393407,0.511800
-22.836734,-125.779199,-71.397501,0.210708
-22.950288,-129.780208,-73.372656,0.231928
-20.596166,-128.401710,-65.296127,0.181443
-19.704281,-363.274077,-70.842492,0.195210
-46.158485,-377.435369,-62.767952,0.208194
-20.056836,-347.035077,-63.831411,0.206111
-38.616934,-371.351652,-99.425177,0.154052
-46.614917,-175.333171,-86.902027,0.204236
-17.051186,-299.801126,-79.546079,0.283101
-57.945035,-157.259833,-88.520428,0.157628
-23.890082,-273.849552,-75.373960,0.820888
-22.148854,-135.332417,-65.388043,0.223823
-28.312975,-379.951411,-67.189930,0.191342
-38.123085,-141.468260,-95.110831,0.228285
-21.556857,-285.180554,-89.991388,0.703524
-24.491066,-362.598336,-95.028082,0.179041
-48.681869,-147.266983,-93.107951,0.207267
-34.008936,-181.610041,-82.740506,0.712513
-22.346917,-257.925492,-77.226976,0.800939
-29.309555,-289.509332,-85.884248,0.750504
-41.553523,-164.513784,-99.466878,0.222674
-33.565407,-193.856783,-96.827330,0.823817
-20.344247,-260.423443,-78.617787,0.754759
-28.769379,-177.840959,-83.260025,0.752573
-25.353015,-311.790250,-69.781853,0.600016
-31.562010,-270.430377,-84.407113,0.888813
-34.757010,-217.585165,-94.709998,0.851713
-30.742177,-369.825624,-47.611046,0.089611
-30.686246,-351.509398,-58.820836,0.200414
-35.538056,-372.184565,-78.998801,0.126651
-27.598504,-304.958398,-82.122901,0.164814
-21.514687,-267.570529,-83.588534,0.000001
-49.076272,-146.255119,-89.498434,0.209182
-28.640029,-200.774235,-88.599462,0.083713
-38.860959,-365.489187,-52.676325,0.286224
-29.455079,-255.914974,-82.399564,0.750299
-43.968371,-179.217921,-95.382670,0.376662
-42.746366,-372.618005,-95.613489,0.224066
-25.747271,-362.443358,-56.976128,0.198984
-29.811169,-348.855338,-55.576731,0.314951
-30.096593,-348.016586,-70.362718,0.194493
-18.382978,-287.483663,-78.803286,0.203004
-29.525657,-298.617792,-84.646218,0.712614
-42.502575,-375.566341,-95.200432,0.239612
-44.546925,-181.119733,-85.614946,0.515335
-18.393865,-283.417474,-80.995891,0.141477
-28.366211,-140.250909,-85.541885,0.347262
-41.451265,-157.391897,-96.009575,0.121423
-26.730792,-138.689836,-83.732382,0.239499
-34.529655,-363.271542,-62.632145,0.366254
-20.682616,-323.317300,-67.048785,0.381272
-35.187775,-154.994413,-79.254702,0.287131
-29.857136,-273.625520,-81.672619,0.880373
-36.663190,-212.546734,-89.132857,0.817859
-18.635740,-377.007632,-74.260634,0.227399
-24.484267,-222.160529,-91.417992,0.758730
-24.614432,-349.621291,-64.707666,0.090630
-29.115280,-253.817895,-89.565246,0.771179
-38.471975,-366.764204,-87.139227,0.195626
-24.789256,-308.034274,-80.277422,0.000001
-34.037300,-182.873519,-94.861243,0.397546
-22.282531,-339.290408,-64.846107,0.117131
-21.611389,-379.986597,-84.733448,0.155420
-15.533311,-369.873501,-83.469632,0.182565
-40.359947,-136.777631,-82.494855,0.209724
-28.093183,-190.864961,-86.617685,0.630179
-30.002499,-286.459033,-81.285313,0.822129
-35.345956,-376.890044,-47.477342,0.107301
-25.939639,-134.563506,-83.172583,0.198453
-47.005560,-381.525925,-57.540153,0.239565
-26.891770,-139.538313,-64.085817,0.282755
-20.260118,-272.916383,-81.408036,0.003947
-29.343864,-215.415989,-81.582690,0.928974
-18.123943,-358.105435,-63.866603,0.195166
-18.304607,-296.087027,-86.414398,0.479753
-40.627900,-367.999694,-58.310026,0.218126
-14.496922,-358.303936,-87.649918,0.172635
-12.995874,-357.453976,-88.465116,0.187489
-32.723445,-367.487150,-97.021186,0.180404
-45.630926,-148.219006,-82.416505,0.342531
-25.455814,-332.311134,-65.869250,0.163824
-32.319496,-370.975530,-97.422078,0.168525
-16.106041,-369.869301,-72.090370,0.187273
-34.754021,-378.734985,-98.116326,0.192621
-25.271772,-380.007481,-68.617595,0.191173
-47.062617,-145.690351,-84.870989,0.287458
-34.284512,-180.771243,-96.381556,0.671146
-20.058195,-321.225612,-70.944302,0.169518
-45.081493,-367.518628,-60.777135,0.165616
-40.824975,-385.303573,-54.240130,0.157621
-16.553442,-332.536936,-76.734965,0.389619
-45.843957,-156.357868,-103.227364,0.293590
-22.534672,-290.878870,-72.273191,0.714808
-22.684754,-373.772552,-53.631988,0.074298
-26.312082,-212.415350,-83.611353,0.765353
-22.777064,-325.915721,-64.409098,0.408213
-26.311394,-371.202864,-48.251717,0.079623
-27.599216,-308.891867,-75.506270,0.603395
-32.698519,-369.581999,-98.904674,0.165096
-41.596533,-378.582015,-50.309509,0.083446
-32.227057,-154.109200,-78.285629,0.505133
-18.367258,-364.241579,-68.509254,0.193262
-46.691827,-174.927762,-97.903443,0.492346
-22.830857,-369.026783,-90.692289,0.186508
-25.521977,-136.508640,-61.332121,0.211736
-35.417629,-170.847252,-88.708045,0.087001
-36.971454,-139.966122,-90.411187,0.233300
-32.436456,-383.493035,-54.337093,0.157743
-21.165847,-356.611718,-62.090300,0.168291
-43.895758,-148.545716,-95.914205,0.236802
-36.680891,-153.519725,-97.100628,0.296948
-20.714686,-243.156937,-80.798822,0.781521
-42.555279,-374.679612,-50.299173,0.114033
-22.063153,-269.110863,-87.020640,0.009240
-39.341405,-203.705816,-93.837185,0.795942
-31.255201,-192.929152,-87.162019,0.009389
-26.155542,-245.940637,-92.618350,0.817690
-29.913120,-153.971348,-85.269988,0.365896
-40.596704,-126.839387,-71.370697,0.200011
-17.679081,-372.272420,-62.647463,0.160096
-17.737738,-310.882139,-75.963319,0.219408
-24.643769,-214.347992,-89.767947,0.674425
-39.832526,-377.821455,-96.691908,0.224209
-18.280799,-375.108620,-62.437248,0.173673
-29.506115,-254.824920,-80.184837,0.868305
-22.527411,-250.317150,-79.816926,0.765650
-17.790158,-269.420747,-81.168401,0.531931
-27.233892,-348.557781,-90.065763,0.207224
-35.264571,-179.346853,-81.833474,0.698732
-49.434239,-162.888450,-97.795484,0.144322
-24.778765,-365.498415,-60.523709,0.241812
-37.743596,-161.495339,-95.760071,0.150787
-30.477968,-146.758263,-71.698890,0.324765
-49.633206,-172.250210,-88.496330,0.264877
-33.265463,-359.753435,-51.863589,0.233977
-32.240301,-220.971507,-88.082248,0.273891
-27.646867,-211.194553,-94.628035,0.778178
-56.657060,-145.742628,-96.227798,0.123979
-17.069563,-319.753458,-80.992950,0.321212
-45.180822,-168.269003,-79.077629,0.317551
-20.918295,-134.321353,-75.929113,0.242879
-31.370166,-379.120899,-97.262448,0.166827
-53.124476,-166.692136,-91.307667,0.151739
-19.588941,-314.764196,-72.027741,0.223499
-28.768941,-230.354752,-84.132472,0.332210
-20.148429,-309.531666,-86.728465,0.252008
-41.056815,-151.246138,-101.794274,0.286376
-41.620604,-140.637495,-87.447932,0.260149
-34.897029,-121.944342,-66.316813,0.238799
-16.970755,-373.513345,-69.333755,0.213042
-38.445034,-379.659713,-49.781383,0.074547
-37.555395,-374.603607,-50.309631,0.103732
-30.721634,-368.874279,-61.348378,0.231946
-28.102137,-382.500521,-94.678279,0.150243
-38.005975,-209.588933,-93.783705,0.753640
-40.268328,-146.792686,-75.955702,0.430366
-26.426543,-366.124659,-92.263600,0.208236
-18.598374,-341.484435,-76.429268,0.087863
-43.428712,-169.097680,-78.430507,0.338184
-52.063868,-155.240159,-85.990958,0.134802
-35.590750,-360.325183,-73.821258,0.284985
-36.603402,-378.791301,-48.393648,0.094492
-22.567411,-357.965867,-90.719707,0.170084
-24.171672,-219.738084,-91.885349,0.782098
-27.287567,-242.852180,-93.180758,0.764917
-19.051650,-339.092405,-82.566465,0.073514
-39.121740,-153.180834,-102.140708,0.321135
-43.390834,-143.099773,-78.923749,0.328418
-35.018750,-156.716630,-77.645557,0.440549
-26.541923,-375.226877,-66.652609,0.089969
-31.146550,-371.998216,-75.588694,0.052895
-25.000544,-369.632811,-94.414089,0.128495
-32.105687,-356.190286,-81.703047,0.185428
-31.066608,-139.541111,-63.738493,0.281930
-28.367153,-367.384892,-48.941510,0.117630
-19.010742,-365.627372,-58.847760,0.174082
-16.965063,-370.587213,-67.035713,0.185453
-33.067090,-178.161615,-92.982723,0.349397
-31.089733,-134.900661,-82.348713,0.224994
-28.482763,-327.665743,-79.503780,0.259337
-37.475565,-361.786455,-53.330573,0.289367
-18.651611,-275.184135,-78.668666,0.406855
-15.745760,-304.642645,-78.799117,0.588559
-27.387613,-321.521033,-74.582944,0.336717
-18.054748,-359.899485,-61.642329,0.191016
-40.758659,-191.252534,-86.653161,0.754628
-28.963385,-292.158555,-86.623606,0.671044
-25.103256,-327.683581,-65.178235,0.350802
-44.445888,-381.015457,-60.520529,0.215467
-39.393139,-133.640009,-67.484261,0.284196
-22.903598,-140.696527,-66.789548,0.229565
-30.731393,-137.574491,-84.922645,0.274310
-23.407607,-327.271915,-80.443524,0.000001
-43.429669,-162.839158,-79.268516,0.443168
-29.965648,-185.354541,-84.262688,0.672961
-39.996591,-200.427301,-89.803089,0.763621
-25.163306,-366.681136,-51.969720,0.180684
-26.256361,-380.108774,-86.555674,0.134312
-24.943771,-140.922895,-79.633175,0.258329
-33.130047,-231.536226,-91.170805,0.859221
-25.434192,-326.511233,-87.908202,0.334450
-23.438656,-342.530940,-61.213894,0.155395
-24.470512,-283.644135,-75.303587,0.647883
-29.019067,-188.774013,-90.232430,0.589944
-18.765915,-262.482086,-87.198673,0.586373
-40.356228,-143.954935,-71.671016,0.322619
-39.233758,-378.031073,-60.654471,0.195663
-36.359143,-202.225164,-95.069676,0.840003
-18.596385,-351.313764,-88.580606,0.193242
-39.814282,-199.832759,-87.138508,0.763959
-33.751018,-146.777383,-73.489333,0.374347
-31.815762,-149.474927,-88.483408,0.306782
-51.431133,-168.703535,-85.110307,0.264887
-40.489116,-366.490300,-61.386379,0.227186
-31.332109,-349.140399,-83.861055,0.269101
-39.502030,-154.602059,-86.065026,0.152355
-42.079586,-181.611244,-97.607308,0.649351
-43.398377,-367.379896,-58.481995,0.174224
-17.281795,-305.565133,-80.365294,0.202821
-49.844751,-171.331236,-92.894791,0.165693
-16.087912,-356.809322,-84.645393,0.185356
-27.968680,-238.689110,-80.091996,0.962229
-37.392469,-380.066645,-96.590293,0.229844
-31.744063,-378.517796,-83.343250,0.180876
-18.665589,-353.070220,-90.390179,0.223318
-22.685056,-330.571026,-89.309993,0.377116
-44.337624,-156.912252,-81.946797,0.324004
-20.530458,-301.086393,-78.839466,0.000001
-19.518712,-135.449862,-69.549784,0.190744
-30.108084,-145.583398,-69.193694,0.232144
-18.626651,-268.736604,-87.185538,0.617126
-38.503111,-158.353676,-98.532299,0.242329
-39.178940,-171.564217,-82.880307,0.267582
-21.774577,-140.372981,-70.243339,0.194808
-32.184815,-230.511581,-93.535108,0.832998
-40.602367,-139.518030,-95.135307,0.215830
-35.294369,-130.582538,-63.236881,0.199451
-21.177985,-316.062872,-88.155531,0.431825
-41.467375,-369.823048,-95.512403,0.198069
-18.291423,-276.013135,-76.218911,0.689506
-57.807390,-147.535491,-95.452591,0.137431
-37.486513,-375.769319,-95.467928,0.208681
-32.940147,-237.960216,-84.711759,0.945403
-14.820277,-367.485123,-85.804855,0.195335
-20.835072,-378.827893,-59.902795,0.090337
-25.550568,-327.073240,-72.843590,0.016962
-38.440458,-173.210238,-94.321229,0.021112
-20.724450,-250.104785,-84.147341,0.289713
-20.252655,-245.236790,-87.162188,0.690708
-45.315494,-166.856549,-92.352560,0.074522
-24.703947,-372.275218,-96.681754,0.082976
-34.390539,-174.735609,-85.456189,0.143620
-21.914300,-139.120035,-77.248440,0.227794
-22.156148,-291.897686,-89.093681,0.529478
-29.760382,-138.463408,-81.160522,0.244120
-36.162551,-166.744413,-95.893426,0.356418
-16.879553,-296.447280,-83.453031,0.464323
-21.633573,-286.504348,-81.834806,0.000001
-19.721318,-335.427579,-71.833733,0.040141
-34.998969,-360.386169,-84.462141,0.225532
-41.474408,-127.972747,-75.757339,0.157645
-36.702881,-143.281819,-75.540843,0.278264
-29.632821,-340.059377,-78.458252,0.227387
-23.519024,-217.361616,-85.224311,0.733134
-20.195337,-141.556565,-70.192281,0.176810
-37.832569,-144.370896,-80.987374,0.159420
-38.684603,-157.988689,-101.117355,0.339987
-51.323790,-150.368561,-86.868647,0.211537
-17.796295,-373.581230,-60.697547,0.144124
-18.389655,-357.175660,-61.267160,0.211949
-35.184964,-186.201666,-84.470163,0.173075
-19.938005,-304.297613,-77.661897,0.001085
-30.237606,-143.569105,-86.354306,0.430980
-38.473806,-155.559958,-101.700770,0.351199
-34.953875,-134.848875,-69.275842,0.305754
-29.860770,-355.277179,-53.429845,0.165888
-30.246779,-331.336625,-83.214964,0.546443
-27.593180,-134.344392,-60.961338,0.227469
-28.154433,-315.240080,-77.852391,0.487481
-49.467537,-371.965933,-56.953798,0.213465
-45.832524,-371.766754,-62.906594,0.188342
-29.098292,-338.776121,-88.413935,0.469757
-37.611058,-153.494052,-76.630274,0.455146
-25.798183,-339.257527,-61.625181,0.191409
-34.129320,-199.763378,-96.304307,0.859618
-27.617288,-305.501259,-86.243281,0.549700
-36.531493,-382.276488,-95.966047,0.225209
-45.314708,-370.364371,-58.809402,0.187125
-23.293103,-227.050921,-90.767011,0.781213
-18.530990,-132.843524,-68.903718,0.191163
-22.908326,-300.148126,-71.206179,0.609961
-23.340275,-279.252080,-89.379816,0.598214
-30.887508,-346.701202,-67.507125,0.351750
-28.015542,-310.165642,-79.799891,0.389471
-51.076638,-144.639865,-100.505761,0.148027
-33.928644,-194.618829,-82.036555,0.868600
-26.338937,-286.965801,-88.911686,0.582898
-23.678377,-221.914628,-86.677125,0.490433
-19.021902,-328.696392,-85.598047,0.123528
-16.912646,-314.214710,-77.663141,0.363503
-49.157009,-167.268265,-81.672228,0.222616
-35.892759,-137.816696,-62.273548,0.169454
-39.823981,-367.527656,-71.260810,0.290061
-29.084144,-156.778982,-82.373334,0.475126
-28.905210,-343.518668,-75.476044,0.052257
-28.302647,-278.989052,-81.316695,0.696809
-48.548583,-158.197668,-102.635595,0.284668
-37.738505,-124.650188,-71.501397,0.198908
-16.198735,-369.886566,-89.084708,0.201310
-29.871285,-149.968272,-74.851091,0.395830
-28.410475,-307.131256,-76.809010,0.691282
-25.118403,-221.146987,-93.189925,0.769396
-27.307316,-143.581313,-72.104255,0.260134
-34.686007,-229.370379,-89.301163,0.845714
-16.312727,-317.979051,-84.089347,0.532562
-35.239435,-365.332516,-82.723629,0.262429
-26.363288,-381.582024,-58.661242,0.154587
-23.848747,-243.544756,-79.698418,0.912569
-43.252756,-184.222882,-85.791315,0.594215
-38.809422,-140.326664,-88.175237,0.278673
-41.604424,-368.530166,-62.235283,0.169674
-33.156667,-176.951064,-89.146867,0.098577
-43.374862,-171.732613,-79.772479,0.389929
-29.768307,-225.551686,-83.459223,0.631181
-33.759807,-375.469901,-92.865744,0.187367
-28.709903,-380.658773,-96.711099,0.144454
-22.516315,-317.348975,-69.038534,0.178985
-37.939977,-203.093524,-96.286679,0.666280
-22.125147,-324.161815,-81.711078,0.000001
-33.157603,-244.702873,-87.859921,0.843916
-19.098427,-374.214068,-76.212190,0.202115
-52.280900,-143.399378,-93.448703,0.208896
-32.667410,-170.566159,-81.738479,0.588520
-38.009875,-378.733456,-64.033533,0.198137
-55.557824,-154.190378,-86.283211,0.150021
-38.338594,-213.691997,-88.967942,0.653875
-40.941763,-373.468062,-98.934634,0.178890
-27.161935,-335.955300,-62.300986,0.395405
-44.427024,-142.298946,-99.957216,0.143897
-24.503760,-133.975509,-67.749416,0.307929
-27.733568,-196.176390,-83.267042,0.843824
-37.152796,-205.680593,-87.093146,0.755153
-32.634192,-374.403913,-95.403547,0.179513
-33.513960,-168.427054,-92.562216,0.396696
-42.830259,-138.881575,-74.218117,0.324206
-19.089242,-341.552528,-87.888154,0.225527
-39.014523,-180.842686,-90.975118,0.000001
-44.264721,-148.350379,-86.273610,0.155550
-20.669846,-364.165661,-54.514460,0.157292
-16.870361,-357.970458,-65.750313,0.229132
-17.111593,-353.226297,-75.266161,0.221153
-17.267894,-374.924498,-74.630802,0.227421
-43.039880,-166.408276,-78.494334,0.408111
-30.400824,-162.159875,-82.062596,0.551545
-20.290141,-237.051857,-87.744441,0.812906
-25.003266,-235.639519,-84.335578,0.066490
-18.785527,-358.945096,-69.984204,0.183533
-43.728323,-370.207041,-54.020728,0.175610
-27.354505,-377.040524,-95.776211,0.097813
-20.290723,-357.144166,-57.842165,0.184123
-27.246608,-270.319356,-88.229792,0.423811
-41.686602,-138.163270,-84.350014,0.232201
-23.970074,-271.371803,-91.323441,0.695495
-28.078426,-144.107872,-84.320349,0.355037
-36.685881,-381.641418,-86.575265,0.192111
-28.976429,-263.623360,-82.042752,0.764024
-26.389999,-282.047588,-76.396109,0.830280
-17.453536,-299.115608,-75.293419,0.496597
-21.715848,-373.500695,-69.527945,0.170147
-51.656045,-151.115401,-101.897691,0.164515
-18.366411,-303.716410,-72.658779,0.556227
-26.890680,-336.748965,-67.137888,0.186221
-25.753518,-345.696605,-80.543997,0.037266
-21.748234,-334.615948,-66.337094,0.134283
-35.110971,-225.813376,-92.092849,0.813085
-39.068189,-379.662603,-93.218252,0.242846
-34.908008,-126.128660,-76.987306,0.129239
-27.741199,-326.795500,-75.899952,0.260332
-48.147851,-148.047427,-83.716729,0.342728
-54.841465,-148.993655,-100.015163,0.155604
-25.721504,-359.438396,-82.962800,0.147715
-29.331638,-283.080497,-87.035624,0.760819
-22.436274,-346.679453,-90.196304,0.239235
-25.026505,-250.119634,-92.850403,0.753322
-31.217462,-178.548868,-90.705870,0.555825
-34.432870,-152.079343,-76.709853,0.419592
-22.901069,-221.461282,-83.955028,0.805869
-30.554106,-345.605932,-85.696849,0.330176
-27.010842,-316.356970,-86.334995,0.460852
-49.164744,-167.655535,-91.273777,0.097049
-26.257422,-312.581997,-72.692128,0.488591
-35.246974,-132.611259,-81.447828,0.247714
-29.210051,-219.312684,-89.611094,0.042611
-34.457759,-234.009620,-86.400017,0.869237
-19.281661,-265.621129,-88.042540,0.591122
-17.452041,-349.472205,-76.252111,0.187845
-27.462065,-206.498890,-90.858578,0.449848
-38.566794,-381.630876,-94.673193,0.249971
-16.527644,-363.601784,-83.060606,0.230686
-29.396693,-136.988812,-61.970531,0.230014
-20.439325,-255.803080,-87.184948,0.293802
-35.951630,-211.664066,-85.859942,0.922228
-24.382998,-262.276149,-76.759369,0.804812
-33.406820,-135.472400,-78.609322,0.280821
-28.445012,-195.269122,-91.768056,0.739423
-22.529007,-288.017283,-73.625743,0.687475
-33.360800,-356.389303,-53.300492,0.211602
-29.863949,-358.302614,-48.948722,0.153749
-32.169732,-149.951390,-93.666584,0.387934
-33.495843,-356.927481,-89.116313,0.271938
-42.188440,-181.643294,-94.561497,0.173172
-37.133586,-212.229448,-92.248992,0.838996
-25.480063,-122.134497,-74.815196,0.198800
-23.797316,-238.444430,-91.726851,0.880584
-29.052070,-202.584254,-81.995139,0.867984
-21.112608,-309.294789,-80.190480,0.000001
-38.922436,-376.828352,-48.733982,0.103668
-28.805868,-301.781536,-79.556619,0.710640
-30.265280,-359.633725,-84.483212,0.192820
-18.668043,-346.596840,-68.761605,0.199764
-25.472201,-349.462243,-76.863737,0.001126
-27.044353,-189.306033,-84.202054,0.707154
-31.212476,-205.680259,-91.041310,0.027173
-39.059199,-361.796053,-51.984529,0.190014
-27.940849,-320.723821,-78.996366,0.245911
-27.572042,-380.414673,-69.551578,0.226538
-30.591328,-159.125636,-81.007306,0.519565
-24.872328,-215.157097,-83.511672,0.827191
-33.589465,-218.895699,-85.162521,0.864202
-21.705800,-227.731507,-83.967331,0.791162
-19.103227,-247.461697,-87.830358,0.813457
-32.349227,-174.115787,-90.762132,0.438255
-22.307967,-219.571886,-85.548356,0.793795
-24.324168,-217.541062,-82.024343,0.832694
-18.538753,-338.303621,-86.161518,0.162490
-21.283486,-256.199558,-81.560695,0.140627
-33.585837,-142.683881,-67.459884,0.209843
-37.349037,-383.945156,-53.082790,0.138660
-25.137462,-322.032320,-67.328273,0.412229
-32.023176,-141.170998,-83.291857,0.276283
-23.009944,-320.312090,-89.593307,0.479074
-24.223540,-295.406128,-73.792225,0.588201
-28.737254,-121.310760,-66.369935,0.228590
-16.723877,-292.776460,-76.724158,0.624443
-47.279182,-156.976315,-81.102659,0.311624
-17.024553,-289.453152,-84.254885,0.575865
-43.730043,-128.648675,-71.870656,0.188200
-24.659974,-259.827264,-89.695102,0.335814
-32.308414,-146.688980,-70.073285,0.277142
-38.864463,-373.454413,-67.387211,0.260920
-48.173526,-172.541061,-95.976597,0.335163
-51.886762,-147.767057,-101.438800,0.173102
-33.245436,-382.855793,-62.296639,0.194570
-22.927550,-291.884487,-82.081062,0.000001
-25.696484,-325.558555,-67.902647,0.287214
-37.039656,-175.398047,-97.333084,0.463790
-27.791896,-334.021968,-66.439983,0.404364
-47.382629,-160.249624,-81.314286,0.262214
-29.393067,-152.311959,-82.280989,0.410830
-25.793144,-373.259621,-70.206768,0.098722
-21.071706,-359.521765,-63.274260,0.170926
-32.351260,-374.982762,-99.111709,0.165192
-15.893018,-370.399048,-77.608378,0.200396
-27.895854,-303.931357,-77.098687,0.688327
-46.027497,-169.059802,-88.806605,0.112345
-37.575114,-153.962004,-80.900886,0.144321
-26.765563,-220.843959,-81.045398,0.925489
-45.412540,-144.924495,-95.959249,0.208114
-16.868286,-363.026950,-63.172648,0.169998
-23.060459,-248.251336,-86.995162,0.005769
-21.781366,-328.754455,-83.284672,0.017458
-23.771547,-370.029788,-96.481683,0.108867
-27.979766,-179.742845,-86.404264,0.614048
-37.605204,-215.138736,-91.367853,0.774955
-17.785631,-319.712231,-83.297503,0.141602
-39.884622,-137.615833,-67.529603,0.258349
-14.789294,-364.576039,-87.327315,0.252706
-18.633994,-322.344857,-83.830045,0.069688
-37.881860,-210.224893,-88.521236,0.796935
-15.968407,-329.809215,-80.197145,0.475179
-39.171321,-140.055745,-90.332651,0.214460
-22.313319,-373.824326,-92.424453,0.069023
-21.779712,-282.238631,-90.210534,0.732084
-33.657416,-175.911441,-81.156359,0.671115
-22.097252,-372.292886,-95.068386,0.075830
-39.786224,-161.404622,-99.967331,0.258567
-38.828199,-133.334589,-63.755800,0.246743
-38.006028,-183.677693,-82.788085,0.658577
-15.853896,-368.190010,-74.164430,0.150815
-35.748593,-368.129269,-75.071866,0.114720
-20.981643,-265.918681,-77.553766,0.584487
-27.364864,-343.408383,-59.771577,0.203565
-32.797306,-240.658764,-84.333965,0.914123
-28.940853,-193.107794,-86.537978,0.335525
-44.880932,-159.427299,-101.719479,0.263119
-43.239903,-131.635071,-72.313876,0.213417
-35.199927,-358.629548,-59.278770,0.238948
-34.997905,-368.889593,-97.595446,0.184147
-30.077138,-152.774784,-87.558628,0.385445
-22.060027,-354.474440,-56.920521,0.160994
-37.223419,-362.613322,-84.632428,0.231360
-31.451449,-358.876939,-92.460806,0.215867
-37.105841,-376.820692,-91.971504,0.199874
-23.464966,-314.654775,-68.216844,0.517897
-32.327843,-237.118079,-90.557638,0.859087
-29.440574,-362.066418,-96.312114,0.205917
-18.995026,-349.282208,-89.896333,0.256368
-24.484763,-381.332537,-54.400326,0.176234
-37.784399,-142.571466,-89.601932,0.309849
-46.488408,-382.641541,-55.930139,0.219172
-21.730110,-254.968759,-78.529710,0.762113
-22.160850,-294.117609,-75.635806,0.014306
-45.132693,-157.438490,-104.723790,0.296952
-24.753925,-372.543659,-93.684122,0.074515
-25.321245,-232.463818,-91.208733,0.597537
-25.686368,-130.002055,-65.310672,0.138861
-31.982168,-379.744244,-89.920570,0.153428
-18.480038,-277.849609,-87.776115,0.679961
-40.189449,-180.411390,-98.249510,0.610799
-37.584558,-208.460624,-95.622531,0.664774
-36.647316,-125.388423,-64.829080,0.228769
-37.291284,-185.595847,-96.336378,0.536703
-32.067026,-245.303962,-84.575715,0.876868
-48.699651,-372.408810,-54.441238,0.182305
-38.716343,-368.067466,-94.547009,0.177390
-20.404605,-309.771885,-70.586897,0.423200
-30.347371,-345.593773,-72.883578,0.177148
-46.163018,-379.437875,-52.769387,0.172062
-46.644367,-180.758124,-92.772600,0.466083
-49.454015,-162.385650,-81.431929,0.217104
-40.283748,-153.365938,-103.873936,0.308994
-19.837132,-250.852207,-87.439088,0.697879
-17.169058,-330.002091,-70.544837,0.458296
-26.656774,-381.383716,-67.562818,0.192140
-20.599862,-363.620165,-76.441744,0.221003
-35.765625,-123.077558,-64.188068,0.238829
-17.043831,-348.649967,-69.696404,0.292202
-21.171423,-299.720980,-87.302291,0.191487
-29.831730,-222.634539,-93.647980,0.790150
-45.113136,-142.689260,-81.010491,0.365760
-17.213763,-270.415415,-85.713265,0.641586
-22.545600,-266.568370,-89.899280,0.642420
-25.552076,-223.101490,-80.350231,0.817416
-30.883091,-381.848184,-96.750855,0.174479
-34.519491,-154.649818,-95.940187,0.370551
-41.948718,-170.119265,-79.625784,0.462024
-16.507798,-297.506990,-85.692546,0.745486
-27.797188,-325.648436,-81.840740,0.117560
-30.355654,-350.399292,-76.563267,0.095610
-36.347117,-138.099893,-88.087240,0.238315
-34.077602,-171.355248,-80.600096,0.573973
-23.218416,-305.758310,-73.474024,0.076160
-21.532906,-372.091065,-66.583147,0.171417
-38.474501,-169.201092,-80.285202,0.551181
-26.922321,-223.689848,-93.282735,0.810921
-16.203518,-308.139593,-82.865677,0.588392
-46.250707,-177.633666,-95.426594,0.474700
-40.642313,-364.688908,-54.284310,0.183490
-27.010755,-189.460884,-87.976456,0.665706
-33.525770,-228.352586,-93.885245,0.779577
-27.614314,-280.227835,-77.236727,0.844054
-22.447810,-253.084055,-90.866704,0.751046
-18.738439,-322.063962,-88.034367,0.472010
-44.105009,-139.974433,-77.523459,0.284308
-20.310296,-357.506717,-63.998588,0.169254
-44.351441,-140.093671,-98.429677,0.163042
-25.196996,-307.083709,-70.851670,0.661212
-40.815400,-367.098682,-69.081149,0.244161
-44.206640,-132.961740,-70.541506,0.187684
-27.918072,-297.988807,-75.748491,0.682678
-17.745201,-363.767746,-92.761504,0.183958
-17.294182,-326.127329,-80.013279,0.201355
-19.719913,-245.837385,-89.261219,0.835899
-26.445570,-361.848949,-89.030586,0.198129
-41.169295,-184.248142,-97.053433,0.743143
-52.548517,-151.739034,-85.161800,0.195467
-36.483427,-162.336996,-98.080370,0.384901
-44.414724,-181.002962,-93.756216,0.266413
-23.953495,-350.144983,-55.948691,0.217046
-35.090529,-384.599515,-54.812035,0.165372
-19.149104,-275.988983,-81.814503,0.035610
-25.815580,-256.376165,-80.061063,0.635484
-26.429902,-209.975296,-92.152717,0.718786
-21.440019,-240.888403,-87.259766,0.439819
-40.017875,-197.587364,-91.874748,0.738692
-28.219592,-334.901777,-85.602558,0.265772
-45.576566,-142.974374,-83.973585,0.333413
-17.591714,-287.960076,-86.831652,0.753245
-25.997170,-236.229157,-79.619641,0.908921
-23.220793,-240.983963,-79.315255,0.861948
-29.061920,-382.474748,-60.485039,0.179274
-39.389438,-383.098959,-51.501671,0.112584
-24.956770,-378.397433,-74.118019,0.191894
-47.501281,-380.483464,-55.382858,0.217484
-35.577688,-223.577158,-88.200715,0.900625
-37.199499,-155.729917,-99.017283,0.315035
-27.280525,-143.398841,-68.459443,0.194457
-22.933605,-277.753640,-76.556092,0.330114
-55.879228,-158.302250,-94.899883,0.157188
-21.148896,-330.954791,-66.642266,0.203513
-22.223688,-306.374969,-88.994962,0.498153
-25.881058,-125.964914,-79.414177,0.152547
-31.162156,-205.680867,-83.222002,0.769262
-29.491589,-146.197404,-85.606672,0.374888
-18.883389,-341.127246,-69.382646,0.174331
-13.795153,-364.774566,-90.276398,0.209477
-27.631342,-137.561997,-71.621092,0.302026
-29.368965,-281.616618,-81.010226,0.885111
-28.293973,-352.669776,-91.125325,0.208632
-15.102483,-319.869990,-81.114396,0.643737
-19.783120,-360.318027,-73.896210,0.165892
-40.646806,-124.872835,-74.296829,0.173250
-29.729569,-343.464046,-67.817634,0.287841
-31.333126,-372.856354,-69.909890,0.035016
-14.457781,-366.996203,-88.415313,0.171513
-45.408563,-174.358894,-81.599617,0.429206
-19.641623,-368.178154,-62.537243,0.167596
-31.070857,-208.807934,-92.424059,0.177118
-18.460848,-297.247781,-73.724953,0.561275
-23.831195,-320.526194,-70.752446,0.070088
-34.654472,-356.342153,-73.908029,0.222931
-27.825332,-325.716259,-71.742705,0.497101
-30.124577,-130.288837,-76.073828,0.273898
-45.719843,-179.266582,-94.073578,0.417021
-27.682008,-383.636891,-57.191923,0.177125
-35.423045,-159.810397,-96.053523,0.375987
-23.282280,-374.153060,-96.613671,0.093515
-31.243283,-247.070905,-91.213564,0.729749
-21.851399,-246.633277,-88.377073,0.410114
-22.834067,-218.580813,-88.288487,0.715121
-25.506413,-289.462237,-84.231658,0.000001
-26.634701,-209.454545,-94.078085,0.746600
-18.701445,-299.790987,-72.989304,0.601571
-36.623972,-369.482227,-49.248328,0.181291
-27.289513,-218.749400,-85.737074,0.071253
-35.004211,-127.818098,-79.739629,0.155372
-34.451972,-355.994987,-57.333222,0.248388
-50.493231,-173.037909,-94.811424,0.358877
-24.423487,-249.952557,-84.000476,0.002110
-32.871479,-120.306769,-67.795979,0.224672
-30.271779,-260.738387,-88.163098,0.893918
-20.465245,-138.967383,-68.339990,0.230743
-21.265113,-332.229494,-77.122700,0.000161
-31.370708,-173.955300,-85.465918,0.350685
-55.667230,-145.499442,-91.426378,0.169766
-36.458300,-382.442013,-93.351616,0.221944
-33.145391,-208.305400,-93.378534,0.394760
-26.764941,-147.738007,-74.990365,0.311692
-27.994115,-296.417988,-78.164760,0.759558
-12.115820,-360.794253,-85.839979,0.212791
-30.842220,-351.053782,-72.728048,0.161841
-25.711859,-294.855159,-86.868007,0.348001
-28.485098,-313.653405,-85.928909,0.654853
-30.484757,-175.757450,-87.922525,0.572231
-28.898387,-333.197602,-68.460758,0.402401
-42.486320,-133.139429,-75.553433,0.229570
-51.576945,-152.182427,-95.445383,0.179578
-29.132791,-212.159421,-81.965893,0.961748
-42.632400,-382.854385,-60.111650,0.210923
-29.680112,-166.586276,-83.176784,0.609924
-25.544863,-144.500458,-70.242182,0.184276
-28.955936,-204.090000,-85.035975,0.202731
-16.153076,-322.680474,-83.257757,0.519253
-34.617180,-175.952007,-95.024927,0.451171
-43.681533,-128.427809,-74.593113,0.185382
-39.150837,-157.144728,-78.010222,0.462976
-33.347168,-120.189602,-72.554849,0.192310
-46.309683,-172.081309,-98.239311,0.423881
-19.320003,-366.287099,-70.562264,0.150468
-36.826020,-364.985493,-93.557139,0.255025
-18.647771,-284.196019,-75.754916,0.598123
-46.451876,-181.994541,-87.633154,0.557921
-26.508045,-342.429941,-57.911455,0.336604
-29.906656,-380.311905,-65.139111,0.181150
-29.845004,-304.854387,-85.050890,0.819143
-20.848390,-347.544977,-61.055487,0.231626
-42.824932,-151.522307,-103.488899,0.223484
-49.924671,-164.892551,-80.943071,0.235450
-32.326318,-172.511455,-83.395529,0.597849
-26.950145,-333.438384,-64.012798,0.368733
-23.631121,-379.873141,-81.166379,0.190302
-35.908493,-162.254054,-80.382295,0.473458
-17.570450,-372.371897,-75.375097,0.207690
-42.075231,-189.253679,-89.498752,0.510505
-42.067247,-180.475197,-87.237518,0.073002
-25.304459,-307.487330,-73.535144,0.343864
-24.040770,-132.131675,-61.201642,0.203777
-35.420739,-232.668527,-88.448804,0.822600
-26.746740,-323.135251,-86.832297,0.365664
-20.890855,-124.865034,-69.770476,0.207317
-54.543517,-158.656161,-99.283432,0.223041
-31.984701,-130.766959,-79.725831,0.246240
-26.379400,-320.121613,-68.741572,0.502995
-30.686389,-344.748960,-65.626586,0.338828
-28.288230,-142.485615,-65.020688,0.214299
-31.095586,-230.191939,-91.356478,0.510649
-41.191248,-133.173011,-63.853393,0.218747
-26.137606,-261.850623,-86.142982,0.008537
-24.587332,-351.454124,-90.714617,0.175201
-35.449217,-198.809072,-97.381650,0.668758
-20.958492,-266.742334,-86.157054,0.019200
-25.328394,-314.752138,-70.689654,0.440019
-31.681132,-366.719373,-46.497378,0.125251
-44.829480,-131.001754,-69.795513,0.183040
-31.355746,-378.018210,-48.840782,0.049445
-49.026243,-378.046839,-54.001871,0.200329
-44.996001,-162.340548,-101.430340,0.283913
-26.157531,-380.139018,-78.103171,0.204041
-19.544157,-314.398705,-88.707036,0.558724
-26.137260,-127.621427,-62.414891,0.153869
-25.253121,-359.518858,-75.929668,0.106676
-22.364634,-134.996552,-67.726616,0.260721
-23.012117,-214.129841,-84.420356,0.701730
-36.647724,-363.022327,-89.937596,0.244249
-48.283728,-149.359287,-97.247028,0.163013
-23.072663,-271.817923,-74.866761,0.769786
-27.675659,-150.673141,-78.740390,0.383740
-28.259946,-244.746634,-83.109340,0.425656
-26.978700,-271.504467,-81.850417,0.278797
-37.557737,-211.946277,-87.267503,0.773862
-26.200228,-247.936640,-93.127050,0.706766
-26.550470,-369.272090,-96.846118,0.129653
-20.072148,-309.089115,-77.189696,0.000858
-28.370295,-137.855725,-85.294319,0.266397
-16.275768,-375.747018,-77.424432,0.227715
-24.656683,-325.732303,-89.699434,0.477554
-41.357670,-365.823267,-56.738144,0.207528
-17.708417,-308.744208,-86.727068,0.611764
-29.078684,-190.979167,-81.995712,0.759314
-27.462889,-329.689621,-86.616810,0.321153
-34.565396,-201.306439,-90.957194,0.074046
-13.959963,-362.975606,-84.250730,0.222400
-31.700332,-188.308893,-92.757949,0.396395
-22.425303,-281.502263,-82.429871,0.000001
-40.976693,-370.975446,-90.729519,0.197438
-25.335076,-329.386163,-88.674850,0.397913
-24.893859,-325.442153,-65.043675,0.477629
-25.728103,-296.055044,-76.273752,0.387003
-17.426549,-333.417017,-80.428656,0.174271
-27.702870,-234.130513,-80.080726,0.913209
-23.302274,-378.172802,-53.600534,0.087625
-19.853645,-325.885221,-83.712714,0.015657
-23.898709,-318.899218,-78.320777,0.000001
-17.531963,-327.216829,-72.001845,0.433646
-36.708149,-150.382047,-98.326276,0.292686
-35.378844,-216.263320,-92.425056,0.814488
-31.326889,-123.967937,-72.205339,0.218951
-40.498854,-178.614062,-95.199231,0.049289
-29.435148,-278.775431,-87.599108,0.729405
-37.779745,-186.707373,-82.945754,0.692141
-25.752898,-222.766405,-88.726228,0.083590
-55.071409,-164.992596,-91.136775,0.187573
-21.419631,-128.693258,-70.632557,0.196093
-26.190684,-192.325624,-85.711010,0.696208
-20.281750,-298.099191,-84.290070,0.000001
-19.952267,-263.530317,-79.508354,0.494710
-34.013603,-379.685287,-48.697461,0.079695
-33.935025,-173.482435,-88.215765,0.102167
-21.611052,-221.070102,-87.107263,0.739968
-15.715434,-317.005014,-78.635722,0.544413
-52.584995,-163.019842,-83.461123,0.223855
-41.357981,-159.313685,-81.813880,0.232730
-36.097909,-143.115437,-66.561612,0.208740
-46.554243,-157.726687,-101.384239,0.234764
-13.469860,-356.707958,-81.134002,0.224418
-30.382235,-229.501107,-81.699997,0.904903
-18.484475,-327.980727,-74.319152,0.140254
-37.535689,-139.639508,-85.802751,0.233065
-27.079048,-123.528405,-64.737884,0.199593
-45.825304,-145.401523,-81.752762,0.386834
-41.687589,-371.152281,-86.593430,0.152133
-45.473181,-180.915424,-95.806865,0.577254
-26.218236,-382.893849,-54.442562,0.187070
-18.196630,-347.076405,-65.146481,0.306686
-18.545242,-291.254265,-74.385325,0.638571
-20.407869,-327.224216,-81.031830,0.000210
-25.315272,-255.523762,-89.021234,0.089553
-45.281861,-184.684648,-90.884368,0.589038
-20.344298,-375.240483,-56.508161,0.090228
-26.900981,-316.498216,-70.575157,0.605532
-25.236335,-325.270939,-70.677935,0.069416
-32.744114,-128.544063,-81.384835,0.184465
-47.025074,-144.840453,-87.782544,0.229933
-16.727414,-285.812093,-86.668809,0.755585
-21.764199,-245.180656,-79.411349,0.824181
-18.453030,-343.723184,-67.974412,0.277341
-33.245461,-377.710971,-86.845732,0.160396
-37.973269,-370.743048,-65.363974,0.149369
-55.219435,-143.571804,-95.877620,0.146617
-50.290523,-373.707633,-56.319487,0.207280
-37.031289,-157.653548,-99.860530,0.351993
-17.984266,-356.488334,-73.530229,0.174684
-15.651646,-324.619829,-79.090487,0.542106
-33.287252,-243.095166,-84.765028,0.811529
-38.386840,-203.174051,-89.055686,0.758526
-30.006592,-233.638348,-92.427691,0.809722
-19.436563,-358.270599,-72.381260,0.157263
-31.907841,-196.385706,-91.445362,0.057095
-29.987464,-346.773265,-88.781291,0.330564
-34.670262,-151.981807,-96.223699,0.361282
-48.745834,-142.449978,-100.009546,0.155056
-50.057899,-144.947493,-91.943129,0.158044
-41.966021,-166.439059,-82.801286,0.273976
-25.898970,-125.967602,-68.670205,0.196837
-23.486611,-224.860160,-84.831545,0.564259
-17.339256,-301.211108,-74.063376,0.629373
-37.171125,-158.823186,-84.588632,0.150700
-35.742708,-204.910688,-91.864497,0.337054
-20.538855,-315.213208,-76.122894,0.000123
-40.411039,-142.175113,-89.264013,0.327472
-19.652130,-368.870828,-58.627167,0.146550
-34.284307,-357.097522,-84.113800,0.265700
-39.037319,-169.812240,-96.949375,0.175888
-25.149916,-316.808456,-68.473399,0.549939
-18.573714,-298.164283,-72.106063,0.641353
-19.030766,-129.283402,-69.334194,0.199998
-20.616421,-350.873149,-59.294982,0.244888
-35.513675,-376.825935,-67.178467,0.229144
-17.969633,-361.737685,-59.980921,0.171928
-28.732111,-128.393029,-79.022098,0.230448
-34.700152,-231.319784,-92.539781,0.621614
-23.775541,-381.706438,-84.347306,0.172006
-38.065627,-369.902436,-79.970874,0.230162
-31.932708,-379.283639,-68.008671,0.256810
-34.287469,-168.676783,-95.149194,0.472364
-27.558758,-291.080091,-84.653420,0.166329
-23.908567,-244.743481,-92.448489,0.836842
-21.285381,-355.602222,-91.803545,0.199015
-37.691794,-131.157158,-71.754145,0.266283
-32.361212,-156.855967,-78.760197,0.517085
-22.959021,-352.180496,-81.250729,0.082418
-22.079020,-302.309467,-76.276486,0.001440
-21.107810,-358.891628,-60.654419,0.176364
-59.227740,-154.738461,-89.545436,0.183419
-35.733006,-202.267968,-88.546207,0.306047
-29.872299,-378.569987,-70.754839,0.277281
-16.980947,-278.838790,-85.540267,0.685189
-27.031347,-122.807282,-78.501777,0.156392
-31.868290,-353.546125,-78.635481,0.192037
-29.714364,-364.060842,-97.851324,0.202623
-17.990981,-369.855636,-64.348424,0.159043
-19.559195,-126.788296,-76.039969,0.176462
-45.882056,-164.065502,-78.463431,0.248312
-24.381950,-229.695880,-81.731384,0.884738
-43.907239,-180.360842,-97.301890,0.631113
-36.290122,-377.804033,-96.342474,0.211627
-38.749244,-385.110931,-54.104325,0.154335
-28.645983,-133.488412,-83.621514,0.186833
-19.381631,-292.978914,-88.550729,0.702201
-23.408019,-373.940472,-81.664410,0.150634
-40.272035,-370.531364,-66.713576,0.209794
-24.046267,-306.929869,-72.299785,0.244421
-30.872151,-140.844905,-86.685821,0.420519
-40.399629,-140.273724,-67.112815,0.267580
-25.313416,-121.052377,-72.001928,0.223013
-15.837632,-362.075047,-91.847948,0.181543
-28.154926,-278.091300,-78.532406,0.758935
-26.572236,-370.944717,-59.818060,0.111490
-27.579805,-275.379219,-84.810199,0.127689
-12.180876,-358.307050,-85.744935,0.214342
-23.482041,-316.158439,-85.259537,0.040539
-25.793921,-219.572868,-83.435095,0.676972
-29.871097,-248.794405,-85.642232,0.393699
-36.463227,-213.341863,-94.627584,0.786039
-27.796737,-362.819890,-97.706316,0.190983
-17.133922,-267.577623,-79.912376,0.689626
-21.551158,-259.631995,-87.217135,0.041803
-40.693988,-378.346717,-54.042239,0.165857
-30.487004,-279.501989,-81.404760,0.778367
-42.842793,-146.032493,-77.739164,0.393466
-20.043602,-309.054098,-89.027346,0.539760
-22.038780,-124.435490,-78.050024,0.179179
-27.842746,-315.628985,-73.178018,0.652451
-16.453802,-306.041033,-85.004277,0.662894
-31.355882,-122.329472,-79.313980,0.133026
-25.151916,-308.504305,-83.916905,0.007200
-23.146758,-327.882089,-89.107334,0.417336
-30.399705,-267.496887,-83.750466,0.874486
-35.391653,-189.849066,-83.409925,0.728368
-29.566418,-223.166421,-89.823174,0.058230
-32.374861,-350.004810,-81.136222,0.291544
-19.935697,-306.576261,-84.822411,0.019619
-29.919747,-376.098908,-97.235593,0.140436
-18.776008,-337.820134,-69.727466,0.231282
-35.027922,-374.247521,-46.154231,0.138226
-29.907885,-345.434086,-81.476558,0.195542
-43.443511,-139.850264,-80.770613,0.313682
-28.377032,-252.103957,-82.493208,0.581685
-40.847678,-371.932940,-56.656099,0.184225
-35.834482,-363.167071,-67.876729,0.267783
-29.889253,-347.383186,-59.145241,0.339673
-27.275844,-364.050142,-49.325259,0.181965
-35.759662,-222.132821,-92.452496,0.822634
-37.466415,-211.417896,-94.860859,0.740024
-24.397163,-220.660404,-81.708914,0.856264
-17.850655,-341.570438,-72.854738,0.148673
-32.638925,-203.385396,-82.506459,0.993558
-26.387838,-222.117910,-94.456182,0.765362
-34.282087,-235.781242,-88.771908,0.878699
-38.441224,-134.278435,-80.624443,0.246082
-28.966464,-380.635556,-51.941717,0.117719
-25.228003,-267.333862,-87.511788,0.026150
-12.733313,-361.336076,-83.640870,0.219321
-35.939283,-371.537042,-68.514918,0.098239
-25.306312,-379.829041,-52.325712,0.137279
-21.208147,-343.239238,-64.555644,0.134359
-26.157426,-252.903621,-91.124838,0.763884
-37.728104,-218.469489,-91.574338,0.633660
-30.400099,-375.091619,-92.961056,0.161812
-28.053730,-357.749400,-93.908127,0.203339
-19.952535,-240.358149,-84.962542,0.784116
-15.653946,-306.407608,-83.339743,0.713127
-41.309964,-162.205604,-97.305004,0.123368
-37.918460,-373.387418,-99.668405,0.170703
-34.050912,-144.474991,-66.294455,0.184152
-18.978600,-278.547185,-75.408568,0.698587
-33.461273,-376.676414,-56.637093,0.111511
-23.832282,-345.852916,-58.935589,0.187710
-32.150225,-125.023368,-75.373163,0.174971
-53.409295,-153.597046,-86.993665,0.137528
-33.690699,-176.464051,-83.988207,0.381184
-29.012445,-248.881097,-92.434105,0.708695
-23.911056,-380.413231,-92.968531,0.087719
-26.668127,-227.104454,-94.237403,0.806230
-44.134450,-185.280431,-88.170843,0.619887
-16.876053,-366.316514,-78.545885,0.183204
-17.702606,-335.148623,-74.693621,0.174036
-18.437740,-378.162011,-63.531150,0.171160
-19.941325,-295.121619,-82.615961,0.000001
-27.626429,-327.529024,-88.347355,0.508140
-41.554859,-381.345688,-50.965073,0.107138
-36.071630,-358.587930,-53.609851,0.239675
-22.083137,-317.413793,-89.497609,0.546958
-17.961081,-365.575256,-75.257398,0.152346
-24.067052,-375.407220,-68.612642,0.131260
-20.590245,-367.104355,-60.332287,0.215433
-21.329269,-138.976527,-66.060370,0.220372
-24.181094,-132.383275,-80.637810,0.194318
-30.518014,-374.194648,-51.464635,0.037973
-28.003221,-374.508047,-85.054101,0.106286
-27.106582,-241.360384,-79.576920,0.904820
-23.038048,-122.409242,-73.239274,0.217357
-39.902916,-370.400819,-97.432409,0.169920
-30.744379,-218.112158,-93.539437,0.759531
-35.433407,-167.576903,-82.614339,0.422617
-30.338091,-218.618590,-81.970349,0.956379
-32.421184,-222.459533,-94.656468,0.846448
-32.824569,-175.442945,-87.227653,0.115692
-26.513305,-361.283765,-53.440930,0.179192
-39.733488,-156.516974,-91.032191,0.112725
-23.907354,-232.431133,-80.208384,0.850776
-43.645618,-152.972617,-97.280441,0.193891
-26.717321,-327.756532,-67.133589,0.415798
-13.514511,-368.469191,-83.913981,0.190806
-56.499041,-159.474268,-87.506058,0.167942
-33.033984,-202.401757,-86.202211,0.138526
-29.045504,-120.616119,-69.525464,0.223166
-41.962500,-368.586756,-67.953434,0.262124
-33.015581,-379.976219,-98.344096,0.184482
-38.846018,-164.047648,-97.084116,0.164847
-33.101924,-382.143580,-56.941247,0.195664
-41.057324,-373.128295,-65.259637,0.247116
-34.364538,-364.557758,-78.023219,0.265465
-30.942792,-359.163583,-60.925379,0.191352
-17.870472,-264.810220,-85.501046,0.721263
-41.310617,-158.674472,-79.049331,0.566983
-34.434617,-157.621732,-81.697613,0.205311
-39.529992,-200.979961,-94.385389,0.811402
-27.258652,-376.151599,-97.891610,0.118609
-40.665722,-150.613166,-103.574253,0.267232
-24.003184,-139.498456,-64.450703,0.267574
-30.593275,-128.933079,-61.071477,0.142314
-32.114385,-172.560789,-81.283975,0.638645
-16.077210,-301.507325,-81.436935,0.559431
-44.546149,-373.584384,-49.787131,0.116601
-26.681342,-361.956880,-48.068266,0.162669
-22.860280,-218.725816,-83.435484,0.717954
-36.331618,-360.377845,-87.777800,0.231333
-29.573071,-229.088064,-93.662012,0.898836
-19.188436,-359.597294,-56.321927,0.185623
-35.654953,-377.544923,-60.417876,0.153784
-25.997788,-378.198043,-66.281258,0.129082
-28.319895,-338.987290,-61.924735,0.361746
-33.642099,-145.129523,-82.166778,0.207780
-52.571630,-167.408068,-88.334517,0.203763
-37.546903,-215.842895,-88.276538,0.740883
-23.664594,-286.141241,-88.259972,0.305325
-17.653338,-315.513731,-74.571761,0.363503
-20.266620,-366.233661,-62.175941,0.224089
-34.512353,-177.930571,-86.566569,0.058635
-44.658640,-376.054934,-50.245119,0.111800
-20.738429,-312.082450,-74.241279,0.001816
-30.528605,-256.957412,-87.559508,0.767243
-33.185031,-232.319681,-93.534212,0.727828
-39.662535,-195.771223,-86.560415,0.833583
-31.113341,-221.922112,-84.381057,0.589300
-33.024457,-206.308872,-85.964426,0.346740
-46.524269,-150.157248,-80.971686,0.441208
-16.540538,-367.227380,-90.833341,0.219639
-27.673095,-355.199427,-60.472347,0.132482
-17.444472,-260.870121,-86.148314,0.729210
-39.081124,-123.104757,-67.106676,0.224427
-37.290690,-122.394191,-70.722337,0.205909
-29.081920,-345.215398,-90.594317,0.344288
-43.581611,-140.510377,-84.635725,0.261307
-32.829014,-129.301615,-77.156774,0.240887
-35.407967,-124.759683,-79.633766,0.126684
-31.417136,-208.476243,-95.566905,0.910607
-27.898849,-218.308005,-94.008945,0.868031
-39.189740,-370.254466,-95.213937,0.168655
-28.725476,-341.633057,-65.105572,0.241107
-40.246668,-377.870431,-89.998871,0.211260
-49.128553,-374.094135,-53.115930,0.178816
-48.868883,-376.230496,-52.805580,0.182796
-18.092930,-375.972202,-64.864877,0.204719
-29.115055,-191.848415,-89.447725,0.470634
-35.315360,-144.652946,-68.824793,0.241460
-23.406420,-337.391843,-73.270102,0.000202
-15.685135,-330.476831,-77.303849,0.521003
-38.221590,-145.711244,-97.698627,0.234586
-17.073782,-339.452601,-79.304239,0.205411
-15.351785,-337.788213,-79.478597,0.412722
-25.990302,-371.456888,-95.118501,0.091974
-26.979305,-247.732580,-89.185444,0.122449
-23.543508,-309.992349,-87.671221,0.422808
-14.598393,-370.602489,-86.425319,0.188741
-55.708748,-148.172322,-97.116925,0.129416
-27.946810,-145.000411,-70.198258,0.217239
-16.568512,-320.295674,-78.068365,0.343255
-27.349566,-340.716055,-59.808759,0.356521
-20.683250,-227.499635,-87.074181,0.708672
-30.229422,-203.817977,-94.313100,0.774756
-57.980810,-151.881408,-91.556673,0.215139
-40.938005,-154.426697,-96.775800,0.174015
-36.681717,-141.590145,-92.691584,0.202415
-20.981603,-377.768101,-91.085182,0.059858
-22.138773,-142.460369,-69.128228,0.176175
-14.362040,-357.766310,-83.173656,0.204431
-28.987861,-360.727695,-80.586559,0.162054
-44.196130,-164.495998,-87.091885,0.106349
-30.594543,-210.038508,-81.120457,0.853628
-21.120135,-124.321369,-72.941101,0.214530
-23.831828,-381.822269,-82.155742,0.185340
-22.058709,-376.379980,-58.670410,0.083456
-45.768886,-149.461094,-92.923754,0.192978
-23.419133,-380.419931,-65.704364,0.182817
-41.451814,-171.823947,-81.577010,0.470275
-18.597967,-266.330050,-78.005757,0.709775
-20.221087,-377.815018,-57.520777,0.092012
-35.907910,-165.335772,-80.883798,0.535404
-25.408324,-125.836503,-74.138721,0.193165
-36.625960,-148.566387,-74.306940,0.443350
-18.176628,-360.036612,-65.411893,0.191542
-34.747863,-380.742740,-50.604951,0.066816
-19.579427,-301.711683,-71.269662,0.605185
-27.314955,-200.147511,-84.377315,0.828324
-35.630492,-362.493374,-95.744003,0.215770
-34.490231,-183.041874,-81.033468,0.733234
-27.088280,-371.723808,-97.515212,0.110403
-34.617189,-200.695463,-87.013489,0.136112
-39.596586,-146.868524,-89.163243,0.197539
-20.292352,-354.379754,-68.621396,0.164382
-23.272899,-311.495735,-72.797712,0.013422
-29.541185,-245.110504,-90.408286,0.626923
-41.822449,-179.403684,-96.934586,0.509373
-42.014769,-125.690418,-76.041161,0.171928
-24.668036,-207.507732,-87.666835,0.711983
-23.142159,-333.588715,-62.757500,0.310284
-24.900931,-246.806018,-88.010689,0.006116
-29.310308,-342.826767,-89.861143,0.400451
-29.285843,-185.873972,-89.525566,0.611692
-24.930172,-360.442249,-92.074029,0.172935
-37.137562,-217.283203,-93.419074,0.780467
-16.780211,-310.154442,-84.592758,0.563454
-19.904239,-269.843769,-75.803240,0.745968
-30.832147,-184.877626,-93.688678,0.637145
-20.440201,-133.492085,-65.240446,0.215547
-30.373859,-247.210434,-82.467207,0.873339
-19.918379,-245.881871,-81.616654,0.830710
-46.583587,-177.640226,-84.697259,0.486886
-31.548038,-204.299760,-85.223458,0.255032
-39.545693,-133.998065,-73.670077,0.261548
-51.386735,-165.640588,-86.272812,0.129669
-16.208666,-350.558541,-85.646514,0.174460
-31.376553,-254.127068,-82.417403,0.838458
-27.833469,-329.334357,-71.488671,0.401962
-55.725430,-163.737692,-95.330414,0.227561
-16.371068,-339.581206,-76.452992,0.369636
-32.064108,-261.023505,-86.569684,0.851688
-16.409237,-325.513844,-82.465861,0.460620
-20.107825,-139.939025,-74.240346,0.228016
-44.775202,-129.483803,-73.323056,0.192700
-31.731471,-183.335789,-83.168655,0.753038
-25.389424,-355.605108,-57.715683,0.139923
-17.708588,-271.953834,-79.555424,0.649862
-53.478848,-162.992450,-97.181407,0.208999
-37.861075,-128.589668,-77.273648,0.202182
-20.146361,-135.454598,-78.149986,0.221933
-31.470559,-216.543293,-81.440367,0.848495
-26.050216,-276.468293,-75.762451,0.833496
-23.259400,-251.581793,-92.447573,0.771840
-29.637326,-339.186464,-83.094017,0.286518
-35.802129,-359.878893,-79.927204,0.237136
-22.429796,-135.218210,-71.593553,0.279117
-34.135363,-233.038759,-84.312143,0.803958
-31.332353,-356.425555,-50.940585,0.163315
-39.677740,-163.383870,-101.142220,0.383470
-33.239016,-359.161034,-65.657465,0.217561
-23.750317,-328.118352,-86.433587,0.105754
-39.158374,-186.548748,-91.123781,0.005275
-32.124291,-145.351449,-67.800309,0.217936
-32.571118,-210.843019,-96.477482,0.772989
-33.699980,-379.345421,-58.513130,0.177328
-21.937309,-349.985376,-90.369524,0.189665
-22.814432,-368.678058,-64.932339,0.224537
-31.333060,-179.613474,-87.490403,0.244587
-17.944950,-358.744561,-59.754931,0.208593
-42.418452,-373.790589,-92.169662,0.238887
-39.067357,-166.499406,-80.058503,0.529275
-27.590580,-381.676516,-55.912408,0.170210
-38.783298,-155.798211,-94.348872,0.133672
-16.809943,-346.516299,-81.608711,0.175049
-33.927984,-379.305095,-65.660552,0.191694
-39.012785,-373.816172,-91.328815,0.205690
-23.391677,-123.176272,-68.903521,0.222473
-46.008430,-157.783484,-96.778156,0.117477
-32.405055,-348.100487,-67.982124,0.371306
-26.845891,-346.337464,-91.448171,0.292543
-44.196088,-163.641606,-77.766886,0.358456
-33.123320,-155.443134,-84.319390,0.159013
-13.532122,-355.401600,-84.157014,0.215412
-16.649594,-284.102648,-76.950928,0.661036
-19.228307,-281.655266,-87.384836,0.521817
-34.310176,-123.896538,-71.054002,0.212081
-40.539684,-183.016595,-82.728224,0.635552
-30.825001,-351.684669,-87.949454,0.281381
-26.138420,-261.832720,-80.158967,0.383741
-32.258554,-242.510576,-86.997141,0.752943
-33.538913,-221.383566,-92.859554,0.824649
-21.353927,-358.254569,-54.808153,0.158174
-33.239268,-384.889644,-56.825122,0.183933
-34.780518,-211.811818,-95.741198,0.793610
-36.528874,-181.660069,-81.968839,0.690774
-28.746178,-363.165310,-47.581856,0.158432
-25.705727,-128.817456,-81.287103,0.202766
-25.029255,-203.843148,-87.910997,0.713758
-32.797393,-374.881487,-67.636165,0.068657
-16.114030,-351.565605,-76.958041,0.263774
-18.873896,-311.442152,-87.926799,0.605579
-32.910386,-142.052491,-64.405916,0.206577
-22.173210,-298.337558,-79.199372,0.000001
-48.061111,-161.751028,-79.926405,0.233812
-26.797886,-225.135839,-94.692574,0.752954
-33.200983,-146.720259,-90.954520,0.378343
-26.883957,-359.490227,-48.605546,0.130819
-21.536330,-379.908524,-57.777531,0.120478
-26.976837,-310.361616,-73.579913,0.591556
-25.938869,-243.873884,-90.809460,0.435504
-42.863058,-176.449694,-98.706822,0.558546
-21.610230,-366.027244,-67.441454,0.245420
-30.300975,-206.470816,-81.017077,0.835500
-27.658934,-208.063926,-92.551981,0.727294
-13.260518,-362.801542,-86.645275,0.204451
-32.525933,-186.741772,-94.962062,0.605696
-21.031553,-319.786408,-80.924874,0.000470
-45.878805,-167.275655,-100.187229,0.347264
-32.412346,-384.786068,-59.068068,0.190896
-49.753716,-147.249699,-84.502498,0.286614
-39.236727,-146.161879,-73.027413,0.406361
-30.437569,-285.173916,-86.352326,0.756231
-38.500294,-212.991665,-90.904110,0.683397
-21.650194,-294.815543,-71.243405,0.722628
-20.736928,-237.702660,-81.300652,0.798000
-25.188773,-313.678945,-68.891103,0.563816
-38.046038,-382.006644,-91.465285,0.222647
-28.069646,-338.939939,-70.224267,0.130199
-22.483807,-225.737834,-82.785553,0.812392
-26.586487,-271.929388,-77.105773,0.861513
-31.757039,-124.946137,-65.534440,0.211249
-20.437303,-312.431805,-70.962544,0.249587
-41.583722,-130.727021,-66.807515,0.215854
-28.121772,-261.049623,-78.941360,0.815424
-41.095730,-191.337406,-96.395266,0.750288
-55.548688,-160.709403,-85.777572,0.224210
-24.675304,-306.042358,-75.894275,0.074291
-28.274919,-337.239639,-64.559478,0.363015
-24.938950,-279.407204,-75.077439,0.820921
-23.174939,-256.894857,-79.761418,0.361390
-29.247671,-365.730823,-70.220286,0.194178
-31.863534,-128.140551,-74.146811,0.229329
-32.630227,-353.033244,-82.339812,0.247417
-41.548133,-376.492490,-51.857524,0.121573
-46.553674,-380.055521,-60.497768,0.213490
-16.353014,-359.438340,-85.775852,0.190321
-39.220067,-366.316854,-91.689026,0.171603
-27.826015,-361.052674,-93.591805,0.198763
-44.506782,-170.597249,-94.506121,0.052730
-40.458861,-189.422633,-83.504033,0.697601
-56.240345,-162.722033,-93.136673,0.198259
-32.484739,-230.043218,-89.513871,0.480149
-22.181489,-303.159625,-85.070434,0.006355
-17.350095,-336.761176,-77.320392,0.170855
-25.866170,-230.263571,-84.151972,0.175972
-33.696818,-355.864064,-79.173634,0.239803
-35.974903,-176.958878,-92.271628,0.006626
-40.389060,-369.606986,-69.613353,0.280239
-33.376418,-385.272740,-53.858442,0.155619
-26.445556,-357.973845,-79.362996,0.102800
-26.814742,-301.418909,-77.635735,0.528483
-42.831322,-169.278803,-82.364609,0.321178
-35.718750,-358.180163,-73.460282,0.226326
-28.694837,-152.551077,-78.212520,0.407936
-33.749651,-163.406361,-90.604349,0.263249
-30.721757,-379.607332,-77.076325,0.255092
-38.060926,-375.540275,-57.007851,0.157287
-42.531823,-371.785952,-88.898978,0.183881
-41.616219,-379.856591,-59.524197,0.195406
-45.789586,-141.422754,-93.560618,0.203542
-25.422429,-136.761776,-83.737472,0.190044
-31.774728,-206.851869,-92.731149,0.250642
-44.922744,-183.044726,-86.492349,0.571882
-31.402793,-354.721518,-91.277276,0.256403
-52.945738,-143.970563,-98.592416,0.131376
-25.043568,-335.576577,-77.726789,0.000001
-26.373969,-273.846973,-82.981256,0.027999
-26.965298,-329.241386,-74.358591,0.088600
-35.804610,-140.191997,-71.998346,0.332487
-23.888499,-336.927416,-66.178424,0.098904
-24.409753,-123.315652,-78.571861,0.169741
-51.435636,-147.490172,-88.257820,0.194167
-29.330900,-328.637880,-75.330826,0.550738
-35.993207,-197.070612,-84.205500,0.846160
-16.552890,-290.552390,-81.379008,0.540595
-20.297577,-381.026406,-88.446700,0.137323
-27.314939,-263.721935,-78.527405,0.806031
-22.284610,-348.277161,-91.622447,0.255625
-12.651829,-359.795802,-88.102299,0.182931
-45.510564,-176.723315,-89.787819,0.101108
-37.205570,-370.397610,-76.913616,0.198705
-31.747953,-201.409653,-95.382353,0.834484
-27.736896,-288.056365,-77.589989,0.736796
-28.447734,-284.173404,-81.517040,0.672602
-37.960451,-381.290290,-58.974063,0.198693
-29.798649,-270.699917,-81.801106,0.822489
-22.667994,-238.606092,-88.885315,0.436255
-22.782598,-319.837490,-66.971280,0.362297
-21.930838,-351.770075,-73.723577,0.057445
-45.462159,-183.243075,-95.194593,0.564606
-16.121645,-376.869250,-85.308527,0.191521
-30.651451,-176.453914,-83.402654,0.732298
-40.518302,-168.689577,-87.743692,0.065861
-41.425102,-194.896579,-92.056856,0.711779
-26.565662,-339.001247,-75.665939,0.002702
-28.337897,-148.180951,-85.473106,0.358409
-39.266282,-133.305828,-77.225465,0.219154
-21.298111,-344.781005,-82.246432,0.073194
-23.631188,-127.659757,-64.715140,0.172039
-39.905401,-375.392457,-96.035505,0.203471
-29.050377,-311.154243,-85.983198,0.680681
-39.166929,-143.491934,-69.336089,0.266896
-23.579512,-294.454625,-72.026437,0.723443
-23.784343,-376.763278,-66.361534,0.154151
-20.096432,-137.247615,-75.685433,0.280186
-33.457072,-126.010696,-80.911225,0.140809
-33.625282,-127.845977,-70.525337,0.244214
-19.311947,-128.878213,-76.979429,0.184046
-33.707840,-354.730107,-76.301589,0.228590
-22.673205,-373.427087,-75.760213,0.152656
-45.208906,-152.397069,-79.763669,0.524928
-31.912944,-188.987093,-82.398596,0.855929
-30.952791,-364.224767,-58.864545,0.296368
-39.128589,-361.557715,-57.525387,0.366196
-24.270085,-224.818303,-92.829091,0.825265
-32.895220,-356.481735,-92.953639,0.245257
-33.566792,-363.894576,-86.329907,0.252104
-34.177053,-208.195102,-96.516661,0.727961
-28.663825,-129.465767,-81.927820,0.179355
-18.789049,-134.522813,-68.100894,0.167794
-37.964085,-124.750426,-79.003688,0.111007
-19.020100,-344.647015,-64.683289,0.298537
-15.599762,-326.704306,-78.932860,0.500285
-28.714399,-329.355066,-82.052210,0.301750
-25.855091,-339.652588,-65.252084,0.114579
-16.786227,-338.492216,-70.362957,0.427298
-27.699853,-354.545023,-84.487713,0.165083
-28.425487,-287.265666,-88.193592,0.590214
-27.338476,-225.226854,-89.589213,0.042994
-31.238456,-344.854206,-75.314567,0.303306
-27.168536,-233.473251,-93.315265,0.798986
-26.778346,-337.953977,-63.116938,0.226827
-19.052152,-362.525627,-56.478945,0.149968
-42.239190,-176.035450,-81.215285,0.507341
-24.619312,-365.202225,-49.733050,0.195107
-24.546454,-225.247069,-90.695343,0.573098
-37.211762,-121.911237,-66.419223,0.228965
-20.756947,-334.144783,-74.598204,0.001856
-40.126451,-197.408050,-94.603557,0.787734
-17.209500,-268.132091,-83.658500,0.650310
-41.456803,-376.481127,-48.859548,0.105634
-33.300978,-224.792763,-85.092876,0.900825
-30.310729,-225.620344,-87.137120,0.132604
-22.376435,-141.040933,-79.012172,0.205251
-21.299540,-137.220922,-64.841042,0.162961
-37.624540,-381.137180,-55.194681,0.173521
-26.358072,-349.738983,-69.985160,0.050197
-23.469253,-380.828487,-67.809459,0.184746
-52.097051,-169.580696,-93.455509,0.220257
-42.246887,-154.770270,-93.247945,0.089452
-33.617314,-123.010990,-73.751815,0.183201
-45.792093,-369.580950,-62.634747,0.173254
-15.048506,-369.055359,-80.399997,0.198792
-27.929256,-355.760555,-55.863272,0.150917
-32.321572,-353.859359,-55.523178,0.247580
-42.959010,-182.234784,-86.469653,0.260335
-33.733553,-143.256723,-92.417893,0.284331
-26.917569,-310.988376,-71.683979,0.597807
-40.418085,-375.902452,-98.460744,0.195053
-25.618091,-244.097050,-93.497688,0.768731
-27.719391,-330.513919,-68.785445,0.410720
-42.744793,-129.858213,-76.143562,0.177860
-16.349986,-321.301526,-85.008243,0.566471
-33.479046,-229.619876,-92.079952,0.891849
-26.212664,-350.568051,-58.861740,0.148477
-27.689582,-309.326722,-82.356722,0.115710
-29.615790,-247.233182,-92.948042,0.585692
-38.328946,-138.392644,-87.948057,0.214498
-38.542150,-145.371847,-70.796760,0.318237
-46.319423,-170.906226,-80.223188,0.316184
-18.811505,-275.923333,-89.388587,0.837499
-47.848883,-376.021267,-61.908054,0.212968
-21.192892,-381.796501,-83.718809,0.177790
-22.777887,-126.971187,-74.007468,0.193232
-42.352318,-156.199017,-105.002843,0.317538
-20.942200,-370.968355,-63.594175,0.198550
-21.887636,-311.586435,-86.148996,0.061994
-42.336868,-134.371274,-77.805737,0.165817
-28.681849,-159.113854,-82.657315,0.498202
-33.829176,-227.428878,-90.655646,0.741035
-27.156988,-312.068587,-87.398654,0.550867
-25.798526,-318.101838,-88.113245,0.494806
-30.120080,-198.764876,-85.743787,0.078274
-32.643584,-372.303223,-46.839594,0.106456
-15.759172,-359.471887,-83.602004,0.185994
-21.862476,-369.360366,-93.752666,0.117320
-23.058980,-216.700472,-83.365235,0.724280
-19.554068,-298.753502,-79.858427,0.003812
-28.415723,-369.168323,-47.263450,0.116634
-36.498302,-357.175634,-55.927289,0.236177
-30.205879,-177.514173,-84.776845,0.586625
-49.909014,-175.360551,-93.921802,0.406566
-17.452155,-324.437789,-84.432508,0.258094
-56.849993,-160.559737,-94.292889,0.182303
-30.026958,-241.125137,-92.561411,0.774360
-19.195232,-128.733111,-66.651978,0.185091
-32.378449,-364.017158,-97.489879,0.225188
-19.827104,-298.720250,-75.135973,0.099303
-51.215273,-170.099858,-87.562024,0.276446
-54.645114,-160.263613,-96.770514,0.186987
-25.152898,-365.280593,-79.955149,0.242745
-23.609330,-309.633723,-69.566093,0.527512
-40.426741,-126.411785,-67.073529,0.212793
-17.313566,-369.017123,-73.249225,0.162011
-31.784587,-355.694603,-74.262839,0.155969
-26.541034,-225.475949,-85.928399,0.039043
-23.043915,-284.422705,-84.293124,0.000001
-20.380352,-377.183332,-71.694772,0.219056
-35.563518,-359.787141,-69.787461,0.252257
-41.118638,-371.639983,-53.677484,0.171076
-34.941532,-202.259102,-82.814192,0.926014
-28.571963,-380.251646,-89.214294,0.132376
-27.424341,-309.043436,-84.851367,0.222888
-25.766874,-138.430958,-62.476853,0.179671
-24.625147,-219.513788,-86.677871,0.347092
-30.184570,-144.054638,-71.444313,0.272697
-15.444890,-373.511818,-80.656848,0.222204
-33.979239,-231.217631,-88.703263,0.818006
-40.936352,-155.555667,-94.860235,0.127567
-17.128611,-290.563732,-86.659838,0.767932
-32.832534,-383.564077,-94.343840,0.185586
-26.521450,-133.048837,-73.044311,0.312522
-28.464379,-220.713070,-94.502117,0.808648
-29.503693,-267.628162,-87.854299,0.799434
-21.809335,-264.473671,-82.208962,0.000501
-20.994327,-274.999889,-79.918151,0.004304
-37.238935,-165.989325,-98.423804,0.424935
-26.024159,-363.180899,-92.530665,0.192635
-29.513527,-327.422525,-77.373419,0.554251
-43.746111,-178.469033,-88.379022,0.094845
-36.159377,-205.680796,-95.053027,0.816816
-18.971966,-323.862854,-73.912449,0.061227
-19.491336,-352.588362,-84.998226,0.162262
-38.036798,-365.652525,-84.194801,0.200608
-37.113933,-360.454711,-85.167672,0.221974
-30.133531,-142.063649,-76.562721,0.303552
-30.662311,-292.029856,-83.915786,0.880074
-31.272144,-366.516398,-51.895118,0.189146
-31.525630,-371.593823,-88.558761,0.204172
-38.085071,-135.194806,-84.501334,0.207041
-35.456326,-121.679527,-68.157693,0.231196
-21.884674,-361.861543,-94.615023,0.168973
-23.076654,-335.706650,-88.971428,0.317451
-38.229688,-192.256393,-84.637848,0.814810
-45.677406,-375.289019,-59.934131,0.203110
-42.038948,-137.065707,-79.675735,0.236697
-21.975809,-253.646967,-84.244287,0.007342
-26.769458,-346.679286,-63.298406,0.119331
-34.413104,-134.145372,-84.495486,0.208984
-28.450553,-324.224866,-78.648528,0.344608
-58.215403,-154.448892,-93.192018,0.178726
-21.017611,-337.490961,-66.894028,0.136125
-28.390852,-247.132062,-84.226557,0.273848
-23.126342,-312.195976,-78.797721,0.000001
-16.027803,-355.088498,-76.821739,0.220842
-18.401073,-356.668074,-68.024894,0.200209
-31.116590,-224.917218,-94.583069,0.818994
-41.891793,-375.965488,-58.350742,0.215607
-13.931013,-366.382188,-82.643873,0.160363
-30.594799,-342.860226,-73.363587,0.326846
-21.307540,-379.938071,-92.615518,0.090692
-37.731870,-207.952561,-87.378126,0.833958
-28.318069,-246.224781,-80.424878,0.991850
-19.954674,-359.406644,-58.601379,0.175133
-23.440738,-372.353547,-58.992130,0.107940
-20.275990,-375.905745,-67.529455,0.197849
-18.466785,-362.768709,-61.779176,0.174709
-36.075049,-171.247114,-96.352810,0.428375
-26.292946,-139.571808,-68.488847,0.234661
-39.269915,-380.359420,-52.484502,0.120563
-35.560256,-364.256399,-74.264766,0.201625
-32.896273,-241.394648,-89.808279,0.826300
-30.093820,-184.092478,-91.292723,0.567029
-37.533896,-147.064197,-71.870228,0.352375
-21.492557,-380.969223,-60.269596,0.131262
-37.644824,-199.221025,-91.154561,0.382831
-32.356374,-159.727144,-87.450557,0.272649
-24.699762,-379.616250,-71.465310,0.198165
-36.814962,-137.432405,-85.907430,0.234807
-21.942646,-306.959432,-69.775668,0.590565
-48.505116,-170.700636,-98.199726,0.388891
-23.981864,-131.283929,-77.725281,0.245643
-37.083990,-134.548972,-61.692755,0.234797
-51.378233,-158.075067,-100.370381,0.262430
-32.566177,-353.511044,-71.832640,0.274209
-25.739312,-283.801868,-89.060440,0.566950
-39.078334,-130.818602,-74.871786,0.234598
-33.394052,-123.558441,-66.107774,0.227460
-28.582264,-244.730839,-92.944936,0.741478
-20.724040,-304.556367,-81.276767,0.000001
-48.083780,-153.799413,-82.063576,0.280241
-25.788334,-280.627035,-89.652246,0.651139
-42.652857,-382.762574,-54.944632,0.173432
-25.060734,-300.778368,-73.293664,0.622478
-17.363226,-361.101648,-69.207546,0.196668
-31.514604,-251.744730,-84.913885,0.832116
-29.482406,-369.832552,-97.460308,0.160325
-23.400859,-326.617264,-66.833576,0.141774
-26.364574,-342.071397,-78.011979,0.000343
-25.996186,-219.273794,-93.790623,0.749125
-37.423235,-183.420641,-93.245227,0.001120
-48.996484,-158.317042,-84.986809,0.134392
-41.628201,-128.255964,-73.171703,0.181047
-18.012778,-360.358711,-58.297169,0.186914
-28.687535,-336.264258,-69.337186,0.282820
-16.802394,-316.912053,-81.451433,0.369410
-35.073766,-120.960533,-78.258800,0.137149
-27.170441,-132.242832,-76.455003,0.263338
-42.475961,-131.831451,-65.089032,0.207590
-18.365882,-353.195725,-71.675405,0.179506
-43.621302,-135.161111,-75.994319,0.198522
-21.026754,-314.826225,-69.609194,0.303176
-17.469488,-280.015976,-87.575703,0.810523
-17.403358,-262.177736,-81.787121,0.719018
-44.030879,-176.872646,-95.093836,0.132783
-21.527693,-315.340803,-79.601615,0.000001
-14.090026,-361.162830,-90.705023,0.179640
-27.557543,-322.789418,-71.938922,0.471421
-23.580410,-304.985595,-70.521194,0.580703
-23.854025,-311.339498,-68.204734,0.666398
-41.722076,-153.982984,-101.298365,0.235655
-28.493217,-183.233425,-85.043187,0.726209
-42.238412,-146.502021,-99.545726,0.202810
-16.863677,-341.584212,-87.120590,0.331830
-32.850895,-179.755515,-84.998828,0.191977
-42.943247,-137.181717,-70.942487,0.337394
-30.034248,-206.518315,-85.608257,0.124395
-17.197884,-344.909764,-69.627371,0.318707
-24.111569,-294.834068,-75.788989,0.170068
-27.729351,-359.665412,-96.035510,0.204955
-40.308010,-367.353377,-93.265606,0.156017
-15.170967,-358.745874,-78.911499,0.209322
-40.754360,-149.831845,-77.497791,0.433267
-35.752651,-135.416764,-85.805933,0.221941
-42.370561,-151.990997,-78.845844,0.466400
-23.288487,-121.815310,-70.901560,0.223811
-53.438968,-167.666689,-95.292254,0.248043
-21.403934,-282.939535,-74.674549,0.683883
-29.323822,-316.361796,-80.417359,0.620127
-39.820921,-158.829356,-78.027158,0.451532
-25.223341,-233.969246,-79.232111,0.800750
-18.002724,-357.110538,-81.866758,0.151498
-22.060140,-322.204984,-65.461731,0.491801
-31.495933,-150.339781,-91.063178,0.389738
-22.305355,-325.568650,-88.996897,0.421667
-18.357234,-343.167929,-80.052430,0.092970
-14.110736,-371.323349,-81.630710,0.198269
-37.593955,-372.931757,-81.845175,0.135680
-18.892088,-244.283996,-85.243767,0.811134
-40.141150,-368.738308,-85.439370,0.185657
-19.544940,-345.738305,-62.161629,0.300140
-36.542854,-132.646364,-74.306678,0.271126
-28.045308,-192.203969,-87.932614,0.664727
-25.898681,-320.639505,-76.920117,0.009563
-21.462419,-123.121335,-71.067088,0.215525
-30.090477,-159.488631,-85.315202,0.471209
-33.009395,-208.983868,-83.558536,0.911053
-19.360863,-241.947325,-86.666082,0.801881
-21.711061,-249.985143,-90.012120,0.697201
-25.100050,-348.906019,-61.511522,0.114108
-35.423341,-155.706834,-97.682181,0.401422
-22.863045,-346.361355,-67.100261,0.088089
-18.720235,-331.153960,-78.235572,0.018154
-18.518951,-274.314276,-86.059440,0.439101
-55.952713,-161.705509,-95.918858,0.191831
-39.495270,-164.648508,-83.218518,0.175903
-39.929318,-373.999459,-48.719623,0.128579
-36.651233,-376.649876,-49.467775,0.083904
-52.875265,-145.815254,-95.552697,0.135575
-11.810663,-359.595196,-84.317180,0.225494
-24.413053,-329.743457,-77.425893,0.000001
-56.313628,-161.963982,-87.821748,0.202129
-37.108580,-371.061969,-71.962093,0.192969
-40.065737,-371.450952,-83.970638,0.168038
-43.517517,-190.433564,-91.077163,0.666458
-20.135135,-326.266863,-69.094865,0.163382
-40.901016,-366.236827,-67.116467,0.185932
-31.914248,-170.176110,-91.150255,0.538215
-41.782574,-142.253969,-70.664725,0.268876
-31.371164,-361.923618,-55.161853,0.261847
-52.261886,-164.602833,-82.396371,0.264877
-42.717521,-141.224761,-89.642623,0.247284
-22.836217,-312.526986,-88.599095,0.467456
-31.058326,-229.389261,-92.875234,0.891560
-18.128135,-370.786932,-71.545869,0.171455
-24.430179,-259.181636,-82.248053,0.012940
-58.317426,-159.249468,-88.392729,0.215285
-33.214214,-192.491552,-84.503829,0.320520
-30.101775,-367.939656,-93.623800,0.229080
-41.992291,-142.458785,-94.221042,0.230600
-19.282852,-367.192446,-57.669365,0.153013
-19.234183,-321.689337,-68.497551,0.483151
-22.949266,-378.347395,-58.334440,0.096091
-17.825403,-309.022572,-73.592324,0.467930
-21.018926,-256.381335,-77.231047,0.665992
-22.613577,-340.293759,-76.201047,0.000128
-25.028243,-357.767370,-51.388248,0.142108
-16.840847,-343.223463,-68.839121,0.360424
-33.785660,-379.174376,-52.482968,0.084248
-22.926648,-368.200303,-55.213124,0.174262
-24.416251,-290.148403,-87.332132,0.242056
-14.571014,-355.437987,-87.029963,0.159924
-19.655193,-284.116414,-73.630631,0.718184
-35.852879,-384.206407,-51.335832,0.130258
-22.750259,-306.389510,-83.116441,0.000001
-57.491079,-145.244215,-94.633510,0.139672
-43.250751,-173.847631,-80.803386,0.465637
-24.997707,-238.910674,-80.616335,0.972899
-32.197869,-190.125651,-89.830719,0.006982
-36.789685,-120.366444,-74.684047,0.170611
-25.798836,-355.339629,-55.590298,0.142217
-30.247901,-161.023884,-87.258095,0.477791
-38.746259,-121.990814,-69.041097,0.220212
-36.754793,-360.654579,-50.858151,0.237108
-38.014543,-175.200467,-81.713309,0.581487
-24.616914,-379.838817,-60.118807,0.139314
-45.876005,-374.936710,-54.057255,0.192482
-22.693965,-241.598189,-81.954553,0.627639
-34.251283,-170.540651,-96.729543,0.555533
-36.038879,-144.803323,-67.192886,0.197771
-22.409150,-334.896358,-72.448684,0.000172
-32.691094,-234.397544,-91.549940,0.868840
-28.591554,-136.293366,-82.846845,0.212335
-22.984126,-252.514578,-78.185456,0.873820
-30.207861,-356.527099,-92.863551,0.230571
-28.064545,-221.508004,-83.653275,0.487959
-18.864193,-255.613408,-80.345391,0.770680
-28.852308,-236.347658,-80.211735,0.876335
-40.001057,-154.113697,-93.272221,0.126011
-43.941767,-154.179370,-103.258710,0.291564
-29.897304,-123.701995,-69.331082,0.225928
-25.134614,-339.040007,-68.717577,0.033490
-22.006364,-350.366141,-56.591467,0.239829
-29.592846,-272.480827,-87.060947,0.799241
-29.914243,-139.626920,-83.511646,0.279042
-41.180471,-380.854369,-54.107114,0.160368
-29.466758,-382.446732,-91.130266,0.144953
-15.753538,-344.342155,-80.087193,0.301414
-29.374992,-339.363582,-64.712577,0.375964
-41.199913,-168.463297,-93.891857,0.062703
-16.204460,-287.860136,-82.097069,0.709964
-35.651282,-158.984817,-79.381267,0.443850
-33.462467,-124.901990,-78.354996,0.132163
-16.576604,-346.707927,-77.891176,0.243898
-27.146874,-320.819749,-81.984203,0.061993
-38.192262,-121.003228,-67.631607,0.217152
-28.284834,-218.988063,-83.412345,0.623184
-19.387273,-353.710243,-63.114790,0.197379
-33.255713,-376.098769,-50.882559,0.050411
-26.220024,-228.863960,-87.719191,0.000857
-37.623963,-363.805536,-82.144310,0.225203
-21.423734,-331.734658,-64.161711,0.346797
-57.181609,-155.183428,-86.515264,0.171523
-34.912018,-185.234487,-97.275137,0.738161
-35.431950,-146.258654,-76.462823,0.268043
-22.758197,-361.106194,-57.784318,0.166902
-38.768353,-181.402526,-82.774981,0.542177
-36.962226,-130.043735,-79.696801,0.176771
-28.256579,-349.442083,-72.365760,0.044998
-30.579760,-196.600543,-94.253933,0.735611
-23.762027,-210.356892,-86.753982,0.722756
-37.626880,-190.136820,-95.842872,0.663022
-23.627859,-286.670054,-76.470718,0.086135
-34.368618,-165.262479,-93.433161,0.363064
-34.063149,-381.854809,-85.940502,0.191748
-40.444916,-185.723356,-84.530256,0.567664
-41.226043,-133.552594,-69.971500,0.226027
-26.720912,-304.027256,-88.123163,0.541557
-31.153461,-345.470703,-70.240405,0.340658
-22.218936,-277.226584,-90.746324,0.761293
-36.703874,-194.806973,-92.268461,0.101239
-30.709128,-127.667579,-76.583639,0.213384
-43.529741,-171.699846,-97.143358,0.111411
-43.154709,-167.808441,-80.282057,0.407357
-30.518292,-381.134499,-61.915952,0.178420
-40.541068,-368.292847,-50.683399,0.208129
-24.759989,-227.145624,-86.599896,0.044490
-25.325625,-280.315163,-76.945268,0.725687
-33.418716,-124.510653,-63.126456,0.239793
-42.689977,-379.546855,-52.450377,0.133814
-20.973001,-306.701719,-78.916037,0.000022
-32.665449,-196.691066,-93.505140,0.270657
-39.164133,-378.868758,-87.197849,0.192297
-33.283545,-145.602709,-93.214048,0.357965
-40.054874,-371.206587,-64.544579,0.175703
-23.600919,-250.286366,-77.707009,0.805816
-37.943995,-165.709272,-81.896901,0.357325
-43.472757,-167.819738,-85.810152,0.161005
-23.056499,-237.158883,-79.992176,0.899229
-22.458525,-375.409098,-52.231618,0.099202
-31.541572,-382.530223,-65.076192,0.192653
-32.639539,-373.924544,-84.066062,0.119312
-21.881003,-308.334079,-87.757724,0.396664
-38.051537,-200.048154,-84.993133,0.845915
-25.991853,-135.151265,-63.165803,0.249419
-24.460857,-228.277235,-92.835003,0.867887
-28.212106,-365.091867,-54.592852,0.214245
-19.721257,-374.154464,-68.776379,0.198593
-26.250498,-336.929208,-73.662840,0.002739
-26.223639,-237.856124,-93.065622,0.813405
-36.102380,-225.864533,-88.776929,0.809596
-26.903653,-329.041249,-84.044067,0.098699
-23.862833,-135.428729,-69.618889,0.285656
-33.847732,-221.870716,-85.683019,0.934320
-35.255800,-193.242749,-93.939790,0.176091
-32.839997,-358.826164,-49.021072,0.191955
-46.654079,-140.876340,-99.533700,0.181385
-37.585144,-366.592239,-64.447594,0.207607
-31.039792,-121.285718,-71.395288,0.208365
-44.652440,-172.421178,-87.623728,0.125432
-37.731191,-368.052473,-51.661451,0.266138
-35.601910,-180.572403,-83.376614,0.351002
-26.972978,-291.619856,-77.085919,0.688965
-32.506179,-206.945738,-96.500227,0.765654
-18.093812,-273.253056,-77.047941,0.669070
-42.409353,-184.890738,-92.729447,0.201749
-44.269790,-374.434596,-52.162608,0.157126
-21.851926,-235.328443,-89.644606,0.743448
-26.866555,-277.812359,-85.738769,0.067626
-40.070495,-141.409248,-96.783938,0.212871
-15.754171,-353.301462,-76.490942,0.266453
-43.716783,-142.422415,-76.223199,0.304931
-37.620302,-132.276791,-81.675172,0.206434
-23.019285,-341.815629,-67.437437,0.063060
-26.857758,-291.180601,-88.133698,0.567754
-28.897044,-344.625177,-88.184085,0.271134
-29.666023,-122.487983,-64.486373,0.221842
-35.198957,-215.299588,-94.549117,0.877970
-36.362661,-183.480208,-95.475749,0.171698
-28.554274,-381.933898,-58.365825,0.172625
-31.910152,-347.462616,-79.812037,0.326732
-46.068247,-381.534781,-52.532502,0.177478
-25.449812,-360.591766,-59.828004,0.156322
-37.986376,-192.535348,-87.923546,0.113898
-37.176970,-158.442125,-81.748351,0.189265
-17.460103,-257.611032,-83.221716,0.669672
-30.008450,-142.767555,-83.265550,0.299665
-16.431973,-355.262557,-74.615217,0.246119
-29.357187,-304.029256,-78.986604,0.708210
-34.395037,-371.430121,-98.758818,0.169751
-36.434776,-141.799715,-90.775019,0.327035
-25.988160,-287.180047,-75.403477,0.819490
-23.421963,-226.732921,-80.860668,0.818463
-20.314223,-126.541742,-71.735220,0.201475
-26.367317,-130.031260,-78.760246,0.248894
-32.632787,-166.170023,-82.158004,0.537773
-33.087680,-167.292819,-86.123137,0.162571
-18.023070,-344.120812,-87.480444,0.242548
-16.148511,-372.513736,-73.188999,0.208385
-20.148207,-126.830156,-68.255348,0.209558
-18.382950,-355.390293,-87.357495,0.189224
-36.562010,-143.825042,-92.500350,0.326647
-20.864083,-302.394422,-88.842505,0.620261
-24.692318,-319.586806,-81.032302,0.000028
-38.673512,-176.287175,-98.760144,0.573442
-19.561316,-358.183612,-91.485847,0.199517
-15.401268,-299.833136,-80.638160,0.574133
-20.628303,-362.915776,-82.662222,0.218744
-27.526408,-135.148934,-84.644316,0.194477
-29.760012,-324.512584,-85.523717,0.648864
-24.334358,-358.194945,-62.610010,0.151735
-26.208687,-129.643344,-71.568748,0.245871
-23.355427,-129.084244,-77.283508,0.184678
-18.422162,-365.164553,-64.220190,0.190727
-30.676161,-294.418449,-83.538798,0.860016
-28.820852,-357.834920,-58.507220,0.171513
-17.174798,-358.304228,-62.216834,0.222865
-19.439982,-380.844885,-85.963307,0.167212
-41.032922,-377.930601,-63.316869,0.177816
-16.444605,-290.368537,-76.833345,0.691744
-23.635859,-286.904059,-90.423583,0.606076
-33.901033,-356.433194,-69.417657,0.259062
-37.897855,-139.796933,-65.061702,0.281117
-23.697138,-316.366489,-76.129137,0.003208
-42.539745,-370.517223,-93.178383,0.225157
-23.895181,-217.654907,-90.457837,0.767681
-22.626282,-128.851528,-63.230003,0.180554
-17.687626,-375.758107,-89.851709,0.101535
-38.575365,-381.227121,-87.699256,0.195699
-40.074376,-151.973460,-78.263230,0.358034
-53.962957,-160.191830,-94.024562,0.090763
-19.696836,-136.429686,-72.615909,0.257447
-34.199928,-121.850669,-71.560229,0.205571
-16.706825,-358.902923,-68.992698,0.219832
-27.506958,-338.990298,-64.547587,0.225545
-34.625339,-380.634172,-96.949871,0.209548
-30.007114,-258.107883,-81.028670,0.860826
-31.834324,-228.328171,-84.984220,0.612588
-42.992336,-175.439724,-96.218813,0.205822
-23.369270,-342.076090,-59.043707,0.307014
-31.693793,-220.140173,-95.332612,0.809799
-47.002710,-169.356361,-78.625595,0.268728
-32.003780,-356.239307,-71.517737,0.183175
-29.739775,-344.352467,-60.165811,0.389313
-19.441593,-281.901779,-90.097190,0.738684
-45.400119,-179.177854,-96.744530,0.542632
-54.042094,-156.213939,-95.119565,0.146453
-19.907915,-359.485804,-54.537248,0.186173
-30.038971,-196.077801,-83.654188,0.779252
-28.506431,-356.580684,-65.611162,0.150590
-31.105618,-225.892236,-90.173873,0.205208
-42.929848,-126.236407,-72.259090,0.190226
-46.128274,-164.633298,-100.585691,0.289100
-29.171305,-238.222261,-91.048587,0.554980
-34.734172,-119.889287,-68.075382,0.210637
-33.078884,-207.956207,-95.128793,0.862316
-19.531445,-266.347210,-76.224486,0.762987
-31.153416,-142.166906,-85.000660,0.314060
-30.107123,-154.590256,-82.885047,0.340792
-28.022011,-185.912412,-86.690940,0.690160
-25.410537,-310.693706,-85.809515,0.146660
-28.043269,-267.537230,-80.844365,0.743756
-29.458792,-126.356134,-81.445256,0.179081
-35.680773,-367.376402,-59.693753,0.227307
-22.139686,-233.620443,-80.657584,0.730963
-23.873997,-335.917475,-69.484940,0.021451
-45.112553,-371.656487,-51.912386,0.161406
-20.809901,-131.269709,-68.951555,0.203445
-26.879670,-216.316429,-84.797893,0.241115
-20.507762,-376.083792,-88.438671,0.146205
-27.913200,-218.428914,-91.531325,0.309410
-18.903538,-297.500118,-82.103954,0.004615
-26.336463,-331.054567,-63.939087,0.428346
-40.551119,-192.037906,-90.540821,0.390742
-22.877415,-337.357037,-68.109656,0.055753
-40.039911,-131.077502,-64.787303,0.216636
-40.538614,-123.904404,-70.574086,0.204843
-16.926011,-343.380499,-83.342090,0.155738
-49.991942,-172.374817,-85.872489,0.349301
-13.003651,-373.610799,-87.012637,0.216938
-29.005100,-360.219934,-90.527803,0.194833
-26.666835,-281.506278,-83.276484,0.035223
-36.038381,-181.223537,-91.612572,0.000001
-20.251691,-273.979503,-77.491254,0.397789
-32.452965,-178.099823,-82.213404,0.776696
-50.943486,-142.716964,-99.054864,0.146617
-33.035718,-161.064743,-80.494263,0.482563
-41.984141,-167.818276,-97.327537,0.102935
-15.057821,-372.295222,-76.623168,0.208814
-29.824728,-162.212512,-84.778059,0.518374
-38.822911,-373.816862,-94.067031,0.195704
-21.545627,-379.180683,-76.776996,0.220700
-37.882419,-141.233937,-67.355056,0.268260
-33.695653,-244.858376,-85.831627,0.782897
-27.121263,-139.607912,-81.014035,0.243161
-42.825990,-140.565586,-72.295969,0.291060
-33.837052,-377.014279,-58.966619,0.115734
-22.085116,-345.678823,-64.717642,0.103320
-29.061970,-140.731175,-70.923971,0.265284
-39.812757,-129.627878,-69.532269,0.211631
-31.429832,-130.798220,-82.521485,0.182723
-27.285383,-126.651059,-71.456210,0.225098
-24.636325,-343.562423,-90.758564,0.290247
-33.901620,-151.076899,-88.138775,0.162159
-36.311959,-378.061904,-57.425225,0.176841
-18.748697,-127.938255,-68.196093,0.195495
-26.532808,-141.850512,-63.487309,0.275490
-25.831075,-327.927613,-70.229876,0.071028
-28.165078,-263.777908,-88.597198,0.604307
-22.199378,-376.749298,-94.025732,0.044612
-27.768583,-357.517761,-49.244447,0.132681
-56.835171,-147.736139,-91.403480,0.129912
-27.267922,-119.677357,-71.933695,0.207948
-32.143295,-156.067447,-87.815246,0.294285
-31.201668,-204.387362,-96.247629,0.824766
-27.866679,-378.323759,-75.822174,0.186462
-17.084948,-357.814014,-76.082336,0.201204
-27.703030,-370.995826,-46.799095,0.105392
-29.419996,-352.239565,-53.788414,0.213567
-27.972645,-121.951010,-64.859947,0.211783
-25.074996,-372.979290,-88.566311,0.115866
-40.531908,-136.259189,-69.878479,0.233445
-20.625531,-256.733159,-79.445803,0.675707
-48.452263,-374.139026,-62.541773,0.210965
-34.104820,-194.673836,-92.090306,0.027957
-43.075289,-133.572044,-68.164526,0.176547
-27.104879,-193.532807,-83.023752,0.753288
-19.080712,-281.218475,-83.792018,0.037705
-29.180209,-317.983792,-83.868794,0.548200
-38.522548,-121.052588,-72.591553,0.192047
-16.721126,-343.395154,-75.003997,0.276150
-46.354544,-183.038894,-92.204698,0.505191
-30.077702,-376.977591,-47.307598,0.089571
-40.903899,-366.766273,-63.804327,0.197160
-56.409881,-144.257447,-97.392324,0.136783
-36.541059,-162.280527,-87.324008,0.129488
-29.946909,-173.800303,-83.157632,0.702535
-48.005211,-177.989851,-90.321304,0.386152
-35.585785,-141.273871,-64.533171,0.214930
-19.973511,-369.079650,-60.682633,0.176993
-18.676097,-267.122079,-85.341739,0.405430
-24.880358,-348.521489,-59.094097,0.147731
-16.844340,-313.543062,-81.017349,0.301442
-37.854653,-186.498761,-86.050815,0.016884
-53.469163,-159.737242,-89.726556,0.078446
-31.374327,-191.800416,-94.979070,0.772329
-41.489496,-144.746855,-74.416885,0.397234
-39.313953,-158.703726,-81.189266,0.239071
-40.083810,-139.686608,-85.637535,0.233681
-24.186624,-363.046439,-59.245945,0.183192
-50.393340,-151.852925,-83.819333,0.231686
-44.762749,-170.479001,-84.693367,0.209972
-20.328298,-128.569885,-73.847577,0.196147
-53.472993,-157.180713,-91.931351,0.068979
-29.978947,-329.404197,-85.578126,0.607037
-23.284950,-212.593628,-89.651078,0.748399
-39.018288,-143.226376,-98.570742,0.204004
-38.506500,-374.456444,-88.471433,0.179716
-34.181566,-184.095832,-83.364076,0.523407
-15.148725,-339.968051,-78.413272,0.420362
-32.217324,-183.369118,-88.972523,0.039309
-16.808943,-363.441227,-77.222460,0.194740
-34.417206,-240.893563,-85.540253,0.723793
-31.108704,-251.769871,-90.086746,0.775704
-30.608506,-135.163742,-74.632803,0.370078
-21.265610,-345.804037,-62.997787,0.155324
-22.411352,-291.115272,-78.219300,0.000001
-20.412331,-322.164544,-81.884068,0.000854
-32.420323,-132.757596,-83.774748,0.198579
-32.072096,-136.168792,-64.131713,0.233137
-29.037271,-154.947746,-80.613746,0.444484
-44.238755,-138.682209,-72.214998,0.290212
-21.147671,-361.699338,-52.344195,0.154627
-42.931412,-370.501647,-65.743740,0.219429
-15.019636,-363.760873,-80.789509,0.200229
-30.932314,-250.963128,-82.230467,0.874105
-39.680882,-150.510913,-75.707668,0.496880
-30.116552,-337.457952,-79.935913,0.396872
-39.982286,-140.478744,-98.481928,0.190724
-24.138894,-378.612451,-65.872011,0.165846
-28.246908,-369.894196,-66.279850,0.092047
-33.409573,-154.631672,-76.515979,0.468529
-20.365353,-289.593286,-73.248675,0.689477
-19.103725,-332.249916,-67.124920,0.400762
-32.865550,-144.875042,-85.209309,0.219335
-24.827657,-257.359700,-77.795407,0.810006
-18.616915,-246.779886,-85.460441,0.831264
-32.354575,-181.524018,-84.016466,0.463634
-48.054695,-373.441111,-56.229450,0.199273
-36.142964,-185.079997,-81.706628,0.743035
-33.504250,-186.622795,-82.186683,0.862034
-22.886650,-265.949827,-79.855029,0.019876
-38.387508,-376.257449,-97.502917,0.201997
-18.641517,-368.881340,-78.025686,0.193453
-35.651583,-187.084388,-82.494050,0.759529
-42.397054,-158.882265,-102.871500,0.312585
-25.210581,-378.495394,-89.888253,0.111105
-30.756028,-137.549096,-77.334484,0.308558
-30.715703,-241.205335,-82.047111,0.893140
-37.231092,-155.704103,-77.581555,0.447783
-42.830489,-376.105002,-55.181013,0.194694
-26.369939,-195.940873,-86.593558,0.731347
-48.326101,-143.556906,-94.634414,0.210456
-25.359383,-213.760723,-92.205885,0.715837
-17.558974,-293.998063,-87.353222,0.658843
-25.477259,-281.997963,-74.513315,0.747500
-16.612371,-267.958524,-81.779700,0.644554
-50.525865,-145.054496,-94.561398,0.200480
-31.334670,-284.139066,-84.589871,0.863258
-24.925977,-274.183216,-90.515891,0.657129
-25.919128,-233.977085,-81.260557,0.890317
-41.333461,-378.305666,-87.945739,0.194423
-39.102459,-201.419751,-88.239736,0.758940
-23.774683,-261.060678,-80.667281,0.059864
-19.819531,-335.914517,-65.242835,0.348240
-25.768889,-314.785067,-72.906474,0.267986
-53.872440,-153.210056,-97.424233,0.197990
-21.322715,-329.424266,-78.540122,0.000136
-31.140392,-343.517409,-86.778428,0.469069
-35.367466,-123.692591,-72.839459,0.193786
-37.417862,-378.422066,-98.631901,0.202843
-24.919486,-355.130986,-89.633791,0.168552
-30.591326,-151.270523,-89.190138,0.433269
-22.639631,-225.264316,-81.164111,0.587021
-30.617837,-156.652297,-84.744505,0.308488
-25.488061,-259.378460,-77.087793,0.797969
-26.637924,-374.588618,-52.797726,0.043670
-40.968213,-371.762278,-68.157794,0.274238
-44.592503,-141.215062,-79.361194,0.325371
-52.876356,-155.258846,-96.911366,0.218669
-23.119807,-357.017001,-53.162327,0.152300
-35.318447,-183.135595,-97.737926,0.649503
-34.117743,-358.188823,-81.486926,0.243310
-17.315127,-374.397220,-72.303412,0.209371
-19.333571,-326.960484,-78.742528,0.009126
-27.081961,-309.492536,-87.366883,0.595464
-26.217933,-332.884192,-87.943612,0.292781
-35.764545,-380.818110,-57.285371,0.200523
-22.902206,-304.579873,-78.043151,0.000001
-23.913868,-359.849427,-94.657391,0.182663
-43.907054,-137.713713,-76.268340,0.270675
-37.936468,-159.975567,-100.129217,0.356083
-15.772011,-319.636478,-83.029578,0.583425
-48.422076,-377.678136,-57.923715,0.221824
-26.818218,-317.922385,-79.545711,0.037909
-31.983078,-181.614594,-81.519329,0.733701
-24.521620,-240.554092,-92.966087,0.843438
-57.294356,-149.959533,-96.272790,0.135479
-37.325553,-145.370086,-90.170706,0.247831
-52.145036,-160.570517,-98.635721,0.225319
-22.825561,-275.643856,-74.408942,0.761480
-34.176331,-122.858994,-69.268864,0.221033
-44.304761,-380.496652,-62.508512,0.204954
-33.397778,-197.448743,-81.637209,0.835879
-25.371304,-254.221953,-85.623486,0.000001
-16.159261,-342.088231,-77.220712,0.328802
-37.170946,-382.275582,-89.381940,0.200107
-20.663289,-318.286950,-73.574662,0.007419
-48.666997,-177.247143,-87.669257,0.464881
-18.830785,-355.499538,-84.334921,0.170467
-29.902075,-239.140112,-84.446047,0.433118
-33.957630,-175.039015,-89.689463,0.084655
-25.541894,-236.274097,-82.025593,0.570848
-36.744488,-171.144172,-81.029593,0.557967
-27.435683,-212.336707,-90.125589,0.155689
-16.221859,-316.168168,-76.415180,0.478160
-28.696418,-366.824988,-96.379718,0.185261
-34.300942,-145.284620,-88.178187,0.289177
-51.079631,-168.744081,-82.769841,0.271433
-16.073737,-323.242774,-85.167138,0.552351
-14.858809,-366.779281,-79.720362,0.158154
-50.232524,-170.938883,-96.292364,0.324842
-56.442455,-150.147256,-89.551570,0.214291
-44.233338,-142.920395,-95.142092,0.199792
-41.889477,-167.243193,-100.094643,0.332262
-23.151415,-294.957379,-83.163606,0.000001
-35.690813,-358.455703,-86.103107,0.245980
-51.672441,-164.095012,-95.210166,0.060260
-30.847540,-200.725301,-91.727128,0.103189
-31.211549,-124.792296,-80.246554,0.141469
-28.575641,-355.294245,-94.417131,0.231243
-34.525456,-365.773826,-97.365875,0.157283
-29.137105,-212.929627,-95.313512,0.814795
-39.761791,-375.521107,-50.568022,0.102863
-37.393549,-176.753131,-94.794557,0.015888
-37.872765,-372.264787,-79.563873,0.202596
-16.807852,-329.997518,-84.291126,0.368803
-38.319761,-139.903688,-74.849242,0.283113
-25.488038,-345.096757,-61.169253,0.136546
-17.713121,-373.245821,-70.955828,0.214145
-38.411895,-141.712001,-72.220329,0.313496
-35.152763,-356.444531,-71.457515,0.223875
-31.800815,-236.355362,-92.938243,0.798851
-41.544462,-196.271422,-89.914985,0.692769
-31.658827,-120.529050,-76.270976,0.170424
-32.565308,-148.036079,-71.944408,0.346738
-27.495956,-265.741595,-82.777666,0.245345
-44.347319,-144.412916,-89.657012,0.284588
-15.832442,-332.182047,-79.047630,0.451989
-29.381897,-183.258870,-82.841556,0.744025
-34.617746,-379.110981,-56.548385,0.164357
-28.769317,-374.826076,-98.394897,0.131874
-30.623411,-235.498605,-91.025998,0.634055
-42.423886,-376.243665,-90.762694,0.218693
-26.787045,-225.695205,-80.794642,0.920159
-17.138505,-318.901771,-75.405027,0.430211
-37.185070,-360.893267,-68.018202,0.252294
-49.304678,-150.203182,-90.379803,0.198687
-33.507189,-377.211706,-69.116896,0.247060
-17.064140,-360.061327,-63.548044,0.195637
-31.753723,-146.744391,-73.253222,0.364752
-38.180827,-368.191691,-75.965508,0.284273
-24.768977,-374.961101,-50.833590,0.067274
-21.976957,-370.316761,-95.550651,0.096568
-20.883043,-131.633935,-63.916017,0.192251
-56.692238,-152.056939,-86.848579,0.177090
-34.650939,-150.750809,-97.955948,0.346645
-23.562909,-380.204064,-53.107118,0.153306
-27.629234,-125.488246,-76.607539,0.177083
-28.441631,-289.546370,-87.999201,0.616909
-27.616357,-350.298104,-54.643925,0.235432
-44.431991,-144.005468,-82.528231,0.299076
-17.079355,-348.287522,-72.845868,0.279726
-34.463969,-227.364271,-85.884459,0.906490
-32.036335,-130.016317,-59.638450,0.144775
-17.577490,-380.418221,-87.946637,0.160893
-20.103451,-311.596971,-76.670236,0.000001
-30.442732,-194.253933,-95.147213,0.780567
-20.939116,-247.370119,-86.270954,0.387973
-31.640414,-169.507068,-86.252178,0.328633
-15.798684,-373.471142,-75.036059,0.217472
-20.605812,-312.415419,-89.023613,0.599351
-14.620655,-360.905226,-86.400348,0.187027
-27.930872,-299.114778,-78.933367,0.695317
-21.795833,-340.752733,-89.005539,0.250223
-37.522772,-214.964897,-93.571625,0.742427
-28.043690,-154.041887,-82.348155,0.412344
-35.491777,-122.608160,-70.516087,0.209740
-30.148647,-313.603327,-83.851150,0.745370
-25.339131,-230.115936,-79.708956,0.828710
-18.426926,-358.048142,-57.858370,0.213042
-19.136458,-341.496591,-84.684231,0.101627
-35.947954,-173.252246,-97.737824,0.553929
-24.668890,-270.038297,-87.219100,0.018296
-19.999230,-353.984747,-91.664897,0.224869
-33.775829,-378.963835,-60.880617,0.159547
-19.098795,-293.711142,-84.949366,0.093671
-15.605365,-304.022417,-81.131454,0.597580
-27.913889,-265.124371,-80.444924,0.811797
-50.336168,-170.118105,-90.316206,0.139181
-19.408307,-350.268659,-80.103452,0.115292
-16.910704,-339.420515,-87.020113,0.341628
-25.818432,-266.821187,-78.406241,0.784423
-32.333031,-352.487808,-90.059258,0.333745
-30.575752,-329.577617,-80.828332,0.573877
-32.620308,-350.599389,-78.326817,0.272273
-20.577525,-270.019213,-82.120583,0.019003
-32.683842,-250.839291,-88.529850,0.844346
-40.852058,-178.672589,-82.842318,0.502124
-17.508139,-265.523826,-79.620763,0.664975
-34.466033,-236.677717,-90.764038,0.702055
-18.134785,-300.024311,-86.622970,0.557524
-32.499669,-230.764728,-83.360292,0.901844
-20.289582,-277.475705,-77.810607,0.145525
-16.576182,-358.696239,-73.669505,0.207702
-30.279659,-150.723049,-79.426443,0.377469
-23.663250,-330.110985,-65.617952,0.148970
-35.084106,-372.869012,-62.665485,0.092692
-32.845181,-223.665934,-87.610982,0.521732
-27.872020,-178.049272,-84.858587,0.650715
-24.720206,-263.534353,-90.172698,0.626212
-20.394008,-297.425833,-86.692518,0.087548
-27.512943,-302.881648,-78.659186,0.476275
-57.962759,-157.043921,-93.784012,0.168441
-49.147262,-376.003824,-59.205375,0.218152
-33.443843,-364.114014,-53.309883,0.245098
-16.720834,-313.141183,-75.140004,0.504334
-28.696332,-375.341730,-69.573459,0.061000
-29.732157,-338.557359,-75.599094,0.307236
-23.173049,-256.208543,-77.863598,0.817784
-30.449161,-133.247579,-70.168469,0.342707
-26.853884,-327.428390,-65.377885,0.529500
-44.016447,-173.740404,-99.175803,0.518963
-30.136101,-198.144106,-88.708461,0.006904
-31.334639,-187.597774,-89.588906,0.127349
-25.965694,-251.989961,-92.998949,0.724526
-20.809621,-348.593699,-71.713482,0.074473
-29.275921,-147.518693,-87.404657,0.365289
-20.992293,-369.942917,-69.458921,0.161360
-36.299193,-366.099695,-68.735001,0.176563
-20.181395,-356.494825,-60.033327,0.185781
-38.056133,-370.254531,-74.590246,0.239152
-22.776973,-322.611051,-67.583828,0.152605
-30.323837,-171.217415,-82.492494,0.633171
-20.636369,-128.286438,-78.862961,0.170800
-37.860882,-153.598907,-94.198749,0.140966
-36.944899,-361.245283,-82.373655,0.214579
-25.493071,-130.669657,-74.045376,0.293882
-18.371705,-286.318871,-74.317659,0.643867
-30.725718,-345.269342,-87.674170,0.399245
-27.156066,-254.041301,-87.670748,0.080244
-30.479720,-220.421110,-93.366100,0.722080
-19.499584,-358.514619,-62.387839,0.176165
-38.888283,-364.230366,-90.243097,0.241329
-22.594617,-226.101685,-86.688790,0.613005
-31.863942,-182.385485,-93.281762,0.557912
-26.149104,-119.976581,-74.034039,0.201650
-25.551697,-382.416570,-85.953118,0.167209
-45.207959,-158.144936,-79.531228,0.402579
-34.502226,-206.023657,-96.430027,0.771865
-40.924724,-134.982436,-71.913653,0.232209
-24.480532,-324.657047,-85.918814,0.094172
-51.001668,-149.008808,-98.958134,0.161615
-17.177886,-283.834363,-83.969405,0.453149
-15.445916,-306.784710,-79.636409,0.641763
-26.589793,-306.663874,-72.234974,0.688703
-30.503686,-158.015098,-79.090567,0.475514
-38.623369,-151.045047,-100.333625,0.277163
-15.551394,-373.523097,-84.697608,0.195274
-42.200000,-373.184544,-52.173841,0.182689
-32.609053,-369.381559,-94.614405,0.228574
-30.002886,-327.062148,-86.122822,0.632859
-34.243466,-241.749648,-88.018944,0.771493
-36.626828,-360.476438,-56.013687,0.350185
-39.040115,-195.359336,-91.894417,0.424542
-31.033864,-178.322750,-92.732484,0.573612
-33.298296,-142.035404,-79.483775,0.257157
-21.134995,-375.856313,-69.805886,0.190183
-33.032818,-203.461230,-92.791894,0.185530
-33.970639,-367.974062,-46.259072,0.143737
-34.416894,-180.437744,-93.676107,0.184015
-14.983097,-303.180067,-79.619637,0.620833
-28.974772,-142.299064,-85.126110,0.388381
-27.696567,-137.127622,-60.712576,0.193380
-32.325263,-233.626299,-88.380280,0.614960
-35.231783,-383.196043,-61.255656,0.195378
-43.329527,-380.068283,-50.324995,0.118848
-27.890815,-352.444199,-74.595748,0.011236
-24.266350,-345.446397,-76.609684,0.000001
-31.838111,-122.064736,-69.182895,0.226925
-39.240208,-136.628117,-74.441525,0.315132
-36.533763,-359.210530,-83.496721,0.222165
-21.614882,-271.540587,-79.705365,0.009682
-44.425819,-143.311184,-97.634296,0.130362
-38.832856,-205.265276,-91.248427,0.828946
-36.916010,-120.226999,-71.230958,0.197861
-18.360474,-297.311730,-84.688296,0.205384
-26.131621,-378.228518,-93.166663,0.086937
-22.071516,-243.287621,-78.727649,0.757079
-23.604875,-361.577622,-93.345818,0.160078
-19.497793,-306.394679,-87.769354,0.601563
-24.538277,-337.248937,-75.695474,0.000001
-33.295449,-137.863433,-82.242233,0.252967
-38.024919,-369.145701,-61.868299,0.204688
-26.224023,-216.997554,-94.198049,0.783978
-28.504115,-361.824121,-58.901844,0.207814
-16.841728,-368.339451,-70.150545,0.138988
-14.446355,-375.959573,-88.074002,0.188561
-42.934034,-155.995972,-79.289995,0.593563
-17.242553,-304.346677,-76.047191,0.338479
-27.255099,-272.464973,-85.358167,0.112095
-18.902465,-320.794910,-73.753959,0.095817
-31.916590,-375.777283,-72.188501,0.223608
-42.177995,-180.336349,-84.527756,0.365339
-31.061554,-384.778265,-55.818605,0.172264
-23.580651,-284.278098,-89.546041,0.500693
-22.788312,-279.107748,-79.833625,0.000001
-22.735029,-326.074225,-83.787943,0.020674
-19.646051,-234.909781,-84.711487,0.761839
-37.059941,-203.584094,-93.277590,0.657615
-28.729323,-330.100304,-84.017640,0.276357
-23.819624,-371.231015,-68.660834,0.130774
-36.451104,-361.921652,-71.548983,0.265808
-28.732983,-209.674783,-90.317275,0.048938
-17.900595,-372.164762,-59.164168,0.144189
-32.106316,-210.069703,-88.340527,0.103310
-44.622276,-371.428439,-60.851664,0.205061
-17.189960,-340.692276,-70.845184,0.381580
-27.542686,-216.881446,-88.968892,0.030902
-30.132115,-377.298884,-88.313269,0.128502
-27.583036,-207.279469,-84.841306,0.393008
-42.424624,-163.451786,-91.212521,0.084949
-33.543404,-225.132186,-90.529106,0.588991
-28.957667,-332.748917,-81.959196,0.276335
-18.433469,-338.220491,-73.365973,0.120109
-36.806563,-203.072619,-83.694583,0.810922
-32.519544,-373.846809,-49.884910,0.048306
-24.412864,-276.575483,-88.937484,0.511997
-34.693246,-371.488373,-91.486222,0.210203
-19.926274,-371.587339,-94.469245,0.096580
-20.138619,-258.311487,-77.943965,0.704241
-23.968512,-324.525480,-76.134673,0.000366
-22.189000,-328.758418,-67.064152,0.115484
-30.868568,-235.845080,-86.087631,0.394538
-24.044749,-220.119667,-83.431916,0.853950
-39.178504,-161.651041,-82.309619,0.191339
-34.100093,-149.500294,-73.701199,0.411560
-19.054049,-264.055428,-77.324865,0.703794
-20.896623,-373.781931,-84.654663,0.153562
-18.238718,-309.148069,-71.248029,0.629901
-28.747511,-345.765804,-68.947195,0.146695
-24.895514,-253.615017,-87.795352,0.012891
-29.274312,-262.909289,-79.817493,0.851551
-19.565038,-328.118352,-67.193647,0.377414
-33.640641,-179.329320,-88.477075,0.022552
-28.006390,-139.082638,-62.028207,0.246773
-18.290411,-363.249719,-80.224345,0.211832
-45.380356,-175.013355,-92.187136,0.068322
-23.129430,-315.516552,-70.377173,0.088213
-32.244728,-367.729316,-58.028169,0.286370
-37.507116,-131.494586,-61.253377,0.214993
-22.399549,-379.989545,-69.459367,0.202672
-29.423111,-216.526511,-95.112180,0.841358
-32.631451,-248.644681,-86.597544,0.922821
-37.825964,-357.600092,-53.960180,0.223223
-28.442411,-300.067708,-86.663598,0.645072
-50.298241,-141.197760,-100.192548,0.157741
-16.666071,-285.641064,-80.273173,0.522514
-53.821384,-152.172955,-92.533763,0.206411
-21.607987,-279.807379,-84.889123,0.000001
-45.409196,-163.280748,-94.861604,0.085774
-21.258809,-347.825878,-68.982056,0.096518
-19.694236,-324.508039,-81.672256,0.002789
-27.720477,-258.327572,-79.436982,0.839838
-35.098004,-211.784559,-83.582185,0.830296
-21.419817,-296.183812,-83.954175,0.000001
-37.513586,-124.067988,-63.300159,0.237934
-30.581087,-384.335098,-60.573789,0.178457
-23.651986,-130.078988,-67.280709,0.174000
-23.824889,-353.765184,-70.654028,0.078703
-24.930572,-370.552403,-51.824310,0.079161
-35.322193,-355.611077,-59.861754,0.272178
-17.032847,-323.899545,-86.806016,0.524933
-23.458747,-307.545145,-74.787465,0.017077
-41.677106,-375.610161,-64.491954,0.215612
-38.408832,-205.160704,-95.363354,0.690164
-32.349582,-180.646481,-94.827497,0.647524
-48.717017,-166.240243,-97.997395,0.209280
-37.293927,-189.763183,-92.016846,0.011079
-23.106193,-142.306534,-65.427608,0.238854
-26.893203,-210.116453,-83.830131,0.649568
-57.292634,-152.444498,-96.197201,0.181048
-42.799194,-127.211661,-69.563447,0.195585
-27.417903,-229.339349,-81.684084,0.945431
-21.473124,-376.485614,-54.623618,0.092402
-26.936395,-212.157332,-92.669649,0.757101
-27.888080,-195.957147,-85.267220,0.673669
-44.360585,-176.660625,-82.787896,0.475114
-16.546200,-303.162394,-83.466008,0.491379
-42.332751,-157.676033,-85.564845,0.136616
-36.001913,-210.239455,-90.619806,0.596391
-37.500515,-205.920648,-93.113866,0.790979
-32.522897,-176.005230,-93.859930,0.568777
-32.761790,-139.532909,-66.642177,0.284437
-15.675256,-344.449609,-77.641070,0.333802
-55.230211,-163.468721,-86.670372,0.240320
-35.804309,-373.315678,-93.709211,0.201005
-33.792115,-358.212774,-74.267506,0.205768
-29.066920,-321.221562,-76.632904,0.548606
-39.023995,-141.502797,-65.587556,0.238703
-33.837978,-370.340553,-76.756573,0.064623
-49.132562,-144.012505,-101.874349,0.165068
-42.307283,-142.184331,-72.272267,0.307919
-26.617815,-327.613509,-86.318809,0.222900
-41.977977,-372.755162,-85.482076,0.168521
-17.322688,-328.548709,-78.306749,0.230099
-20.212637,-349.304466,-74.737592,0.067742
-30.126798,-320.862321,-79.738016,0.628025
-25.828406,-203.419009,-85.055397,0.821527
-25.366385,-132.100641,-82.869796,0.172450
-27.293990,-214.656253,-82.898945,0.739129
-23.135653,-126.298122,-79.822242,0.165774
-38.181484,-126.893220,-69.280181,0.219059
-32.549469,-375.922555,-46.651234,0.101484
-20.177684,-367.580391,-73.907887,0.151565
-35.877404,-196.786575,-89.709426,0.034838
-16.508020,-334.557120,-78.329271,0.252986
-27.014817,-293.504547,-75.314160,0.716476
-20.268318,-268.881676,-85.529019,0.029296
-20.710788,-272.100613,-75.382137,0.770481
-29.560246,-194.239564,-88.721391,0.140487
-22.447026,-357.844256,-80.791972,0.131078
-46.518938,-166.722119,-86.404564,0.140942
-26.514781,-316.569711,-77.953928,0.112288
-47.449282,-378.065454,-61.035469,0.215618
-31.649311,-198.571096,-95.790276,0.810117
-24.540633,-236.428314,-80.588722,0.962454
-27.912480,-348.015061,-69.291429,0.082273
-19.609973,-331.369932,-74.757406,0.014696
-22.573665,-262.486893,-91.384486,0.822729
-36.555441,-220.147512,-92.250212,0.748864
-43.603173,-164.115065,-97.327250,0.093459
-16.753611,-349.960808,-68.022916,0.329729
-26.375150,-144.186758,-77.319617,0.304353
-18.756848,-301.240927,-80.471671,0.004330
-23.523825,-307.889409,-70.363070,0.393156
-21.037476,-359.969977,-82.349705,0.180085
-20.002724,-291.883326,-72.578244,0.651343
-22.615426,-364.816026,-52.134182,0.173384
-33.358062,-170.369181,-87.648100,0.135231
-35.015144,-150.361332,-84.250658,0.119577
-31.640433,-143.676904,-65.924338,0.193161
-28.110847,-128.473499,-76.365590,0.228176
-31.185542,-351.348308,-91.757908,0.323296
-22.508245,-222.137598,-90.381436,0.811559
-23.251785,-380.724979,-87.336436,0.138590
-33.008222,-378.055098,-77.463928,0.231271
-24.521380,-351.593115,-54.249699,0.198081
-30.039690,-305.465026,-80.592599,0.692835
-27.237708,-220.071565,-84.462789,0.205670
-45.006158,-152.950773,-90.203143,0.118387
-29.502929,-208.050377,-84.162538,0.496513
-48.354913,-158.977661,-92.862585,0.076822
-27.326623,-218.707211,-89.665077,0.040722
-41.194008,-156.628446,-99.166053,0.183452
-34.735647,-361.133022,-53.938866,0.315002
-45.098029,-383.429376,-57.278143,0.218113
-17.159747,-357.657289,-71.438564,0.212194
-34.799851,-148.059261,-71.993491,0.357739
-25.534553,-141.750386,-83.028360,0.246698
-38.199154,-200.824772,-96.233461,0.711533
-28.151880,-339.136660,-73.171303,0.079352
-31.504606,-357.739695,-94.961275,0.227181
-19.380092,-342.914069,-63.511393,0.312655
-30.206986,-361.638627,-47.044700,0.167550
-44.330100,-159.215460,-103.789194,0.320084
-33.414681,-138.270371,-61.705162,0.178088
-36.853973,-221.596249,-88.823699,0.792565
-21.351971,-251.399254,-91.547580,0.825520
-20.970124,-378.345716,-65.589064,0.177744
-24.904051,-311.152707,-71.647281,0.361440
-16.551353,-361.073084,-74.391440,0.198027
-32.177294,-373.878187,-47.934861,0.059469
-24.449552,-138.838653,-82.392389,0.200794
-19.453820,-243.885584,-82.462539,0.760736
-33.735647,-171.914555,-90.411878,0.224889
-16.427214,-306.982510,-76.639083,0.549008
-36.359109,-163.934252,-95.775078,0.262247
-29.909102,-138.694163,-86.657038,0.327534
-31.978289,-213.553190,-82.522949,0.919904
-33.457071,-170.631317,-94.709175,0.550039
-23.509291,-292.951573,-79.755567,0.000001
-42.685207,-145.925799,-96.651255,0.213604
-15.294445,-344.741868,-84.648833,0.293941
-38.079992,-135.842279,-65.591344,0.257419
-19.129168,-379.093590,-91.948523,0.076974
-28.808876,-206.248507,-94.363113,0.800997
-28.972636,-160.224543,-81.070332,0.479014
-22.581871,-308.319546,-68.370443,0.634759
-20.896987,-247.632956,-90.349406,0.859355
-25.397740,-232.124297,-79.149952,0.716010
-19.155650,-284.952367,-89.823756,0.747517
-24.859481,-295.084488,-80.949896,0.000001
-27.596503,-312.135774,-85.679351,0.385885
-19.653003,-255.227565,-78.352225,0.768672
-39.360912,-376.187226,-91.452128,0.207909
-17.729608,-370.027646,-62.048875,0.144923
-31.530546,-173.958762,-83.776867,0.494268
-21.109296,-318.352185,-85.806762,0.072146
-25.528162,-246.052678,-79.188505,0.888894
-25.749749,-355.140664,-52.434665,0.147057
-26.292307,-295.286114,-74.347553,0.716123
-23.696544,-229.146591,-84.020168,0.483890
-29.649099,-322.438001,-78.333466,0.633105
-36.371208,-375.843057,-84.680843,0.144304
-30.674867,-360.937089,-69.600061,0.169011
-50.561518,-154.468790,-92.337846,0.121741
-35.078616,-382.383927,-55.652101,0.186249
-24.386111,-138.515527,-70.937747,0.250851
-23.629138,-227.101967,-84.742001,0.418247
-26.549961,-345.375387,-84.600805,0.127794
-36.993966,-366.431695,-79.708874,0.197167
-17.095364,-359.903878,-89.391944,0.196666
-18.197453,-371.995234,-83.162327,0.171474
-19.698211,-281.117364,-74.328361,0.764536
-28.022473,-222.078365,-93.186991,0.699642
-35.015137,-144.148054,-73.317679,0.305377
-23.992633,-344.911182,-87.502015,0.133712
-32.418930,-251.992952,-83.132327,0.789127
-37.767077,-146.359638,-75.219614,0.319381
-56.140196,-153.739349,-97.793573,0.206049
-34.797583,-371.754999,-58.040515,0.126557
-36.090761,-142.877246,-70.967308,0.300745
-24.298351,-213.092516,-82.943461,0.732355
-21.170320,-328.501788,-87.302273,0.189995
-33.773260,-232.577188,-85.883302,0.975353
-36.399701,-377.729043,-86.999560,0.175956
-30.984847,-236.116810,-82.817996,0.914188
-25.505587,-290.733202,-74.479165,0.707009
-18.407373,-131.812105,-73.939395,0.201309
-31.432339,-200.483220,-87.645829,0.000274
-27.975932,-367.218005,-58.286096,0.241256
-53.820370,-165.764291,-89.327707,0.178302
-22.074621,-133.213882,-78.168195,0.237637
-31.550277,-348.095807,-86.745664,0.398940
-30.020714,-318.698826,-80.998996,0.650578
-45.273835,-376.318117,-56.970730,0.190542
-16.188815,-371.163141,-69.031147,0.198678
-39.396427,-148.470677,-74.514717,0.457270
-21.431812,-141.348193,-75.990173,0.209852
-25.054495,-209.923101,-89.457379,0.736584
-36.651316,-378.101637,-53.999652,0.130009
-36.510200,-123.033308,-77.753854,0.124611
-24.486328,-307.652081,-88.410519,0.547967
-28.033231,-146.853834,-72.793557,0.309462
-17.415123,-371.107442,-80.256336,0.172498
-18.178817,-274.021159,-80.758075,0.392117
-29.054143,-338.269172,-63.353896,0.431759
-19.242612,-252.891085,-82.364315,0.678905
-47.256475,-169.381539,-86.355210,0.151375
-20.809816,-290.173829,-90.107334,0.680408
-29.252069,-225.185870,-92.339537,0.514949
-49.051401,-173.961210,-84.565541,0.421909
-44.873928,-187.064099,-90.624172,0.603054
-24.350511,-346.961193,-60.785301,0.131340
-32.478492,-181.219460,-88.504260,0.055214
-45.517752,-172.800623,-83.947858,0.248503
-36.023386,-367.137146,-97.564062,0.133407
-21.481121,-138.742416,-75.246834,0.258424
-34.795262,-130.005602,-81.019717,0.174571
-36.153393,-128.806831,-80.777102,0.129457
-27.459441,-146.767680,-84.205180,0.315474
-26.398782,-190.197886,-85.846772,0.665647
-35.548211,-154.260640,-77.145024,0.432106
-15.415280,-318.991631,-79.238792,0.587155
-25.293764,-346.758471,-89.159411,0.173926
-23.657053,-224.145488,-86.952885,0.433861
-42.727852,-377.982341,-48.812837,0.112844
-29.131215,-120.417235,-77.180270,0.164219
-24.131902,-287.733857,-79.753850,0.001137
-35.723735,-372.587476,-74.911428,0.177896
-34.288180,-242.629824,-86.330787,0.802621
-16.181480,-316.242697,-85.455743,0.612252
-30.516352,-383.008683,-54.919143,0.163364
-25.491265,-133.150353,-70.340038,0.326868
-29.260695,-216.567645,-90.680228,0.075966
-44.348243,-174.205030,-89.738836,0.082213
-18.867305,-338.914001,-77.053036,0.039351
-17.700624,-365.380870,-71.600783,0.137567
-33.441488,-148.258552,-82.489023,0.182208
-39.725948,-175.474672,-90.972307,0.002532
-17.738525,-306.192398,-73.929593,0.420474
-35.686130,-361.646812,-77.119254,0.296338
-26.971031,-254.737629,-78.517238,0.857244
-35.638377,-217.409260,-85.278715,0.877680
-23.833022,-133.783927,-63.979801,0.227546
-37.897877,-200.070989,-93.187258,0.622791
-29.995578,-132.709248,-81.598369,0.217359
-26.573731,-140.529684,-84.608407,0.258066
-39.517670,-154.230523,-95.366161,0.154712
-35.006061,-376.978263,-52.465623,0.084984
-25.540720,-126.661923,-82.171619,0.152298
-39.541398,-365.143269,-65.237517,0.157441
-47.211961,-156.009867,-84.018147,0.182254
-20.102274,-284.516529,-83.547163,0.002253
-29.816211,-359.585522,-94.332694,0.214832
-30.594791,-141.551816,-65.170584,0.213661
-30.940933,-187.954109,-84.855454,0.368616
-16.546331,-298.480607,-77.472243,0.595901
-21.822209,-251.765096,-82.144422,0.153088
-33.649305,-381.084379,-90.878392,0.169072
-19.138408,-351.778919,-73.971210,0.111692
-40.514429,-193.617450,-88.053412,0.674589
-46.391895,-370.299022,-53.819798,0.160111
-21.966576,-262.991554,-80.464852,0.037789
-31.025512,-128.876505,-78.649377,0.247914
-46.460029,-373.505131,-61.354263,0.201013
-26.057811,-310.114359,-84.152940,0.026106
-30.327090,-327.337018,-80.743299,0.606401
-17.752874,-295.083076,-75.426150,0.604439
-34.080176,-220.863396,-90.180123,0.514300
-24.104174,-282.079634,-88.770410,0.533167
-33.015725,-200.953456,-81.628334,0.856653
-29.852939,-147.618603,-83.858753,0.308576
-30.409517,-250.401121,-91.668723,0.698380
-38.219524,-378.032262,-94.843436,0.218109
-23.060868,-348.078019,-75.348879,0.004026
-19.568197,-350.332984,-65.009030,0.190002
-31.157976,-280.330800,-84.478105,0.893366
-27.200628,-302.623602,-75.076314,0.740440
-42.782050,-179.683147,-82.511072,0.551689
-28.736157,-371.185159,-95.168782,0.154917
-26.892884,-254.600103,-83.104321,0.164174
-31.560568,-163.160484,-88.798741,0.474952
-16.030584,-277.241967,-83.955800,0.751830
-26.592779,-323.418867,-76.597048,0.022092
-23.632563,-142.454042,-72.191077,0.198888
-16.493245,-337.452069,-74.928573,0.341275
-35.568448,-142.410374,-84.037081,0.211094
-18.939840,-376.081593,-57.996630,0.111687
-15.260369,-317.952693,-80.875702,0.623937
-22.608709,-354.553583,-77.323643,0.069661
-17.430123,-293.071957,-74.704143,0.588925
-15.585486,-322.271553,-79.012124,0.555791
-32.894353,-246.674366,-89.607685,0.708589
-32.690242,-138.957073,-79.364974,0.281531
-29.622995,-333.435854,-74.471885,0.504067
-42.275873,-371.175336,-94.771999,0.224304
-21.488258,-310.602061,-78.274511,0.000001
-39.553783,-379.833410,-55.436332,0.174679
-17.213573,-379.467680,-85.498512,0.184802
-24.762220,-365.242109,-55.119596,0.234645
-39.233351,-198.935427,-95.885529,0.748615
-15.353567,-375.561528,-90.231933,0.138043
-35.501238,-224.263213,-85.900809,0.832282
-24.668346,-312.798268,-83.723937,0.002783
-31.999302,-377.674575,-63.687783,0.084225
-30.318855,-190.708563,-91.951520,0.449670
-33.707647,-357.390247,-50.962968,0.189513
-43.384404,-380.229275,-55.577054,0.186953
-22.920417,-371.354705,-72.116482,0.121756
-34.802120,-222.311588,-94.521201,0.699567
-41.170041,-150.199838,-79.789087,0.183330
-25.679521,-380.153618,-94.974500,0.103298
-31.395260,-342.951210,-68.857566,0.412286
-18.176760,-281.397869,-77.027624,0.584795
-26.784509,-305.199265,-74.485693,0.657847
-17.949539,-317.262603,-72.170586,0.489892
-32.018742,-344.976378,-80.193811,0.362907
-50.622347,-142.852643,-101.253487,0.158053
-25.410638,-250.226872,-80.683904,0.571490
-34.814650,-206.568606,-93.336974,0.476462
-32.496218,-121.959639,-72.533542,0.191053
-15.705170,-331.855096,-81.399208,0.483030
-58.554757,-149.205216,-95.125583,0.135123
-27.018585,-364.435304,-58.839455,0.243605
-30.107836,-131.797316,-60.244710,0.132758
-16.882764,-355.176075,-71.286533,0.239726
-29.915883,-220.708646,-95.761268,0.695632
-34.475330,-362.597809,-82.755301,0.226267
-19.501915,-279.761450,-88.913026,0.790729
-23.141481,-344.967278,-91.155794,0.293620
-27.114406,-288.670210,-75.876377,0.812792
-18.940148,-288.955788,-82.061614,0.008544
-22.311422,-349.828308,-62.599241,0.121903
-34.096075,-148.621213,-78.909179,0.262757
-22.582303,-330.843851,-69.668548,0.036664
-59.960238,-151.605734,-91.712572,0.223293
-23.557125,-135.688368,-74.607823,0.293432
-28.977007,-194.801022,-93.732813,0.770124
-53.005383,-169.171942,-91.173831,0.271848
-26.976093,-132.546712,-59.937522,0.184576
-24.956240,-293.172734,-73.474928,0.738941
-19.393978,-342.943024,-82.479970,0.094410
-40.511901,-166.872253,-78.970261,0.501108
-23.674604,-382.045702,-60.692813,0.162350
-25.481888,-241.861839,-91.518641,0.731741
-28.335895,-364.341993,-95.658360,0.227475
-43.932597,-148.546980,-78.215038,0.483558
-25.605244,-274.660560,-75.443378,0.779932
-21.050028,-304.761634,-83.658885,0.000826
-19.234600,-291.293367,-89.612379,0.750695
-43.351119,-129.392468,-68.221083,0.197381
-35.580676,-372.563409,-99.809543,0.167001
-40.783926,-146.995917,-74.023550,0.464485
-28.291196,-193.210356,-92.312112,0.728630
-21.317374,-359.473360,-77.402909,0.153723
-35.756128,-122.719052,-75.259666,0.158547
-35.005529,-211.391092,-93.279071,0.634780
-20.361351,-131.350424,-66.503972,0.195806
-34.615734,-157.627383,-86.288920,0.134633
-35.169100,-369.850907,-86.429994,0.245503
-33.236959,-143.019050,-65.805053,0.193962
-38.701416,-195.500374,-96.675440,0.748063
-30.020445,-181.192252,-86.022263,0.492804
-35.455195,-119.576290,-72.750985,0.188981
-36.722148,-136.254245,-84.634802,0.240633
-18.208586,-260.342972,-80.086843,0.731736
-21.707919,-348.898904,-66.334957,0.124525
-19.160606,-325.960616,-80.345195,0.007576
-22.137389,-360.048426,-70.779480,0.177970
-43.750398,-382.415488,-61.511524,0.206442
-27.066396,-361.265703,-50.724679,0.161494
-34.300742,-190.655823,-96.174892,0.779840
-31.115160,-358.322636,-79.009995,0.164206
-30.363047,-365.241618,-65.117191,0.276798
-21.597759,-318.955078,-71.072449,0.040775
-25.721597,-264.121543,-76.933572,0.782420
-21.260700,-298.552334,-77.019640,0.000001
-21.500042,-262.366383,-86.580939,0.046989
-46.410924,-154.752899,-98.478053,0.202298
-32.331484,-234.439356,-93.606317,0.691554
-29.182370,-228.550506,-86.679781,0.060380
-51.733923,-147.939737,-91.659511,0.172313
-27.428505,-324.521811,-85.028740,0.206573
-29.254577,-145.049495,-76.519573,0.326267
-43.926531,-141.895037,-87.413436,0.235651
-23.915479,-321.410663,-86.412261,0.125873
-13.498971,-374.440540,-83.832888,0.218390
-17.317852,-295.336098,-79.198272,0.283293
-28.388655,-324.788726,-87.518448,0.535807
-27.481195,-379.815172,-81.749919,0.195293
-22.977234,-317.033226,-72.693423,0.022050
-15.738475,-290.952873,-85.078576,0.722134
-23.567961,-213.046939,-87.003049,0.718235
-23.606756,-135.580433,-81.861328,0.218521
-23.513648,-244.290868,-88.560063,0.109227
-28.226808,-375.112284,-73.513265,0.054648
-42.643736,-182.929682,-89.423207,0.071265
-27.209076,-367.922321,-61.801858,0.202605
-41.624106,-372.949960,-90.406301,0.203391
-33.255540,-146.831554,-95.222892,0.337537
-25.569783,-286.975380,-77.934792,0.263540
-30.647267,-204.252396,-81.667475,0.945476
-36.305969,-133.353550,-83.388190,0.218374
-20.247831,-287.165721,-72.983223,0.743599
-37.275494,-119.750535,-73.009430,0.178133
-26.551997,-306.935887,-84.805864,0.167748
-24.197527,-382.625877,-58.402864,0.168565
-20.943373,-141.097878,-67.808943,0.206930
-33.839146,-181.278694,-94.922154,0.500231
-22.081010,-296.831553,-70.875522,0.699656
-44.926694,-164.685490,-83.633619,0.224782
-24.086095,-337.118816,-61.078879,0.296751
-48.596757,-168.458761,-98.352855,0.303973
-28.883492,-286.995237,-85.262647,0.666617
-38.224193,-140.283590,-93.349869,0.187968
-20.827985,-309.015681,-74.218196,0.010650
-43.767222,-136.421821,-73.612066,0.306205
-33.009763,-378.000637,-98.866115,0.171873
-35.126409,-131.623251,-79.172662,0.259322
-35.414103,-177.302490,-96.997687,0.608703
-37.035763,-374.621423,-97.218697,0.199576
-34.349990,-198.567436,-91.157768,0.019109
-36.979950,-190.256285,-86.380267,0.082946
-22.092747,-265.099006,-75.806728,0.767765
-19.816127,-321.696233,-85.915421,0.101798
-16.249333,-371.909824,-82.021187,0.175541
-24.518741,-225.624467,-83.202899,0.682876
-41.963165,-153.724047,-98.884950,0.202875
-35.724244,-367.355023,-55.222328,0.284367
-37.412882,-153.739246,-100.508992,0.332961
-40.429726,-371.624205,-98.818666,0.170081
-31.402622,-366.467831,-74.333669,0.129063
-37.748031,-364.731125,-50.022654,0.204583
-19.171208,-369.436543,-92.715886,0.129815
-21.837841,-322.288892,-73.502885,0.005004
-35.564700,-366.477055,-95.160463,0.192026
-24.226397,-293.725822,-89.235060,0.607194
-35.752763,-179.669933,-97.595871,0.652851
-20.146850,-295.684343,-76.436852,0.007443
-38.700731,-183.803659,-97.748767,0.715315
-29.168102,-377.707980,-64.162242,0.083769
-25.622121,-339.440348,-89.097197,0.257015
-35.316354,-360.006763,-52.246833,0.268338
-55.484342,-151.667622,-97.258789,0.153771
-26.663154,-382.985287,-93.205849,0.156654
-24.461576,-282.068464,-85.713940,0.005259
-43.276184,-366.285349,-56.845273,0.171045
-28.087096,-231.405576,-79.677826,0.846770
-30.294531,-325.453427,-82.544849,0.599693
-22.962329,-137.006639,-70.649631,0.282163
-23.444246,-327.587252,-75.235736,0.000001
-20.640987,-320.845372,-66.785423,0.476619
-27.866447,-360.012097,-56.193580,0.162677
-30.279744,-334.688527,-83.696507,0.462329
-25.843965,-221.383546,-86.954279,0.056769
-37.634617,-384.261342,-58.853866,0.198402
-31.705111,-141.714283,-88.603101,0.426778
-26.438433,-251.202473,-86.231558,0.004176
-13.984641,-376.818762,-86.036437,0.211099
-33.749340,-354.619587,-67.326421,0.269572
-30.227131,-308.487227,-80.577707,0.746635
-45.716367,-380.863078,-56.079163,0.210389
-29.668945,-193.579153,-83.181990,0.889965
-51.842159,-160.207928,-100.815646,0.295971
-39.434378,-129.940527,-62.395841,0.229492
-32.553592,-140.771669,-62.192808,0.241173
-19.275789,-344.776736,-69.567105,0.155572
-27.701354,-346.479713,-89.395799,0.211573
-25.053391,-327.656795,-89.582631,0.473487
-39.945201,-159.799094,-96.502227,0.130658
-46.597734,-163.826293,-97.577483,0.100208
-56.025339,-164.548278,-92.719844,0.225582
-13.975871,-374.730420,-81.720534,0.217104
-25.071586,-216.513869,-88.521069,0.311635
-22.971498,-366.322890,-83.388062,0.200149
-29.628857,-221.312295,-87.942278,0.036097
-35.865527,-198.011088,-87.010918,0.221080
-40.318886,-379.948826,-95.406155,0.252622
-41.361152,-180.948611,-96.051192,0.232470
-18.306018,-367.090931,-72.847803,0.130371
-36.151375,-168.855804,-97.489100,0.493969
-28.403048,-347.206188,-76.118782,0.011147
-26.397353,-288.408126,-86.597665,0.325383
-30.007862,-181.904485,-89.648967,0.599688
-40.982329,-139.438654,-81.988829,0.233953
-20.918017,-278.100450,-86.788598,0.047928
-27.230209,-232.965346,-83.810271,0.237251
-45.036410,-379.848576,-54.431370,0.184883
-37.258661,-127.090668,-79.116310,0.145826
-22.083725,-229.380815,-82.286820,0.810905
-27.987486,-219.719270,-87.704984,0.001324
-42.818350,-366.648294,-60.717999,0.175033
-34.272987,-145.478973,-72.318566,0.330652
-16.805164,-376.689768,-80.143242,0.224560
-16.740604,-301.424044,-76.481819,0.582797
-33.880880,-362.048170,-59.232876,0.338831
-28.686891,-374.584932,-96.208833,0.126006
-18.564735,-307.809697,-75.651379,0.225218
-30.352234,-141.638560,-62.754964,0.244474
-49.430452,-160.365947,-80.771640,0.214579
-22.479801,-343.889337,-62.774030,0.124434
-25.657105,-366.450612,-74.483883,0.129034
-31.019584,-378.076727,-74.221329,0.262612
-23.434972,-301.228395,-86.647233,0.176625
-25.086619,-131.600392,-71.987250,0.298968
-17.427908,-272.817919,-83.542489,0.538989
-18.064743,-325.209454,-70.371999,0.464204
-33.677926,-150.125871,-95.355819,0.360539
-29.547196,-171.976870,-87.511386,0.598900
-27.537199,-134.610533,-80.844992,0.208446
-25.343438,-268.872835,-90.176573,0.694883
-27.951419,-268.222242,-83.336928,0.265034
-31.628986,-185.265992,-86.749660,0.081337
-31.996901,-186.370961,-93.086473,0.407660
-17.232510,-373.466880,-66.205723,0.206793
-30.255317,-321.342826,-84.674742,0.702903
-15.293362,-375.287964,-79.341156,0.217459
-38.430199,-143.051225,-66.718224,0.226618
-43.194836,-140.604808,-99.975834,0.158880
-22.290834,-319.973193,-73.121255,0.010597
-25.538519,-243.588361,-78.272840,0.808008
-28.923274,-347.470021,-91.319057,0.316481
-19.042930,-368.045200,-85.166411,0.220385
-38.947347,-369.968343,-72.567019,0.285853
-15.690286,-327.847934,-75.857183,0.562262
-30.591206,-172.929302,-90.117213,0.563472
-32.002460,-380.499954,-66.066327,0.220935
-32.045871,-166.174534,-90.831555,0.519346
-31.224088,-239.411936,-89.987151,0.653815
-32.822522,-349.111302,-79.510398,0.328748
-31.484395,-355.619994,-94.400994,0.239782
-32.029512,-378.481652,-65.591628,0.129088
-18.551776,-339.131888,-71.418497,0.163915
-25.007289,-292.526952,-87.231955,0.302888
-28.848359,-327.516525,-71.553137,0.554127
-33.699861,-138.184277,-69.863206,0.371867
-40.301449,-131.609936,-72.525643,0.250803
-31.284436,-164.259716,-83.630936,0.417277
-27.157536,-359.179848,-91.967842,0.191897
-40.812379,-146.238210,-83.596758,0.134477
-22.805359,-352.832829,-92.201148,0.218230
-28.717176,-291.398084,-79.673392,0.771746
-19.802970,-376.570532,-60.301351,0.105801
-28.584681,-357.275618,-82.244088,0.137198
-20.776576,-324.169612,-71.342562,0.030330
-29.135171,-281.322576,-83.459066,0.659626
-35.731869,-217.962155,-91.290130,0.847568
-12.030233,-358.383593,-87.432156,0.189485
-54.117345,-152.109771,-95.074470,0.184369
-23.021930,-257.133242,-87.959420,0.028687
-30.440858,-377.471767,-52.000301,0.047706
-17.273124,-367.538611,-87.535197,0.230491
-43.921507,-374.752487,-91.011774,0.212657
-29.306612,-377.572352,-98.471175,0.141156
-24.519511,-317.013020,-77.876663,0.000001
-31.541211,-257.242395,-83.001531,0.847538
-30.864181,-379.642788,-54.585486,0.133733
-28.443476,-256.655622,-80.631333,0.860804
-15.332502,-329.561276,-82.391573,0.528982
-50.792736,-167.555376,-97.596642,0.267260
-22.414871,-301.381028,-73.582417,0.083943
-36.476889,-374.231450,-59.798190,0.116972
-19.154374,-334.219893,-77.021496,0.016989
-14.632971,-353.008184,-85.418807,0.171844
-30.946894,-189.013829,-91.002419,0.257556
-46.549368,-163.349370,-90.380711,0.090818
-33.162479,-382.786569,-50.677670,0.109869
-51.006668,-164.974995,-97.995555,0.243826
-19.869767,-305.250844,-70.617191,0.548229
-20.647895,-293.019137,-80.855409,0.000001
-46.836079,-180.439512,-90.064936,0.446837
-34.018346,-381.209211,-63.244793,0.185253
-30.569093,-382.880526,-52.160643,0.144849
-18.942850,-378.471125,-60.888881,0.122938
-30.582628,-371.488083,-98.843804,0.153963
-26.064265,-227.849037,-80.050736,0.853675
-28.331993,-194.580155,-83.738946,0.879842
-33.393282,-123.456609,-80.577030,0.128134
-38.128146,-359.739787,-52.480454,0.272242
-35.361089,-182.217980,-87.047708,0.000043
-32.356533,-372.060210,-80.882998,0.076874
-25.778334,-365.186722,-65.189513,0.250887
-24.585297,-276.392075,-77.693866,0.392307
-36.255007,-132.965237,-66.952208,0.268618
-25.523963,-239.252788,-91.946334,0.729774
-51.189071,-170.741250,-85.432878,0.338021
-52.573810,-140.755751,-96.075038,0.203380
-25.795908,-300.011767,-85.055070,0.056551
-49.911634,-161.343921,-90.127279,0.072938
-42.287498,-139.457226,-69.400260,0.296870
-20.147940,-332.834504,-70.058455,0.070942
-16.637982,-374.746873,-64.926916,0.191914
-16.290675,-350.967382,-88.560505,0.229627
-42.540292,-369.620144,-89.704153,0.191732
-30.664345,-147.459198,-89.514333,0.392195
-21.977725,-261.512343,-77.007830,0.792393
-27.356801,-242.122165,-91.430241,0.663286
-49.527890,-167.211770,-99.358378,0.337092
-16.407921,-337.364167,-82.426920,0.249599
-24.069943,-251.837316,-80.088340,0.616212
-34.617650,-140.859805,-66.556484,0.232813
-19.593891,-273.020759,-79.336148,0.238605
-33.967295,-127.600558,-61.175547,0.203795
-30.677817,-365.143900,-81.291129,0.256046
-40.199380,-142.325971,-67.811180,0.220500
-19.308688,-279.405051,-80.691161,0.070545
-17.402051,-267.796649,-77.794433,0.614611
-27.013609,-137.088096,-83.019557,0.204384
-16.818614,-370.607523,-75.863296,0.196512
-31.586213,-383.393668,-57.108495,0.182799
-19.659757,-353.482889,-88.197640,0.177177
-39.704106,-144.483595,-90.042635,0.257269
-37.525576,-379.006717,-55.830065,0.173460
-34.016334,-377.844452,-54.535778,0.110820
-27.385268,-221.593865,-88.299596,0.002353
-31.099611,-255.458303,-89.572286,0.745810
-21.681838,-301.916404,-70.016960,0.631016
-20.233313,-371.810186,-89.785464,0.155047
-21.262489,-316.729325,-70.828455,0.086925
-30.029931,-325.042927,-80.214236,0.619183
-37.579909,-153.199472,-90.169292,0.140154
-23.892629,-143.164188,-75.850030,0.230284
-17.514208,-292.345536,-88.436162,0.778259
-24.063187,-126.598923,-76.390240,0.170314
-52.440452,-158.238328,-98.249188,0.189835
-26.782689,-368.716132,-54.877269,0.161373
-32.233946,-384.259587,-52.320994,0.137181
-17.441142,-374.859114,-76.402452,0.243786
-25.351426,-347.035320,-65.785205,0.089573
-40.175962,-379.909041,-50.768464,0.081821
-29.883218,-353.978304,-57.290223,0.169298
-34.761923,-369.093511,-52.607241,0.219489
-42.877790,-166.706445,-89.651497,0.072257
-42.474596,-164.526414,-78.222409,0.446765
-18.892163,-129.960863,-71.981311,0.192363
-31.831243,-361.760263,-49.809293,0.244195
-32.831506,-133.803811,-66.651546,0.290259
-39.172688,-168.014200,-99.252252,0.407843
-16.927946,-299.117586,-83.186665,0.386055
-23.148113,-230.541167,-80.338879,0.764444
-17.899937,-305.029741,-78.266631,0.148306
-28.118979,-368.238089,-97.893817,0.137750
-34.309590,-141.616129,-62.920113,0.210567
-16.147890,-293.155126,-79.105001,0.611830
-31.695252,-385.517945,-57.557718,0.183132
-36.315973,-202.000706,-97.066399,0.589008
-41.741315,-141.126288,-68.384961,0.235131
-19.412943,-268.256772,-83.587572,0.105479
-33.077396,-155.072034,-91.859312,0.368245
-21.257840,-299.115322,-70.518191,0.628460
-49.359709,-146.794741,-102.202498,0.180506
-29.512709,-356.272308,-49.712039,0.155854
-45.444404,-160.924638,-79.425451,0.352197
-42.639256,-181.849715,-83.027069,0.567273
-28.246767,-311.113157,-77.138041,0.610344
-25.892426,-353.108863,-92.764093,0.219528
-25.961546,-329.985552,-66.472681,0.266853
-23.696249,-208.130721,-85.777717,0.722971
-28.134899,-285.956789,-78.034459,0.801732
-45.796039,-145.820288,-100.975361,0.166996
-33.822368,-146.162169,-68.724940,0.225925
-21.245447,-370.342188,-54.618923,0.118649
-26.330534,-319.150710,-74.249280,0.146402
-42.329826,-146.264735,-75.667261,0.414162
-40.792689,-162.694297,-80.025745,0.539733
-49.987342,-153.957147,-101.838414,0.210169
-41.281355,-372.056728,-92.501928,0.224096
-25.369855,-331.262951,-85.242591,0.086843
-23.794405,-262.009668,-83.822613,0.000001
-37.406202,-381.844767,-61.410972,0.190091
-31.658185,-130.253422,-69.291399,0.251302
-23.787205,-352.258036,-58.047258,0.137146
-39.105709,-207.750892,-92.432128,0.697346
-34.259079,-127.557728,-81.375159,0.137688
-43.413906,-145.451158,-80.382774,0.334169
-41.895413,-124.155980,-72.459868,0.185640
-16.227362,-356.426941,-72.649259,0.235347
-50.410560,-154.807153,-83.583641,0.184665
-32.288406,-373.172568,-91.754972,0.178309
-29.163233,-210.040177,-95.918109,0.739994
-19.059577,-318.170192,-80.912191,0.005597
-39.311044,-361.655111,-55.026061,0.301826
-40.106224,-375.655534,-47.718123,0.118765
-30.182631,-125.696200,-62.777520,0.178781
-29.154298,-330.077661,-73.362714,0.489738
-34.485591,-153.168033,-94.712632,0.342435
-30.170487,-231.146705,-86.406158,0.181874
-24.241543,-128.432848,-69.691301,0.199649
-45.495786,-159.159502,-84.554022,0.174642
-23.577517,-120.909694,-72.417656,0.216328
-43.525524,-368.229889,-60.105142,0.172660
-18.772436,-138.275298,-73.524463,0.248934
-15.314364,-358.447551,-76.897214,0.211537
-28.022786,-373.412750,-50.821495,0.039063
-44.563689,-188.432033,-92.314242,0.593740
-26.258866,-134.028926,-61.947341,0.234165
-30.666989,-306.182291,-82.938743,0.846954
-32.469224,-211.563049,-84.323472,0.781888
-53.545945,-160.177959,-99.906114,0.269669
-30.054292,-359.746414,-96.754727,0.197722
-38.634380,-378.820644,-53.808293,0.149003
-51.318242,-151.986583,-91.227814,0.180460
-23.752861,-366.458826,-94.349541,0.165712
-32.352939,-193.935541,-89.761267,0.000383
-27.980604,-249.399223,-87.397652,0.111447
-28.891181,-268.059238,-85.553002,0.439450
-37.434652,-382.912524,-50.446230,0.105570
-18.377593,-314.652731,-79.527659,0.020831
-22.239296,-376.216036,-68.097428,0.175592
-17.853279,-265.011574,-82.543900,0.619046
-31.125904,-362.624740,-79.781514,0.210055
-59.313914,-156.616055,-89.670993,0.197311
-29.376866,-328.493583,-87.589854,0.564115
-53.098056,-148.837350,-99.172852,0.131108
-23.203170,-291.736870,-74.534992,0.333269
-23.703712,-245.699830,-80.646333,0.612897
-25.592342,-228.491672,-90.355670,0.258799
-28.460391,-340.911325,-76.147667,0.079300
-17.105996,-374.660058,-86.780564,0.171499
-51.813793,-153.221089,-101.865236,0.149772
-26.936507,-360.711830,-66.915230,0.160083
-31.360604,-243.437040,-89.260387,0.728203
-43.698998,-144.289284,-101.557386,0.167062
-39.121638,-193.588618,-86.254407,0.704590
-39.171336,-204.481932,-87.366778,0.797861
-34.881475,-186.089376,-88.055863,0.000001
-16.424688,-280.289386,-83.075498,0.663442
-38.119336,-193.115329,-90.770094,0.074745
-47.453202,-156.791914,-102.608873,0.292955
-23.330002,-238.727490,-85.682395,0.055011
-35.143729,-178.189327,-94.251409,0.162509
-21.215933,-337.025065,-84.341990,0.051958
-40.732089,-148.333551,-101.338248,0.246317
-53.132965,-162.012994,-88.318492,0.095149
-15.642276,-301.091654,-83.552899,0.672096
-32.775278,-169.010896,-94.153055,0.501150
-39.916208,-183.658461,-91.566494,0.000001
-13.344689,-368.987614,-85.942213,0.192286
-20.102346,-271.596856,-88.033971,0.412479
-44.893921,-161.795560,-82.418830,0.270173
-30.792476,-176.074679,-90.408821,0.549625
-21.257486,-326.922454,-82.782086,0.007223
-20.605906,-379.407044,-62.034254,0.135244
-37.386546,-369.798812,-97.048130,0.158946
-30.716466,-218.713558,-86.472038,0.230814
-24.505073,-125.010892,-64.950473,0.192401
-19.045443,-344.260638,-84.901991,0.140470
-29.332129,-350.386224,-89.914385,0.248136
-21.344804,-293.225060,-83.520319,0.000001
-19.493990,-361.924614,-93.491524,0.177461
-23.974975,-298.065664,-71.605721,0.697728
-28.717146,-280.223066,-79.275030,0.836810
-22.143721,-350.748538,-77.692601,0.039362
-13.629974,-367.938533,-81.353245,0.176276
-15.654310,-343.134410,-86.119846,0.334274
-36.757715,-194.742467,-90.014668,0.058176
-21.753279,-320.824959,-69.078688,0.117593
-25.303809,-226.813025,-81.629452,0.934187
-24.668923,-309.780844,-73.678428,0.183088
-29.297824,-136.131867,-84.753426,0.235416
-14.755972,-378.359876,-84.944772,0.213255
-41.166792,-381.249168,-62.002929,0.192114
-39.340062,-371.781561,-67.516331,0.224324
-35.720359,-227.937461,-87.772092,0.881880
-23.569564,-137.536220,-66.212072,0.238178
-31.202778,-214.886851,-92.816058,0.429665
-20.103418,-295.288556,-87.950831,0.414574
-30.424879,-233.682995,-86.951774,0.266509
-19.186686,-248.071041,-83.103852,0.819871
-29.351437,-226.682768,-94.356693,0.883345
-40.298690,-156.133839,-92.980856,0.102402
-16.232481,-325.402725,-85.638734,0.541590
-37.356481,-377.327763,-51.749208,0.096459
-49.988871,-169.288740,-97.280528,0.303841
-27.348658,-353.119668,-52.536123,0.181466
-31.698060,-123.642579,-77.303951,0.151865
-20.705413,-279.720972,-78.699963,0.008281
-42.573563,-370.088111,-58.016376,0.192734
-28.757637,-303.387915,-84.209978,0.582159
-28.676491,-201.981009,-84.182453,0.628630
-44.632878,-179.055407,-90.979151,0.108523
-31.620272,-346.758854,-77.202535,0.305254
-35.785562,-359.293914,-77.596006,0.241433
-24.241146,-251.181111,-89.848103,0.222363
-25.400637,-223.324993,-85.345624,0.181216
-21.034001,-253.765731,-80.709550,0.531857
-21.681691,-345.625839,-59.911522,0.248312
-47.976995,-143.427423,-92.079451,0.153497
-37.198015,-176.277767,-88.173261,0.016205
-32.461019,-380.494445,-93.857936,0.170403
-35.929984,-146.739647,-73.317818,0.373720
-32.099204,-211.875142,-91.261517,0.158591
-21.762976,-131.432012,-80.122104,0.183412
-30.408122,-119.216557,-70.959221,0.209708
-54.091351,-167.150539,-93.247114,0.239489
-28.090098,-213.722839,-80.629984,0.820862
-39.579325,-167.918375,-82.549374,0.236515
-16.833074,-294.635095,-85.095483,0.576161
-34.892141,-196.218236,-96.044086,0.853871
-22.537755,-378.517636,-72.790339,0.225757
-44.508224,-141.641467,-74.580667,0.260312
-35.202992,-203.849241,-86.412255,0.517705
-27.634000,-286.420886,-82.217470,0.248054
-41.294492,-141.639686,-80.203205,0.226981
-20.277549,-282.548402,-82.198843,0.000001
-29.693210,-374.044302,-66.620589,0.024397
-19.856246,-355.315605,-65.885196,0.187718
-34.069695,-201.123340,-85.250619,0.504789
-28.219292,-198.903179,-91.210979,0.638992
-24.192389,-320.456963,-68.563272,0.204846
-27.649634,-273.774059,-77.251491,0.819754
-23.733534,-264.553063,-83.869919,0.000001
-31.310221,-192.066109,-89.206629,0.034714
-15.026564,-374.934113,-86.253757,0.196928
-20.759762,-126.345888,-77.829778,0.170374
-36.208613,-140.017812,-83.730476,0.222917
-17.674706,-263.225389,-79.749288,0.685920
-15.019249,-347.347600,-84.741483,0.264517
-30.811511,-244.654435,-86.752209,0.499229
-34.615229,-368.317638,-50.214577,0.173446
-20.127288,-379.277067,-81.867204,0.193912
-16.609677,-292.545834,-86.144321,0.757292
-19.903778,-361.796207,-58.577003,0.160379
-36.151310,-368.060162,-77.733265,0.186268
-21.380448,-264.622537,-91.174121,0.799642
-39.135745,-165.608913,-100.056891,0.397193
-22.567995,-215.542228,-86.407151,0.773414
-37.408670,-370.093637,-92.945364,0.194094
-28.852537,-134.258956,-64.849957,0.295133
-32.584680,-357.681796,-59.240074,0.200084
-30.783502,-370.299694,-95.636321,0.186778
-24.081000,-304.341643,-86.345575,0.093086
-23.951410,-272.208098,-77.493831,0.476008
-22.079818,-374.651830,-65.296006,0.163633
-18.389815,-367.001064,-61.001559,0.151718
-36.892630,-371.429712,-95.099791,0.174844
-31.290803,-342.018620,-82.748901,0.435925
-26.895396,-366.341907,-60.141247,0.221033
-35.918049,-214.081339,-87.048455,0.918260
-29.326750,-350.990814,-63.629907,0.164852
-34.125922,-189.151638,-81.476065,0.812577
-16.933709,-297.175643,-75.665626,0.594363
-17.798499,-363.163273,-73.171489,0.187733
-45.102424,-162.262173,-85.348749,0.146525
-41.967725,-142.750992,-87.848220,0.280406
-31.636118,-227.084161,-82.133060,0.918730
-17.724604,-324.944827,-78.357035,0.124713
-18.670306,-284.772647,-78.646788,0.150970
-34.451305,-178.458011,-90.815473,0.012097
-27.905706,-250.920950,-79.459945,0.867821
-41.727583,-371.066574,-84.730400,0.168777
-44.876769,-163.900869,-80.216476,0.318622
-30.274611,-207.505415,-88.605313,0.000001
-49.081842,-378.931490,-56.081522,0.221031
-37.326967,-372.339979,-48.161177,0.149475
-19.281866,-373.370891,-56.597045,0.107435
-30.509207,-130.947738,-64.233365,0.171544
-22.562200,-347.666597,-59.615142,0.168318
-34.061124,-159.929680,-93.287959,0.430875
-38.062322,-149.969618,-74.399653,0.436078
-48.416480,-148.093730,-99.820643,0.165028
-19.393749,-356.143554,-70.571274,0.160714
-41.334248,-143.726902,-77.066500,0.298081
-28.042994,-257.255516,-85.222095,0.136536
-31.362096,-268.405971,-85.878227,0.888028
-24.472601,-210.784719,-83.792002,0.774006
-30.306640,-383.248880,-94.456872,0.172913
-36.664521,-147.675214,-98.849252,0.295681
-26.808766,-342.732618,-72.217156,0.019738
-36.139514,-223.945119,-90.675593,0.790383
-19.302716,-358.776825,-82.066454,0.169708
-27.853644,-191.561759,-84.171813,0.743859
-27.553090,-335.183705,-82.770289,0.112393
-29.885024,-346.777914,-57.163208,0.409635
-24.677288,-127.537426,-72.209909,0.206651
-27.247680,-267.904657,-88.877717,0.539634
-28.658369,-344.368464,-58.156903,0.403948
-31.596636,-123.075900,-63.336622,0.227777
-44.832719,-134.404536,-72.219840,0.205184
-21.640945,-304.062523,-70.238999,0.569128
-15.781653,-359.282162,-75.269861,0.209257
-21.373609,-360.079904,-92.499224,0.178231
-27.855751,-349.844829,-75.527143,0.006979
-29.914718,-356.341072,-57.023470,0.168607
-56.463008,-156.195297,-96.405470,0.205443
-14.984263,-323.470840,-80.366395,0.628852
-27.215299,-229.685020,-79.334827,0.758251
-21.550107,-343.603280,-60.790459,0.281225
-21.773261,-341.362653,-72.480949,0.008934
-41.432968,-385.038727,-56.198432,0.188653
-33.243331,-179.895597,-81.346741,0.738868
-24.843024,-282.269552,-81.339788,0.004435
-32.679904,-361.454718,-94.346586,0.206200
-27.241177,-360.918419,-97.507235,0.182078
-32.408033,-202.745275,-84.356937,0.463606
-35.948075,-356.452555,-52.890900,0.219329
-30.047061,-349.481665,-87.879655,0.276159
-26.302649,-381.900837,-64.146292,0.182333
-37.919577,-375.915674,-62.600001,0.150361
-30.786894,-166.651969,-81.487625,0.543687
-26.594262,-216.964213,-86.931492,0.058824
-36.832129,-145.780596,-69.625132,0.270708
-19.173012,-380.249596,-87.496328,0.143228
-32.989892,-356.705470,-94.759316,0.225564
-32.230689,-365.912989,-98.181146,0.171303
-22.223790,-129.706202,-68.973795,0.196319
-24.890578,-379.243823,-56.676675,0.112186
-16.919115,-361.904499,-65.406870,0.177097
-32.565926,-351.625755,-84.979229,0.312096
-55.649887,-147.354291,-98.993526,0.141603
-28.891738,-237.641496,-79.205151,0.739211
-34.843366,-212.792381,-94.294623,0.863810
-22.338754,-131.827915,-75.366405,0.295503
-29.424304,-276.406510,-80.703599,0.803508
-20.556777,-376.970865,-84.118699,0.145440
-20.030069,-261.774519,-90.630128,0.800965
-22.841899,-353.034258,-64.660952,0.127262
-33.424924,-192.621708,-95.005040,0.579976
-18.100852,-324.769861,-75.976182,0.090109
-42.901417,-136.636553,-75.204879,0.327743
-15.183899,-357.384287,-80.371137,0.213616
-27.966650,-382.236015,-51.233793,0.163040
-45.454677,-371.906566,-56.197177,0.176781
-16.969801,-276.332188,-80.355963,0.622640
-21.252338,-268.166035,-77.797856,0.525300
-15.609693,-319.351862,-76.597694,0.547380
-37.467406,-174.199732,-99.126940,0.574045
-55.839709,-158.388088,-97.163348,0.197872
-28.603609,-224.156769,-87.893485,0.006958
-18.678463,-366.832031,-66.817427,0.159427
-24.631353,-360.544794,-49.212600,0.132789
-26.150416,-373.916379,-97.637797,0.106059
-30.796041,-357.548166,-58.361964,0.184941
-25.921107,-314.771172,-88.538333,0.532341
-16.423277,-301.761540,-78.675756,0.479661
-20.679227,-354.856074,-81.402576,0.133272
-54.064613,-147.571441,-93.551268,0.146824
-34.220306,-206.453517,-82.366622,0.859816
-32.920034,-374.057391,-52.437478,0.074200
-21.625096,-317.042049,-82.163799,0.000001
-29.854029,-193.460209,-90.767959,0.315402
-25.877459,-278.795044,-79.969426,0.232692
-15.664929,-356.960178,-75.104158,0.229683
-28.166177,-313.990018,-87.935774,0.520634
-23.918641,-309.745860,-78.537727,0.000001
-44.507982,-380.340724,-51.972744,0.145384
-25.903728,-333.718034,-68.838670,0.085452
-53.574158,-143.991673,-100.592921,0.158767
-41.303474,-153.328427,-89.860659,0.153179
-30.426354,-157.689538,-87.004045,0.413871
-26.244623,-353.198374,-58.435754,0.139642
-47.713590,-165.329704,-92.068101,0.084008
-19.864796,-339.278339,-68.098066,0.169338
-25.326458,-326.742113,-77.954941,0.000001
-44.306342,-146.245866,-84.301417,0.195872
-17.836485,-328.826245,-80.344863,0.135477
-37.432635,-371.620563,-52.444426,0.162455
-22.398519,-130.615873,-78.537659,0.204534
-30.901444,-224.234728,-85.196137,0.364810
-49.732178,-175.786963,-91.278756,0.400079
-34.980476,-194.328253,-95.545091,0.741735
-26.672742,-297.521472,-77.208295,0.558107
-17.979109,-278.272199,-82.609572,0.286587
-19.754909,-286.375849,-76.807423,0.107672
-31.929825,-259.297756,-84.600535,0.905252
-26.615295,-345.505975,-87.217639,0.164927
-32.023446,-143.219955,-81.817605,0.267348
-52.421626,-163.877141,-91.759831,0.066947
-32.103925,-192.782233,-81.603419,0.814950
-35.656227,-363.273871,-51.582592,0.219710
-29.587976,-355.767627,-59.260005,0.163038
-52.186460,-160.972336,-96.002967,0.082969
-21.025884,-280.985175,-80.637902,0.000001
-29.017124,-294.832259,-86.517565,0.652122
-30.275549,-246.514814,-85.443572,0.562433
-29.169565,-380.017847,-75.662326,0.245198
-36.782828,-184.619640,-98.149587,0.688032
-30.272915,-293.477553,-86.711984,0.570258
-17.747489,-318.301858,-82.153786,0.191731
-46.913721,-373.043491,-52.868702,0.162182
-24.587241,-284.591697,-86.382500,0.040907
-36.330883,-365.995935,-90.687620,0.276328
-33.639197,-163.720630,-80.863994,0.561985
-29.892153,-344.357142,-74.168919,0.166598
-30.137602,-335.227707,-78.153379,0.461041
-26.989600,-148.577982,-77.407924,0.353323
-48.311770,-369.474608,-59.455041,0.204475
-30.091600,-254.662928,-87.619681,0.578666
-31.185341,-190.830003,-81.509498,0.753112
-38.168814,-365.981619,-94.981085,0.151777
-30.503161,-203.565453,-88.571269,0.000138
-17.307668,-352.078101,-69.506388,0.275158
-24.559191,-251.829437,-77.604726,0.770337
-29.429337,-297.849846,-81.647896,0.770326
-51.760522,-156.340174,-93.775303,0.110843
-31.307207,-360.644818,-58.045814,0.222014
-32.487350,-220.050539,-82.054769,0.856633
-22.119346,-346.420648,-58.192288,0.286839
-37.701651,-131.075691,-63.831342,0.222450
-18.565377,-314.076128,-76.097311,0.105662
-33.261279,-368.600069,-79.964531,0.178976
-36.762177,-362.498342,-79.844474,0.240182
-18.069660,-129.733009,-74.571738,0.189333
-18.218366,-295.927677,-77.340171,0.238471
-37.195475,-363.513030,-77.651286,0.209484
-37.012388,-149.368857,-100.397119,0.292995
-35.346629,-200.035852,-89.145380,0.115833
-54.703361,-150.830993,-99.954889,0.153626
-24.294001,-369.484594,-77.884533,0.131864
-28.213806,-129.058496,-64.011456,0.119219
-30.502866,-338.729027,-73.345243,0.341543
-47.096295,-144.559403,-98.493455,0.123657
-43.763486,-150.197002,-81.611390,0.202511
-34.930555,-204.120728,-93.823416,0.540726
-37.743741,-373.522387,-64.757565,0.134481
-47.739244,-380.452570,-53.414060,0.186770
-24.723697,-229.366534,-86.058246,0.059024
-25.777344,-333.215289,-80.346544,0.003961
-31.227904,-179.675446,-81.695599,0.670843
-37.284633,-384.044854,-61.045559,0.193375
-19.081570,-360.215997,-60.059167,0.173376
-16.720413,-280.926752,-80.104214,0.559290
-23.321110,-377.366595,-61.191219,0.123966
-36.778114,-369.637116,-69.587523,0.094134
-22.836422,-219.513356,-90.221861,0.775474
-16.723947,-367.099603,-83.505340,0.218847
-40.037775,-141.559485,-87.578098,0.270194
-21.225414,-379.206582,-74.520304,0.222284
-26.418013,-307.129504,-75.319108,0.499776
-46.849824,-139.433440,-96.779858,0.202034
-38.077719,-363.821549,-62.010248,0.223989
-37.116541,-137.461854,-70.134538,0.369429
-41.995840,-125.472842,-70.504018,0.193840
-34.688784,-224.815747,-89.167723,0.759374
-32.771216,-133.549032,-60.127213,0.196700
-14.405811,-368.824837,-89.513958,0.162470
-37.364587,-140.825853,-70.023212,0.330044
-32.184112,-240.472986,-91.867192,0.739848
-29.910837,-356.535305,-95.313368,0.225276
-19.225445,-326.855666,-70.871526,0.180656
-26.640675,-330.548273,-80.556460,0.017526
-27.809468,-305.800013,-88.169307,0.530360
-48.487237,-153.414832,-84.575128,0.180335
-24.694300,-270.207659,-76.049826,0.776014
-21.763076,-351.039957,-92.154287,0.242995
-41.663322,-159.895776,-92.889645,0.085908
-17.656230,-314.960221,-83.357283,0.216035
-31.026169,-182.391225,-87.594369,0.162162
-34.596510,-174.481217,-83.144958,0.446424
-20.238594,-130.277153,-70.561338,0.190730
-22.762383,-297.377904,-81.782375,0.000001
-41.616753,-384.411936,-59.229393,0.202060
-42.238592,-368.251926,-56.789502,0.182024
-24.706517,-323.248377,-88.614578,0.467735
-18.498139,-366.630443,-62.922344,0.147627
-41.749113,-145.828423,-87.072060,0.189755
-38.162170,-143.931270,-90.591413,0.308098
-20.397295,-295.898057,-70.970308,0.629311
-26.327395,-322.213084,-78.475386,0.002316
-54.233596,-161.789546,-86.723691,0.143189
-40.530745,-158.175016,-97.806691,0.164719
-50.631441,-153.472590,-85.479612,0.156958
-34.307585,-138.750264,-88.404708,0.280302
-38.317751,-210.639406,-90.796340,0.792283
-35.378120,-383.519658,-92.037543,0.192858
-28.873136,-326.204354,-73.861414,0.527820
-33.625448,-354.141272,-73.937186,0.239621
-26.391978,-134.000544,-65.384438,0.305209
-27.665909,-329.440654,-67.187362,0.509249
-21.363541,-305.518595,-77.509097,0.000001
-17.224496,-345.226127,-67.693691,0.351626
-35.593243,-140.764257,-74.788771,0.302569
-44.675358,-144.495288,-99.530661,0.124157
-18.816466,-373.599093,-74.252714,0.204558
-39.920386,-144.651195,-70.238697,0.272003
-38.017948,-377.981348,-96.947519,0.219197
-30.424577,-358.980025,-53.641941,0.177734
-37.140283,-133.209018,-60.027505,0.223833
-42.395113,-371.049857,-63.079033,0.179210
-21.429220,-341.116810,-62.665539,0.210970
-32.414731,-353.881464,-63.733678,0.254798
-43.206153,-183.225009,-96.132200,0.659037
-16.888712,-355.313619,-82.965617,0.170134
-29.662944,-150.924793,-85.158322,0.357050
-34.467115,-365.839372,-57.454936,0.240093
-15.343143,-314.482523,-79.080688,0.596854
-17.668340,-276.561836,-85.911242,0.626414
-28.305314,-149.595286,-81.495036,0.419581
-23.875489,-250.947086,-82.108375,0.078140
-29.001801,-213.950434,-87.120230,0.024502
-35.595982,-177.752934,-80.669577,0.628436
-25.535508,-382.892669,-88.338982,0.152775
-40.986863,-145.447274,-72.704077,0.356591
-18.258265,-306.500736,-77.046741,0.165453
-17.090737,-306.683879,-86.975602,0.739723
-41.734540,-128.967010,-70.699280,0.192901
-39.662512,-369.563404,-93.060911,0.180947
-31.079399,-289.636734,-84.558345,0.818230
-43.428149,-144.185903,-75.077931,0.310694
-34.433666,-187.812260,-96.941300,0.785721
-26.024912,-358.470217,-57.876435,0.156895
-31.890751,-377.366352,-94.576095,0.184938
-38.093432,-379.486357,-90.415404,0.207318
-16.744334,-354.448513,-85.378855,0.183506
-27.070601,-339.544172,-78.191335,0.003809
-26.268178,-351.343362,-79.903670,0.054884
-38.809262,-190.828496,-87.118391,0.220670
-34.091342,-163.056556,-87.990412,0.131801
-18.853493,-329.169133,-83.167403,0.040627
-20.284625,-132.424501,-78.974768,0.193436
-20.713854,-378.997319,-56.107079,0.122843
-33.547900,-176.491796,-85.856838,0.115376
-21.537637,-321.776464,-77.311502,0.002391
-24.301379,-235.218002,-92.213807,0.821904
-20.005027,-262.250016,-76.709278,0.711299
-28.978320,-331.540343,-71.359520,0.399309
-40.201080,-164.701707,-87.436309,0.095020
-50.747829,-166.189384,-82.210673,0.246650
-23.502565,-329.424519,-87.909696,0.207787
-29.831565,-135.456444,-60.135520,0.200613
-31.458328,-140.013998,-77.367003,0.301019
-32.579216,-352.105222,-75.870565,0.253992
-19.095539,-283.143340,-85.238531,0.110362
-16.939356,-324.694534,-72.605099,0.477830
-46.201982,-155.815672,-100.380283,0.219265
-27.754194,-243.732989,-88.442937,0.069481
-17.875139,-358.021640,-72.892783,0.174735
-39.528262,-377.991450,-57.728423,0.193726
-30.724233,-277.104451,-85.960218,0.834341
-24.165089,-360.632537,-66.533089,0.173484
-51.272397,-167.728825,-92.286788,0.109473
-32.757406,-372.931280,-77.994893,0.063033
-22.544012,-132.452699,-63.683472,0.207271
-39.957278,-125.340221,-76.222082,0.139824
-27.357425,-319.012175,-70.998151,0.541842
-32.110646,-378.822040,-56.621127,0.146335
-18.453686,-302.945319,-82.081196,0.043202
-39.016318,-193.477645,-89.170468,0.244530
-19.962986,-318.646555,-88.518293,0.491345
-46.229536,-367.873045,-59.148765,0.166155
-41.129562,-131.340898,-75.650630,0.238173
-25.379137,-255.565294,-91.896266,0.776856
-31.373507,-350.040571,-57.007444,0.346488
-55.570152,-158.886827,-92.253933,0.083024
-35.375975,-128.825850,-74.850382,0.196097
-15.110796,-342.462034,-79.132582,0.407269
-27.639688,-230.612720,-86.439486,0.013749
-13.387781,-358.885754,-81.620492,0.224948
-34.427907,-165.218317,-95.748215,0.433568
-22.026987,-217.809173,-86.562185,0.715106
-30.701212,-359.683875,-51.080285,0.179213
-30.930005,-319.584103,-82.522597,0.689861
-17.413734,-376.599216,-63.209792,0.187648
-21.130260,-377.138649,-73.769437,0.221164
-33.234563,-131.589221,-81.412457,0.238206
-29.669429,-251.783573,-87.566354,0.438181
-15.497641,-342.376666,-81.571447,0.314923
-17.153276,-336.456361,-71.951983,0.347038
-40.872010,-191.841059,-92.578085,0.533884
-39.978551,-379.940747,-63.807211,0.193842
-20.517575,-306.278456,-73.837549,0.047805
-20.149760,-313.561374,-77.328501,0.000001
-18.079068,-331.105080,-68.629199,0.453319
-46.739319,-148.193032,-102.531360,0.214381
-47.132366,-143.570770,-85.378951,0.256071
-23.078687,-299.930657,-75.688301,0.013006
-20.347868,-300.164043,-89.493398,0.616225
-23.848412,-332.350727,-90.118737,0.446678
-32.796150,-150.937394,-78.515893,0.315033
-22.859594,-278.435400,-74.194886,0.779179
-27.193879,-139.071232,-85.303404,0.265341
-41.068550,-380.333496,-52.389079,0.120447
-24.495971,-369.871216,-62.269524,0.198950
-20.712271,-351.805831,-61.793557,0.178470
-27.930819,-187.503441,-88.689471,0.696171
-27.785133,-206.022594,-82.285634,0.949282
-32.358449,-367.861863,-98.704598,0.127989
-19.803930,-336.979332,-79.847499,0.025155
-36.191427,-204.681141,-89.338708,0.374113
-32.246158,-180.256454,-92.550889,0.471670
-21.590785,-285.796414,-86.567076,0.015394
-31.022471,-372.272549,-96.359319,0.162168
-35.743811,-174.671649,-88.474425,0.043930
-20.584698,-373.497841,-54.338025,0.108413
-27.947261,-130.907003,-68.337184,0.256886
-47.719527,-179.183026,-88.577125,0.485679
-32.202869,-235.230082,-89.703388,0.608757
-41.561602,-383.015230,-56.522657,0.183796
-39.377313,-189.523401,-93.795918,0.261589
-32.214928,-119.457319,-74.362906,0.182267
-29.756507,-197.267889,-92.085702,0.486319
-40.245883,-127.503313,-63.764695,0.222466
-55.042590,-143.949942,-99.409754,0.146826
-23.927379,-355.021830,-62.403872,0.136137
-33.727280,-381.333143,-65.279820,0.217851
-22.186329,-129.841207,-65.703145,0.174578
-26.942201,-364.870001,-97.343108,0.168656
-19.178800,-371.626984,-74.426335,0.173536
-26.578685,-377.468781,-50.767279,0.049926
-28.881077,-313.140431,-80.864067,0.444213
-33.455198,-142.068024,-90.511686,0.363763
-22.014693,-133.467149,-69.766041,0.275021
-28.504853,-337.015050,-71.639075,0.183449
-36.265790,-184.478972,-83.765503,0.338846
-31.345154,-348.259872,-72.901255,0.261344
-30.125063,-146.237641,-74.777519,0.361256
-29.457905,-315.566331,-86.694459,0.651183
-27.792506,-332.253461,-85.855711,0.249129
-24.723512,-329.330639,-63.478556,0.416300
-26.654276,-195.147500,-89.778934,0.729113
-47.626517,-165.955581,-79.712496,0.237381
-32.190840,-369.271933,-96.500718,0.187406
-23.417364,-266.782978,-77.464649,0.632572
-45.888290,-182.140300,-93.755220,0.509873
-25.816661,-141.557114,-66.346847,0.234034
-18.703846,-321.672106,-79.516190,0.016474
-33.499637,-354.396670,-84.911983,0.275131
-26.361304,-267.435596,-82.159245,0.117492
-54.885017,-154.895591,-96.641745,0.224356
-15.602523,-368.889734,-87.258770,0.194166
-38.997533,-372.357568,-65.694516,0.188323
-25.858869,-238.731467,-83.222491,0.214128
-19.085895,-277.189752,-79.801169,0.132816
-19.676005,-320.456462,-84.047208,0.017827
-37.819746,-148.511103,-81.709965,0.116019
-28.871269,-234.544659,-82.430542,0.765041
-23.936515,-302.355594,-70.900991,0.699169
-37.546545,-162.609121,-81.550671,0.363826
-45.183977,-161.010521,-102.920979,0.326704
-26.413595,-191.253772,-87.580572,0.624751
-29.480894,-174.223658,-88.915732,0.576955
-44.838559,-171.338950,-99.730693,0.428716
-20.410766,-348.694064,-91.153081,0.267570
-26.049497,-359.661035,-93.904970,0.184711
-20.832503,-355.914364,-55.351742,0.180950
-27.768197,-151.712860,-80.783874,0.405254
-19.801842,-347.030429,-80.396434,0.095994
-39.870592,-384.657750,-52.576154,0.132988
-39.103041,-128.360992,-67.593888,0.220288
-32.795900,-243.078236,-91.255979,0.629197
-23.566896,-248.332718,-81.369192,0.227241
-30.569287,-372.074501,-48.997711,0.047335
-37.466570,-363.490914,-69.806417,0.185448
-26.700815,-237.816347,-86.710910,0.000122
-18.192297,-136.423111,-73.910922,0.219420
-29.080887,-376.066876,-81.419075,0.123015
-35.464250,-380.979085,-94.586129,0.215036
-27.206430,-359.175584,-63.978150,0.160698
-19.993034,-232.663066,-86.259753,0.740716
-31.307925,-275.140582,-82.685385,0.833145
-37.761150,-161.632043,-84.802058,0.150172
-24.120826,-254.495797,-79.555702,0.607207
-26.926186,-290.458509,-81.826587,0.072437
-27.492155,-344.510937,-65.768645,0.131131
-25.730805,-377.351111,-84.025746,0.145513
-24.633401,-123.062146,-66.645586,0.210477
-27.163864,-361.475089,-91.348500,0.196463
-31.148749,-147.178781,-91.667224,0.370899
-42.365585,-372.996101,-97.572867,0.198227
-31.034008,-145.263807,-83.271357,0.260274
-34.576765,-183.435325,-90.585760,0.000001
-56.569268,-157.346035,-86.737611,0.173355
-35.823989,-127.964110,-77.732366,0.186439
-31.238788,-263.003630,-82.992570,0.880598
-26.595036,-289.460817,-79.453347,0.393227
-40.292655,-149.110304,-97.343957,0.255795
-33.795109,-134.873750,-81.929993,0.240945
-16.930522,-332.232978,-73.983634,0.358004
-29.566697,-248.099853,-90.607639,0.799396
-20.461266,-228.569602,-85.348478,0.686351
-32.116348,-360.820479,-77.444911,0.215734
-34.652643,-371.869213,-52.226428,0.144006
-28.642395,-217.520414,-80.724843,0.868413
-27.214896,-222.855977,-90.854025,0.202060
-33.098499,-173.606556,-94.263378,0.559891
-35.771588,-158.305285,-97.901733,0.393639
-16.414025,-274.626039,-82.286903,0.697951
-33.943954,-170.206885,-91.593998,0.288907
-26.746851,-328.874383,-78.049602,0.003480
-35.522198,-138.628321,-64.788817,0.249850
-37.666002,-376.279721,-65.390848,0.190785
-25.258965,-303.550742,-77.439237,0.077936
-22.463112,-235.323735,-79.771134,0.721829
-22.904095,-143.072670,-78.338524,0.205094
-26.966511,-202.979831,-90.549550,0.612039
-28.793867,-378.662297,-93.978569,0.125946
-41.235735,-368.539396,-87.765594,0.175173
-30.079172,-366.425041,-88.859496,0.289826
-37.005426,-159.314368,-78.097031,0.402486
-24.729935,-347.287978,-62.898979,0.101839
-17.595329,-313.712947,-72.934560,0.516927
-31.423856,-365.292634,-78.339760,0.258330
-20.215329,-347.007928,-87.340214,0.152415
-23.672468,-365.217314,-88.732032,0.222572
-32.734127,-162.470908,-82.775159,0.341991
-22.704016,-342.882922,-79.130852,0.007497
-37.772063,-367.669420,-73.349438,0.239183
-24.653214,-280.135336,-87.764802,0.209226
-37.377016,-175.943073,-90.565898,0.004152
-32.134934,-195.962976,-86.920808,0.003653
-21.943629,-347.784552,-62.825596,0.125321
-30.895157,-385.377580,-59.320200,0.175523
-37.121339,-367.359961,-92.685167,0.203840
-21.217440,-344.034194,-67.305456,0.095362
-25.044609,-375.189168,-73.944910,0.116434
-36.470673,-156.864964,-79.392409,0.374379
-20.993785,-352.382094,-57.439875,0.226203
-28.800398,-131.137531,-83.593809,0.150487
-26.992480,-336.133571,-88.506584,0.350101
-26.293525,-279.711507,-78.415842,0.652535
-40.833990,-180.893213,-82.114668,0.582224
-24.993731,-348.309240,-91.670389,0.251055
-31.712291,-182.521926,-91.028667,0.351832
-46.209502,-178.588817,-89.713176,0.225968
-33.073814,-199.626819,-87.235967,0.015356
-30.204413,-361.400089,-64.890287,0.204769
-26.846467,-128.974341,-61.069323,0.135956
-15.734876,-311.176012,-76.630352,0.611952
-35.606087,-228.021248,-91.947810,0.728692
-24.031262,-278.929967,-78.040270,0.116472
-37.480886,-158.944481,-93.277211,0.115683
-25.286003,-277.514796,-87.180574,0.080535
-29.464793,-138.579026,-60.874670,0.176213
-17.062237,-367.519760,-80.802680,0.198413
-28.919914,-324.414868,-75.813477,0.566848
-38.673876,-202.478176,-86.094537,0.793983
-27.401012,-235.541513,-90.846643,0.263232
-52.420785,-166.225512,-96.735469,0.239477
-34.795220,-368.938606,-57.444252,0.287903
-25.745725,-320.736271,-75.061380,0.052829
-30.200372,-169.712809,-89.044719,0.597171
-23.868336,-380.065519,-73.371749,0.208017
-17.229951,-262.637349,-84.301029,0.712071
-18.818299,-374.819364,-66.461415,0.202244
-36.291045,-382.592182,-58.434099,0.197483
-38.491599,-367.252015,-49.111036,0.215028
-17.827765,-360.671105,-71.949206,0.185579
-22.599317,-127.746962,-72.069227,0.197905
-19.610389,-275.937180,-87.245646,0.329680
-30.484567,-283.268588,-82.240147,0.896634
-31.470301,-122.368744,-74.694543,0.178677
-32.537910,-156.975888,-85.819381,0.156442
-31.105407,-343.408632,-71.206941,0.349777
-33.724783,-355.348612,-90.984160,0.278607
-42.280360,-377.740998,-93.830477,0.256959
-40.632500,-187.331786,-87.188367,0.325619
-33.034379,-364.159968,-90.236524,0.265955
-16.712679,-278.314274,-87.322701,0.779217
-38.905566,-367.654314,-80.956983,0.200047
-22.077793,-367.632675,-57.855972,0.193810
-42.114960,-150.888377,-95.877591,0.191608
-30.849744,-346.725821,-61.616669,0.358334
-28.087872,-195.420452,-88.567989,0.536274
-25.063530,-345.569294,-90.803924,0.261576
-38.292455,-183.586163,-85.724372,0.062188
-20.359996,-320.993096,-89.536288,0.520415
-20.942833,-300.688383,-75.161209,0.019869
-25.237155,-241.130107,-78.428538,0.800136
-26.806557,-211.648428,-81.324427,0.851897
-26.430888,-366.185294,-95.000603,0.189839
-26.020727,-337.412207,-65.166602,0.148763
-25.191850,-338.418189,-66.760171,0.095782
-30.285380,-362.158844,-87.425882,0.206455
-34.218757,-225.564477,-86.661438,0.875110
-37.279531,-371.743813,-89.626719,0.205590
-27.865466,-248.770581,-90.397868,0.579310
-48.564486,-140.394797,-99.656049,0.179580
-21.200097,-240.976005,-80.358345,0.753698
-36.609106,-200.983963,-83.239047,0.836107
-34.853083,-162.581250,-82.256450,0.328843
-44.004535,-185.364771,-95.006126,0.645563
-34.168436,-124.186927,-75.503877,0.145095
-31.909765,-362.022405,-52.512086,0.272320
-38.992304,-130.013182,-64.009774,0.218437
-31.848932,-223.707775,-89.743950,0.235205
-31.305913,-375.824274,-69.605695,0.107907
-30.416884,-368.113976,-95.818149,0.191060
-20.348719,-136.515486,-67.395133,0.186599
-40.266018,-368.680851,-90.050457,0.195078
-37.642814,-180.351516,-98.529985,0.656133
-37.160660,-359.154364,-86.803020,0.213603
-29.463685,-167.050321,-87.133584,0.571830
-39.953485,-135.887718,-84.261868,0.196176
-18.270789,-291.358951,-76.477948,0.327111
-33.220945,-354.296987,-88.035819,0.317854
-30.240888,-269.432260,-83.276588,0.843658
-31.932547,-219.096529,-90.116635,0.186757
-18.372132,-128.235725,-73.105501,0.191162
-22.573621,-279.660710,-86.950762,0.033355
-28.172507,-251.570529,-91.845640,0.769203
-23.296921,-123.858804,-65.680521,0.198731
-13.341878,-373.331981,-89.063227,0.187277
-39.557457,-381.339936,-49.433785,0.099130
-31.320192,-149.809665,-83.370746,0.221938
-27.532734,-235.417990,-84.406858,0.157051
-24.976281,-249.369470,-90.804256,0.439213
-48.006733,-160.821224,-100.308924,0.212735
-34.315387,-236.416122,-86.001875,0.857728
-26.367248,-266.464335,-80.343207,0.456518
-21.214970,-310.101112,-68.520387,0.563028
-32.985881,-127.168584,-76.024428,0.170636
-38.139677,-370.572675,-58.574173,0.174284
-18.348208,-132.738069,-71.269239,0.184491
-27.581303,-353.528164,-69.086772,0.089453
-18.784947,-297.235444,-88.473975,0.697409
-37.402728,-134.927267,-63.777544,0.247053
-32.901032,-132.852607,-78.311412,0.295290
-17.242511,-321.343220,-83.512410,0.268310
-29.638769,-207.092460,-91.954649,0.203582
-39.625090,-180.838160,-93.718355,0.013599
-19.668066,-267.893914,-89.652388,0.783286
-25.213701,-333.502092,-83.346997,0.048937
-34.612271,-160.649105,-85.471842,0.139035
-16.581853,-275.481553,-78.470108,0.651356
-24.953425,-368.539106,-50.015790,0.111817
-25.863717,-273.156361,-80.974454,0.140989
-42.837622,-165.399318,-85.042735,0.157348
-24.848619,-376.321475,-96.256773,0.089525
-30.258967,-301.648519,-82.039603,0.809340
-32.491798,-200.467925,-89.882720,0.000001
-17.409527,-339.855044,-69.077074,0.378014
-36.003666,-357.231995,-84.775298,0.235886
-27.846933,-184.561876,-88.723293,0.647152
-31.165358,-232.821426,-90.405638,0.460845
-31.753843,-172.283619,-91.946847,0.548536
-24.339566,-205.680420,-88.630255,0.658351
-44.204751,-127.867387,-68.646799,0.193087
-39.998254,-200.353583,-92.158920,0.800161
-28.887059,-346.424841,-86.896714,0.217231
-32.390376,-161.916564,-87.181446,0.285365
-32.437229,-150.950292,-89.524391,0.286671
-41.523714,-171.920730,-93.031035,0.017606
-28.156887,-377.201806,-67.643074,0.093047
-21.293583,-328.932694,-89.400758,0.386038
-28.697543,-122.716524,-67.923760,0.228633
-16.463823,-328.481790,-73.510072,0.487196
-21.153479,-278.232139,-89.023638,0.472966
-21.191660,-310.573878,-72.582701,0.046497
-54.600361,-161.744270,-93.116575,0.085683
-25.148941,-232.742912,-86.340662,0.000001
-30.104619,-193.028777,-81.242755,0.764214
-19.128219,-258.263250,-85.780504,0.447450
-23.288026,-309.964812,-85.405311,0.035811
-20.082771,-331.356691,-87.809074,0.356207
-31.238764,-359.410135,-47.567713,0.201899
-31.415511,-344.681227,-67.583743,0.383749
-24.075161,-379.158414,-67.584134,0.179817
-32.655524,-150.062255,-86.093166,0.167426
-25.191422,-330.708050,-71.133586,0.022474
-41.367804,-157.034334,-80.883632,0.287961
-35.248832,-189.868914,-89.734698,0.000001
-14.978753,-330.190126,-78.847059,0.555754
-14.688528,-375.797397,-84.551678,0.226818
-22.544979,-327.401729,-87.512442,0.228787
-23.704507,-370.779877,-66.122708,0.143016
-22.725973,-289.029798,-83.106972,0.000001
-17.590146,-364.379658,-60.048288,0.165182
-54.749694,-160.298621,-98.574681,0.226400
-32.528365,-362.767219,-88.262134,0.227908
-16.794023,-326.278831,-74.408929,0.428086
-26.232593,-357.781598,-70.512927,0.100353
-34.561582,-222.863656,-89.862468,0.741861
-31.893440,-225.294576,-88.389608,0.292016
-17.852312,-340.083903,-74.691868,0.159854
-17.998094,-318.532009,-84.762371,0.283246
-33.370643,-178.724540,-95.697105,0.587493
-34.495970,-355.848945,-82.032415,0.266596
-19.209394,-273.818649,-88.308944,0.680370
-29.382526,-139.214186,-74.366992,0.308058
-25.131945,-350.702929,-73.736744,0.008965
-18.298632,-332.920122,-75.511392,0.076772
-45.934604,-145.705657,-92.926068,0.254727
-25.368090,-121.367517,-77.585898,0.176309
-26.996439,-280.285753,-86.607507,0.189454
-30.342777,-347.639735,-85.035562,0.254205
-37.420309,-179.896636,-82.806855,0.477225
-27.665293,-381.491476,-53.521566,0.168473
-53.052305,-154.149151,-93.960727,0.178980
-47.296559,-176.449387,-96.695711,0.486494
-25.025836,-349.469252,-84.043500,0.118537
-53.068968,-158.717567,-101.093307,0.283631
-24.585206,-316.653791,-81.736790,0.000001
-16.097626,-342.558311,-73.247244,0.400781
-42.959063,-371.486659,-50.257339,0.150489
-17.992456,-323.423901,-79.436141,0.074389
-16.526957,-340.022123,-84.036203,0.226184
-29.263322,-285.121610,-79.716283,0.793852
-23.991066,-283.874163,-79.000590,0.018462
-14.727499,-358.122739,-85.566786,0.189184
-45.158716,-159.303936,-82.049510,0.283532
-24.565338,-356.323058,-66.119396,0.139184
-25.121560,-329.692759,-86.607509,0.139635
-19.780681,-241.874324,-82.121362,0.777722
-40.395509,-133.296817,-75.451164,0.236813
-31.123784,-126.246027,-70.296114,0.249934
-50.919356,-172.719164,-90.832186,0.326472
-38.495439,-172.901312,-80.888235,0.619066
-36.715003,-169.948752,-85.268539,0.111555
-23.402099,-297.294245,-88.449569,0.489887
-30.633299,-203.303251,-91.806258,0.125443
-40.379454,-192.335510,-84.822147,0.732665
-22.087954,-295.243914,-77.697187,0.000001
-35.922666,-370.607181,-99.411587,0.160098
-19.059480,-320.180124,-81.645262,0.008164
-26.563485,-348.090100,-55.098655,0.250703
-47.495315,-168.120224,-99.822537,0.385197
-24.072046,-343.541090,-65.261116,0.086002
-46.418145,-142.656902,-95.281850,0.196949
-18.346726,-345.210042,-72.740234,0.144852
-51.480866,-152.842870,-97.798831,0.168825
-27.226062,-254.698776,-80.815256,0.670815
-28.077331,-383.724470,-62.972819,0.179833
-27.121581,-265.502106,-77.528897,0.821047
-32.981626,-205.323634,-96.890425,0.735754
-24.916663,-144.322090,-79.532997,0.278298
-18.919315,-376.251606,-92.408177,0.042608
-22.871544,-255.253104,-92.107571,0.821847
-23.870676,-138.598087,-62.766273,0.165251
-35.885139,-360.221487,-90.759876,0.229874
-31.545118,-349.310299,-60.405216,0.322871
-31.595237,-158.092014,-89.194006,0.475198
-27.032784,-228.407646,-85.388642,0.014101
-39.876654,-146.297245,-79.215852,0.178276
-26.120425,-327.806973,-81.074681,0.009725
-19.328367,-329.348663,-79.024940,0.006620
-22.664966,-373.949555,-67.441295,0.161961
-28.232209,-339.472336,-74.998024,0.054720
-38.473602,-142.274558,-78.325200,0.228535
-22.376331,-357.802291,-63.423898,0.152567
-25.902476,-123.753431,-80.450740,0.154975
-19.865573,-325.460260,-88.001163,0.379452
-40.834990,-194.138204,-90.116811,0.723351
-26.135918,-336.917834,-69.481088,0.041380
-26.227005,-248.391717,-85.468670,0.004514
-19.004115,-291.954855,-86.488787,0.307804
-26.960915,-244.364162,-92.222730,0.800038
-35.715669,-192.911872,-86.058633,0.137649
-22.403932,-241.982682,-91.300496,0.806309
-39.931219,-152.280932,-100.737607,0.261454
-23.158890,-236.528713,-90.903187,0.771809
-27.300849,-235.834150,-93.887272,0.781328
-26.408639,-226.638182,-88.071469,0.002167
-30.681065,-376.428635,-57.904816,0.080385
-31.949249,-349.685565,-70.882233,0.287711
-42.977398,-160.400645,-80.075159,0.485633
-39.025154,-152.519379,-97.199288,0.203557
-23.652267,-358.075735,-56.423986,0.146736
-31.183775,-342.470807,-75.666141,0.383585
-26.396161,-324.615957,-88.402905,0.501486
-27.767569,-198.486842,-87.247757,0.380756
-46.501606,-180.236439,-86.251446,0.515354
-45.176226,-367.993319,-57.017937,0.158231
-39.304361,-170.538952,-94.094136,0.052368
-19.629365,-248.193733,-80.605263,0.753554
-23.733533,-357.481810,-77.806883,0.093253
-39.568807,-164.913431,-79.223046,0.539173
-34.742710,-165.240379,-83.064388,0.263838
-28.771096,-200.699064,-86.205424,0.120932
-31.359783,-377.275479,-96.503074,0.161046
-20.520130,-265.941090,-89.743002,0.763046
-28.049906,-382.742954,-64.758053,0.181072
-34.820467,-371.303615,-83.259600,0.127568
-30.300674,-121.261890,-67.873068,0.231488
-29.670305,-299.776145,-80.360067,0.812783
-31.948876,-152.672451,-92.335272,0.404672
-29.154410,-235.873420,-88.550609,0.094831
-29.352286,-288.821098,-80.443170,0.850073
-22.438537,-140.812539,-73.718552,0.207661
-41.475933,-196.717646,-93.128204,0.685554
-26.042628,-344.886420,-58.212710,0.209030
-26.583894,-352.873014,-62.750419,0.117549
-23.100767,-328.461671,-71.573300,0.001936
-29.407086,-236.202729,-81.937675,0.847990
-21.411487,-324.140037,-83.964287,0.017789
-48.920519,-154.147225,-99.336503,0.244866
-38.894490,-366.875803,-89.445402,0.176426
-19.204465,-285.938517,-80.957373,0.011522
-22.533158,-227.559023,-88.572710,0.692839
-28.847291,-360.685903,-52.544663,0.192834
-24.680039,-299.117532,-87.132828,0.327768
-35.037552,-359.172322,-49.991936,0.218532
-19.240081,-301.805223,-73.355221,0.335916
-33.730379,-157.095088,-94.197846,0.438180
-22.476122,-379.963837,-89.991732,0.109169
-38.043813,-375.101990,-92.631686,0.192931
-33.376069,-367.722699,-55.844143,0.261089
-23.375666,-339.903089,-60.630410,0.293188
-24.600626,-125.308149,-80.912116,0.154864
-38.103532,-182.458475,-81.384039,0.663028
-29.435055,-200.398244,-82.675234,0.947149
-21.942576,-359.653233,-58.957632,0.176500
-22.798232,-314.346438,-82.056905,0.000001
-23.911618,-369.301631,-74.572225,0.103155
-28.549312,-239.338115,-93.694300,0.794607
-26.217087,-295.624102,-83.799618,0.007024
-28.620595,-291.296850,-88.130627,0.523025
-31.871181,-373.859908,-93.607067,0.167836
-31.131054,-375.813940,-49.794159,0.031722
-34.314641,-372.462470,-71.157681,0.141827
-19.111866,-268.170110,-75.986723,0.674298
-27.013846,-208.955806,-87.781936,0.077464
-19.493348,-238.887205,-83.647697,0.770100
-30.625009,-185.049225,-82.066753,0.745209
-37.027713,-153.826188,-78.752380,0.299189
-29.713284,-235.198922,-84.347292,0.438110
-31.116448,-208.139963,-82.452332,0.927570
-20.652019,-245.842822,-84.267385,0.493702
-28.300561,-130.495544,-77.517821,0.252265
-20.495857,-373.048923,-79.554469,0.166085
-20.945702,-277.886865,-75.838554,0.480352
-21.512845,-249.569218,-78.015637,0.728467
-18.332991,-352.701998,-66.633592,0.223465
-25.466482,-345.824773,-59.575462,0.155633
-38.209121,-144.397686,-94.859229,0.239225
-33.860723,-354.000072,-78.250105,0.257363
-16.881749,-303.434697,-77.752073,0.524808
-25.475557,-353.925421,-60.739107,0.119148
-33.787387,-127.623448,-77.884506,0.172238
-24.793109,-258.333114,-80.233328,0.299737
-34.821999,-364.648794,-71.176104,0.226498
-20.632697,-294.309547,-89.985609,0.629517
-27.267749,-283.576751,-83.231237,0.137639
-37.371702,-161.161705,-79.196034,0.445387
-25.468647,-358.432238,-67.828467,0.138611
-31.418918,-361.623590,-90.542709,0.208015
-35.083820,-362.546427,-92.682118,0.238669
-29.254536,-379.959291,-91.638034,0.132460
-40.062838,-364.842626,-91.360417,0.198511
-40.039274,-191.662967,-88.563774,0.409374
-36.039574,-198.663800,-92.801447,0.242055
-24.908438,-141.973698,-68.980613,0.176274
-26.074396,-120.170047,-69.808847,0.220850
-38.492505,-368.970452,-78.016857,0.286011
-28.000296,-319.347711,-80.653462,0.249755
-20.612304,-377.208423,-86.416305,0.147823
-17.585910,-264.287506,-87.614719,0.760474
-24.918410,-381.602121,-52.630303,0.169128
-24.224273,-326.560111,-85.148021,0.067623
-17.401293,-346.475679,-88.186169,0.255906
-30.480523,-334.923256,-75.939628,0.482748
-27.086750,-205.132152,-84.259999,0.741025
-33.054278,-228.137546,-88.825425,0.626593
-34.713863,-371.191424,-65.475964,0.105611
-46.493194,-158.682977,-103.419797,0.297716
-24.198370,-306.391385,-69.375788,0.706558
-32.518746,-349.854079,-58.685272,0.339329
-42.017480,-383.796215,-52.956028,0.144315
-20.780429,-372.200489,-58.816912,0.118048
-33.577596,-188.317120,-88.441393,0.000001
-28.245189,-256.235929,-88.769453,0.437059
-18.546176,-270.950847,-82.754546,0.293377
-29.341869,-340.572469,-68.139621,0.263679
-36.181821,-377.154149,-94.099616,0.209281
-40.702234,-129.566609,-74.699780,0.187783
-36.337769,-181.611533,-94.145248,0.027422
-19.666480,-316.245596,-80.173366,0.000001
-32.341422,-130.166691,-81.247771,0.209646
-37.686995,-193.645862,-82.866371,0.844200
-27.278165,-251.587915,-88.765900,0.128545
-35.242332,-195.813553,-93.774449,0.256407
-35.903123,-150.800444,-74.346914,0.421702
-45.292885,-164.984663,-96.238901,0.081862
-31.147998,-222.439532,-86.631752,0.279145
-36.603813,-188.053802,-87.769647,0.000001
-14.177813,-370.343896,-78.913883,0.195566
-33.050544,-351.633365,-73.101340,0.295130
-21.998127,-350.277191,-85.482090,0.133532
-26.932849,-256.855197,-78.042157,0.821080
-36.693673,-202.788054,-90.603836,0.392844
-19.691695,-366.276743,-91.605724,0.188169
-31.448094,-376.907124,-55.980367,0.102325
-22.003668,-270.712598,-88.451383,0.189854
-30.374318,-130.958404,-78.191823,0.248815
-28.006975,-249.505282,-84.307791,0.226394
-32.288272,-141.347025,-66.113981,0.231258
-30.033211,-337.185395,-85.226763,0.492888
-23.140645,-322.306716,-75.561820,0.003306
-22.098362,-375.364585,-62.628617,0.158724
-29.304196,-178.051898,-87.867276,0.581937
-44.666647,-148.524744,-80.376591,0.477839
-21.703443,-315.258756,-72.407700,0.022388
-47.723637,-175.640511,-92.753720,0.224334
-32.427722,-237.656695,-87.188853,0.740660
-18.838018,-135.321673,-75.829196,0.191526
-30.192335,-241.563747,-90.202585,0.617635
-52.798173,-142.258082,-99.581508,0.154516
-29.503259,-206.755539,-82.736016,0.875700
-38.526156,-147.623016,-100.881003,0.247767
-49.872861,-166.782203,-84.526010,0.170505
-23.999288,-378.405158,-94.427898,0.061879
-37.774931,-374.889737,-53.119454,0.123628
-50.113051,-373.500600,-54.544756,0.189273
-37.117210,-205.107165,-84.793015,0.860621
-33.591734,-247.019833,-85.523066,0.821613
-58.878402,-152.284076,-93.643896,0.224655
-39.948535,-368.553251,-96.146392,0.159921
-49.124463,-157.267184,-95.641496,0.134269
-20.000424,-318.306330,-76.689065,0.000378
-39.093957,-198.513431,-93.346204,0.738869
-24.572263,-130.267358,-80.044035,0.224050
-33.174593,-209.739680,-86.018740,0.512316
-31.611947,-377.427591,-46.522760,0.108936
-38.962140,-363.963157,-85.695580,0.231360
-21.557198,-358.345057,-52.719447,0.177545
-29.158044,-189.924228,-88.340676,0.464408
-20.361503,-366.647070,-76.825602,0.187228
-47.991661,-161.036986,-87.101064,0.105456
-28.876018,-197.645664,-84.466883,0.559577
-39.693230,-205.679542,-93.201752,0.690706
-28.788321,-296.123964,-84.227406,0.585028
-32.655574,-195.919456,-96.402660,0.778889
-42.478248,-162.138572,-80.806913,0.471396
-22.779040,-293.836327,-81.462395,0.000001
-34.428937,-373.481083,-68.888516,0.143457
-46.556862,-142.785545,-101.361021,0.164282
-25.676038,-249.721990,-88.441355,0.020782
-29.124669,-370.759254,-48.072243,0.064539
-19.533284,-372.844674,-60.188105,0.144811
-18.472739,-134.553097,-72.572664,0.176703
-22.111572,-334.793006,-78.999926,0.000019
-23.459857,-140.764523,-81.465485,0.207586
-22.042326,-327.642399,-85.148516,0.036706
-29.385731,-277.086368,-83.461159,0.699074
-23.866377,-220.603599,-85.334465,0.642979
-22.968545,-363.570753,-61.928134,0.193685
-20.380491,-261.280694,-88.216298,0.423062
-15.103429,-355.988910,-83.204120,0.187315
-34.661512,-131.262880,-60.402127,0.175742
-23.209411,-347.605048,-65.211120,0.093579
-33.708301,-357.253878,-62.636698,0.243397
-37.045859,-140.008949,-92.128679,0.171554
-39.869220,-138.466268,-65.285534,0.254335
-23.863519,-285.614430,-73.682418,0.751191
-32.975690,-176.837035,-95.541299,0.588383
-26.860962,-283.264043,-85.860948,0.136333
-36.517011,-207.417072,-94.182766,0.834464
-19.860254,-375.537169,-63.774864,0.179879
-30.245603,-219.078935,-91.585909,0.236913
-28.551917,-350.487623,-57.407562,0.180549
-32.402281,-254.514945,-87.890328,0.795151
-24.463189,-205.403285,-86.455062,0.712946
-40.613432,-374.696013,-56.195292,0.189637
-29.006454,-121.595606,-79.342796,0.140769
-21.651244,-289.656385,-75.838019,0.053289
-24.539307,-123.890777,-71.767505,0.216322
-26.351949,-338.016077,-71.561333,0.021524
-24.673974,-128.601578,-74.175508,0.206340
-49.657951,-174.374113,-87.355658,0.397196
-40.990663,-124.251076,-67.633898,0.212962
-18.182455,-334.773692,-69.598957,0.369447
-47.533029,-173.149939,-87.571239,0.164542
-25.570881,-135.556648,-71.951147,0.329578
-35.582725,-380.221900,-47.964093,0.095151
-24.476466,-334.810530,-61.277734,0.401415
-17.017684,-375.231135,-69.777380,0.202518
-29.328710,-124.085516,-78.550742,0.148294
-26.408864,-362.365154,-59.030676,0.184395
-49.682734,-155.034831,-81.666318,0.207329
-37.804027,-366.968324,-66.918616,0.169110
-17.452622,-338.183377,-76.243661,0.141489
-45.747551,-377.989012,-50.981878,0.134467
-19.840233,-293.634518,-74.356829,0.357229
-18.095165,-354.715192,-80.637676,0.139704
-19.733622,-352.378339,-58.770242,0.245712
-51.358876,-159.326006,-91.840579,0.060547
-43.038803,-367.602644,-65.575606,0.181907
-21.793895,-381.014945,-81.719335,0.189276
-33.472631,-369.651371,-69.642146,0.042922
-36.819092,-132.961642,-64.756086,0.257070
-24.759279,-333.700299,-64.279928,0.150849
-21.709438,-369.239260,-76.513164,0.155112
-26.181907,-347.768993,-85.801736,0.150044
-26.298554,-338.276220,-84.207179,0.106382
-20.618083,-128.422507,-69.015986,0.202202
-30.641125,-121.698061,-77.546129,0.150368
-36.386919,-188.308117,-81.241205,0.692348
-22.965186,-354.537839,-90.680692,0.168842
-25.828556,-146.513198,-76.869673,0.308750
-34.028847,-380.069557,-88.075011,0.169721
-30.121803,-329.533852,-77.760636,0.540421
-17.832739,-275.788917,-83.719434,0.378777
-33.038813,-140.394915,-85.469575,0.323646
-16.096018,-287.960135,-79.635968,0.629406
-15.997195,-313.876085,-84.447467,0.599424
-22.019565,-259.655789,-90.923352,0.821030
-30.589455,-353.305728,-93.109009,0.267176
-34.763236,-374.847239,-76.464222,0.222790
-46.078225,-150.545998,-95.670178,0.227886
-31.037380,-224.068685,-92.627279,0.687796
-30.638079,-356.253232,-84.783271,0.187943
-23.966714,-257.345444,-90.467941,0.519391
-26.259790,-204.412392,-82.335710,0.719255
-36.667595,-182.584416,-83.656869,0.273355
-37.013643,-156.321406,-92.089785,0.125058
-30.509061,-263.126885,-88.572649,0.753794
-24.267391,-329.175592,-84.074481,0.039726
-37.485863,-165.395780,-96.536581,0.225917
-36.325008,-125.017943,-77.866549,0.119056
-42.753323,-136.128079,-68.620641,0.204490
-28.887977,-237.001238,-86.527331,0.059154
-37.542135,-371.949873,-75.617617,0.220217
-37.916894,-126.257746,-66.845077,0.220928
-36.988758,-188.020255,-97.174886,0.811922
-35.370619,-198.869907,-82.476338,0.906592
-32.402408,-227.135923,-86.861069,0.519628
-22.890573,-308.624113,-83.600923,0.000091
-27.151566,-225.517334,-83.380237,0.476219
-29.065837,-322.392647,-86.536640,0.647556
-19.966421,-316.982235,-68.572249,0.467986
-23.008686,-367.323872,-62.014634,0.223654
-18.157572,-333.245513,-71.811567,0.229918
-17.634045,-326.870646,-78.492950,0.128341
-31.489744,-185.328936,-89.935880,0.127371
-33.495137,-196.122582,-89.567059,0.000001
-34.467293,-378.171525,-91.909981,0.190382
-36.337516,-136.273685,-61.181813,0.147183
-36.821672,-385.477727,-54.412254,0.163696
-27.506885,-301.069537,-82.901732,0.099828
-22.224076,-337.008424,-71.069209,0.002458
-28.128756,-355.330867,-51.605399,0.154597
-26.333675,-302.568174,-73.041607,0.755353
-33.166919,-143.965610,-69.339009,0.240635
-24.128584,-269.866711,-82.238771,0.000001
-39.556382,-142.466597,-83.265478,0.189745
-27.664718,-331.930115,-65.540740,0.431089
-30.500697,-336.591227,-82.180543,0.483915
-42.951747,-375.691537,-53.158806,0.182135
-24.052534,-375.217136,-56.279990,0.053514
-21.582910,-285.247202,-72.958151,0.746727
-37.289026,-371.111184,-84.830695,0.168259
-32.635573,-164.083503,-92.499496,0.481353
-18.281235,-362.265781,-90.419219,0.188395
-26.164418,-211.821227,-87.548443,0.201543
-33.994823,-353.010767,-61.013032,0.303729
-30.077474,-252.766705,-81.073118,0.860442
-38.483333,-132.205095,-73.397730,0.268565
-29.594727,-353.198710,-76.843181,0.072967
-19.744588,-340.538693,-65.031779,0.274783
-25.507160,-228.699302,-84.711008,0.102931
-38.812411,-154.787592,-97.637615,0.202327
-24.795291,-138.980123,-75.186326,0.268426
-28.490797,-224.309984,-85.088208,0.128433
-13.275579,-371.021777,-84.236608,0.196427
-18.164380,-342.913311,-70.856362,0.232961
-44.638621,-177.801775,-86.652733,0.255726
-26.708164,-300.821408,-86.517355,0.336148
-32.013813,-377.659331,-70.829199,0.284515
-29.368699,-236.569891,-92.827481,0.913542
-44.674230,-144.954344,-78.550429,0.390499
-18.977733,-263.577261,-81.412304,0.407707
-28.702149,-383.343703,-92.855785,0.165484
-24.693543,-288.045968,-87.945225,0.328747
-42.474335,-182.736347,-92.721474,0.083455
-23.769457,-345.541776,-89.328941,0.185230
-47.999296,-157.058956,-98.618653,0.167661
-29.142010,-229.675065,-80.066619,0.833903
-37.935941,-201.842266,-84.517932,0.847379
-35.275001,-128.172806,-65.264256,0.215344
-39.214693,-130.764200,-78.286895,0.172392
-23.772200,-243.545997,-90.613755,0.567124
-24.416374,-291.320848,-72.870207,0.751885
-36.456752,-374.537185,-79.992174,0.149653
-29.022523,-120.535606,-71.526399,0.213005
-28.410706,-228.158251,-89.394912,0.028089
-35.290316,-192.456119,-82.816648,0.818529
-22.814599,-300.770471,-80.468392,0.000001
-40.880027,-126.825357,-77.429156,0.133868
-48.062343,-173.109000,-97.939520,0.439630
-19.986879,-354.832504,-57.917552,0.215359
-55.790155,-160.220083,-90.234438,0.106841
-42.469995,-376.323653,-88.188979,0.182591
-20.133221,-130.647387,-73.546417,0.213641
-53.014925,-148.589484,-96.237019,0.132320
-41.204980,-144.305820,-100.625723,0.180951
-22.663246,-333.315760,-70.421128,0.012676
-22.024093,-133.643741,-66.357326,0.261640
-16.000479,-324.569542,-76.162824,0.478231
-22.459112,-285.842379,-79.529571,0.000001
-27.028777,-229.299216,-92.584665,0.754384
-39.629778,-370.904788,-81.604405,0.213430
-26.964440,-286.616607,-76.823398,0.804243
-28.246188,-145.329921,-68.049454,0.189487
-46.999065,-143.670059,-82.628810,0.341857
-29.172768,-309.126376,-85.883169,0.704833
-15.596785,-335.448052,-80.746058,0.429345
-24.638074,-370.691996,-49.630079,0.093440
-21.414698,-301.265066,-71.872778,0.363463
-17.795957,-355.153446,-61.795296,0.249803
-41.239410,-187.844180,-85.012166,0.733735
-36.342327,-142.127342,-73.114045,0.303780
-25.809220,-264.727242,-86.340872,0.003442
-34.484336,-186.279109,-95.522867,0.547828
-23.857294,-316.298886,-87.879323,0.429047
-45.187748,-140.701090,-81.197540,0.328425
-31.811818,-372.154364,-51.445971,0.082984
-23.942126,-280.789203,-90.859344,0.716538
-32.740845,-131.872318,-62.546308,0.193839
-41.311175,-199.356513,-90.950893,0.685876
-52.314725,-170.273158,-89.430185,0.303102
-31.766971,-248.064635,-84.295619,0.911890
-38.772636,-368.474952,-65.331371,0.155821
-37.632885,-162.278442,-100.107345,0.417538
-31.143291,-236.863014,-88.752298,0.375618
-40.869484,-142.510853,-98.257233,0.183104
-22.915808,-378.240693,-92.351179,0.060750
-42.139034,-139.337729,-96.784846,0.195747
-28.477884,-255.814846,-78.926501,0.756931
-30.393321,-372.630441,-46.392838,0.088280
-40.425136,-170.200164,-99.915574,0.464855
-16.122832,-365.440319,-92.341042,0.208139
-41.510325,-135.010260,-66.474168,0.185889
-19.597507,-307.570695,-70.018253,0.607531
-42.107676,-372.100075,-66.580133,0.252695
-20.875597,-363.950076,-68.696831,0.208752
-53.790661,-156.724169,-87.995099,0.090382
-43.038525,-157.916391,-104.433710,0.325683
-45.788190,-376.054271,-52.152559,0.153777
-19.267365,-378.190743,-79.103534,0.230647
-34.970242,-147.548233,-74.945440,0.345309
-31.510900,-376.983313,-90.938453,0.158340
-25.765365,-235.307100,-86.897748,0.000001
-26.317297,-128.474415,-64.198384,0.121291
-32.975631,-222.422728,-88.997665,0.410237
-37.814889,-361.601188,-70.176844,0.218256
-26.254223,-268.739303,-85.416330,0.013683
-30.078856,-137.669459,-83.005343,0.240351
-33.542338,-358.815746,-54.305285,0.220016
-25.199879,-294.240132,-78.155467,0.074442
-49.109812,-173.625845,-92.333493,0.195564
-25.339422,-292.070374,-83.384030,0.000001
-15.973189,-365.407326,-76.770679,0.138252
-23.688177,-264.210073,-76.734170,0.827576
-31.303478,-361.747081,-98.034128,0.196801
-38.841316,-130.157611,-80.070042,0.148770
-27.048016,-369.218566,-49.064381,0.076093
-26.231247,-355.141143,-72.922213,0.032678
-25.780616,-332.614285,-76.213157,0.000001
-32.487331,-123.048651,-70.825242,0.220773
-31.552394,-357.432125,-93.308607,0.233745
-32.936441,-356.101122,-55.572231,0.207704
-51.066576,-161.801829,-92.334819,0.056944
-35.118230,-379.109487,-53.768136,0.128987
-39.834670,-169.410785,-90.961116,0.049859
-35.790161,-134.925547,-79.964091,0.274686
-33.241928,-159.079992,-79.133114,0.524177
-20.534040,-130.128930,-79.400856,0.197883
-46.763828,-148.030843,-85.857236,0.191526
-28.421810,-371.990102,-91.176427,0.155293
-34.891893,-200.858091,-93.469215,0.352933
-16.351983,-309.033505,-75.451422,0.595315
-35.410502,-364.570831,-80.317992,0.261965
-23.433175,-346.947202,-56.887157,0.294240
-40.890082,-174.077065,-81.047980,0.509366
-35.603993,-175.746896,-80.562056,0.608630
-21.365189,-379.209288,-71.154287,0.218546
-23.770234,-318.814610,-85.658923,0.069414
-52.591342,-155.210823,-92.126968,0.113938
-28.016145,-313.494682,-73.656070,0.582350
-47.442931,-155.867099,-96.622375,0.150844
-24.370427,-354.134997,-58.907235,0.126810
-33.686977,-361.081515,-56.574783,0.305962
-25.155165,-128.007957,-78.413530,0.197234
-32.199622,-261.228847,-83.712681,0.810393
-20.164049,-378.012915,-69.462492,0.207405
-36.701300,-160.267742,-86.288306,0.144975
-40.861160,-132.980126,-66.005278,0.256753
-26.139795,-221.001815,-90.103706,0.238980
-38.464740,-160.976304,-97.999674,0.230690
-21.577440,-352.974087,-55.485558,0.211712
-30.753535,-139.901625,-61.748114,0.254275
-25.555482,-322.583372,-70.026036,0.256898
-22.830485,-331.366611,-81.113664,0.000499
-25.623729,-330.189054,-82.551406,0.039033
-26.053705,-366.831181,-48.747793,0.136871
-26.885107,-300.826065,-74.187634,0.732451
-36.369130,-155.175862,-100.496610,0.343437
-44.165976,-146.327968,-87.903263,0.215392
-30.638990,-131.797892,-62.295031,0.165996
-27.622605,-276.136314,-77.432037,0.819379
-21.663495,-379.856658,-67.533240,0.188060
-30.200201,-293.419790,-84.935993,0.850105
-46.860558,-159.399930,-79.306371,0.279331
-47.485722,-172.809635,-80.614308,0.366539
-45.334859,-179.413555,-83.448658,0.554319
-44.807745,-139.051533,-96.700119,0.181207
-34.266435,-361.543617,-50.394547,0.251061
-22.466497,-295.089368,-88.323917,0.378520
-46.782842,-175.629813,-82.345693,0.439542
-35.328144,-370.794876,-93.563394,0.195783
-35.777403,-170.359450,-94.133875,0.187602
-29.867906,-248.160726,-88.220924,0.366673
-26.971172,-334.458346,-73.682878,0.021693
-42.585139,-164.865097,-81.377335,0.395105
-29.150277,-209.362245,-92.255035,0.331422
-25.142038,-326.463262,-66.475404,0.246619
-20.360377,-293.593758,-86.672071,0.150642
-51.875573,-142.962164,-97.483399,0.148857
-15.656901,-314.617935,-75.543774,0.566758
-20.848625,-331.687669,-79.568830,0.000436
-24.493841,-123.873090,-73.948771,0.204847
-24.688983,-142.674050,-81.102613,0.263058
-41.510028,-177.559274,-85.731333,0.140219
-26.752743,-348.638112,-57.963777,0.154548
-22.802486,-215.720733,-88.981663,0.742822
-28.844674,-372.945314,-47.937432,0.066768
-39.425338,-160.483668,-94.061195,0.093296
-15.375066,-328.442686,-78.037295,0.550214
-32.087786,-145.104087,-79.080359,0.285180
-40.581390,-147.658901,-93.301122,0.214497
-31.599937,-381.536903,-53.623326,0.121293
-28.212231,-310.032317,-83.775493,0.361836
-21.998407,-140.656153,-65.027529,0.249400
-18.579914,-132.252675,-66.940876,0.189946
-17.836233,-341.404657,-82.876705,0.128158
-23.808565,-328.394671,-66.276077,0.156036
-31.550157,-128.358745,-70.313249,0.245701
-24.056690,-305.228633,-89.306841,0.575054
-17.787847,-365.324486,-90.798124,0.257330
-26.973414,-210.612902,-89.047367,0.164534
-17.594499,-365.634722,-69.284152,0.143498
-31.055411,-302.859279,-83.626207,0.808273
-31.140678,-179.018525,-85.631544,0.332325
-28.264691,-199.035066,-85.535181,0.439895
-42.624088,-170.482190,-86.721034,0.121978
-33.112673,-355.445599,-50.952718,0.203833
-40.845666,-187.738335,-92.661929,0.212573
-46.606930,-172.716849,-93.516982,0.083940
-54.811244,-145.476656,-95.619415,0.126349
-29.680387,-265.354126,-83.363396,0.754413
-37.206564,-379.501174,-60.554277,0.180361
-25.532715,-217.967281,-84.811883,0.345454
-27.260316,-207.589155,-94.412490,0.772737
-28.388537,-118.913617,-73.582392,0.195472
-20.947027,-243.433267,-85.886038,0.458175
-16.619518,-306.325551,-78.323163,0.503298
-31.793608,-383.162072,-91.117038,0.167087
-30.175301,-344.325794,-78.002249,0.182921
-39.599653,-383.008627,-59.807250,0.199793
-50.423265,-142.092981,-94.626396,0.227494
-34.158423,-162.343636,-79.681245,0.452359
-28.445474,-142.533062,-62.912842,0.251318
-24.895177,-305.209985,-74.198845,0.253364
-40.850152,-183.226045,-95.178488,0.293943
-39.384536,-375.133206,-64.262502,0.199469
-22.423691,-310.576959,-75.735092,0.000001
-30.354156,-155.868706,-78.343948,0.487745
-19.411493,-299.689802,-71.039537,0.604670
-29.802577,-343.504103,-63.125422,0.340804
-24.875261,-381.666418,-66.521451,0.180724
-27.275945,-190.905235,-89.424862,0.696143
-31.794089,-355.162328,-52.578007,0.205690
-35.027842,-123.737311,-67.500253,0.226169
-20.405596,-375.547004,-65.633132,0.185752
-32.338670,-185.507723,-83.959182,0.556056
-36.943896,-186.617414,-81.396492,0.698063
-38.837096,-182.609723,-94.673056,0.081778
-22.641586,-265.162452,-78.125154,0.453292
-24.459099,-135.554377,-65.343143,0.253494
-18.542365,-261.722808,-78.327321,0.738836
-25.779431,-274.105195,-85.111887,0.008249
-37.090458,-130.731665,-68.817633,0.255912
-33.780434,-169.348075,-85.736397,0.156821
-41.228810,-154.976327,-77.502367,0.514825
-32.509204,-179.788383,-83.110111,0.665983
-15.801681,-285.659731,-82.359635,0.652771
-30.052450,-163.567484,-86.732689,0.515924
-24.701628,-293.976688,-84.800806,0.014314
-58.157838,-160.331224,-91.185172,0.189920
-37.066913,-204.016749,-95.019666,0.876155
-55.695398,-156.608713,-99.190632,0.218976
-16.327317,-282.489017,-81.971741,0.635026
-27.788559,-345.446091,-60.842237,0.169465
-17.636623,-321.658427,-81.515352,0.187588
-37.211708,-166.307419,-85.590936,0.122838
-52.855109,-145.866546,-101.622588,0.167623
-38.844590,-142.019085,-80.853401,0.194211
-17.646666,-275.377889,-81.509815,0.445393
-25.804028,-319.890054,-79.068874,0.001026
-31.869418,-362.363237,-73.413183,0.296527
-32.698762,-380.841418,-61.460560,0.180557
-44.969202,-162.202547,-96.938107,0.089392
-54.556695,-149.514620,-96.626689,0.136192
-30.456745,-280.882096,-86.794078,0.748342
-32.429553,-371.922457,-67.282143,0.050457
-51.281280,-167.509794,-83.916876,0.230386
-35.097072,-232.487415,-90.664315,0.752953
-35.382648,-375.413901,-61.983742,0.085437
-36.162757,-368.828403,-64.861635,0.159900
-23.386015,-292.458714,-71.874370,0.680711
-33.962420,-126.217449,-66.764181,0.222827
-28.148594,-124.165406,-81.610566,0.162686
-23.298207,-361.130099,-59.947212,0.177548
-54.415057,-158.403106,-90.771519,0.065920
-22.675435,-363.618624,-95.609793,0.171470
-21.545049,-363.010439,-56.604209,0.153346
-38.714378,-363.581843,-53.889671,0.178055
-24.488964,-350.386103,-57.862125,0.156840
-34.730587,-373.086362,-81.331857,0.082731
-29.540474,-322.895405,-84.957797,0.650106
-21.912757,-302.991209,-79.720422,0.000001
-28.658183,-371.645716,-98.649916,0.137593
-44.176524,-133.401424,-74.255542,0.182236
-49.623721,-371.051399,-55.328257,0.177054
-37.394721,-139.713753,-87.481390,0.268696
-29.649000,-141.058755,-81.403926,0.272875
-27.796944,-326.218385,-78.014083,0.144464
-24.325047,-345.602831,-64.359938,0.088543
-30.561933,-377.363455,-72.307785,0.255157
-23.920931,-240.363412,-87.540681,0.015504
-32.449960,-368.319539,-64.636754,0.211177
-18.958321,-311.365655,-85.330809,0.109037
-49.940218,-152.033501,-102.651001,0.162067
-20.048208,-327.840862,-84.095631,0.023497
-48.018058,-145.227056,-93.293136,0.213164
-21.244853,-332.367353,-89.530121,0.419649
-19.480414,-358.703000,-87.135392,0.195323
-22.538644,-143.029833,-74.063113,0.185337
-41.506690,-141.562562,-85.238745,0.232107
-29.107395,-209.280752,-88.217575,0.002056
-27.126751,-198.389969,-82.850262,0.777278
-44.604158,-185.128033,-86.479392,0.649551
-38.994291,-143.675009,-74.109292,0.286580
-28.119702,-326.491609,-85.342468,0.354879
-42.293261,-366.952096,-54.304227,0.191797
-40.518707,-382.584751,-50.246346,0.109280
-23.732041,-253.050880,-89.335797,0.159308
-39.905628,-138.075322,-83.771104,0.220380
-30.026921,-226.934549,-85.274987,0.224973
-37.660094,-146.204074,-77.827151,0.217457
-20.417571,-352.961669,-65.266766,0.178794
-27.042947,-261.583711,-90.385136,0.734014
-34.008023,-217.167204,-83.344105,0.897368
-28.940286,-217.101485,-82.758176,0.810866
-39.597494,-152.643695,-76.230750,0.480323
-32.031718,-123.927103,-73.898852,0.199012
-33.863422,-383.606170,-53.070621,0.134316
-26.694137,-146.700498,-79.709559,0.351428
-26.852286,-332.157060,-67.586357,0.243349
-32.771040,-217.386340,-91.972578,0.393661
-29.259138,-216.573338,-86.978034,0.040116
-27.261466,-366.599062,-83.465409,0.270732
-37.724004,-362.764717,-92.373002,0.226384
-41.292659,-379.228852,-91.945379,0.249976
-32.209706,-351.581461,-55.551339,0.311691
-36.309916,-138.326047,-75.944215,0.307978
-19.685677,-349.863067,-77.540698,0.077702
-25.801703,-123.605208,-69.549472,0.222635
-44.584254,-382.737441,-59.293239,0.218684
-22.907609,-253.124595,-81.122577,0.105452
-24.131260,-276.976121,-80.112204,0.016175
-34.554341,-158.201497,-96.479650,0.448123
-29.339642,-269.296946,-79.950745,0.834855
-43.859884,-156.159089,-102.701740,0.293435
-28.823524,-132.723976,-78.065657,0.252686
-43.480048,-141.502251,-97.131568,0.153059
-26.916312,-356.702783,-58.961381,0.150833
-34.133266,-182.509950,-88.749435,0.000001
-52.359620,-149.416937,-102.129870,0.185181
-37.502900,-217.658753,-89.532303,0.757938
-18.686428,-298.738311,-83.512617,0.015455
-14.667629,-364.159354,-91.947589,0.186039
-32.682492,-195.896275,-82.156262,0.975359
-18.319772,-367.385908,-76.448903,0.164553
-26.304231,-276.166371,-90.385621,0.649761
-38.343691,-128.456461,-71.585069,0.208542
-15.048407,-369.253706,-85.181761,0.195787
-27.061930,-310.832738,-75.532816,0.415612
-21.729004,-281.111671,-73.451801,0.783586
-35.136655,-160.154101,-81.573000,0.336461
-19.117168,-348.281649,-62.244867,0.286319
-21.591364,-238.469976,-90.956862,0.818451
-22.792875,-319.676461,-83.141659,0.003219
-28.207559,-353.077084,-93.512860,0.249453
-19.183210,-373.745484,-88.236853,0.164455
-31.423708,-373.014815,-60.406799,0.073148
-45.069037,-159.832869,-94.000005,0.083074
-40.572675,-185.009767,-89.008741,0.034757
-26.273902,-300.888862,-80.388628,0.040176
-31.504019,-160.802215,-89.473070,0.506142
-36.571663,-200.193848,-86.467720,0.528926
-52.424620,-155.365804,-95.149147,0.172549
-36.411474,-151.156341,-78.389354,0.251259
-26.051998,-336.368021,-86.034082,0.144050
-25.010880,-285.671184,-89.652633,0.636419
-25.497218,-242.146569,-93.555117,0.740220
-29.935268,-276.692210,-87.926555,0.687966
-22.825875,-325.754853,-72.894232,0.003749
-26.605908,-378.432365,-63.655046,0.122986
-38.513107,-149.997274,-79.585914,0.165597
-25.564811,-302.372892,-88.818076,0.529523
-50.155589,-165.117755,-90.799066,0.097153
-24.425800,-227.403636,-89.163747,0.247699
-26.220726,-122.174630,-65.884547,0.212186
-34.015605,-229.082491,-84.233090,0.855295
-16.216491,-345.082679,-87.250891,0.305724
-22.693681,-328.187729,-63.803379,0.428380
-21.378166,-221.429583,-85.193937,0.685351
-36.301035,-142.860686,-94.620059,0.215589
-33.329375,-169.304853,-89.625503,0.206925
-31.305307,-145.964181,-85.033271,0.239480
-24.428716,-303.666126,-72.646215,0.500411
-24.645418,-248.428932,-79.078340,0.839173
-28.795708,-254.081778,-81.906766,0.721017
-34.449888,-220.608559,-83.768468,0.900955
-26.803392,-130.783653,-81.684998,0.179133
-17.934226,-376.284177,-59.690067,0.130338
-17.811377,-335.704691,-79.936611,0.104307
-30.695467,-274.376510,-85.320485,0.903955
-33.566153,-173.930502,-81.507445,0.628781
-22.732267,-261.304609,-89.217969,0.283766
-15.966020,-341.318941,-75.155048,0.367869
-25.367794,-202.020262,-89.235181,0.737584
-28.965154,-363.773454,-56.940797,0.251150
-23.288063,-374.035538,-94.399576,0.039707
-20.267750,-234.078855,-88.533745,0.743998
-33.645379,-355.080476,-70.985591,0.269423
-32.381819,-217.772723,-95.335246,0.826326
-30.779676,-335.726270,-79.830479,0.539832
-27.308112,-314.472785,-71.544124,0.613532
-39.340321,-377.797012,-50.747069,0.086983
-20.647867,-363.849104,-52.334420,0.148111
-40.141270,-149.873491,-85.994413,0.137475
-25.838538,-358.239773,-86.978653,0.177100
-29.589147,-208.329923,-80.932885,0.848208
-34.620380,-366.735334,-79.135973,0.209287
-33.006670,-363.624972,-57.277110,0.350682
-45.093816,-151.170081,-81.004856,0.430214
-34.099254,-156.427995,-95.862469,0.406842
-29.046327,-308.627883,-78.431469,0.672297
-33.494321,-229.082603,-90.467946,0.717741
-41.650979,-134.719870,-74.141668,0.241132
-23.998583,-209.816963,-91.037076,0.724876
-39.577785,-145.115374,-77.308790,0.247077
-33.281084,-378.342492,-50.409063,0.051908
-27.732820,-319.784738,-77.195969,0.297696
-30.971918,-141.894667,-82.136123,0.281297
-31.665843,-374.970120,-97.149631,0.162662
-50.081941,-175.856912,-88.443493,0.462712
-34.063215,-195.499029,-97.519861,0.699117
-25.369138,-363.299974,-63.234773,0.209748
-25.215526,-294.646548,-72.585195,0.670107
-22.920535,-368.259021,-95.387587,0.115879
-33.959324,-368.601227,-95.940788,0.198157
-43.944435,-372.619129,-64.540526,0.204556
-16.891699,-281.578644,-85.435568,0.676378
-19.469064,-316.387116,-73.576073,0.072567
-36.094438,-214.460711,-92.372002,0.801404
-28.603033,-145.091905,-72.078488,0.293085
-18.803438,-377.087985,-70.533070,0.202213
-49.235883,-177.497264,-92.873982,0.445810
-25.946433,-288.087378,-81.430973,0.027884
-50.107020,-376.616368,-54.755886,0.211165
-29.151439,-126.582416,-74.096508,0.227121
-16.953353,-363.067937,-67.333908,0.187613
-17.248903,-287.804685,-76.336487,0.629426
-45.654879,-374.134427,-63.600201,0.187432
-45.924680,-142.560173,-86.875231,0.196866
-48.346747,-170.466925,-82.703583,0.247485
-24.053384,-355.983760,-51.663689,0.157262
-42.129788,-160.905555,-84.975798,0.145635
-23.109389,-315.264276,-78.003849,0.000001
-28.754475,-370.524757,-85.714741,0.241372
-29.316200,-378.419169,-96.266156,0.127470
-24.802245,-288.565178,-73.908861,0.779016
-27.167256,-330.667218,-84.999238,0.146978
-36.469323,-155.692234,-83.563886,0.140749
-23.478914,-318.846641,-71.885928,0.027160
-53.853405,-158.016553,-93.911583,0.082516
-35.575567,-142.649019,-88.197832,0.318089
-22.775395,-305.206527,-84.896823,0.008255
-49.304785,-176.795983,-89.809720,0.448005
-15.744761,-349.115627,-78.131410,0.296951
-34.082002,-371.066552,-95.681257,0.184889
-20.912678,-342.913174,-62.419572,0.259824
-23.897699,-273.970589,-77.165730,0.449640
-51.573219,-171.836252,-88.458110,0.360011
-35.745419,-192.480667,-96.968385,0.834874
-34.079581,-174.823845,-92.354914,0.172909
-27.287462,-275.455555,-87.723014,0.531719
-26.065731,-256.190564,-84.585443,0.022841
-38.750340,-139.405767,-68.493182,0.330761
-41.967363,-154.189118,-103.255067,0.313048
-49.958060,-153.211469,-82.425219,0.227406
-22.155155,-225.127665,-89.510709,0.744284
-38.561783,-211.370610,-93.258164,0.668806
-33.511475,-130.922006,-78.169158,0.269559
-27.138798,-291.323274,-75.228502,0.738854
-28.831551,-289.606738,-78.547306,0.780196
-29.806554,-137.599970,-66.433741,0.312719
-33.635744,-381.134183,-52.200347,0.095545
-35.395722,-375.916858,-69.866002,0.304834
-25.193768,-247.073328,-83.252103,0.039342
-37.029307,-137.968443,-73.234372,0.321601
-29.517026,-188.760207,-92.689291,0.690195
-24.110972,-353.949421,-56.800197,0.140644
-36.956048,-380.341449,-51.627426,0.080504
-20.105551,-352.014444,-91.297835,0.240564
-17.673957,-274.879431,-77.315070,0.714183
-12.333429,-357.606374,-83.749628,0.235717
-28.399970,-343.587324,-61.572958,0.220647
-28.540351,-179.899392,-83.238571,0.717706
-30.461920,-183.731575,-85.766555,0.317039
-31.979204,-255.829434,-85.442290,0.927132
-24.816305,-331.496787,-68.820058,0.053620
-35.260259,-357.536057,-78.974497,0.238487
-23.053798,-331.337283,-62.662948,0.404951
-54.060606,-144.108647,-94.249853,0.204315
-23.498000,-355.014152,-80.225418,0.083426
-24.187985,-262.890099,-87.636175,0.029842
-30.376643,-349.569701,-78.977265,0.146091
-47.248391,-371.839732,-56.746497,0.185035
-20.776741,-326.746821,-65.127403,0.485263
-21.192181,-134.424126,-80.057511,0.239176
-38.015031,-186.140344,-93.666593,0.046521
-31.599855,-152.336341,-84.057538,0.190934
-39.343425,-131.639078,-63.154771,0.223855
-36.998635,-166.813429,-79.813776,0.511805
-15.462179,-370.965552,-80.252591,0.199710
-25.356863,-309.974028,-69.964867,0.693897
-30.241364,-252.614428,-83.418946,0.720442
-25.317976,-247.081011,-81.082902,0.416751
-33.200605,-366.800381,-76.600006,0.173795
-35.620187,-125.867086,-62.389031,0.237836
-20.531732,-368.815053,-56.365087,0.131171
-49.851434,-174.248045,-89.818187,0.358158
-35.818499,-168.369703,-87.417812,0.104990
-53.879751,-161.711667,-95.884955,0.140074
-22.754440,-223.100916,-82.388899,0.792020
-23.122044,-330.936950,-67.560837,0.074705
-27.943636,-254.722255,-91.733125,0.773757
-29.963139,-220.428212,-83.203466,0.778249
-20.402179,-351.317457,-70.578445,0.122645
-37.508118,-145.957918,-85.862413,0.159444
-15.678122,-295.274568,-81.541547,0.602567
-56.298390,-149.943758,-98.122901,0.141909
-27.070980,-135.620064,-75.414644,0.304207
-43.987493,-168.535300,-98.862881,0.266345
-44.568484,-130.383889,-71.615545,0.196144
-17.528744,-286.448105,-81.841491,0.270425
-19.735086,-333.994781,-79.499623,0.011587
-18.166712,-361.185156,-78.007852,0.180340
-23.526963,-233.252892,-81.828153,0.783453
-44.443495,-139.654531,-75.420746,0.256224
-36.357782,-178.437783,-84.742665,0.078547
-22.025504,-318.402086,-72.596830,0.016142
-47.995960,-174.684727,-90.920234,0.167984
-38.227725,-138.467801,-79.442259,0.253686
-35.617952,-140.903370,-85.767559,0.260189
-44.100401,-166.898377,-83.721304,0.232966
-28.069995,-294.318381,-81.075650,0.513661
-22.706971,-361.294811,-89.396056,0.182287
-43.161959,-127.200023,-76.094711,0.168058
-38.517325,-203.753527,-92.211437,0.839438
-20.489833,-137.589014,-73.881653,0.285256
-31.761242,-243.748568,-82.309144,0.836676
-20.071797,-303.456974,-70.972763,0.556140
-43.779335,-375.050638,-48.946912,0.113799
-25.192189,-375.199858,-63.888616,0.110306
-22.931826,-266.196828,-82.772798,0.000001
-28.429001,-339.535465,-85.688693,0.229643
-28.276339,-131.119734,-74.112078,0.313205
-27.698578,-342.836246,-88.425003,0.254780
-53.776735,-165.441694,-86.814782,0.248620
-19.262435,-274.196941,-75.438957,0.733644
-43.173771,-162.295131,-97.451827,0.112256
-46.862391,-179.419653,-95.572418,0.449370
-28.313126,-347.158156,-79.311040,0.051862
-30.938204,-237.303483,-84.565893,0.784604
-52.542579,-168.748493,-86.812483,0.307886
-43.721514,-184.445793,-89.826667,0.349007
-34.919181,-153.902392,-97.621815,0.365794
-28.042907,-148.676419,-83.412036,0.373847
-16.030801,-378.174447,-87.718733,0.171952
-27.510636,-358.790031,-61.026068,0.155343
-53.214607,-156.110430,-100.232495,0.253153
-25.491121,-342.078998,-59.947943,0.192598
-48.560101,-144.458826,-88.928297,0.165059
-23.076498,-285.066825,-87.047751,0.082845
-27.950314,-269.576217,-81.602003,0.484183
-18.481255,-284.801232,-82.425353,0.088010
-17.533911,-312.610408,-76.804668,0.188468
-30.314664,-352.737336,-70.853171,0.155994
-19.675532,-369.249352,-75.422185,0.156180
-25.432440,-352.286607,-56.701832,0.145665
-26.081310,-328.087284,-87.867516,0.337536
-21.822330,-274.557680,-84.880833,0.000001
-27.258933,-362.268525,-95.504076,0.198785
-24.822190,-316.781853,-70.545246,0.241402
-41.298972,-195.594717,-87.915245,0.704700
-34.233304,-178.675164,-97.322556,0.643445
-24.510184,-133.653282,-65.815649,0.269819
-29.698737,-242.404854,-87.370649,0.203250
-36.760619,-356.280566,-54.438515,0.223128
-13.455102,-369.763921,-87.932705,0.189167
-47.666981,-165.041483,-82.703207,0.221820
-31.565473,-357.419042,-48.298219,0.175625
-30.605775,-171.529448,-85.033401,0.498867
-34.994838,-375.230695,-94.905100,0.210031
-33.350168,-357.060767,-82.613431,0.226245
-23.393023,-377.131150,-59.479514,0.107527
-31.012933,-356.937313,-54.582168,0.177903
-24.512257,-378.785677,-92.797133,0.077398
-23.245528,-281.379119,-75.744038,0.465549
-33.858252,-191.889022,-89.009288,0.000001
-42.799543,-380.291533,-57.705163,0.184639
-44.709282,-136.745182,-71.844359,0.272445
-16.956433,-350.485431,-71.500314,0.304056
-25.199494,-344.783429,-69.548752,0.034063
-24.456848,-374.795755,-58.867665,0.085391
-24.895306,-303.864086,-83.758422,0.001443
-13.374272,-354.441088,-85.850308,0.226419
-47.327169,-139.412099,-98.586017,0.210036
-24.970192,-345.996059,-85.922439,0.132694
-28.254834,-123.265668,-79.919543,0.138709
-16.277695,-330.965233,-72.678110,0.488962
-39.724296,-142.811115,-94.170999,0.233308
-39.252215,-376.305160,-54.698422,0.157830
-25.864357,-346.900007,-68.277033,0.066154
-39.092025,-377.617654,-62.674326,0.179116
-54.086736,-152.500438,-100.441150,0.134888
-21.422791,-319.492898,-78.424653,0.002440
-55.881436,-150.381297,-87.634840,0.227719
-23.096927,-332.397876,-65.701362,0.104967
-26.657939,-368.617588,-59.634865,0.208748
-26.040925,-275.899756,-86.114083,0.030048
-17.577728,-362.224059,-87.079040,0.207209
-37.156055,-133.143785,-78.707675,0.287437
-29.186865,-353.151711,-79.719399,0.112443
-56.901579,-156.071626,-91.536160,0.101344
-23.456304,-350.961163,-71.368572,0.064825
-39.611036,-186.827476,-97.177072,0.734084
-28.909147,-375.622768,-52.732605,0.050125
-41.459613,-369.437889,-60.028575,0.179651
-45.861959,-179.156524,-85.063932,0.518881
-26.065706,-364.458948,-90.024589,0.241220
-25.405213,-212.863442,-85.660019,0.521907
-37.234341,-142.308963,-65.103901,0.210899
-27.551260,-137.101328,-63.728214,0.246016
-29.316723,-150.391590,-83.152404,0.404999
-33.940414,-354.014130,-80.635680,0.275264
-34.333256,-362.297512,-79.164310,0.260924
-32.288551,-152.671974,-76.190914,0.487394
-27.269535,-333.475674,-84.113460,0.122094
-23.038728,-135.544571,-62.327258,0.206159
-20.680352,-349.716598,-61.151640,0.197401
-30.532277,-358.432826,-87.834982,0.208352
-37.913130,-381.037057,-63.564659,0.191209
-20.589801,-252.154319,-83.785975,0.250558
-28.097588,-333.330668,-79.807671,0.112668
-17.837076,-341.819093,-67.821956,0.368106
-33.652973,-365.260953,-47.260892,0.155055
-30.155111,-143.716597,-78.405805,0.298404
-23.164260,-375.727795,-95.416236,0.060846
-17.258108,-279.634350,-76.169857,0.641228
-33.063562,-205.148044,-83.491535,0.854417
-43.928070,-145.996129,-82.306691,0.223783
-42.677225,-183.811085,-94.344616,0.381976
-50.969040,-146.936685,-97.161159,0.103488
-31.902136,-344.372854,-84.325693,0.459187
-15.530016,-317.654335,-77.019911,0.550625
-25.586050,-286.136229,-80.381183,0.033507
-30.236537,-380.107496,-69.183867,0.269515
-20.554224,-329.185367,-65.149825,0.431751
-34.134668,-352.331436,-81.455235,0.297265
-26.038514,-352.162631,-71.462981,0.042569
-57.549896,-148.091023,-97.178208,0.140379
-27.298980,-245.556264,-89.933100,0.331048
-38.376629,-380.494121,-57.069273,0.186229
-37.751545,-192.283445,-95.225581,0.631397
-30.284107,-346.321173,-78.886366,0.173437
-18.459845,-282.838171,-82.869312,0.103017
-17.526009,-357.462544,-86.466028,0.197488
-18.944502,-338.558959,-66.046769,0.343563
-34.327299,-356.965208,-58.965120,0.232464
-19.547005,-310.507686,-74.963711,0.037587
-14.274200,-361.350239,-81.520507,0.217737
-34.667697,-370.581843,-80.798225,0.120496
-26.375401,-325.473775,-76.711563,0.005618
-37.397798,-178.753073,-89.719671,0.000001
-34.501357,-162.125193,-94.905693,0.462928
-22.471889,-365.892129,-54.375032,0.199136
-36.215246,-124.830827,-75.321792,0.157631
-46.781501,-146.651750,-83.078606,0.354508
-31.558269,-121.455923,-64.241360,0.222121
-23.191368,-281.185236,-80.401704,0.000001
-23.894253,-355.978226,-56.260893,0.136423
-22.825885,-318.099475,-74.791133,0.000804
-18.932349,-337.212635,-71.597576,0.099285
-25.175325,-330.782601,-65.167626,0.200490
-17.847077,-291.462246,-84.667589,0.310479
-31.895626,-162.562616,-91.200825,0.511859
-43.928974,-151.805166,-100.510382,0.237901
-20.888438,-344.240145,-88.959146,0.229111
-35.411474,-366.600259,-85.935608,0.231907
-26.632069,-324.487782,-73.991164,0.206959
-38.976835,-166.137381,-93.781202,0.069023
-38.928117,-366.755252,-55.414342,0.271423
-20.811847,-335.649190,-69.025930,0.080033
-32.472128,-120.010437,-70.072569,0.210248
-33.940607,-230.120910,-93.767142,0.585243
-21.825287,-341.324989,-60.601627,0.299121
-28.106881,-299.903231,-76.982545,0.688352
-52.584398,-151.829376,-87.145552,0.185869
-17.538872,-332.763608,-69.836148,0.402749
-33.762480,-121.767417,-64.401424,0.233838
-29.101412,-384.898708,-56.412046,0.173897
-23.322341,-259.841979,-76.644845,0.790422
-42.865142,-154.423508,-104.854441,0.286604
-16.581675,-353.281026,-70.881176,0.293076
-16.011264,-372.371681,-90.540604,0.155689
-30.094059,-140.652138,-85.028633,0.334594
-31.070650,-167.598424,-85.521392,0.399560
-31.717044,-245.578998,-90.364781,0.871350
-54.336117,-162.176659,-84.399755,0.247190
-20.000272,-367.791464,-71.839567,0.147478
-36.233623,-362.479609,-49.402259,0.166225
-36.959613,-145.022200,-76.417098,0.258789
-38.916273,-138.039617,-76.804710,0.290504
-48.808827,-169.793142,-88.317880,0.123752
-18.654890,-380.355665,-90.033204,0.120045
-20.278879,-364.647699,-73.704995,0.209161
-37.797711,-382.594117,-56.829786,0.184030
-19.884523,-353.732177,-66.897632,0.183581
-30.968920,-358.819685,-81.830666,0.176132
-25.833003,-211.004524,-93.542139,0.732906
-27.971690,-228.569141,-94.793082,0.731525
-22.948908,-370.457893,-56.748200,0.126852
-30.828548,-355.963848,-77.128942,0.125600
-28.415653,-316.229656,-75.709971,0.570784
-22.858857,-224.061596,-91.204438,0.837763
-36.281610,-178.122688,-98.331248,0.624901
-32.783362,-177.304694,-91.143833,0.230896
-44.327282,-374.181116,-55.943632,0.186528
-29.453904,-345.381354,-76.317913,0.073572
-36.645745,-368.881434,-76.315872,0.171631
-30.718105,-152.350171,-85.824531,0.312365
-22.042377,-363.139876,-50.606926,0.147376
-40.282764,-139.410313,-96.973163,0.201624
-25.310200,-332.601457,-73.766392,0.003345
-17.628279,-309.037503,-77.444050,0.228838
-52.023073,-170.986793,-95.083757,0.288622
-32.459276,-374.913530,-88.499965,0.151005
-14.945012,-336.192543,-82.342209,0.498047
-22.323761,-373.793926,-87.407841,0.147072
-36.433586,-148.685417,-79.686362,0.183074
-32.429015,-137.822993,-86.741379,0.285694
-27.767685,-243.856992,-79.561101,0.871177
-36.107878,-367.359299,-53.027909,0.292527
-48.707852,-163.654644,-79.926182,0.220194
-31.448962,-373.215497,-99.392633,0.155830
-18.160631,-269.958973,-76.578126,0.653365
-26.529700,-283.563445,-80.093557,0.236361
-37.019816,-173.144483,-83.123073,0.292150
-23.270415,-378.139333,-70.478874,0.190925
-38.864057,-365.054028,-93.282532,0.174501
-39.123524,-172.447733,-88.362643,0.034201
-29.289026,-359.029723,-92.309470,0.202769
-37.609478,-208.082037,-90.182805,0.807335
-26.721898,-352.348389,-87.562150,0.171868
-34.183006,-141.734249,-81.921822,0.234819
-52.245240,-155.000843,-89.429110,0.090464
-37.325042,-143.632719,-96.938528,0.218161
-25.682509,-328.008975,-75.962414,0.001204
-23.365255,-311.863029,-84.871670,0.029715
-28.130808,-350.755582,-78.047683,0.033841
-27.750430,-336.004214,-76.519932,0.053283
-24.085195,-126.209472,-63.403931,0.176920
-22.244297,-133.869673,-81.898386,0.210419
-23.786360,-329.575487,-85.621247,0.057021
-30.001784,-360.525098,-75.147766,0.136811
-37.941288,-201.094761,-90.160027,0.533176
-23.056125,-352.695371,-54.427663,0.199084
-15.736445,-305.190244,-76.941179,0.601450
-40.774316,-166.541557,-81.161747,0.503156
-21.072169,-291.993216,-75.571348,0.020774
-31.276758,-139.773207,-81.875927,0.273377
-32.764239,-166.461858,-92.788406,0.482861
-27.378666,-363.733919,-52.185248,0.202527
-17.840311,-371.711590,-77.401478,0.185277
-32.087396,-357.948671,-52.370941,0.184534
-16.356172,-353.738802,-88.321343,0.187623
-29.966654,-244.394089,-84.607560,0.457426
-43.925152,-178.391028,-82.997629,0.526739
-42.066554,-365.882770,-62.341070,0.165301
-30.027225,-128.872869,-66.761649,0.164084
-42.640627,-190.657671,-87.800189,0.692744
-32.131964,-360.217618,-53.588570,0.225843
-26.701690,-323.659157,-67.193511,0.528713
-18.745558,-259.448048,-78.512019,0.676456
-26.469482,-356.929114,-56.638068,0.153476
-25.034078,-352.017849,-68.521999,0.078553
-34.315841,-168.984254,-81.036354,0.603893
-27.929777,-351.247065,-52.914305,0.220218
-22.045475,-239.260643,-81.095588,0.860717
-20.614133,-141.201991,-72.404203,0.183118
-29.414972,-357.075761,-51.726583,0.145004
-36.593628,-151.781067,-100.001592,0.317978
-28.865931,-263.443244,-84.305503,0.331452
-16.950374,-360.569291,-67.131338,0.201172
-25.347032,-320.416254,-88.819910,0.510040
-15.255311,-299.647305,-82.463903,0.689474
-17.349307,-331.026289,-77.140230,0.131881
-28.292568,-352.296910,-60.391165,0.147078
-23.052204,-377.271011,-75.642268,0.196640
-37.938875,-160.358956,-81.112643,0.277628
-23.917601,-129.815316,-71.385206,0.215682
-32.204250,-349.931461,-88.739664,0.395733
-40.361532,-181.458868,-83.982949,0.411342
-33.926506,-374.615166,-64.839038,0.043297
-44.821010,-367.962377,-62.606783,0.157879
-30.779513,-276.048756,-84.325517,0.892275
-22.099200,-300.454155,-77.519955,0.000001
-21.688087,-332.882150,-68.114775,0.084641
-17.530172,-331.292170,-80.033690,0.158382
-17.595992,-286.286070,-84.355969,0.418576
-36.021620,-120.582977,-66.807914,0.225346
-16.122087,-290.824050,-79.099447,0.623608
-40.230303,-157.264042,-83.580114,0.152637
-21.538133,-129.908487,-74.952435,0.225635
-22.914367,-372.939017,-61.626437,0.139491
-32.131484,-351.630838,-71.320307,0.283102
-18.898720,-345.170752,-89.208492,0.285455
-35.388000,-364.858803,-49.083933,0.174088
-36.159800,-370.462397,-55.069214,0.203491
-44.164097,-182.003225,-95.219708,0.609057
-36.560798,-226.560354,-90.729518,0.730464
-24.283850,-344.875956,-57.231943,0.280192
-23.704306,-233.013669,-92.837881,0.837786
-36.403687,-152.054884,-94.827761,0.206196
-26.073556,-290.438980,-86.040029,0.095470
-31.882385,-136.189476,-61.550980,0.203459
-24.561639,-290.353121,-80.779062,0.000001
-36.186097,-174.933144,-82.185311,0.524477
-44.842943,-142.149784,-89.535889,0.199730
-32.526074,-216.175740,-86.269591,0.490188
-43.107065,-187.611244,-87.806860,0.669435
-27.495834,-327.228919,-72.930563,0.219180
-30.350155,-336.553063,-72.351623,0.457217
-20.416230,-306.178870,-69.120128,0.683726
-25.096118,-247.851940,-89.620035,0.175168
-23.758761,-270.137358,-89.658032,0.474858
-24.239335,-348.956054,-67.267012,0.091735
-16.328482,-340.385756,-73.419495,0.380841
-31.769365,-170.631077,-83.715484,0.452664
-28.161227,-382.654328,-88.203765,0.151505
-43.383230,-172.548033,-85.381566,0.175246
-31.697441,-211.468406,-86.526982,0.264715
-30.565816,-357.393827,-52.976962,0.172318
-49.487516,-147.968332,-91.035796,0.216384
-19.860500,-295.201288,-85.819317,0.041492
-53.476417,-151.874897,-98.735157,0.149182
-44.100194,-173.768312,-96.997693,0.250316
-31.599241,-382.278218,-93.048885,0.161023
-20.399629,-244.156186,-84.438161,0.641349
-39.276639,-198.003782,-85.582284,0.781006
-30.105624,-351.861581,-56.427052,0.196432
-31.023950,-180.149715,-89.438479,0.375760
-32.223814,-148.478351,-90.450516,0.342979
-21.808015,-359.345918,-56.731481,0.152829
-41.509611,-174.651338,-86.181156,0.081415
-42.920229,-170.751075,-81.263602,0.401323
-18.487203,-376.974876,-66.787323,0.200227
-27.238234,-317.199687,-82.133730,0.124374
-32.696515,-360.005602,-96.576883,0.190258
-23.062120,-140.046352,-75.743475,0.236682
-43.961709,-135.257316,-70.318004,0.230901
-25.267923,-133.884936,-75.071259,0.292465
-23.345181,-290.627525,-85.037437,0.000001
-19.948107,-379.356744,-58.421308,0.109648
-32.536714,-380.567149,-96.064628,0.191566
-14.343289,-362.481966,-79.575441,0.210962
-34.731100,-368.248117,-83.457820,0.216904
-24.649042,-325.540501,-74.228121,0.008583
-26.776530,-208.518528,-90.016113,0.349047
-31.075570,-283.371400,-86.311298,0.712481
-28.365086,-369.876832,-70.537218,0.052468
-41.839071,-197.410651,-91.407271,0.638003
-38.320633,-132.699220,-75.436803,0.251916
-17.116283,-348.769016,-88.588000,0.254483
-33.669572,-193.893982,-87.351103,0.000100
-37.341038,-171.461191,-91.247323,0.037860
-25.891971,-372.696946,-57.813096,0.075338
-31.423676,-378.893137,-80.147234,0.198072
-29.468419,-346.167994,-60.496681,0.273722
-34.173728,-385.450788,-58.465179,0.189424
-21.753733,-283.443571,-80.250687,0.000001
-37.583285,-169.536007,-82.868080,0.225532
-40.315437,-370.228671,-58.052794,0.183067
-23.913797,-348.762548,-80.705039,0.057036
-27.870590,-294.874562,-82.977086,0.164775
-24.099361,-226.562541,-92.324436,0.860368
-28.355545,-135.185459,-72.944280,0.341480
-31.451874,-173.637213,-87.782943,0.393961
-20.575757,-339.996781,-86.333172,0.113127
-34.740952,-158.630610,-83.977164,0.152443
-25.919839,-349.608769,-56.341544,0.157941
-19.346866,-238.594571,-86.173506,0.769065
-24.920418,-363.287465,-48.564421,0.172058
-27.351525,-375.361812,-93.207632,0.109777
-18.315795,-376.614430,-86.168865,0.161250
-29.212369,-339.531768,-80.759216,0.186431
-26.309293,-124.174099,-67.502605,0.209339
-35.705160,-194.563730,-84.139668,0.760890
-28.676276,-321.020456,-83.367617,0.377188
-27.954361,-379.885217,-49.929088,0.096982
-48.092493,-147.087436,-85.193667,0.328902
-15.897991,-304.192252,-84.973660,0.681123
-24.066467,-290.895806,-76.562932,0.109217
-32.699677,-126.247875,-72.462905,0.235355
-30.865536,-369.667679,-98.682370,0.157881
-34.779044,-126.921474,-75.148584,0.163960
-23.442551,-376.784229,-55.108787,0.053201
-17.443732,-318.859433,-79.210367,0.158453
-30.388588,-323.484527,-81.669095,0.647706
-38.210620,-213.643270,-92.548703,0.662908
-25.224925,-311.285229,-87.844755,0.538253
-24.300011,-354.432686,-83.590895,0.128268
-23.291007,-220.707544,-88.458273,0.630008
-40.525323,-185.699497,-92.435602,0.060862
-19.378250,-336.099351,-70.131600,0.143055
-39.743869,-158.460240,-92.499707,0.099753
-21.387277,-357.691489,-59.251405,0.168029
-35.723714,-186.875046,-91.233089,0.000001
-34.431042,-132.399274,-83.357175,0.206521
-28.107023,-337.525256,-81.906735,0.117148
-32.826466,-197.694026,-90.413548,0.004174
-36.164696,-176.082841,-95.918070,0.227479
-28.461718,-355.447200,-75.038942,0.024348
-31.260977,-210.944758,-93.135274,0.428224
-17.300608,-321.588542,-86.734578,0.545255
-43.203501,-372.292517,-56.869903,0.190475
-19.727762,-376.019543,-75.655276,0.233165
-26.244353,-259.920205,-79.086648,0.784174
-40.225454,-187.805663,-89.454560,0.067425
-35.231957,-205.976152,-85.668735,0.755006
-22.305666,-347.697511,-83.440129,0.098282
-21.432570,-313.958839,-87.767480,0.323128
-36.297391,-173.312877,-80.520991,0.564075
-34.533033,-362.119972,-90.423727,0.241419
-36.634773,-362.197383,-74.956569,0.250483
-41.643204,-186.646098,-88.727462,0.253638
-22.647171,-334.098090,-85.667257,0.066940
-20.785928,-296.629126,-74.249429,0.126158
-31.762168,-127.007155,-61.668601,0.176488
-36.959963,-219.723545,-88.283067,0.781494
-22.506384,-303.670860,-74.370383,0.037636
-42.211839,-184.284409,-87.731810,0.191462
-23.321583,-372.690877,-66.098521,0.147203
-17.110209,-282.181749,-87.533823,0.748569
-30.737536,-354.144081,-88.819604,0.238503
-29.905881,-347.809043,-87.341544,0.267731
-42.876597,-144.236373,-84.429018,0.186024
-28.932275,-175.509662,-83.042456,0.712883
-38.238318,-374.257068,-63.199257,0.143097
-28.388207,-223.668084,-94.886275,0.798519
-20.163855,-302.275963,-77.140806,0.002184
-29.861250,-292.605627,-81.583225,0.856381
-17.218529,-378.125996,-82.820131,0.211126
-29.995561,-375.727859,-67.909272,0.030920
-22.775016,-357.718391,-61.250046,0.158178
-29.005598,-377.510093,-49.835548,0.034317
-20.600175,-234.098950,-81.850568,0.662954
-47.116309,-169.998851,-91.945815,0.076985
-18.544779,-323.092108,-71.585611,0.283297
-41.938224,-184.165737,-84.005891,0.613921
-25.159978,-367.602212,-57.191831,0.214161
-26.023231,-298.575530,-73.744108,0.738361
-24.190600,-333.184956,-67.497272,0.078607
-23.784226,-352.981507,-88.816013,0.160014
-15.421784,-368.049618,-77.742443,0.165319
-24.607515,-318.581712,-89.537416,0.466586
-18.271175,-361.710712,-82.392360,0.183526
-28.252056,-270.937190,-86.461272,0.305275
-46.708863,-147.589732,-95.370560,0.230889
-35.345125,-152.380503,-98.686537,0.334289
-25.360124,-240.486021,-85.240180,0.001509
-38.596557,-185.313458,-81.748011,0.741335
-18.457573,-375.640371,-87.961383,0.153318
-39.994481,-160.625465,-80.298308,0.375171
-54.649937,-165.289375,-94.241420,0.215540
-27.294546,-366.080363,-50.785152,0.168316
-31.502454,-348.289892,-58.831560,0.418664
-31.557512,-368.953490,-50.280701,0.121805
-24.195274,-207.976867,-89.691750,0.704351
-34.295921,-157.264856,-79.581812,0.392055
-24.770681,-379.962170,-76.039984,0.211625
-23.359934,-299.377593,-73.562866,0.288848
-16.718144,-315.741934,-79.831716,0.317563
-18.118635,-314.324324,-85.380499,0.351054
-43.120815,-169.511986,-91.407418,0.051316
-21.791442,-126.902799,-64.814049,0.183906
-24.017359,-268.122325,-84.192676,0.000001
-28.218994,-275.208381,-82.361901,0.535539
-39.445476,-140.718089,-82.274444,0.212159
-29.234618,-128.954194,-74.315847,0.250460
-23.053783,-124.068619,-70.568290,0.218289
-38.698733,-162.853620,-90.460719,0.081862
-26.516776,-127.130317,-75.576363,0.192051
-28.977446,-260.733885,-81.699108,0.767562
-22.691698,-239.824758,-92.645560,0.760384
-44.919558,-139.748534,-94.582916,0.190017
-27.821459,-210.971976,-91.371639,0.246443
-31.242054,-360.458160,-88.596526,0.208482
-25.970836,-248.830482,-83.582362,0.057510
-33.397351,-142.666002,-84.775371,0.258965
-29.042275,-195.030282,-81.859426,0.755778
-17.134079,-359.617886,-79.058744,0.180983
-22.210645,-322.294822,-70.933028,0.023507
-22.493710,-358.791179,-74.536422,0.129420
-17.878262,-289.244051,-80.101492,0.247165
-20.501489,-341.589903,-67.225117,0.127154
-56.240435,-151.891688,-93.534819,0.201658
-35.198993,-373.213254,-86.420194,0.153576
-37.149938,-364.352800,-58.831762,0.270468
-44.273676,-378.918101,-53.070994,0.162879
-32.756254,-353.382714,-53.423558,0.265525
-27.873115,-123.234189,-74.279066,0.199708
-44.005163,-159.817862,-78.295700,0.502509
-25.635862,-324.419008,-75.466543,0.010074
-36.467335,-361.103757,-61.060657,0.319388
-24.536808,-131.870450,-75.661072,0.296877
-21.626721,-376.740196,-64.254268,0.171289
-26.924570,-345.291770,-77.648482,0.003010
-25.723286,-145.536664,-72.958803,0.235011
-30.223769,-378.543223,-61.933823,0.135074
-25.264996,-224.940577,-79.884997,0.714651
-45.063376,-146.962070,-79.010879,0.457060
-32.751084,-123.039282,-75.880619,0.153740
-20.330083,-377.970945,-94.126026,0.073826
-19.730195,-359.228147,-64.623917,0.183628
-45.558150,-172.178175,-95.971290,0.125299
-38.150759,-197.064329,-90.705681,0.291289
-26.822042,-213.098187,-94.514845,0.821906
-29.762251,-338.127764,-81.691129,0.293301
-34.937873,-374.935493,-98.950669,0.184462
-42.039193,-145.846607,-89.779941,0.240253
-37.092887,-191.055437,-82.417641,0.813363
-29.573631,-260.510631,-90.391720,0.694119
-18.911271,-276.976526,-83.181885,0.044489
-26.628382,-245.696202,-84.378231,0.027138
-34.940152,-133.357387,-59.660636,0.203803
-28.433785,-192.723541,-82.008629,0.736165
-23.381530,-246.583324,-78.557164,0.900697
-29.467259,-248.939785,-80.540782,0.902137
-43.932677,-146.422898,-94.427340,0.249834
-21.685648,-290.308658,-87.379821,0.063121
-27.439745,-292.318819,-81.051300,0.388631
-20.290297,-340.008758,-75.290940,0.019025
-25.447503,-204.818652,-90.544255,0.736949
-23.769893,-362.296339,-78.062395,0.191213
-16.894373,-353.954023,-68.076772,0.269496
-27.081081,-353.564067,-59.992535,0.137968
-46.297068,-154.622693,-80.422440,0.405457
-26.629136,-283.977219,-75.403873,0.806899
-30.992107,-123.638584,-67.144112,0.228213
-29.121173,-220.237384,-80.545160,0.888964
-27.769249,-120.223004,-67.894604,0.219740
-27.088745,-315.029775,-80.686575,0.056921
-47.543307,-162.135630,-81.839986,0.232372
-21.175966,-129.751163,-64.079954,0.184929
-44.521452,-129.102432,-70.129567,0.184300
-42.534132,-186.023720,-84.892251,0.673479
-40.786082,-165.194185,-101.308784,0.394139
-39.940315,-202.565426,-90.631824,0.766056
-24.444353,-132.282695,-63.032078,0.197219
-31.017242,-377.603290,-54.028735,0.088704
-26.910431,-372.902636,-47.356301,0.102066
-21.866571,-282.364407,-85.421653,0.000001
-24.627531,-365.486388,-96.212070,0.148560
-39.666883,-172.430525,-99.965020,0.522041
-28.499698,-279.016496,-89.331002,0.633475
-22.615041,-132.009392,-67.811432,0.250813
-46.856369,-168.015227,-80.955328,0.257937
-15.608175,-292.000440,-77.873470,0.627898
-23.993930,-138.981241,-68.095748,0.200130
-21.335362,-324.858486,-75.136464,0.001173
-25.963413,-364.938970,-48.061032,0.145267
-29.914893,-156.752235,-80.542951,0.500489
-40.864895,-150.339850,-99.465271,0.258132
-38.128828,-367.240941,-53.546286,0.332720
-37.877548,-123.700335,-65.406251,0.234965
-42.463582,-166.187317,-87.310385,0.092624
-31.233557,-351.209438,-82.779719,0.212549
-46.942278,-174.038492,-92.282969,0.084793
-19.522415,-263.813439,-90.473056,0.747689
-43.380304,-144.164329,-77.203957,0.353018
-26.205457,-366.196823,-58.234739,0.220713
-30.208844,-362.571054,-48.855122,0.194939
-44.799557,-179.594644,-89.287551,0.149359
-28.556630,-226.749731,-87.737261,0.013939
-42.050995,-160.404553,-78.255391,0.551119
-31.437347,-145.346144,-90.209280,0.450569
-27.623468,-301.758095,-84.882193,0.318385
-39.050825,-122.967373,-71.804783,0.196900
-19.681790,-338.659227,-64.066594,0.326839
-48.194764,-371.657671,-61.863018,0.211427
-39.762956,-125.030699,-72.296735,0.190895
-48.335826,-159.928327,-97.230678,0.111266
-26.158554,-218.487562,-80.571904,0.792476
-28.127046,-362.906538,-92.586271,0.204050
-21.056720,-281.430214,-83.866830,0.000001
-24.112730,-286.614210,-82.401335,0.000001
-20.760317,-348.742864,-59.248261,0.269841
-28.172567,-138.570788,-82.352236,0.236399
-49.590975,-142.240079,-97.356464,0.158844
-19.386481,-277.401405,-86.370399,0.148129
-35.840873,-379.889976,-64.235601,0.185760
-27.387766,-381.001189,-65.662201,0.185384
-35.487652,-363.157023,-78.088083,0.277769
-22.192917,-352.511587,-67.143820,0.137907
-31.708817,-164.694238,-80.884496,0.533796
-15.827975,-337.830024,-84.703045,0.371571
-20.425657,-374.736314,-86.642306,0.161681
-26.274331,-198.473811,-89.447935,0.751284
-32.277811,-205.666928,-81.375862,0.851788
-32.613525,-207.162053,-83.132389,0.955406
-24.404524,-323.934401,-67.744043,0.210571
-29.028158,-164.241656,-84.245120,0.586404
-29.551750,-141.185632,-83.057465,0.285411
-50.025818,-162.177899,-95.442536,0.078526
-35.682999,-219.700170,-86.078357,0.909799
-23.056836,-228.638853,-80.762899,0.794230
-20.401758,-354.640914,-86.086120,0.166410
-20.895794,-235.779855,-80.882553,0.714254
-34.935515,-378.055920,-48.910939,0.065675
-30.038940,-125.256180,-76.555949,0.179389
-28.877541,-381.149147,-68.477758,0.209148
-30.712384,-379.775841,-59.170557,0.161142
-31.574021,-126.263820,-67.748247,0.217896
-27.764603,-342.629565,-82.228765,0.083969
-31.700246,-145.270581,-81.209206,0.272882
-29.290028,-337.427096,-77.677923,0.155271
-36.214023,-172.433695,-81.893666,0.542145
-22.195056,-247.187092,-92.207372,0.766564
-29.969032,-326.548910,-79.023664,0.573670
-30.375079,-231.985814,-94.150004,0.785580
-36.453098,-224.875773,-87.309541,0.745794
-31.604541,-153.959705,-89.679026,0.385094
-32.124511,-189.924244,-96.088187,0.766925
-39.526954,-171.446606,-91.981863,0.031673
-33.552448,-206.015508,-91.393438,0.136209
-48.359929,-145.627741,-83.463835,0.306575
-33.322454,-350.592365,-83.170888,0.333024
-23.829723,-129.882371,-64.504570,0.160465
-28.157760,-337.301656,-86.746176,0.298549
-23.436727,-219.097813,-81.618254,0.733753
-45.812744,-166.250178,-78.526800,0.259356
-22.804489,-133.552075,-61.983245,0.207901
-27.005761,-326.236620,-79.975710,0.080891
-29.128033,-336.278230,-66.535411,0.414880
-34.394637,-173.932926,-96.157990,0.536309
-30.945437,-361.623126,-82.504463,0.194767
-16.929246,-365.151577,-80.610974,0.235650
-43.156458,-377.940786,-63.831017,0.184709
-25.466359,-272.715226,-75.697880,0.793842
-45.369936,-150.091995,-79.334852,0.492500
-16.354734,-370.706714,-65.127806,0.179176
-47.590732,-148.552802,-81.769420,0.382310
-30.442854,-328.390189,-82.472686,0.612043
-20.491628,-137.611977,-70.499757,0.244665
-16.603434,-264.499406,-84.002224,0.696750
-38.596660,-133.900891,-82.786596,0.198635
-29.334460,-346.066930,-63.721618,0.218964
-28.150544,-337.765209,-84.791561,0.186487
-32.873021,-138.315359,-84.470210,0.264375
-24.005780,-285.744447,-78.234948,0.005522
-24.890425,-368.346969,-96.029695,0.130651
-20.067055,-363.233266,-65.119406,0.177846
-41.114625,-366.096931,-52.474151,0.248328
-22.752697,-299.115265,-85.148204,0.005442
-25.743988,-372.805427,-51.404800,0.046173
-42.248073,-179.350917,-93.586001,0.032932
-30.667419,-360.294926,-49.213725,0.194988
-35.658287,-143.719913,-81.939410,0.181400
-28.000300,-379.748487,-60.138279,0.160537
-12.875055,-372.277337,-82.803050,0.202837
-19.114907,-128.375619,-75.221895,0.186266
-19.236216,-371.462128,-65.811673,0.175111
-25.645723,-377.448184,-68.736419,0.138202
-41.170726,-137.006695,-66.008707,0.175827
-44.709927,-139.179769,-79.307289,0.275203
-30.052946,-367.737872,-47.580737,0.112010
-20.616282,-315.929250,-85.747356,0.040651
-22.255604,-336.470212,-69.439686,0.023566
-28.800074,-379.855562,-79.200795,0.236243
-32.297425,-377.716728,-88.922015,0.153685
-36.918829,-203.252624,-85.649234,0.894512
-31.415736,-228.293552,-80.745525,0.713418
-23.244810,-366.531688,-50.862912,0.145529
-46.436987,-179.303128,-91.547542,0.324834
-31.156155,-195.913804,-89.234685,0.012050
-26.707488,-247.268066,-91.154321,0.674796
-28.474776,-255.443255,-84.217359,0.261009
-23.167016,-254.306649,-77.356339,0.784175
-29.776565,-353.756611,-82.543474,0.143255
-28.750094,-221.292294,-89.786686,0.036305
-25.950811,-322.094301,-89.525362,0.469887
-42.534358,-368.078908,-52.119571,0.201343
-18.813734,-241.900658,-84.025615,0.759076
-39.027465,-367.770323,-63.260397,0.204048
-16.654748,-297.569809,-80.809767,0.393093
-19.343802,-361.962528,-84.946198,0.205021
-17.129041,-378.002906,-90.866547,0.105293
-34.114429,-137.169195,-63.632325,0.219058
-32.508639,-219.466731,-93.365305,0.777724
-19.286284,-356.149673,-62.820703,0.187733
-30.594757,-231.802160,-84.207148,0.624696
-45.835304,-141.499526,-82.798686,0.323127
-25.861172,-229.077602,-82.699696,0.617796
-37.693721,-154.113216,-102.148376,0.338997
-38.304728,-371.824341,-96.786749,0.174553
-29.513196,-356.789070,-62.562409,0.170620
-18.861266,-326.020221,-73.324604,0.087825
-46.649871,-150.652204,-88.152124,0.145465
-23.713651,-296.632495,-85.010585,0.003861
-49.826147,-152.729827,-88.484969,0.116545
-52.337951,-149.940249,-93.715671,0.161698
-32.283540,-379.143110,-69.797213,0.285460
-44.105508,-163.924428,-85.226089,0.159347
-49.026962,-143.845368,-98.520390,0.125332
-32.135078,-223.923812,-82.672555,0.932611
-22.062333,-371.455520,-60.350539,0.173135
-35.440784,-371.680553,-97.047724,0.170656
-27.918814,-140.356803,-66.132674,0.250429
-42.226509,-174.293656,-91.629813,0.017874
-31.843842,-190.820763,-85.849395,0.117174
-27.604445,-299.114797,-81.223506,0.246205
-31.738226,-217.580387,-83.487452,0.842635
-19.361526,-322.809575,-77.486350,0.001788
-30.646167,-332.783669,-80.793519,0.550275
-26.569517,-352.157585,-54.254701,0.173606
-19.538722,-126.474606,-73.833182,0.193047
-39.872384,-376.236335,-86.884980,0.169347
-28.685715,-351.603101,-55.325222,0.169962
-18.641363,-331.784546,-73.065283,0.106373
-38.434715,-150.305574,-95.850743,0.228015
-21.575202,-283.281170,-83.753055,0.000001
-18.089211,-308.111901,-84.407000,0.242060
-23.289653,-366.337065,-56.446258,0.220679
-16.615127,-355.905857,-69.012998,0.267225
-29.902142,-130.731836,-80.547004,0.208797
-29.719508,-199.597198,-87.495402,0.016165
-14.955677,-354.281938,-79.280357,0.245747
-39.886031,-369.683967,-62.795719,0.158928
-22.741029,-366.617742,-75.052352,0.166090
-43.419099,-131.493941,-68.310744,0.204457
-33.172416,-251.748169,-86.493947,0.866515
-18.554517,-251.199513,-85.160228,0.776851
-26.817250,-252.432906,-80.827888,0.689948
-34.774798,-144.368612,-70.740115,0.291059
-36.423577,-214.414631,-88.855968,0.841484
-27.515828,-346.711891,-68.354699,0.093671
-20.507521,-330.709199,-84.616284,0.029692
-28.067530,-378.326943,-65.862113,0.113242
-42.592335,-179.192049,-98.751191,0.577329
-20.891219,-128.148554,-72.228714,0.191936
-41.613971,-130.309856,-68.815563,0.206377
-30.258199,-160.573352,-83.481902,0.481824
-24.809039,-143.595163,-66.213513,0.205349
-22.479895,-297.298642,-86.572983,0.037693
-25.558127,-272.742565,-78.776967,0.480383
-35.948139,-125.363995,-69.467975,0.227087
-48.645931,-167.952679,-79.600641,0.226416
-26.869522,-227.093566,-89.899876,0.077870
-30.520260,-291.132682,-85.809572,0.794562
-21.670016,-329.277224,-80.938413,0.002117
-27.848509,-370.014931,-57.313461,0.118410
-28.825965,-223.464684,-81.398613,0.934288
-52.721725,-165.455241,-93.237137,0.095494
-36.203951,-159.489381,-83.050875,0.172770
-28.637901,-122.467985,-70.595021,0.223156
-29.002073,-262.315337,-86.982342,0.425247
-48.566167,-171.552495,-90.920465,0.098839
-46.511261,-158.661538,-80.965640,0.318636
-27.200960,-222.506894,-82.125854,0.890532
-26.943038,-333.291542,-82.064680,0.054906
-40.335059,-175.600318,-94.703635,0.018041
-22.591161,-135.609013,-78.419708,0.260713
-38.239380,-123.302720,-74.359333,0.171307
-26.217459,-278.222121,-75.470641,0.784252
-43.978502,-370.731596,-64.139385,0.179777
-19.505800,-315.177261,-87.030191,0.311162
-21.442338,-320.690629,-75.204634,0.002114
-41.103247,-144.501906,-88.522514,0.244305
-33.093825,-354.735410,-82.039993,0.239822
-28.054054,-328.469786,-76.740349,0.146092
-19.318259,-275.229903,-80.271388,0.066449
-42.874695,-137.862767,-82.201868,0.232819
-35.622908,-357.359380,-75.137748,0.216565
-37.741575,-141.619546,-84.533121,0.200157
-34.304926,-359.089461,-93.474347,0.223900
-32.040201,-246.524634,-87.096363,0.841584
-23.007473,-308.801727,-89.646762,0.547838
-29.631515,-213.989733,-83.682438,0.596678
-49.943756,-149.534589,-83.994609,0.264183
-24.706876,-306.007828,-85.214880,0.048338
-32.263248,-249.557688,-82.960061,0.759264
-40.047024,-379.698210,-57.217888,0.183299
-30.376875,-380.207359,-96.229535,0.147694
-21.413171,-327.000535,-74.426590,0.000001
-29.218713,-299.817538,-82.515535,0.702753
-39.953069,-141.804801,-91.354159,0.292604
-17.800839,-347.467339,-89.676128,0.291433
-25.062961,-142.580046,-78.144842,0.263517
-40.308988,-185.100116,-86.732215,0.069741
-36.342334,-355.626409,-58.075073,0.255413
-29.533735,-353.795558,-94.445269,0.242074
-27.692845,-351.845782,-58.557794,0.153249
-26.380687,-258.627577,-83.820043,0.048838
-16.889213,-321.569241,-75.339404,0.412549
-30.775048,-126.372134,-75.135617,0.208540
-30.300450,-154.889254,-88.152989,0.427219
-32.690455,-375.794600,-54.166180,0.087413
-25.924131,-287.809739,-79.664282,0.155053
-27.839262,-246.433613,-93.315974,0.672440
-12.936061,-362.938698,-89.697085,0.194993
-42.955013,-154.022899,-78.390080,0.532355
-38.172889,-369.560695,-63.791411,0.165054
-28.229781,-149.966574,-85.679345,0.356916
-38.191968,-376.421355,-50.417801,0.103194
-24.681959,-334.009568,-71.766994,0.004957
-23.753310,-337.984335,-69.937715,0.012542
-24.365000,-377.185697,-51.672618,0.076464
-22.699647,-236.256683,-85.302377,0.169534
-51.506674,-168.833215,-95.639615,0.260639
-26.561089,-144.959848,-82.461143,0.307226
-39.579520,-170.848719,-85.812689,0.074801
-29.630677,-129.003976,-77.379100,0.252678
-44.786829,-165.855484,-85.621722,0.151111
-45.170084,-186.270201,-93.172810,0.534443
-25.227462,-294.076573,-82.771979,0.000001
-39.762513,-365.848046,-50.525198,0.224172
-31.860577,-177.351601,-87.477848,0.182120
-34.171243,-360.110898,-75.864156,0.250345
-21.106350,-355.115806,-63.898905,0.161251
-43.481384,-378.132150,-50.620859,0.104950
-28.345481,-338.715470,-66.854672,0.245339
-20.602936,-137.768689,-78.843513,0.234236
-27.555709,-340.324671,-66.010717,0.167374
-35.896579,-381.442415,-53.783533,0.145490
-16.868382,-336.727385,-86.457448,0.353006
-28.506463,-210.429469,-80.896285,0.836624
-27.678412,-273.001807,-89.115248,0.712704
-32.890090,-162.033753,-84.980027,0.175269
-37.403841,-221.260323,-90.733987,0.684608
-37.912363,-148.200667,-75.687543,0.391251
-20.600395,-370.273265,-71.967677,0.138190
-18.158356,-254.917908,-84.226247,0.726008
-27.890215,-226.380245,-95.254340,0.685490
-31.292534,-154.918958,-84.342043,0.207907
-44.751126,-175.365233,-98.755574,0.523390
-46.211945,-174.046595,-83.052100,0.373736
-16.537767,-362.142666,-81.056267,0.199425
-18.725121,-351.061893,-90.454624,0.251463
-40.964886,-367.287824,-91.352279,0.155829
-25.340322,-375.610670,-61.254578,0.095812
-33.001473,-381.363944,-48.965435,0.101382
-34.964803,-175.894169,-91.057400,0.027255
-34.696931,-370.448177,-47.425862,0.135273
-16.669895,-372.616803,-64.417911,0.178414
-26.084933,-325.315582,-72.373686,0.073971
-16.575393,-270.817315,-83.667942,0.644259
-28.697459,-351.497691,-76.275323,0.026216
-26.614135,-141.557908,-75.567990,0.275051
-34.871825,-145.305145,-95.859335,0.292103
-29.766187,-367.733117,-55.646882,0.228283
-40.490204,-156.601237,-101.346922,0.254667
-24.273863,-263.972061,-80.528401,0.065996
-24.432754,-329.497735,-80.524000,0.000133
-38.034148,-369.459381,-67.169167,0.111330
-30.713613,-253.080987,-88.649142,0.812116
-21.593618,-344.980770,-86.616906,0.135786
-24.900247,-336.359391,-71.962158,0.002778
-35.626618,-158.976128,-85.557255,0.139565
-23.462538,-138.376449,-79.649000,0.230160
-20.033784,-381.094423,-82.397667,0.179697
-26.887435,-336.969714,-79.387511,0.017595
-39.527875,-187.275232,-85.631382,0.272307
-29.296228,-359.495391,-47.524170,0.170403
-23.773261,-371.192303,-94.819968,0.074292
-47.611035,-166.538414,-84.416337,0.180321
-31.453956,-385.096292,-53.882359,0.160873
-37.457638,-135.458990,-68.262771,0.282970
-36.175245,-128.517005,-70.012299,0.232724
-18.158593,-299.949125,-77.272815,0.228042
-46.623572,-145.623554,-90.349474,0.259896
-25.843954,-244.082373,-81.691401,0.416116
-54.117206,-163.973134,-92.833238,0.119727
-21.417811,-130.062939,-72.150822,0.196091
-27.714711,-211.472070,-82.914140,0.814519
-33.242204,-125.304961,-73.932560,0.195172
-33.384392,-379.541344,-85.042024,0.191505
-32.647818,-153.688993,-84.953906,0.154542
-21.950864,-125.175016,-67.441607,0.207195
-24.592418,-341.775069,-70.196448,0.006540
-35.934030,-130.159034,-77.750851,0.227555
-41.830542,-147.920311,-77.080218,0.496460
-51.132999,-173.895304,-92.967554,0.384479
-26.368377,-271.254820,-90.449695,0.718118
-39.029978,-368.652400,-74.350461,0.317348
-20.787299,-352.749887,-79.361221,0.098550
-42.849254,-172.803207,-98.291889,0.344208
-24.851670,-285.582198,-75.386012,0.679354
-23.917740,-294.170869,-87.327857,0.261180
-24.154156,-299.926764,-85.686508,0.024086
-41.124863,-373.923649,-95.071117,0.224405
-30.150041,-372.045292,-83.237903,0.116564
-45.883109,-148.776862,-97.372675,0.210490
-29.850479,-170.335218,-86.430949,0.608539
-23.614590,-335.356432,-71.185835,0.001499
-26.997319,-214.538682,-89.255642,0.130538
-34.765078,-216.193845,-87.186394,0.758157
-28.544083,-319.127848,-75.075150,0.566220
-22.934475,-321.207790,-81.296012,0.000001
-23.252191,-318.243440,-81.700898,0.000001
-38.853579,-139.329658,-66.610791,0.318977
-19.068439,-316.693141,-75.649936,0.019748
-28.303531,-344.653524,-79.682886,0.066733
-16.172580,-333.798569,-75.129385,0.456028
-34.939712,-136.343379,-71.857145,0.385380
-13.525342,-365.357900,-88.501641,0.192915
-34.601890,-358.852993,-83.282971,0.238441
-19.747138,-371.496087,-55.299767,0.124647
-24.242782,-220.792286,-90.110246,0.647018
-30.833824,-134.702507,-77.629393,0.303603
-22.769320,-291.123251,-80.212441,0.000001
-26.986286,-360.426791,-58.165333,0.169100
-35.445363,-171.897247,-84.504983,0.176576
-26.270191,-261.396221,-77.457607,0.824238
-43.507619,-172.681471,-95.055896,0.039477
-39.346831,-127.193719,-73.550126,0.182905
-23.142286,-380.811612,-58.888882,0.139023
-22.105531,-334.188777,-89.935274,0.412436
-35.033402,-137.752955,-78.383847,0.277433
-24.012755,-336.612604,-84.005379,0.058805
-20.020887,-354.760710,-61.412811,0.187623
-42.477552,-157.296758,-101.474109,0.218637
-28.298897,-338.027299,-80.080122,0.067735
-47.760105,-178.226471,-94.135014,0.431240
-29.016091,-145.011912,-87.290687,0.392099
-26.724025,-381.423652,-94.157909,0.132808
-28.754584,-380.143073,-54.870683,0.152809
-28.650351,-315.571241,-84.307214,0.489514
-22.223980,-315.922597,-74.496652,0.002855
-21.451371,-315.565432,-67.424171,0.563984
-39.237619,-163.048298,-78.979131,0.511676
-22.207296,-225.716490,-91.185319,0.761252
-29.970333,-311.299518,-80.086543,0.686382
-30.043716,-367.283411,-85.478298,0.261007
-39.668451,-177.513390,-97.064416,0.328446
-15.595226,-326.829146,-81.033760,0.564144
-32.207394,-253.648318,-85.845618,0.888493
-45.975129,-172.470549,-81.863106,0.339574
-36.009035,-381.881920,-60.148250,0.190738
-28.273006,-302.115073,-76.589657,0.766866
-22.009509,-333.700122,-64.492957,0.188794
-42.250640,-191.281228,-89.707012,0.682000
-28.491449,-359.395107,-49.507645,0.132311
-16.198590,-336.180380,-79.153839,0.358896
-30.996604,-357.260417,-90.279107,0.215342
-19.195347,-298.637590,-85.793633,0.080781
-44.894952,-379.212667,-60.424619,0.201052
-43.380884,-158.502695,-83.523524,0.201048
-37.861087,-186.465223,-98.027863,0.731993
-18.086352,-363.703029,-58.041366,0.160429
-37.512791,-175.083086,-92.925074,0.006500
-33.290946,-139.230908,-64.380944,0.263317
-32.768486,-366.154081,-61.015967,0.262599
-33.934667,-378.900900,-63.385138,0.132225
-21.935097,-379.105317,-91.314450,0.080598
-17.691658,-355.055850,-64.522296,0.233186
-40.719104,-151.227255,-97.494807,0.223364
-19.483474,-249.663936,-89.403781,0.862995
-32.280496,-125.767865,-77.129159,0.158583
-27.961552,-340.259194,-87.562548,0.263032
-27.357667,-368.396666,-93.582273,0.224031
-46.721159,-150.219505,-83.488570,0.302112
-32.852671,-185.080809,-96.325612,0.682815
-17.775999,-323.684284,-82.586701,0.136911
-19.307929,-325.228500,-71.723528,0.150289
-28.384106,-341.035056,-83.867868,0.170634
-34.443741,-353.883081,-56.401320,0.291586
-25.012277,-323.130392,-83.019847,0.018152
-23.560641,-223.158816,-92.615090,0.782838
-41.358402,-184.836364,-90.840773,0.038264
-30.220088,-353.802445,-74.525253,0.055721
-22.657476,-239.004576,-79.138492,0.736700
-23.756152,-223.566456,-89.241575,0.531392
-48.715156,-167.160238,-94.114407,0.075199
-30.574541,-128.597956,-63.512097,0.134259
-28.955254,-126.889622,-77.526069,0.192398
-40.390749,-363.989239,-58.119954,0.163739
-21.555971,-244.248532,-82.431702,0.497204
-37.702786,-359.234002,-58.256665,0.285713
-31.574938,-189.099518,-87.997959,0.031946
-46.281296,-161.852759,-98.949156,0.131343
-26.282196,-343.230104,-80.259955,0.027553
-17.262661,-319.720903,-72.117856,0.505236
-39.757526,-147.910825,-77.751466,0.243661
-29.374692,-150.401601,-87.537270,0.388374
-34.402231,-354.831173,-52.603210,0.222459
-28.685360,-307.981852,-83.587171,0.520238
-45.080115,-154.544181,-94.821057,0.119005
-39.581248,-370.734943,-70.921848,0.296590
-22.300873,-376.949077,-81.413013,0.162041
-40.045238,-367.009603,-65.536861,0.198280
-25.030247,-364.614058,-94.177940,0.189886
-20.335240,-320.015587,-72.541276,0.027514
-27.867680,-362.315151,-49.432685,0.200465
-28.537242,-271.757090,-79.797566,0.823337
-33.965235,-378.798564,-89.869553,0.172769
-28.317750,-368.289123,-79.278893,0.172550
-31.961820,-178.558463,-88.951325,0.167666
-32.751943,-199.877484,-95.065567,0.778087
-25.515977,-332.585128,-62.387395,0.424080
-21.060504,-328.250489,-70.404384,0.046319
-31.798671,-170.003675,-89.474615,0.423693
-44.569934,-369.410442,-52.017132,0.165960
-25.875117,-306.497674,-89.049650,0.530607
-21.438287,-235.692186,-83.378606,0.745482
-29.207921,-218.216366,-85.114917,0.194146
-24.754966,-127.382143,-80.270684,0.172955
-22.352478,-369.359532,-62.809328,0.215549
-38.024047,-148.536674,-73.001855,0.368957
-24.085079,-254.737751,-90.502104,0.571864
-18.567619,-340.382915,-86.295113,0.149542
-27.204659,-235.740645,-81.063838,0.934694
-41.418389,-182.371416,-90.987418,0.013015
-17.648702,-360.443667,-92.363341,0.186742
-21.827697,-313.848629,-89.733766,0.513911
-40.849064,-193.605025,-93.372946,0.693869
-27.141116,-143.327777,-80.496202,0.319693
-38.564672,-154.901204,-76.859488,0.497872
-39.196072,-163.433683,-94.401106,0.084065
-24.755678,-332.030430,-81.834027,0.011855
-23.052185,-355.032286,-68.202426,0.137926
-40.608160,-374.149400,-93.080894,0.224493
-38.749451,-370.420645,-55.847389,0.173147
-20.088170,-363.649957,-91.654233,0.194434
-13.527254,-353.404183,-83.732507,0.216994
-28.775076,-300.339667,-84.303964,0.690605
-51.881192,-144.295748,-91.325487,0.162714
-27.365171,-127.213072,-80.764879,0.190295
-24.672154,-352.099222,-85.409371,0.139557
-30.529576,-124.650906,-82.320722,0.156519
-34.113093,-161.148489,-83.541903,0.198960
-21.075593,-327.889070,-68.462453,0.103207
-17.141744,-293.100470,-81.531274,0.418148
-28.632515,-245.819363,-88.086256,0.133821
-28.992378,-373.027261,-93.426606,0.143792
-22.020247,-338.656493,-62.390865,0.221381
-23.139067,-348.477418,-61.371227,0.121181
-33.317649,-122.235423,-67.584541,0.228563
-35.520455,-358.187744,-88.539620,0.264180
-30.781319,-133.079621,-79.375124,0.262413
-18.601773,-369.786254,-69.423253,0.163707
-26.340347,-307.216514,-82.093955,0.023472
-43.491497,-164.347951,-95.134743,0.084467
-40.718827,-133.883816,-79.651125,0.195128
-31.768377,-180.704977,-86.104837,0.164783
-34.499929,-378.426056,-81.094414,0.176653
-30.074090,-175.066735,-84.601867,0.615984
-25.279979,-276.850307,-83.131754,0.000001
-46.047037,-161.465048,-81.054791,0.292340
-28.987591,-343.050549,-86.702579,0.267367
-24.204992,-322.051016,-77.582650,0.000001
-18.420272,-255.669281,-88.265841,0.864817
-38.616669,-369.365572,-83.434577,0.204011
-29.695223,-148.435281,-72.693826,0.307590
-19.077247,-377.686420,-89.501067,0.099291
-30.914825,-362.692086,-57.219822,0.277536
-25.575303,-336.904796,-62.169659,0.216013
-37.583284,-148.789980,-84.733530,0.137221
-16.745005,-280.298193,-78.100693,0.680350
-52.969797,-164.751896,-97.925112,0.266482
-25.012516,-368.708744,-81.439564,0.181903
-46.838710,-176.571263,-88.384974,0.263018
-51.823096,-166.416557,-98.290812,0.286928
-26.227146,-284.308975,-87.297480,0.378088
-35.757777,-377.932743,-99.641733,0.178321
-23.662066,-301.782025,-75.122873,0.066628
-22.748846,-344.606017,-66.222149,0.088127
-32.613633,-167.371426,-83.988113,0.265542
-38.938986,-188.318729,-95.642351,0.546323
-23.952467,-376.114050,-62.609483,0.129784
-42.838024,-378.269860,-54.655848,0.185611
-46.526723,-171.073856,-87.780300,0.129673
-20.228227,-374.486054,-90.703199,0.099879
-25.218977,-283.744910,-84.365183,0.000001
-48.333178,-169.582787,-90.319499,0.102509
-34.882716,-140.600113,-89.973803,0.293011
-37.226018,-372.946368,-57.468005,0.127556
-42.462102,-140.321521,-92.419131,0.205500
-40.802958,-134.828063,-68.409709,0.205115
-22.552103,-354.769717,-54.867619,0.168350
-28.980365,-371.040507,-53.308074,0.085997
-30.220582,-205.177777,-84.492889,0.392917
-30.331188,-238.925458,-80.979418,0.851967
-23.072590,-342.941589,-88.841823,0.183033
-19.753114,-259.386664,-89.799550,0.839748
-35.714225,-367.904692,-88.544086,0.219192
-28.284488,-198.854322,-89.175532,0.350869
-31.279921,-242.673624,-92.468534,0.655499
-31.981754,-378.655769,-75.868138,0.236512
-29.387013,-218.331680,-87.892858,0.027683
-27.479943,-344.456221,-91.484732,0.335648
-17.864198,-294.173258,-77.001362,0.431188
-23.262512,-371.337330,-53.513839,0.076494
-24.510283,-279.616991,-83.027592,0.000001
-35.074614,-133.003137,-62.305249,0.218126
-31.051163,-219.963437,-80.732316,0.766664
-42.788416,-141.514226,-77.791750,0.284664
-33.255991,-356.554722,-75.429484,0.194791
-26.595437,-321.880616,-84.601979,0.130970
-24.503638,-139.482402,-80.675965,0.225192
-34.737262,-130.251006,-72.163024,0.255061
-24.844901,-347.348498,-78.523811,0.013931
-22.416723,-213.872513,-86.016571,0.607394
-21.335108,-237.226998,-89.421946,0.790047
-40.378038,-377.935079,-85.786309,0.188344
-40.381177,-364.275643,-52.383230,0.195122
-29.654767,-244.260131,-81.105515,0.939885
-32.066744,-383.537073,-63.582566,0.176733
-26.321521,-215.951324,-83.269862,0.724617
-28.012744,-232.686107,-89.411244,0.044826
-25.859582,-231.812092,-82.797539,0.499299
-38.845584,-139.847293,-95.800080,0.203610
-36.530942,-166.476278,-93.456898,0.113763
-32.250162,-355.345995,-89.508727,0.279738
-31.908169,-200.794846,-85.704948,0.159508
-49.598953,-166.075619,-92.564274,0.076199
-21.662427,-123.210452,-74.769859,0.205380
-43.995595,-375.008054,-58.385753,0.207304
-26.869193,-375.978077,-88.056162,0.092127
-19.610568,-377.204478,-64.767707,0.179100
-34.975441,-355.625137,-55.325641,0.237677
-43.855752,-376.990066,-59.909060,0.201149
-42.510724,-142.604760,-100.910411,0.157506
-21.238651,-312.500771,-78.528070,0.000001
-29.807469,-378.644684,-89.995713,0.138217
-19.189403,-304.815283,-82.687283,0.000084
-41.402356,-128.483451,-67.356859,0.205990
-33.258426,-187.247191,-86.005358,0.019636
-23.869627,-370.576945,-92.376181,0.135407
-25.390664,-209.386316,-83.827221,0.815734
-33.358891,-126.270146,-62.384916,0.212520
-40.490696,-145.174625,-98.444250,0.204881
-38.990774,-171.077620,-89.973362,0.042087
-29.369496,-287.164347,-79.017507,0.663274
-32.592549,-369.571834,-48.567172,0.095198
-24.280126,-290.373482,-82.837770,0.000001
-31.554784,-219.724111,-84.630884,0.584981
-31.602112,-167.524772,-88.607426,0.532862
-50.787627,-147.842509,-103.075023,0.186330
-24.982238,-327.932327,-79.483995,0.000001
-45.193835,-169.835719,-82.115327,0.291001
-39.816780,-172.225803,-93.618504,0.022151
-27.914094,-348.100951,-74.122615,0.012876
-35.036859,-229.393129,-86.056936,0.800567
-30.381458,-132.470277,-84.271637,0.186154
-24.657064,-344.349440,-78.787137,0.007687
-25.547741,-375.774721,-70.697622,0.114254
-21.757096,-298.267455,-89.890916,0.628100
-29.113507,-367.308787,-60.430451,0.233836
-28.903036,-140.543422,-64.080498,0.278798
-20.946457,-368.215453,-54.327850,0.133999
-21.027874,-225.944886,-85.112216,0.729303
-24.126493,-139.417490,-73.028483,0.253728
-22.755317,-357.321148,-85.233160,0.163095
-25.285568,-334.878677,-70.194507,0.022675
-34.640922,-210.582354,-94.665795,0.898766
-41.717936,-163.261083,-85.944230,0.116743
-29.161679,-354.689906,-91.894411,0.217445
-41.993502,-170.559714,-95.207257,0.035582
-42.184084,-186.358872,-96.324670,0.688638
-21.254478,-378.234916,-92.707065,0.046707
-41.297963,-193.102565,-86.354476,0.685328
-31.780295,-378.087534,-58.552007,0.127006
-40.351371,-378.102903,-93.332159,0.235375
-31.013706,-149.576852,-85.245650,0.213848
-34.131941,-370.682527,-54.086028,0.158294
-27.858183,-343.343249,-69.788347,0.090576
-45.054584,-132.205210,-72.492082,0.176305
-33.809439,-213.171509,-89.277367,0.298070
-35.990267,-145.812715,-97.790398,0.250569
-42.550023,-139.557140,-83.212498,0.259527
-20.979887,-367.442873,-88.098104,0.199864
-31.817829,-152.534761,-88.370359,0.309680
-22.881880,-352.731412,-90.390929,0.170334
-31.450203,-155.978357,-90.622485,0.447874
-28.622721,-372.843568,-71.419672,0.045138
-31.627332,-222.111768,-92.798025,0.621231
-21.791581,-371.648332,-68.593627,0.153301
-21.518036,-314.006733,-74.072316,0.003503
-31.662110,-124.928587,-63.655649,0.204189
-20.219316,-352.100926,-82.218849,0.131579
-34.924337,-383.531314,-94.258569,0.206498
-39.419332,-375.842740,-59.231414,0.216568
-39.395396,-365.070220,-88.244168,0.200333
-45.673826,-183.775421,-88.760524,0.564951
-21.283790,-301.880059,-86.690217,0.057981
-36.740174,-179.490190,-80.622199,0.641386
-17.774246,-298.148016,-87.049686,0.628934
-16.088101,-367.926937,-89.053779,0.205909
-58.795950,-149.617276,-91.735156,0.171745
-16.483752,-307.280656,-74.791824,0.622241
-25.720553,-360.239830,-62.280079,0.157701
-28.458367,-229.800338,-88.152541,0.013971
-33.826209,-373.416890,-93.114832,0.186472
-17.331498,-328.503427,-86.923859,0.467717
-44.239750,-169.506613,-80.372717,0.365208
-49.029534,-155.400398,-103.089201,0.273630
-38.918092,-134.400803,-69.929212,0.256933
-33.671106,-213.538668,-84.121311,0.933302
-23.319518,-321.784262,-83.372486,0.007186
-19.667480,-335.184567,-82.372819,0.031126
-19.595500,-360.668662,-62.631958,0.178142
-25.327383,-236.158599,-93.663704,0.772749
-43.235984,-370.941202,-52.195410,0.184053
-37.868618,-380.064936,-48.114739,0.109857
-17.379962,-344.435609,-81.514058,0.161466
-21.537491,-378.160234,-53.947035,0.107406
-25.049843,-298.996626,-81.685607,0.000001
-42.231817,-377.937170,-89.701068,0.208408
-35.706769,-139.254634,-69.926903,0.347832
-26.584927,-312.924526,-78.711337,0.133500
-33.531656,-136.246005,-75.472930,0.349517
-39.981986,-182.431811,-98.606919,0.666790
-17.634414,-342.585362,-88.532084,0.323786
-29.356639,-249.099137,-82.681914,0.767290
-42.574610,-150.048792,-78.344580,0.463436
-25.995949,-263.359252,-82.696218,0.062698
-34.225778,-377.285829,-83.630275,0.156165
-24.264288,-331.626311,-87.617155,0.214078
-26.068724,-356.042368,-50.394701,0.151683
-39.027628,-137.583983,-69.404700,0.347780
-29.734025,-325.264931,-77.470800,0.579598
-42.131308,-139.586270,-85.761132,0.219834
-21.766353,-342.348773,-90.332456,0.306863
-31.044285,-379.745175,-52.303621,0.085148
-32.283149,-366.868664,-71.114009,0.119568
-54.281389,-155.964531,-84.977744,0.159123
-27.780707,-279.692176,-83.249188,0.267423
-33.401210,-142.925308,-76.202021,0.281017
-13.504652,-361.692736,-85.333963,0.208054
-32.408178,-359.424690,-94.200641,0.212384
-33.375940,-362.903272,-75.841531,0.311952
-17.261977,-357.667947,-79.927929,0.168903
-22.947199,-299.601144,-82.783880,0.000001
-17.377568,-369.739613,-85.787765,0.207615
-41.629581,-366.114015,-58.922219,0.200553
-20.667138,-256.289833,-84.369599,0.129598
-45.885416,-374.108334,-58.208145,0.201908
-32.343616,-160.631081,-92.125344,0.485545
-41.814131,-376.797426,-96.946501,0.217127
-19.760821,-139.278155,-76.605467,0.251981
-37.472633,-369.518907,-94.780105,0.174047
-19.836830,-290.442985,-75.662711,0.175841
-31.605879,-362.562927,-95.967262,0.221667
-36.298581,-148.512216,-91.722260,0.190863
-21.932838,-332.044890,-74.811177,0.000001
-27.406108,-297.296331,-86.968568,0.590556
-43.631579,-143.692363,-88.025035,0.263889
-48.013060,-155.694185,-82.310781,0.240480
-27.595643,-306.452652,-83.291319,0.208900
-15.164679,-374.356050,-77.792990,0.217868
-24.204689,-125.413428,-78.178525,0.157881
-17.975497,-266.889172,-89.019517,0.782598
-20.159706,-375.751061,-80.113496,0.183157
-37.684256,-170.034481,-98.990641,0.552993
-37.700553,-362.541799,-94.684837,0.204473
-35.028146,-212.224324,-87.737457,0.612156
-29.558812,-359.849373,-59.261195,0.178460
-42.757172,-157.611893,-77.980184,0.514031
-49.738210,-169.674785,-94.464821,0.138690
-30.456472,-213.604369,-80.900981,0.784028
-38.297572,-200.781048,-86.699136,0.832666
-15.268461,-346.620309,-79.837794,0.305082
-43.597485,-164.463069,-101.037161,0.306339
-15.835470,-359.891721,-87.737371,0.184042
-35.160333,-374.840062,-50.057221,0.072961
-41.642657,-177.996309,-90.714532,0.005117
-29.626435,-311.603499,-82.591053,0.712347
-47.340944,-374.973097,-52.733502,0.163625
-31.488417,-380.730551,-97.941620,0.170678
-21.668719,-141.963225,-77.656494,0.196017
-28.844479,-313.331444,-76.684696,0.639135
-18.585089,-299.356509,-88.613531,0.682080
-26.154752,-137.347205,-73.721502,0.304382
-21.746356,-310.495370,-88.906706,0.518674
-46.442449,-159.232321,-98.915980,0.145564
-43.174278,-145.620941,-85.766671,0.181751
-30.337210,-379.853664,-63.326808,0.151735
-48.604093,-179.452109,-91.847236,0.477644
-21.063220,-134.638256,-73.528140,0.249471
-30.560975,-189.349696,-83.653536,0.656805
-25.957554,-368.416650,-64.672629,0.192487
-42.062935,-143.452401,-90.870383,0.309067
-15.177208,-293.365261,-81.085144,0.653653
-31.274506,-124.393981,-70.380125,0.241847
-41.008684,-377.740573,-59.354255,0.209726
-25.403203,-340.300876,-73.243696,0.001500
-35.268245,-180.268197,-89.721733,0.000001
-27.562075,-221.212843,-90.975943,0.166505
-44.030492,-375.868937,-62.377333,0.180942
-23.985626,-140.761938,-70.691482,0.196554
-18.902511,-300.217101,-78.934740,0.018250
-39.685232,-384.524073,-55.650887,0.177176
-28.455619,-143.758358,-86.059376,0.344962
-36.909980,-196.394143,-95.214233,0.777684
-19.114121,-134.190315,-66.318881,0.180745
-29.103498,-347.367466,-72.272807,0.085157
-26.755645,-277.328444,-81.469917,0.308249
-28.772874,-241.180607,-93.949101,0.645249
-23.279068,-254.988495,-88.381952,0.052342
-41.892717,-162.240409,-99.527253,0.189743
-31.759959,-343.497694,-74.428045,0.414341
-33.886563,-133.845738,-79.993141,0.278500
-38.205321,-380.235405,-85.821531,0.190415
-38.591690,-155.014889,-99.966238,0.273802
-27.783275,-269.061948,-84.781657,0.159051
-49.646724,-154.458840,-96.839961,0.224290
-19.035156,-248.983897,-85.172689,0.758701
-33.808185,-360.091136,-78.815835,0.220333
-41.586785,-377.352942,-92.090559,0.260598
-15.774885,-366.297840,-87.093129,0.238773
-13.063418,-375.087802,-85.674452,0.218873
-27.250304,-255.080336,-85.880062,0.056338
-21.740847,-222.945164,-88.396209,0.737727
-44.059143,-175.552879,-81.000992,0.404196
-15.541607,-337.856806,-77.365711,0.426753
-24.510286,-130.322696,-82.144902,0.159398
-27.385140,-324.337595,-69.640435,0.499446
-41.004170,-172.918778,-95.859218,0.038436
-25.278887,-323.376985,-65.577741,0.537892
-38.992705,-371.517297,-91.897946,0.200972
-28.581263,-366.184796,-76.445651,0.183787
-16.832188,-376.467282,-87.365104,0.164485
-31.512491,-133.425227,-64.355181,0.293228
-21.615179,-373.198106,-63.537186,0.185152
-33.244083,-378.465040,-96.750299,0.194847
-42.847581,-142.611677,-98.718158,0.136686
-52.785309,-157.144829,-96.748152,0.157303
-25.899147,-137.846955,-84.990063,0.209975
-24.511780,-315.455664,-69.333553,0.389734
-33.195361,-199.207743,-83.095544,0.924203
-23.565521,-260.857762,-90.933195,0.768999
-50.387623,-161.214455,-84.959952,0.130750
-19.872875,-241.469123,-88.915181,0.834541
-21.392711,-288.429189,-72.175636,0.737996
-50.548387,-163.544885,-91.772301,0.068096
-15.367083,-365.074061,-84.844220,0.247242
-51.387102,-161.036045,-82.400855,0.196181
-28.751595,-377.945797,-83.845851,0.150159
-20.159398,-375.649956,-94.281074,0.072321
-48.362994,-168.374704,-83.424520,0.214737
-30.294254,-314.752188,-81.820315,0.706388
-47.653900,-167.866255,-87.904609,0.122600
-28.744455,-272.246226,-83.268938,0.551157
-14.876634,-346.065044,-77.893164,0.345026
-43.895306,-182.709094,-88.037139,0.368500
-20.951130,-280.875749,-86.537819,0.017040
-41.264898,-174.190171,-88.966646,0.021766
-26.444171,-251.319042,-83.779430,0.057008
-40.402942,-366.597834,-54.190982,0.279585
-23.832631,-373.336128,-69.143169,0.131102
-24.638401,-328.487295,-82.235621,0.007839
-39.016819,-162.814755,-98.704200,0.243885
-18.261479,-280.240290,-82.214539,0.220566
-22.748559,-132.467483,-71.931795,0.275816
-15.936652,-283.572907,-80.091960,0.618528
-31.771558,-348.887476,-63.159723,0.334258
-12.198875,-361.768020,-88.025870,0.197965
-35.699757,-369.824522,-84.421323,0.232186
-38.185022,-184.861877,-87.700592,0.001044
-33.342218,-188.201849,-90.906291,0.004447
-33.291894,-129.800638,-61.606713,0.155458
-17.894664,-374.003950,-67.829503,0.217304
-18.523088,-367.595899,-59.278072,0.133787
-53.592290,-148.390612,-101.207191,0.170377
-32.928768,-351.821785,-88.131880,0.368288
-19.909401,-334.666978,-87.474675,0.208273
-47.368106,-376.366259,-60.003444,0.212561
-27.467071,-290.758554,-78.579932,0.727354
-37.820420,-170.144538,-87.715052,0.072369
-19.941830,-366.912376,-64.795679,0.196847
-20.710928,-370.493102,-78.698668,0.173328
-27.050072,-348.173848,-71.204203,0.036531
-26.294197,-303.252685,-85.069164,0.121513
-31.885407,-161.107332,-81.917819,0.449452
-35.815575,-224.136607,-93.302804,0.666825
-32.220170,-358.619524,-70.012875,0.195409
-18.712052,-311.159031,-70.528419,0.560549
-50.780920,-146.397181,-90.663579,0.157708
-24.355492,-267.842221,-82.191158,0.000001
-24.498952,-315.098688,-83.456552,0.001814
-23.445938,-142.608675,-67.485965,0.185401
-42.505595,-171.577760,-89.431317,0.053155
-49.581194,-370.843606,-58.447760,0.217864
-30.366308,-380.230651,-49.396115,0.089971
-30.090794,-143.504711,-64.461649,0.198816
-31.771931,-346.588489,-71.819434,0.331991
-56.154376,-148.170403,-89.580830,0.134944
-28.063129,-363.780850,-79.872580,0.254992
-28.715589,-150.468856,-80.076311,0.454048
-27.569270,-355.005171,-53.763760,0.160251
-29.887115,-244.386649,-88.432083,0.248327
-42.018059,-129.482616,-64.788880,0.208022
-30.353257,-334.994512,-74.210129,0.529600
-41.323106,-159.118613,-84.000154,0.149770
-21.622404,-304.611423,-87.161710,0.191538
-31.086524,-164.348482,-90.454212,0.511596
-27.317635,-266.329116,-87.145275,0.198164
-39.113194,-209.866142,-92.302389,0.628862
-20.426023,-332.418769,-82.311282,0.013493
-33.716286,-128.291245,-72.791687,0.224762
-42.919879,-153.178773,-81.555081,0.214255
-39.469670,-199.082215,-90.943098,0.744632
-31.948469,-135.170378,-84.889017,0.217083
-25.278800,-308.363659,-86.281311,0.212032
-41.038634,-374.975498,-49.565060,0.091424
-25.500688,-334.890929,-66.300602,0.132486
-29.449902,-130.894704,-70.411597,0.302090
-22.285382,-347.117120,-79.341587,0.038976
-34.750106,-355.545874,-88.381971,0.295239
-26.101639,-337.456089,-90.147042,0.388755
-27.309392,-322.349529,-68.793851,0.569357
-42.465291,-173.387348,-82.909589,0.318385
-27.460701,-319.281034,-85.940934,0.420398
-31.803313,-351.566558,-62.150482,0.273484
-19.456054,-363.347317,-59.976378,0.164171
-39.047110,-139.139756,-63.856329,0.215434
-16.241719,-308.362493,-85.380726,0.726931
-19.016154,-352.618576,-60.775102,0.255216
-34.731454,-369.625491,-61.963024,0.217755
-15.817411,-366.309079,-81.864678,0.190341
-31.475169,-195.069632,-93.263610,0.389526
-12.752744,-370.775947,-86.038835,0.202669
-45.260304,-151.995706,-102.733473,0.202253
-18.568151,-261.740859,-89.143129,0.819101
-36.830886,-358.436844,-51.107441,0.225364
-29.768368,-378.203681,-75.658957,0.242737
-22.453619,-284.831460,-75.593243,0.274617
-13.426723,-357.000140,-86.579766,0.192311
-24.812078,-331.191826,-67.073631,0.108672
-23.822138,-274.031343,-82.386519,0.000001
-33.876448,-376.190704,-90.437619,0.178900
-50.512918,-140.211299,-98.523629,0.172571
-39.236390,-368.123623,-69.326795,0.184925
-15.380270,-364.184192,-78.681202,0.187405
-40.840842,-382.281420,-52.543407,0.117227
-31.300383,-144.029583,-76.450279,0.302147
-37.545405,-164.324223,-99.658914,0.434224
-21.721699,-295.732034,-82.070052,0.000001
-37.130737,-376.352407,-59.012432,0.169954
-18.919383,-361.112222,-55.344535,0.175346
-16.880740,-341.519234,-80.068483,0.198132
-34.059085,-205.193610,-94.927058,0.820159
-29.736340,-323.849695,-87.086767,0.635994
-39.192713,-365.528878,-62.983701,0.186110
-44.289707,-157.663902,-101.699354,0.256258
-18.563993,-310.086350,-81.937889,0.013163
-27.450952,-300.801599,-79.119395,0.476164
-25.116668,-374.450792,-91.281718,0.103028
-40.981900,-156.618210,-78.867625,0.508194
-22.236132,-352.740620,-84.281406,0.137349
-24.824037,-347.489841,-76.399138,0.000306
-17.432588,-256.297057,-81.648227,0.723985
-28.108549,-379.137484,-64.281359,0.140689
-54.204799,-149.489354,-91.334932,0.175086
-40.111969,-175.991583,-81.961103,0.528391
-25.239835,-335.435457,-81.604003,0.021149
-24.295675,-359.677598,-58.264194,0.159310
-37.304460,-362.493204,-55.418803,0.345283
-24.132226,-379.178336,-85.191430,0.140417
-29.930554,-152.888595,-80.122370,0.429911
-26.437320,-373.754596,-72.520199,0.069556
-40.819899,-138.201694,-75.338657,0.344278
-26.247384,-348.831268,-63.419324,0.108188
-19.719452,-140.922640,-75.965444,0.219009
-22.010169,-278.334197,-78.196054,0.016264
-44.815903,-164.157915,-92.342858,0.091031
-25.285798,-212.399627,-90.499614,0.650353
-16.915802,-321.230155,-79.833717,0.285663
-34.707176,-210.252017,-96.666348,0.646394
-34.399360,-238.564925,-88.334827,0.833159
-35.418313,-198.949399,-85.112379,0.561675
-23.861320,-255.494393,-82.081081,0.015438
-34.116972,-207.997200,-85.146282,0.744775
-37.912394,-142.663839,-93.658269,0.227592
-40.317355,-362.528026,-56.398091,0.240965
-42.996890,-384.663135,-55.134043,0.183547
-44.563983,-379.502222,-58.409166,0.199396
-23.486166,-335.232003,-67.468042,0.069283
-37.740195,-147.692484,-94.201250,0.286565
-39.486515,-131.539442,-76.573725,0.203419
-35.407648,-209.370441,-83.617988,0.907473
-29.980463,-186.381789,-86.093173,0.302936
-27.615552,-235.642083,-79.101296,0.769973
-29.859219,-189.719642,-85.783612,0.281064
-22.459762,-139.786181,-72.014952,0.219342
-20.315533,-134.717798,-71.435967,0.228918
-29.014898,-358.265687,-95.549543,0.214894
-26.463701,-370.521865,-50.490141,0.052194
-29.212114,-202.423716,-90.165204,0.054897
-53.717762,-168.920315,-92.857050,0.273923
-22.800038,-262.786128,-75.934317,0.723145
-28.711483,-131.412174,-81.785736,0.181378
-33.455456,-353.247158,-69.909047,0.289180
-35.492994,-371.728062,-76.882378,0.139024
-49.396485,-145.787681,-87.330430,0.228034
-21.169647,-375.084737,-71.919837,0.183425
-46.400596,-144.232304,-100.200918,0.137560
-38.504540,-381.431836,-51.059260,0.084057
-54.075532,-146.796040,-97.129544,0.100471
-21.960745,-220.052946,-83.961966,0.677950
-37.657592,-196.683477,-93.098879,0.383443
-34.953147,-362.618381,-85.006516,0.229165
-34.637813,-199.006226,-87.860249,0.071362
-27.408016,-125.576571,-74.558148,0.208758
-23.923498,-272.794700,-90.354658,0.717598
-43.939561,-167.618813,-94.975174,0.062929
-29.192049,-139.876360,-76.657991,0.278885
-26.391628,-133.219707,-78.686105,0.252734
-35.409502,-136.418931,-76.655085,0.319530
-15.094333,-368.031154,-82.742593,0.199910
-28.407979,-368.661523,-51.678943,0.094499
-19.743321,-336.259753,-74.090021,0.018015
-15.784890,-316.076371,-83.184105,0.612176
-27.550460,-356.931187,-50.961694,0.132648
-31.554805,-199.024871,-81.286166,0.832242
-26.631655,-314.329450,-86.575365,0.415120
-34.044713,-135.357262,-59.635346,0.201290
-42.211431,-367.256951,-66.980519,0.219681
-28.379627,-315.466166,-82.255018,0.332667
-18.413973,-353.945813,-69.631991,0.185065
-39.455131,-145.267973,-87.013841,0.180208
-40.942352,-148.204002,-99.192274,0.238790
-35.476252,-154.517290,-90.976728,0.138861
-16.733025,-363.914026,-74.824780,0.164548
-42.150171,-177.440408,-96.028602,0.135617
-16.403637,-338.119870,-72.955459,0.395120
-43.746768,-182.680382,-84.535898,0.549654
-24.693027,-143.689214,-73.785176,0.233384
-33.737748,-360.973634,-71.711310,0.264744
-24.314149,-262.526721,-81.942552,0.006444
-22.241272,-377.401320,-77.507198,0.199575
-30.785071,-175.568131,-81.640281,0.600159
-27.303353,-150.383581,-82.928807,0.338970
-38.469160,-382.124287,-53.455535,0.138349
-24.273534,-231.225756,-85.151109,0.114620
-29.028283,-363.078495,-89.845294,0.209995
-26.467386,-382.878779,-61.005411,0.180612
-29.085047,-186.473078,-87.925863,0.476146
-21.891987,-349.902384,-70.568188,0.080811
-53.345488,-159.224590,-92.323320,0.061979
-19.051046,-370.965776,-63.145140,0.167023
-29.964188,-143.485253,-67.793946,0.200379
-30.010850,-228.531304,-83.693989,0.612510
-38.171708,-166.737725,-89.436014,0.085134
-25.645444,-282.910728,-82.819696,0.000001
-32.361040,-349.880150,-72.752855,0.318572
-25.365755,-343.159529,-88.291322,0.163264
-51.276083,-144.410529,-98.791081,0.114807
-24.159049,-144.536275,-71.884595,0.180760
-27.830771,-237.958217,-84.606241,0.121091
-27.296066,-231.334806,-84.748841,0.067509
-51.483571,-162.298319,-97.540962,0.157853
-24.176386,-120.581181,-74.377621,0.199309
-33.980715,-362.314091,-52.392015,0.303261
-16.911633,-269.647472,-87.493175,0.742211
-17.754974,-365.825473,-85.502678,0.275295
-28.545115,-127.310541,-61.830691,0.156777
-17.458702,-258.919841,-86.793725,0.740893
-37.054211,-139.317688,-63.185803,0.216898
-16.919051,-361.501309,-61.608820,0.184188
-24.574571,-141.442202,-74.420768,0.240815
-52.410611,-168.011565,-96.962163,0.244477
-37.933915,-369.549169,-87.689288,0.215214
-23.035100,-275.195935,-91.052255,0.734043
-27.399897,-144.054245,-74.786380,0.306668
-47.035236,-162.961732,-92.883878,0.083600
-42.516068,-155.263770,-83.726582,0.157143
-20.163771,-313.198696,-83.169230,0.000001
-33.045596,-371.152395,-93.134226,0.194449
-19.036412,-320.613628,-76.274914,0.008638
-27.629146,-295.646692,-75.796585,0.743039
-40.296544,-174.310914,-92.836656,0.005061
-23.791520,-365.401729,-63.549310,0.245764
-13.622611,-370.047539,-80.542576,0.194184
-43.012532,-151.869870,-84.962426,0.133501
-48.213010,-174.005870,-94.322594,0.241126
-35.509120,-158.471423,-94.239387,0.300862
-23.179365,-373.689839,-71.466706,0.131990
-16.680914,-296.509247,-87.273039,0.752036
-37.483427,-162.949039,-96.747373,0.161363
-28.549082,-266.630743,-83.934500,0.397357
-38.018564,-364.635832,-79.249652,0.164387
-20.258213,-269.482803,-88.357807,0.493815
-23.871171,-344.784342,-73.019779,0.003495
-27.966196,-146.503305,-77.784213,0.354659
-40.883970,-143.487815,-84.589074,0.188006
-33.965907,-358.654720,-68.088894,0.222610
-34.452318,-120.054088,-74.837493,0.174391
-40.908759,-183.766032,-93.235827,0.034900
-49.183045,-163.977891,-82.406097,0.201915
-19.896692,-293.329291,-82.461801,0.000001
-15.208458,-317.961759,-82.662973,0.630519
-31.067820,-215.327662,-83.052983,0.827670
-24.939343,-353.481566,-75.363945,0.012520
-23.521462,-262.575599,-79.907549,0.099332
-27.633540,-337.295250,-70.191117,0.117797
-28.158170,-184.665197,-83.648485,0.730852
-49.533950,-375.992572,-57.030626,0.214022
-34.100165,-184.333297,-86.019568,0.031498
-31.441020,-379.067727,-92.180692,0.157846
-40.049744,-188.767035,-97.229053,0.717651
-19.350957,-261.398757,-81.516875,0.363933
-26.713276,-217.021820,-90.780225,0.258330
-25.302561,-197.739689,-87.186532,0.673481
-29.578662,-356.114130,-69.319298,0.146450
-34.659829,-171.893950,-87.065159,0.108436
-28.261015,-231.572811,-82.088045,0.838013
-43.569593,-133.624113,-76.824385,0.143648
-40.916491,-376.990737,-56.161720,0.184893
-31.605286,-270.648374,-82.480958,0.768213
-28.493802,-233.899493,-84.719352,0.171419
-28.815680,-305.469525,-77.449723,0.671751
-37.631036,-380.251843,-92.110919,0.219019
-36.339610,-361.914989,-91.430782,0.221498
-29.671143,-382.214714,-65.965563,0.195376
-37.651440,-365.599419,-48.097363,0.181001
-36.384251,-168.776409,-95.385518,0.240702
-28.630627,-157.690332,-84.255921,0.456945
-49.934412,-165.744523,-95.886748,0.089148
-22.555644,-382.442730,-59.352246,0.150298
-16.845662,-357.960263,-78.035553,0.187710
-24.054887,-352.797382,-72.936967,0.041064
-38.240162,-146.617721,-83.442414,0.134593
-31.885251,-372.792671,-55.340826,0.082377
-17.910948,-356.504387,-59.612097,0.233786
-18.960227,-363.343498,-78.027132,0.217107
-20.409698,-139.789968,-78.487209,0.223006
-18.362422,-335.637403,-73.051887,0.135506
-27.207848,-219.563604,-95.088251,0.751453
-22.974167,-327.670825,-77.720890,0.000001
-28.514753,-341.423920,-85.708901,0.217229
-31.480803,-352.823392,-73.340370,0.180744
-40.267966,-134.859866,-82.651463,0.174955
-38.130430,-148.152099,-87.298914,0.166663
-28.058465,-327.577235,-81.441990,0.174332
-51.304687,-150.728588,-99.959457,0.180322
-47.571501,-376.158108,-54.507530,0.192255
-19.818753,-254.824185,-81.978966,0.499668
-30.604790,-342.891566,-88.483038,0.452050
-33.637720,-144.987879,-77.310870,0.276483
-26.431991,-367.176314,-96.858486,0.141089
-23.047451,-317.329540,-70.840102,0.050556
-25.371765,-278.335812,-90.195503,0.632295
-18.580530,-335.885498,-67.403174,0.360306
-17.436020,-336.537184,-68.943774,0.426522
-40.048931,-125.773560,-69.531090,0.211584
-31.015168,-233.774884,-83.004748,0.918577
-23.508302,-261.345975,-78.309008,0.561990
-27.082804,-307.483913,-87.393820,0.557255
-56.914671,-160.874373,-86.707286,0.237359
-26.037545,-279.850689,-84.588632,0.004132
-35.990835,-151.866850,-92.057292,0.144878
-29.121430,-365.496356,-91.429651,0.273695
-26.916678,-285.396157,-84.765546,0.065134
-19.991205,-289.828752,-84.393375,0.000001
-29.923975,-192.690210,-94.492403,0.790028
-24.592940,-342.899397,-57.717115,0.328388
-27.414262,-330.845958,-88.903109,0.497609
-21.878347,-323.307636,-86.466408,0.079020
-19.960668,-268.871584,-80.035550,0.126179
-22.684496,-296.898005,-73.053642,0.420701
-29.134618,-291.915659,-84.852050,0.681082
-38.824627,-368.772507,-97.610787,0.151897
-31.506914,-231.379861,-81.498416,0.848131
-24.594826,-296.511597,-82.604092,0.000001
-30.282329,-358.933264,-67.034605,0.183196
-40.268284,-161.381275,-78.428398,0.533074
-22.163175,-301.034330,-84.954540,0.000853
-17.513065,-266.232113,-84.041587,0.647709
-20.778020,-275.675482,-78.162126,0.048458
-25.950470,-280.362751,-81.528139,0.077225
-17.591748,-374.357351,-79.677688,0.197003
-48.452352,-380.103986,-57.602220,0.232059
-31.773844,-382.046688,-95.005474,0.178161
-39.308445,-139.109727,-94.044776,0.193727
-35.850612,-176.618763,-93.980460,0.039638
-25.801531,-380.035392,-93.154108,0.103956
-20.906362,-370.691125,-57.319494,0.150867
-26.565109,-305.445462,-76.546331,0.428276
-19.448381,-292.317588,-75.313245,0.245653
-21.955939,-336.912261,-64.749933,0.145605
-27.263284,-379.029002,-96.670216,0.122867
-48.474660,-173.260000,-86.077039,0.287148
-24.727173,-369.670937,-55.455006,0.137420
-30.768691,-364.585909,-90.084845,0.259693
-19.026600,-328.693515,-77.005409,0.008099
-35.293456,-145.662047,-91.398203,0.323378
-24.832412,-324.085488,-69.448371,0.164644
-31.281949,-342.457739,-80.152562,0.417998
-27.873619,-282.362194,-78.420446,0.809314
-23.192791,-132.143415,-79.124919,0.212379
-46.373088,-148.495468,-84.092364,0.251275
-18.006454,-309.362224,-75.243016,0.251960
-36.375881,-373.895407,-90.917148,0.195993
-25.094831,-356.434884,-92.786893,0.165182
-16.211417,-327.138239,-84.048456,0.465516
-39.472531,-379.915615,-97.538350,0.236931
-38.078733,-143.386292,-71.076071,0.315612
-21.223263,-267.636276,-75.656694,0.770426
-29.779621,-148.399959,-78.225623,0.364458
-20.700958,-243.693885,-88.923836,0.776514
-40.706829,-167.315285,-85.219704,0.116532
-34.435411,-204.004420,-82.150721,0.817657
-22.734887,-377.136359,-52.310804,0.099452
-35.720456,-357.681921,-69.067150,0.226751
-41.813736,-370.986845,-97.131475,0.207544
-24.378584,-275.811477,-81.702969,0.001209
-30.602350,-352.086431,-75.505421,0.088378
-37.418351,-142.000022,-86.850040,0.243859
-27.999201,-251.202032,-87.150526,0.104952
-23.899004,-347.448667,-70.717236,0.040196
-30.714223,-127.046221,-72.693418,0.250769
-23.723201,-288.560481,-84.909897,0.000001
-26.737272,-259.260634,-86.381168,0.025797
-30.601363,-368.311609,-68.651880,0.091619
-34.479986,-223.098605,-93.047294,0.922475
-47.959059,-141.736367,-93.464552,0.190078
-22.061588,-382.403001,-89.251443,0.144902
-17.145204,-373.064978,-88.220548,0.174447
-24.218785,-326.964062,-63.574181,0.497494
-43.181294,-187.961618,-95.431172,0.653255
-37.064798,-375.472495,-86.901249,0.166239
-28.970169,-317.611568,-78.239860,0.518817
-40.152794,-368.619017,-55.926116,0.192290
-55.665659,-165.512908,-89.453214,0.266296
-29.060672,-336.332947,-83.631320,0.290309
-34.495088,-174.835060,-87.229023,0.074443
-24.531656,-358.454550,-53.220743,0.142055
-27.431438,-124.785291,-78.824347,0.159290
-28.809842,-137.320122,-75.833902,0.294825
-36.078813,-361.643488,-52.207785,0.302344
-25.284022,-372.013760,-53.337137,0.040697
-54.020789,-167.778661,-89.783398,0.284575
-56.480826,-163.353848,-90.417456,0.208485
-31.464410,-232.147936,-92.364743,0.852767
-15.154447,-321.275227,-82.934043,0.592600
-31.811241,-193.307760,-96.158330,0.776616
-16.895402,-301.997036,-85.666959,0.655227
-19.769519,-265.098813,-78.623651,0.614694
-24.316448,-343.899349,-59.767003,0.177382
-41.268098,-123.734706,-75.949489,0.174886
-31.547173,-346.695264,-63.803794,0.355201
-42.790968,-180.663028,-89.392257,0.055101
-17.602739,-350.467501,-78.336325,0.173323
-20.548900,-284.476269,-88.089559,0.359402
-21.213228,-135.862073,-68.894922,0.236290
-43.705301,-372.390439,-93.301726,0.218450
-42.193352,-140.946619,-81.781065,0.275694
-31.596011,-136.636888,-80.298391,0.261036
-45.060350,-164.682731,-98.768908,0.127776
-51.939303,-171.669263,-93.069592,0.333290
-26.086437,-340.056356,-70.541648,0.018933
-36.840144,-380.652805,-89.971396,0.205750
-30.052832,-144.923123,-88.926465,0.418919
-20.593672,-361.476209,-90.639156,0.180459
-24.973205,-318.680267,-69.525072,0.289881
-57.186824,-146.143654,-92.691688,0.139809
-41.046469,-168.599711,-98.898611,0.246892
-49.588746,-146.071545,-99.247074,0.127984
-33.045881,-352.357152,-77.709371,0.260667
-37.417594,-365.243927,-72.934234,0.177923
-39.326585,-368.246359,-88.105661,0.200489
-18.705811,-302.893176,-78.352718,0.034993
-22.879176,-266.932603,-87.562765,0.056344
-25.450658,-319.836066,-86.677595,0.241490
-19.791710,-308.953328,-75.533888,0.011677
-36.727461,-365.065827,-88.217252,0.267295
-35.689501,-371.112873,-70.497184,0.112286
-24.171150,-357.533804,-94.628478,0.186142
-20.229842,-258.866178,-80.982078,0.425075
-21.729477,-325.577874,-79.701079,0.000504
-31.113389,-209.672338,-84.829536,0.416066
-36.135056,-192.833410,-95.342917,0.599165
-25.387102,-201.318038,-84.366235,0.751268
-20.976185,-253.682655,-88.719433,0.489060
-30.487845,-131.941337,-67.080693,0.285774
-18.560339,-310.278597,-86.641985,0.548754
-38.359264,-362.748353,-64.537360,0.287146
-45.553629,-144.082365,-94.101055,0.242663
-50.522795,-163.529122,-99.738707,0.275739
-46.781173,-368.813596,-55.227248,0.156958
-15.660270,-280.874431,-81.558124,0.648851
-36.695001,-368.704613,-81.822427,0.218456
-27.975586,-194.559189,-86.586296,0.498919
-27.923765,-322.727061,-77.683837,0.249925
-32.045698,-375.738916,-93.612840,0.178075
-34.509016,-139.021418,-66.293334,0.290401
-38.532012,-374.450181,-60.879765,0.179415
-27.498125,-367.671499,-68.421921,0.144347
-53.528137,-149.308218,-87.473495,0.231188
-19.881077,-326.604291,-86.018947,0.086172
-39.611011,-135.662490,-66.950964,0.230956
-27.366566,-372.683298,-64.599148,0.077654
-19.989941,-379.305046,-93.296465,0.104856
-22.847043,-277.514729,-89.043815,0.461035
-17.754921,-260.253181,-88.187959,0.830302
-48.092265,-174.555894,-96.437288,0.449946
-38.799513,-168.767920,-84.827313,0.118956
-35.258932,-375.949578,-97.001130,0.207084
-23.160958,-274.543903,-80.298698,0.000001
-24.896564,-336.813708,-88.425191,0.209282
-44.670182,-172.575143,-98.088954,0.447311
-28.159410,-186.916997,-84.516877,0.786781
-17.530081,-301.737609,-87.633237,0.699760
-20.154755,-267.604571,-87.744082,0.307156
-18.934738,-333.291464,-68.681443,0.289741
-37.061653,-209.862533,-86.496628,0.835722
-26.887828,-369.708069,-94.960002,0.153611
-32.584828,-149.443263,-72.910274,0.348190
-19.896473,-244.985367,-79.902178,0.736443
-34.186453,-360.222983,-86.711867,0.225979
-30.354348,-122.946528,-71.030209,0.223563
-41.148721,-186.834465,-90.915366,0.089099
-55.279369,-153.163897,-96.400246,0.218593
-24.214623,-271.740152,-75.980414,0.827606
-29.672023,-363.903494,-91.202771,0.228781
-39.771556,-173.215430,-90.458744,0.017849
-37.427293,-366.099535,-51.434884,0.285796
-20.556943,-264.320456,-84.745877,0.012573
-31.862319,-142.440767,-77.863420,0.291843
-33.737777,-132.537941,-61.226906,0.169760
-38.128523,-167.732237,-97.237980,0.235471
-42.604398,-164.373165,-88.950873,0.085921
-34.262549,-216.701092,-90.838950,0.484908
-18.170820,-317.005374,-69.930985,0.561702
-38.622431,-362.032920,-90.133039,0.196136
-17.376201,-356.904131,-89.792964,0.202936
-26.284662,-346.944605,-61.355318,0.133422
-18.935636,-324.354451,-68.303855,0.449297
-27.678746,-378.159460,-72.796362,0.152466
-28.840740,-251.884352,-89.987463,0.691422
-39.339914,-140.637921,-84.175165,0.215381
-16.007293,-286.238544,-78.250780,0.635566
-14.403514,-359.640070,-89.284166,0.175112
-28.247940,-182.525284,-88.922412,0.609267
-17.721946,-285.896235,-77.083309,0.547280
-23.038456,-128.638291,-75.345414,0.196784
-30.721037,-250.455293,-88.626809,0.773700
-26.904666,-354.481813,-57.040331,0.141776
-34.554194,-357.796249,-52.681593,0.209054
-24.968417,-357.146358,-58.930616,0.138443
-28.032598,-384.262621,-60.866876,0.178621
-25.657766,-224.293932,-87.358882,0.031094
-20.139406,-359.956301,-68.049382,0.187716
-20.729083,-373.643162,-75.052969,0.180550
-34.584449,-372.336818,-67.177448,0.086236
-30.859380,-242.759999,-80.914994,0.812214
-32.822993,-210.779572,-81.879833,0.858069
-57.906112,-154.303120,-95.308656,0.211200
-23.073904,-362.561232,-65.894634,0.184250
-32.694475,-191.878110,-90.631669,0.005633
-37.129164,-211.067955,-89.729104,0.839952
-25.407718,-373.541783,-65.510765,0.103427
-36.480025,-140.319154,-80.844733,0.220461
-18.491835,-351.637182,-76.428372,0.112248
-35.118623,-369.931266,-68.851244,0.060759
-34.799773,-359.737278,-88.259243,0.249418
-17.396884,-340.644871,-77.756898,0.147595
-18.396738,-326.002134,-82.258850,0.075790
-36.560146,-373.703159,-87.994986,0.186914
-37.427181,-375.425196,-67.959886,0.237892
-19.170460,-313.498328,-69.236674,0.598322
-28.520813,-297.431221,-79.868321,0.757095
-35.027200,-184.071088,-87.805324,0.000001
-50.223168,-148.171970,-100.531909,0.159052
-29.078543,-210.273820,-84.182140,0.399655
-16.411751,-351.817188,-82.284067,0.165958
-26.736387,-323.738907,-80.492878,0.027518
-39.352348,-380.967263,-60.710843,0.196234
-24.906535,-343.613841,-71.428405,0.012152
-33.254342,-235.671910,-83.765379,0.812502
-39.053869,-173.519980,-85.870384,0.053642
-21.408505,-311.822489,-81.164659,0.000001
-22.750592,-358.963677,-68.271880,0.177209
-16.716940,-334.483773,-84.283682,0.304281
-29.704838,-138.679682,-62.745509,0.286790
-37.292969,-140.954103,-88.937563,0.327380
-22.902200,-375.516417,-83.883167,0.138437
-19.034636,-355.389085,-76.133677,0.128142
-44.439562,-160.656787,-81.093517,0.364908
-42.569317,-139.049570,-78.935057,0.278287
-22.677178,-344.096489,-64.459651,0.100160
-19.184835,-242.992087,-88.162378,0.755204
-21.133591,-368.207698,-59.150264,0.187721
-50.415109,-159.101070,-102.015325,0.294871
-28.944946,-383.235394,-56.128201,0.173962
-41.870988,-132.292306,-77.436681,0.162015
-27.813892,-380.019426,-95.049195,0.118842
-23.482715,-275.653829,-76.255966,0.648671
-23.189929,-365.631198,-71.320440,0.191463
-38.869376,-120.902887,-74.699788,0.174196
-32.334243,-262.623373,-85.248136,0.866005
-38.122281,-366.731634,-77.736109,0.211487
-22.704539,-380.467023,-55.681533,0.145981
-27.302847,-355.467844,-87.502857,0.184447
-20.894724,-262.255377,-78.419219,0.652449
-34.692986,-355.296514,-83.803648,0.277898
-19.566918,-342.777213,-86.268266,0.128616
-32.387674,-232.635330,-83.661002,0.894984
-21.019480,-249.117463,-91.642800,0.728440
-30.382422,-337.171091,-74.448011,0.477367
-27.183814,-354.859703,-92.800534,0.195356
-18.114717,-319.012534,-77.237867,0.050790
-32.046045,-374.703890,-56.852885,0.074657
-39.702399,-381.820018,-63.224920,0.186711
-32.937772,-149.072065,-76.304243,0.359410
-35.496208,-359.536459,-71.869654,0.250818
-22.080911,-230.400902,-85.159956,0.640182
-35.166914,-141.544084,-69.043278,0.271818
-40.051521,-370.502958,-88.498842,0.179985
-35.547240,-371.696657,-49.861901,0.132348
-30.986232,-127.600076,-80.447928,0.199290
-31.265201,-382.194665,-88.211988,0.158127
-32.048498,-224.995198,-86.514640,0.429292
-49.305265,-144.533880,-100.159609,0.141614
-27.575634,-316.916365,-88.325063,0.532666
-35.069449,-163.755303,-85.432845,0.160701
-26.501105,-237.643126,-80.939750,0.877051
-21.633057,-286.666684,-88.489793,0.449334
-33.743633,-177.750631,-80.912358,0.634593
-26.132271,-380.589712,-88.965081,0.129610
-29.295932,-331.006743,-87.087109,0.564110
-29.523907,-216.353193,-92.894412,0.549233
-50.326249,-143.555392,-93.312334,0.207680
-26.469372,-140.235646,-62.320740,0.249634
-37.641956,-372.522691,-68.609972,0.184246
-16.000337,-331.111843,-75.395394,0.462216
-19.828016,-275.469542,-76.740921,0.511388
-18.541708,-270.723358,-87.155096,0.588310
-23.742021,-290.318993,-90.105568,0.596140
-15.918934,-294.453377,-77.548600,0.665231
-26.786082,-354.222243,-74.720443,0.002837
-16.561586,-334.281152,-72.983637,0.430787
-29.804712,-365.161488,-49.896985,0.148093
-23.571662,-334.409572,-75.450501,0.000001
-18.893314,-310.610670,-78.134145,0.004116
-41.687229,-165.812480,-92.759704,0.075753
-41.144486,-372.817080,-50.206515,0.141591
-32.247370,-366.989626,-94.708029,0.237581
-53.350352,-159.449858,-84.046370,0.175059
-28.642361,-218.984642,-81.695375,0.991334
-23.936563,-374.954766,-70.379339,0.143399
-33.171935,-151.022076,-83.216508,0.154555
-15.691026,-296.081180,-84.835275,0.720687
-19.914640,-343.138825,-72.770249,0.057786
-45.461531,-184.723360,-94.143540,0.498793
-15.616861,-324.683360,-83.983887,0.567348
-21.075709,-247.351259,-79.012379,0.753221
-24.527913,-141.516352,-64.077089,0.268527
-18.606579,-354.148236,-85.657268,0.181282
-16.097762,-368.018901,-79.396406,0.188339
-36.565680,-188.084967,-84.393701,0.325665
-23.291728,-343.945340,-68.420744,0.056879
-27.459571,-282.326292,-81.516859,0.459205
-34.217063,-153.385457,-75.505232,0.437739
-40.922970,-372.624498,-87.861059,0.151398
-21.180406,-353.805821,-71.817616,0.121725
-39.562440,-166.179962,-82.365250,0.266019
-41.096169,-137.670276,-77.613627,0.294296
-33.333608,-197.876658,-96.908776,0.762853
-18.308517,-268.988371,-85.005873,0.419029
-35.993180,-130.797172,-65.578818,0.226785
-31.551350,-251.894188,-87.445203,0.868757
-27.458825,-364.457882,-86.543341,0.271834
-38.059577,-357.742198,-57.007784,0.240308
-34.272091,-196.750415,-92.178061,0.053364
-21.936322,-354.736619,-62.080899,0.153819
-30.692418,-238.849397,-92.773254,0.791565
-39.336198,-169.803327,-81.975687,0.378479
-30.847726,-365.808296,-96.235171,0.251500
-21.250884,-378.308144,-88.791256,0.122318
-28.208245,-344.622183,-72.516319,0.050432
-16.091311,-288.617902,-77.747820,0.613253
-26.654049,-348.994809,-79.003831,0.022654
-26.967655,-378.421057,-88.185610,0.115140
-24.613845,-364.572044,-57.435470,0.232608
-29.740284,-279.463413,-83.232885,0.950408
-27.019633,-297.654306,-78.914855,0.282024
-36.676051,-376.691018,-81.920858,0.136869
-17.514275,-327.322390,-75.819996,0.166278
-21.899159,-378.473879,-83.049322,0.151765
-26.926193,-375.824252,-68.598549,0.088220
-19.392601,-339.076745,-88.430710,0.295592
-32.090193,-346.615272,-84.007539,0.399067
-22.796417,-365.517851,-95.700640,0.140982
-22.376286,-244.024607,-80.758956,0.767174
-28.987510,-232.114826,-85.232093,0.119872
-46.157971,-152.974874,-96.600661,0.205488
-35.655612,-185.183824,-89.879773,0.000001
-25.790962,-353.415177,-65.775591,0.116448
-39.800366,-176.586427,-84.293984,0.182874
-28.284198,-126.845592,-75.643937,0.199500
-25.872386,-300.032004,-83.112056,0.000220
-44.389678,-139.194996,-82.442042,0.286791
-29.992758,-242.891726,-83.104750,0.756454
-25.680176,-316.335464,-87.598694,0.451097
-34.295148,-375.760310,-46.646943,0.116962
-28.449890,-227.458113,-91.764186,0.397435
-47.229332,-168.287124,-84.868738,0.183694
-34.611644,-163.413988,-96.641209,0.468030
-26.555711,-330.457473,-72.702826,0.078405
-31.025156,-382.103150,-50.216648,0.122945
-47.069891,-170.834065,-99.229895,0.392481
-41.157994,-379.783186,-89.680328,0.208607
-43.823170,-174.700676,-84.405239,0.254905
-34.305656,-215.576858,-84.960875,0.919858
-24.707767,-306.884232,-86.897648,0.336344
-23.886619,-321.543632,-88.319086,0.433184
-37.897371,-377.222159,-57.634572,0.189075
-32.920473,-226.012278,-93.260703,0.880291
-25.046518,-216.119844,-90.410136,0.618687
-31.806557,-344.061757,-82.166861,0.457081
-30.055914,-189.177444,-81.655406,0.685243
-45.384119,-177.782657,-88.363153,0.152974
-34.838558,-156.616521,-84.482099,0.143983
-28.481779,-204.248888,-83.041008,0.845427
-19.107712,-345.205759,-82.811864,0.117635
-23.602918,-313.719367,-71.405226,0.134698
-39.903487,-133.390561,-81.490466,0.194641
-22.721529,-229.239826,-91.523616,0.849928
-21.087364,-349.859817,-57.967654,0.275792
-28.790831,-342.318720,-78.108906,0.056927
-40.847824,-152.215313,-99.097134,0.223918
-19.898822,-364.791791,-56.733779,0.165136
-20.711800,-377.337175,-59.079961,0.082741
-17.950125,-289.565891,-75.469991,0.519276
-20.838269,-318.587678,-83.588250,0.000838
-33.744784,-359.997287,-61.480090,0.246302
-39.909517,-160.893887,-84.356946,0.144090
-34.571173,-375.563060,-81.241681,0.093249
-30.819068,-345.158659,-62.806874,0.398673
-27.062659,-142.987329,-82.502586,0.316935
-39.225216,-132.813944,-61.338146,0.227916
-43.452938,-147.296609,-76.617369,0.403727
-30.405338,-322.673228,-80.006658,0.653716
-24.217430,-329.253417,-69.965772,0.029113
-30.744318,-376.061017,-85.454473,0.141906
-19.228785,-137.564476,-77.437685,0.225037
-37.865125,-181.424974,-92.688102,0.000001
-29.033854,-233.607883,-94.293571,0.743099
-54.905181,-161.776163,-89.276352,0.114453
-26.221483,-210.931930,-85.646457,0.481950
-28.109895,-382.387818,-85.632094,0.167954
-31.236255,-360.537622,-95.343629,0.210485
-36.902737,-172.299038,-87.630868,0.064399
-30.639251,-228.072109,-95.040251,0.741829
-50.911076,-159.194575,-87.026723,0.099806
-21.291664,-125.770437,-74.189425,0.202291
-19.460428,-331.852123,-76.614142,0.012069
-24.144304,-330.972626,-75.267550,0.000001
-23.082367,-371.258340,-62.753366,0.172722
-23.150798,-330.573206,-79.061046,0.000001
-30.706549,-189.253025,-94.511801,0.675848
-39.550746,-374.014266,-83.344977,0.155592
-25.554865,-319.831146,-72.183975,0.167154
-33.458094,-376.793523,-65.159754,0.061546
-37.081679,-358.834996,-55.196311,0.268192
-33.982553,-141.707337,-88.706292,0.414851
-29.989558,-302.847358,-86.638609,0.608001
-20.967317,-362.149729,-92.347431,0.168590
-31.889298,-352.760987,-57.417680,0.236487
-27.784874,-207.663143,-81.238004,0.763103
-34.147875,-156.819008,-89.788136,0.147286
-31.698741,-158.691363,-85.970110,0.251724
-25.586315,-341.401528,-71.742026,0.003676
-37.572906,-129.772678,-70.416422,0.235173
-28.525622,-374.758207,-46.684227,0.093979
-33.456736,-146.715699,-80.309154,0.243421
-26.330122,-293.338897,-77.007794,0.564614
-48.683786,-377.133510,-55.839012,0.213103
-17.426434,-368.475158,-67.896568,0.142027
-34.886908,-134.056742,-75.734261,0.334535
-19.356257,-311.730177,-68.946955,0.625954
-17.225511,-297.811738,-82.431291,0.339556
-26.585606,-292.978737,-84.870214,0.093492
-46.718573,-376.758629,-58.206953,0.194435
-39.120797,-373.312704,-51.749289,0.136151
-25.084569,-338.383000,-73.028253,0.000330
-23.491064,-212.164113,-85.072106,0.759217
-25.592434,-136.694423,-78.677826,0.251085
-29.659227,-134.964902,-83.429489,0.210646
-36.820922,-359.353768,-89.327561,0.224850
-41.233943,-176.158660,-97.418055,0.335148
-29.935110,-144.537307,-84.694155,0.341608
-31.135430,-340.063445,-81.722347,0.486190
-29.546464,-274.398045,-88.492079,0.703861
-31.645159,-231.737039,-88.750200,0.365899
-35.078983,-180.152696,-85.838171,0.033592
-20.714160,-284.659580,-81.576191,0.000001
-30.558623,-217.952751,-89.382041,0.080841
-22.125415,-136.624602,-66.901391,0.227573
-25.390732,-210.345870,-82.021931,0.766795
-21.494219,-247.936953,-83.577821,0.236415
-32.724640,-153.562210,-90.999137,0.388094
-36.987428,-126.808958,-76.148459,0.158964
-27.519651,-183.955768,-86.770358,0.672861
-38.756147,-375.170405,-49.202570,0.111579
-22.706861,-315.552756,-89.290499,0.508481
-26.519060,-341.590026,-90.555689,0.347706
-34.454824,-185.897073,-93.096899,0.039570
-31.838170,-258.957688,-87.772236,0.816648
-23.608795,-264.626584,-82.066389,0.000001
-27.878494,-341.109464,-69.737346,0.089061
-35.023906,-143.201380,-64.843756,0.187880
-23.611908,-264.360087,-91.883202,0.728983
-30.699787,-312.850767,-80.753401,0.702192
-20.930052,-301.544850,-80.808243,0.000001
-20.910153,-141.943458,-74.190897,0.179296
-31.466338,-209.957206,-82.963465,0.882581
-25.580661,-327.299150,-68.510069,0.164904
-19.410537,-357.889935,-59.305553,0.183256
-25.278422,-218.059911,-87.569366,0.196795
-25.809730,-261.395277,-88.409001,0.111402
-29.347326,-225.143402,-89.499162,0.069961
-35.938191,-379.649807,-83.013578,0.187042
-21.556126,-134.373700,-63.544713,0.201732
-24.304310,-364.866393,-91.776488,0.198350
-17.147576,-364.464565,-87.933381,0.267303
-35.243676,-366.752948,-62.588883,0.220111
-34.933333,-360.617048,-82.136008,0.225153
-14.551835,-367.020862,-90.448641,0.193350
-22.028350,-334.230739,-87.753048,0.181063
-18.486125,-294.706929,-88.951928,0.737499
-25.565063,-309.243014,-81.906283,0.000001
-25.981446,-135.030415,-60.213326,0.209822
-50.683639,-156.437647,-97.022948,0.186208
-18.404928,-126.858804,-71.739620,0.191292
-21.510034,-320.779462,-82.396162,0.000001
-19.744434,-236.266232,-83.537171,0.669247
-31.502097,-160.157440,-79.434825,0.548796
-30.053520,-136.362924,-81.509739,0.232254
-35.683676,-210.194651,-88.307207,0.610725
-42.009078,-373.199931,-55.126103,0.170339
-25.361283,-146.218192,-74.876185,0.254372
-28.976766,-364.378933,-61.127782,0.262045
-32.519540,-257.158858,-86.966971,0.875451
-31.840419,-228.913417,-82.953338,0.927815
-35.745213,-363.193595,-53.879960,0.295521
-25.592880,-377.732064,-76.328568,0.174925
-20.065467,-369.085292,-94.380773,0.120861
-19.764503,-124.607093,-71.445993,0.194266
-27.562770,-203.040515,-87.169193,0.173756
-29.739327,-146.849847,-77.067248,0.369934
-44.165639,-152.576262,-104.012790,0.203473
-41.220127,-376.385100,-53.977742,0.176077
-15.844346,-376.139359,-82.426387,0.221438
-22.831790,-280.980396,-89.445491,0.581460
-38.093116,-362.322209,-87.563653,0.223174
-35.204127,-146.830542,-69.643159,0.249131
-46.915289,-164.363390,-84.790466,0.166506
-48.829761,-158.568330,-100.287857,0.227331
-25.116760,-241.209066,-80.717491,0.800533
-17.909427,-357.030423,-69.819460,0.208021
-17.384403,-269.917410,-78.677096,0.706464
-45.338967,-154.699653,-82.818323,0.250100
-19.899849,-310.797016,-89.227133,0.531640
-41.628439,-369.655091,-54.594862,0.171181
-23.155661,-338.800386,-66.656179,0.081221
-53.941572,-145.453069,-99.565399,0.133278
-52.836471,-153.476571,-90.847652,0.142802
-24.490422,-330.521629,-90.002723,0.442210
-25.086650,-277.275437,-85.055246,0.000001
-34.759681,-137.488870,-61.105508,0.133500
-29.008670,-372.548067,-49.643666,0.040592
-25.658346,-305.746739,-83.369952,0.001644
-21.808992,-315.455097,-83.826900,0.000882
-26.700969,-226.770211,-84.640170,0.132469
-41.274895,-131.299315,-63.276815,0.222731
-40.143857,-189.292501,-86.813447,0.401281
-41.323786,-141.697728,-83.325345,0.222461
-18.114457,-349.801399,-74.140412,0.147901
-41.076209,-381.658978,-60.091499,0.195641
-28.733534,-252.945069,-79.348027,0.812842
-29.774636,-355.565855,-80.631774,0.131199
-22.711431,-270.618699,-78.146089,0.189911
-23.341222,-280.519334,-85.389786,0.000040
-40.365895,-381.209318,-93.729949,0.246787
-40.062231,-374.716349,-66.206015,0.256360
-20.689411,-381.271744,-90.784331,0.118709
-28.266246,-148.345237,-73.974374,0.337597
-35.559511,-374.376313,-71.617956,0.283017
-34.199794,-206.412905,-84.213355,0.916480
-17.227067,-365.603759,-73.465086,0.120041
-42.290197,-177.320040,-82.718651,0.437785
-35.985908,-161.110916,-84.151797,0.168349
-29.789340,-350.708720,-67.348632,0.176021
-36.035480,-127.179409,-60.734987,0.232412
-21.812545,-345.502974,-68.808879,0.076680
-30.293700,-262.228031,-81.403169,0.896695
-21.408600,-356.137748,-79.061571,0.112858
-17.926467,-333.057846,-78.196270,0.088595
-29.788643,-353.641421,-62.509697,0.172127
-17.600045,-259.319431,-84.605086,0.714250
-24.458615,-324.917387,-79.719314,0.000001
-36.277637,-156.467592,-81.525898,0.170494
-30.922067,-375.005429,-74.999958,0.123250
-19.105126,-356.025214,-91.667267,0.208977
-33.689766,-216.102951,-95.950060,0.703423
-31.408359,-347.116403,-69.299234,0.348252
-16.824399,-352.084597,-67.651709,0.291592
-55.538854,-159.568716,-93.813064,0.117088
-28.859336,-258.261780,-91.123374,0.690552
-36.811209,-155.280501,-95.000408,0.189336
-26.295462,-331.210137,-86.956573,0.195151
-22.871209,-319.247371,-69.555253,0.093643
-49.352726,-159.920911,-83.176164,0.187043
-17.853113,-326.236351,-87.110431,0.474128
-33.110524,-365.293235,-55.461600,0.219242
-28.220869,-274.717798,-89.922438,0.599478
-39.080293,-171.799235,-95.920151,0.065655
-29.088711,-169.033673,-82.844318,0.619271
-22.284315,-277.108755,-75.112588,0.800687
-32.725979,-370.090886,-46.368162,0.114806
-21.253235,-373.930163,-94.167475,0.034869
-33.555278,-372.612522,-50.877223,0.105463
-34.859301,-376.077034,-86.444468,0.170918
-21.812818,-364.485458,-79.846838,0.255250
-26.716183,-234.921439,-82.733541,0.383667
-38.329870,-374.099004,-58.825497,0.163799
-27.399325,-293.477833,-87.832557,0.624366
-18.309785,-337.896726,-78.754546,0.092493
-36.339498,-160.248809,-98.688332,0.406805
-29.470826,-235.163437,-86.950333,0.115078
-34.616267,-377.157881,-95.385497,0.211856
-34.459463,-196.136124,-87.387241,0.014471
-33.314161,-190.263227,-93.682489,0.260743
-29.150052,-259.477211,-79.045864,0.684018
-42.754298,-151.357892,-92.419017,0.145957
-36.341621,-136.630123,-64.578251,0.212773
-12.389132,-359.888942,-82.673775,0.229500
-31.367566,-370.826218,-50.182215,0.082775
-33.478025,-129.279351,-79.517181,0.209946
-21.299271,-342.477245,-88.365334,0.176076
-20.926830,-302.581760,-73.975816,0.039401
-26.690564,-132.024711,-74.633605,0.302916
-29.477290,-268.051591,-82.093827,0.867775
-23.835528,-334.292487,-80.306938,0.000602
-50.949149,-157.073090,-95.290151,0.130920
-38.201152,-155.624952,-82.200441,0.137693
-20.422588,-361.879096,-87.662189,0.197294
-22.392752,-354.852906,-74.355685,0.079740
-16.628349,-370.873180,-63.294251,0.155763
-33.109674,-131.052126,-83.351195,0.186501
-15.107006,-302.755309,-82.392042,0.677277
-37.177369,-367.584574,-95.884029,0.157291
-28.193808,-139.670233,-83.876923,0.287703
-28.275552,-375.088362,-64.742133,0.050696
-19.221504,-308.210653,-87.612131,0.583965
-37.303819,-378.249085,-50.141966,0.066376
-23.042581,-308.628746,-76.751822,0.000001
-18.685868,-330.007971,-66.957729,0.434595
-30.313721,-183.844123,-89.292365,0.436821
-22.676959,-352.665073,-71.663648,0.085681
-23.337551,-288.811904,-77.671660,0.005163
-40.934133,-138.039705,-69.149027,0.336085
-22.215810,-376.101000,-56.626079,0.073827
-40.193973,-378.360487,-98.597493,0.210715
-30.835131,-379.177019,-94.214408,0.156589
-18.701275,-267.690642,-79.129641,0.604141
-21.293236,-267.296555,-79.697907,0.118906
-45.004832,-138.428400,-77.487217,0.235758
-25.739387,-317.964542,-85.669006,0.129200
-20.416119,-132.290625,-76.103138,0.238887
-38.022954,-141.669122,-97.201078,0.212609
-24.244243,-340.204344,-79.264284,0.000302
-37.810142,-157.217337,-87.621388,0.150988
-39.410371,-370.402394,-48.969624,0.165804
-30.693050,-360.525952,-79.149405,0.175208
-53.285460,-146.708172,-89.943744,0.125186
-32.237004,-131.743829,-76.087612,0.294701
-21.224302,-359.802873,-79.870703,0.167599
-23.470452,-129.515242,-61.890083,0.170915
-49.991683,-166.619221,-80.032749,0.236915
-23.617321,-125.396300,-74.873783,0.192658
-43.065168,-188.075177,-90.911063,0.536444
-38.014625,-375.709694,-99.735328,0.182554
-35.673213,-384.789231,-60.220870,0.186041
-35.657211,-229.990153,-91.238410,0.746906
-35.215355,-167.551084,-85.021047,0.149858
-28.499915,-276.552269,-86.339692,0.559000
-31.639309,-138.146528,-65.341954,0.301842
-45.196521,-172.769368,-79.919141,0.344152
-35.013422,-378.807456,-84.417935,0.183454
-35.974751,-153.436751,-86.348323,0.144750
-44.877660,-156.142981,-80.067849,0.467993
-24.944480,-336.047189,-65.116093,0.134235
-42.465857,-132.756012,-71.081747,0.226761
-24.038361,-321.590859,-72.886485,0.020585
-14.771852,-361.255870,-83.498481,0.194215
-48.373659,-160.396984,-85.056853,0.145417
-24.919058,-367.414307,-54.203065,0.185632
-35.901649,-194.256910,-82.167499,0.783421
-21.765976,-370.572082,-82.660693,0.165714
-38.205586,-159.649671,-89.826389,0.117250
-35.517168,-127.010444,-71.796726,0.214715
-27.744329,-242.529741,-84.932270,0.097840
-27.145811,-254.668172,-89.743954,0.409713
-21.577779,-342.215312,-69.814007,0.024510
-24.229735,-346.348273,-74.577390,0.000001
-30.001070,-149.384270,-89.717464,0.374356
-29.349747,-211.448434,-94.464524,0.846640
-33.228768,-183.113880,-82.256701,0.792406
-18.231184,-326.923413,-84.715551,0.156488
-28.858398,-133.973231,-75.918315,0.298493
-29.706890,-295.625217,-81.911269,0.796931
-29.481062,-371.474285,-96.763592,0.135771
-38.707545,-379.336186,-59.107637,0.200599
-52.598939,-158.471054,-88.091887,0.086317
-39.245047,-128.109563,-75.581660,0.174851
-14.922098,-348.448853,-82.200409,0.247667
-42.472169,-162.145154,-77.854454,0.503109
-23.068255,-374.516588,-78.641486,0.162089
-18.973237,-345.628832,-86.448847,0.157136
-32.730143,-235.464105,-87.224445,0.720478
-45.881878,-379.735065,-51.068183,0.149998
-28.469301,-375.560927,-66.630610,0.049901
-28.900476,-359.560629,-82.595889,0.161133
-25.769341,-265.134027,-83.837337,0.000700
-39.964955,-365.380720,-55.753651,0.216407
-18.142811,-354.278011,-73.601399,0.165434
-38.096743,-148.049668,-96.842331,0.300992
-18.356528,-360.357289,-86.134797,0.192337
-26.895100,-351.049523,-89.738840,0.180600
-42.669803,-144.558429,-94.817704,0.234693
-33.216390,-356.493392,-49.375601,0.181291
-33.602787,-166.942897,-95.559906,0.478708
-24.566043,-383.176235,-84.760903,0.168035
-32.298923,-212.952154,-93.248873,0.502086
-20.032679,-354.391218,-70.470466,0.151759
-26.836640,-359.198241,-89.300878,0.196854
-38.184689,-180.293695,-95.798923,0.175569
-36.608634,-366.734036,-87.376312,0.228750
-39.762623,-364.418904,-60.398531,0.155974
-22.145663,-327.473846,-72.799324,0.000547
-25.337209,-366.252356,-93.631341,0.190658
-25.509514,-356.936396,-84.411705,0.158244
-32.178237,-203.810344,-90.156860,0.009127
-27.608881,-233.310845,-81.774306,0.828318
-49.946919,-169.351063,-92.228160,0.093913
-28.625979,-190.700910,-92.828252,0.697616
-26.668361,-374.144167,-77.296381,0.094145
-19.126539,-361.763285,-86.602648,0.196311
-32.002076,-172.456104,-85.037533,0.267715
-23.423625,-275.742513,-83.801112,0.000001
-33.620661,-355.003720,-62.117833,0.266413
-25.703950,-360.515127,-47.819643,0.140052
-37.784261,-166.944133,-99.971577,0.494551
-46.370830,-374.721953,-56.109958,0.189124
-27.373619,-121.834410,-76.304331,0.179203
-15.811555,-285.246502,-84.740420,0.688491
-29.861441,-314.355795,-79.022610,0.680562
-44.020103,-140.055548,-70.879545,0.244085
-37.002063,-373.626667,-77.853908,0.204049
-29.076863,-331.435836,-75.022945,0.450991
-25.448848,-315.464182,-85.280908,0.089736
-26.380594,-256.954610,-87.277751,0.029339
-34.466881,-369.610134,-99.135168,0.167748
-20.790478,-351.233517,-84.049362,0.137741
-21.933989,-365.263207,-90.701390,0.200154
-29.512840,-351.282244,-79.313790,0.091529
-36.838086,-162.128704,-92.845265,0.104864
-20.024771,-288.749014,-77.457735,0.003966
-30.941726,-361.007386,-93.003720,0.208583
-18.041771,-370.723873,-90.736114,0.168430
-23.415933,-128.526732,-81.557698,0.172917
-15.081135,-345.012939,-82.285353,0.296807
-22.978330,-317.608309,-83.749586,0.005653
-23.470454,-304.368445,-76.067071,0.010406
-42.791379,-176.178459,-89.369542,0.042347
-15.084407,-356.502886,-89.091505,0.185010
-28.638526,-232.234851,-87.416288,0.020591
-33.924759,-376.411218,-88.342885,0.163340
-28.472631,-144.951764,-79.448224,0.328344
-17.163879,-301.640254,-80.172191,0.244980
-27.803876,-141.905928,-78.149644,0.271136
-18.126365,-271.472407,-77.750107,0.704380
-35.800811,-377.436070,-90.180249,0.185768
-22.240184,-379.753913,-54.151974,0.135147
-17.480323,-364.422472,-78.826137,0.245000
-45.382901,-141.754661,-98.336117,0.159975
-42.384849,-147.742584,-84.775055,0.135115
-33.101398,-362.845736,-69.319513,0.291276
-29.838159,-283.394356,-80.434778,0.762936
-17.323172,-304.245568,-81.586948,0.242245
-37.776222,-182.270122,-98.456079,0.693431
-43.912189,-131.860347,-75.870589,0.204585
-27.129141,-363.768177,-94.133637,0.216356
-27.043628,-248.587917,-79.739246,0.910094
-37.331727,-366.126416,-82.007748,0.197508
-20.871197,-298.854033,-81.860233,0.000001
-25.677591,-140.803148,-81.388458,0.253951
-36.273122,-122.014642,-79.476161,0.136614
-22.588495,-314.012787,-69.621937,0.216960
-39.888924,-173.919427,-83.330327,0.278408
-22.632893,-370.392802,-87.559341,0.170731
-19.629940,-283.084515,-77.473498,0.104466
-34.642972,-187.447279,-81.003082,0.687915
-36.552578,-130.675026,-81.486891,0.174295
-31.174101,-234.806515,-81.147261,0.821664
-25.233479,-345.839879,-71.543865,0.023255
-18.437138,-321.218295,-71.946337,0.293469
-33.405298,-380.142093,-67.246210,0.243023
-30.445327,-334.693178,-85.954341,0.613543
-30.977013,-340.470470,-84.225993,0.503758
-23.569508,-354.726689,-53.142333,0.166768
-43.635292,-155.836026,-97.794788,0.164378
-20.577788,-324.727922,-86.364587,0.084890
-20.962824,-373.045562,-77.280692,0.171736
-34.049779,-131.797515,-74.187550,0.276200
-36.232812,-192.110084,-89.575257,0.000001
-35.623872,-366.610258,-47.323369,0.170262
-29.390685,-333.116767,-70.323357,0.520129
-21.051147,-381.115332,-61.972046,0.149836
-25.015470,-225.893797,-84.957817,0.172296
-24.888599,-318.716817,-76.297666,0.008878
-52.039755,-165.312518,-90.575956,0.092308
-30.925240,-148.115210,-80.940506,0.301506
-38.421500,-120.480837,-70.124556,0.199251
-32.314449,-123.831337,-79.211019,0.139021
-44.587628,-368.158059,-54.765069,0.162516
-21.457040,-338.641038,-78.212606,0.003712
-26.653668,-348.942428,-60.115231,0.144038
-16.638320,-374.297138,-91.776561,0.092092
-28.135566,-256.392643,-86.894561,0.204458
-30.364248,-120.639771,-74.675748,0.187430
-24.488182,-380.911132,-79.373956,0.192600
-15.886677,-320.131460,-75.001984,0.556612
-29.135529,-240.595573,-80.095323,0.812801
-24.399668,-246.717973,-85.578571,0.000001
-17.587787,-362.170227,-92.041481,0.181928
-24.270773,-252.580305,-91.161980,0.694781
-42.637395,-370.826842,-61.025100,0.191032
-19.530906,-360.170317,-91.725549,0.184592
-30.414499,-313.631841,-85.818098,0.755936
-15.898700,-312.058921,-82.768492,0.586140
-16.959262,-356.107375,-80.791512,0.166546
-36.483380,-368.580568,-86.946595,0.224741
-21.936580,-136.797444,-75.021777,0.282193
-25.316175,-206.911548,-91.295896,0.736145
-30.943308,-133.449574,-75.883151,0.323231
-30.963484,-257.691456,-85.612650,0.832849
-24.042298,-252.358615,-84.081035,0.000001
-33.525993,-192.971590,-82.751795,0.850963
-19.300741,-379.100181,-84.195539,0.168493
-41.996828,-138.588039,-72.263384,0.361233
-37.505318,-151.312726,-81.865022,0.124864
-26.601913,-139.888093,-71.052883,0.253514
-15.786288,-361.801911,-87.622147,0.195965
-23.460095,-282.951261,-80.436711,0.000001
-42.494861,-139.322124,-76.281705,0.302543
-26.505667,-289.176507,-89.009020,0.549484
-18.786653,-296.701224,-75.537021,0.218862
-27.102398,-338.466978,-88.067929,0.258671
-47.970147,-145.402845,-103.000363,0.184089
-26.219216,-330.129534,-76.222906,0.005269
-27.639944,-325.812986,-88.750730,0.508005
-24.395406,-379.026877,-62.140418,0.153579
-28.213271,-340.755439,-77.822379,0.030880
-41.206300,-378.359366,-52.180219,0.117263
-26.190428,-219.718537,-87.549259,0.038446
-28.057028,-361.560835,-89.780801,0.199887
-27.886072,-134.206565,-68.324720,0.336946
-23.637735,-355.827467,-60.275320,0.141752
-16.814391,-373.912463,-62.282397,0.168953
-27.501281,-356.794477,-95.688302,0.207095
-17.275018,-341.362097,-85.226186,0.182774
-30.575880,-368.850081,-76.507799,0.073361
-35.212555,-153.136449,-82.578472,0.138510
-38.081902,-372.672390,-88.239585,0.178101
-45.100448,-174.380643,-87.857695,0.127296
-31.980895,-146.103634,-87.920045,0.362819
-41.676383,-373.660878,-58.000268,0.219502
-57.745952,-150.695326,-94.080352,0.169294
-42.150770,-373.594062,-62.999192,0.205326
-27.421690,-335.750881,-86.874157,0.245994
-21.174196,-323.796803,-88.464522,0.412016
-25.767786,-144.768898,-68.221000,0.173033
-28.999780,-223.230237,-91.791549,0.368180
-34.705615,-200.420810,-83.507724,0.942444
-48.484769,-170.889784,-96.460696,0.306741
-36.439478,-172.483800,-93.223509,0.052932
-25.300779,-206.653299,-84.616823,0.778183
-33.233366,-125.693343,-70.411992,0.242762
-22.710283,-236.156170,-81.724470,0.834370
-30.472256,-354.958963,-55.472781,0.182174
-32.649209,-352.007502,-66.601742,0.304026
-27.742460,-141.230804,-68.171096,0.221543
-30.251187,-374.268746,-69.151181,0.029790
-20.029689,-379.433478,-64.054536,0.163821
-40.896939,-198.582809,-88.749303,0.745380
-18.553155,-296.862572,-80.082714,0.026155
-25.834495,-334.871304,-75.665973,0.000001
-18.905255,-300.183177,-74.715338,0.240585
-26.879016,-131.127689,-72.704027,0.315839
-50.068682,-161.595027,-100.810212,0.302243
-29.964496,-380.705536,-81.436503,0.219270
-31.029829,-300.619618,-83.938421,0.854524
-33.160768,-357.826765,-78.293493,0.206942
-26.397159,-368.400233,-88.587140,0.255624
-39.608255,-147.247391,-85.514228,0.150130
-18.639070,-257.496415,-79.390895,0.734319
-21.326721,-330.381328,-71.944920,0.009325
-44.083111,-159.851140,-87.696037,0.108823
-29.053775,-211.774312,-88.318715,0.001072
-27.698538,-360.595322,-47.386312,0.162999
-16.518450,-330.194799,-86.253524,0.479991
-47.878854,-153.943187,-95.588731,0.170851
-28.994236,-345.998324,-65.813698,0.205280
-32.988007,-360.914015,-83.398196,0.211262
-36.981961,-367.740642,-83.951652,0.213504
-21.047136,-369.986616,-65.710991,0.196405
-25.244696,-364.491229,-59.110624,0.229681
-27.231769,-234.641687,-88.521441,0.014121
-12.570738,-373.124342,-85.089084,0.216266
-34.701497,-226.735973,-93.815735,0.629243
-26.501650,-207.549373,-86.486126,0.397575
-28.409852,-155.449854,-84.008629,0.402504
-45.281457,-143.062241,-78.254397,0.333920
-22.918620,-368.830033,-52.584346,0.135976
-33.027100,-366.066093,-67.329401,0.211290
-36.461476,-200.866792,-91.817484,0.253995
-40.550482,-372.952926,-52.679097,0.164806
-24.083004,-250.442873,-86.415676,0.000001
-25.447858,-223.543804,-90.469152,0.369741
-41.207182,-132.437788,-68.092451,0.246505
-38.267093,-173.199663,-92.159282,0.016895
-28.849899,-225.274948,-80.127506,0.813896
-40.700911,-139.336795,-70.785974,0.383201
-38.075466,-151.808934,-84.830351,0.142375
-28.789199,-362.463045,-54.590303,0.228863
-28.192077,-356.898497,-77.438391,0.074079
-35.430223,-369.027731,-91.686925,0.238290
-22.913568,-371.692523,-96.661001,0.104955
-36.350292,-129.047052,-76.370311,0.214399
-27.842057,-377.553632,-61.536897,0.104599
-27.773049,-273.516695,-87.093427,0.382503
-34.376545,-374.056340,-79.356944,0.105188
-24.964595,-291.925367,-85.336832,0.005425
-26.531655,-142.542466,-70.331317,0.207684
-40.486329,-164.368065,-81.330291,0.395817
-20.590286,-230.782665,-82.900832,0.727334
-37.456189,-368.356770,-57.109537,0.260531
-29.354285,-344.488413,-70.744267,0.128303
-23.285316,-274.478524,-88.781698,0.291488
-22.496806,-326.380527,-69.755392,0.029382
-16.158090,-306.752785,-81.471983,0.556689
-27.891302,-341.470688,-80.146245,0.052340
-25.790641,-367.864624,-94.460373,0.177801
-36.663549,-178.445650,-95.477124,0.175390
-23.710647,-137.157852,-82.957480,0.184045
-34.299443,-381.031809,-56.390901,0.196223
-28.752497,-273.822700,-85.356229,0.429360
-27.750212,-359.445267,-94.290193,0.203312
-17.563189,-131.007648,-71.118130,0.187389
-15.313217,-323.773971,-77.575568,0.577169
-24.466412,-317.729416,-86.937078,0.207665
-20.295307,-283.853207,-79.090877,0.001565
-30.595075,-227.411623,-86.945674,0.189473
-27.824916,-134.976279,-66.442223,0.305912
-40.929042,-161.544583,-102.105760,0.356960
-28.620862,-372.359675,-74.262794,0.050877
-44.275849,-163.113454,-99.733366,0.190071
-17.614785,-289.404480,-88.108265,0.798294
-17.215530,-347.519987,-83.761133,0.153524
-19.883141,-134.056831,-79.066417,0.188228
-37.618465,-211.262175,-85.670339,0.637760
-31.747575,-174.216404,-92.768240,0.551368
-40.960666,-165.532374,-84.299949,0.136769
-41.117931,-133.313304,-72.822601,0.235557
-47.162150,-167.451458,-96.978472,0.116858
-21.544497,-349.164331,-76.394352,0.030653
-15.742187,-353.503574,-83.554907,0.166662
-36.992354,-191.912603,-92.995484,0.119042
-35.058716,-209.953883,-85.472351,0.926161
-28.641861,-230.786031,-94.645351,0.717094
-32.098224,-265.239169,-84.644291,0.902176
-26.644027,-252.800036,-82.651050,0.210633
-35.180073,-359.583616,-55.050566,0.253251
-31.212131,-371.506882,-47.464307,0.069655
-20.353651,-251.731285,-79.101179,0.829131
-35.366317,-364.873456,-47.319128,0.162981
-40.378493,-141.160006,-71.770337,0.315195
-24.061566,-355.994133,-54.402475,0.135330
-20.607254,-284.259503,-75.886133,0.298971
-33.527398,-384.472501,-60.896968,0.183005
-19.344387,-319.757139,-78.822827,0.008694
-37.600992,-146.639038,-80.203381,0.147813
-19.116724,-303.649039,-86.258676,0.291858
-23.941936,-358.406372,-92.514553,0.165146
-29.847413,-378.563513,-65.613413,0.116323
-20.847884,-284.212184,-85.461794,0.000001
-25.527301,-360.198306,-56.333671,0.162319
-39.390426,-166.039958,-97.902370,0.189791
-18.562098,-318.283036,-73.938364,0.167274
-27.880764,-360.488361,-77.572383,0.141010
-15.174350,-362.255860,-77.451213,0.201103
-27.202657,-375.632985,-57.123367,0.081673
-19.438437,-378.535042,-76.603139,0.212362
-44.607627,-156.523267,-84.795915,0.154505
-30.352709,-352.975952,-90.662048,0.255883
-36.926298,-379.592758,-62.553371,0.171664
-36.213406,-166.276842,-83.879652,0.193361
-26.756899,-355.326048,-80.824126,0.095841
-22.432194,-352.736376,-62.608138,0.132924
-30.589217,-344.577316,-89.510212,0.412953
-23.859678,-246.436947,-93.229000,0.728245
-39.465538,-150.131024,-90.842900,0.164588
-25.785400,-358.183666,-92.774379,0.169243
-42.570378,-125.430199,-68.478392,0.200288
-20.101800,-316.449971,-77.965118,0.000098
-25.439767,-143.117912,-72.108932,0.228037
-42.567884,-190.198552,-95.065103,0.627395
-27.558468,-227.992491,-87.008336,0.000827
-20.014585,-378.554203,-67.449904,0.187793
-47.749527,-146.880303,-97.665041,0.155715
-31.811674,-216.076252,-84.571128,0.614735
-38.008591,-136.141486,-85.972718,0.196370
-38.733629,-211.927281,-89.391237,0.658760
-16.085378,-345.846922,-75.504538,0.357348
-24.247259,-361.590906,-85.833250,0.191089
-36.405997,-179.044050,-91.679147,0.000001
-44.772590,-165.087817,-90.004054,0.087769
-31.924866,-137.655416,-72.721970,0.351149
-27.096949,-371.419707,-52.340075,0.050423
-34.829844,-373.873028,-51.809591,0.092692
-35.922085,-376.500676,-80.052837,0.161316
-33.273062,-131.477902,-65.223458,0.242555
-26.211363,-297.498790,-75.235743,0.677322
-16.591860,-274.369285,-84.926929,0.770963
-29.477935,-354.310451,-67.082141,0.155662
-28.120074,-330.985961,-81.518158,0.152029
-20.781155,-281.331611,-88.673915,0.491551
-39.099901,-138.937990,-81.262441,0.221438
-47.868826,-181.077879,-91.447216,0.480716
-42.238442,-152.529030,-100.270541,0.240499
-22.471179,-307.299207,-80.809745,0.000001
-28.737611,-352.388511,-88.811446,0.208507
-26.121732,-227.867078,-92.799947,0.820132
-36.609894,-147.679826,-89.312626,0.193937
-28.253227,-321.023560,-85.329195,0.449157
-28.272893,-335.888440,-78.446104,0.051299
-28.882980,-335.921212,-81.816989,0.202389
-31.714158,-266.292082,-86.611211,0.826578
-30.500433,-349.711547,-85.771485,0.256896
-23.478502,-324.243936,-89.666859,0.469491
-29.315001,-342.918956,-79.986699,0.145327
-52.046762,-161.402120,-86.460733,0.101858
-34.368878,-365.160475,-92.388302,0.308498
-24.237080,-363.876779,-64.841166,0.228460
-22.465039,-315.370258,-86.794258,0.145422
-26.252667,-132.900027,-80.806327,0.203302
-26.259635,-384.034048,-55.978524,0.186518
-19.866858,-341.095516,-73.465867,0.025884
-22.347647,-336.443517,-75.192818,0.000001
-26.751094,-341.271728,-63.231646,0.149090
-21.650880,-367.358886,-69.768974,0.172131
-18.757313,-328.373512,-72.598143,0.128866
-26.408605,-310.732300,-78.347151,0.090891
-15.554816,-314.023817,-82.488578,0.597987
-59.349618,-156.125741,-92.363786,0.189089
-28.366542,-378.438629,-51.827672,0.054074
-52.681954,-150.750240,-96.781600,0.144513
-22.261233,-135.102137,-69.945132,0.254016
-19.396565,-257.188682,-82.198636,0.532078
-25.141754,-348.873780,-89.583515,0.185389
-33.241369,-371.037955,-56.320764,0.140049
-28.802310,-146.843386,-70.510661,0.241207
-44.817384,-153.624717,-81.259574,0.385395
-39.353725,-151.682730,-88.270278,0.181469
-23.863717,-377.092387,-57.001490,0.073141
-34.554724,-173.094170,-91.688967,0.180108
-35.019665,-147.925144,-93.807016,0.302864
-34.370811,-208.329159,-82.426246,0.859100
-33.170795,-183.075307,-96.725344,0.706448
-20.404949,-340.427087,-88.009403,0.165288
-29.983044,-374.731631,-71.417870,0.073893
-30.044051,-360.891208,-77.193191,0.178579
-29.718424,-357.616776,-75.531674,0.083702
-25.214038,-334.516702,-89.588606,0.375000
-14.915083,-338.259269,-81.396789,0.425026
-26.841270,-128.261530,-79.264604,0.214293
-25.543141,-138.040092,-64.894104,0.241858
-38.599153,-384.075442,-57.383509,0.190581
-57.250729,-157.890312,-92.174662,0.117612
-28.410725,-315.149630,-79.567598,0.373433
-40.728430,-145.163955,-92.391483,0.261621
-18.020161,-357.443611,-83.982467,0.173413
-33.575294,-179.489001,-86.651363,0.060522
-37.461068,-165.084379,-94.562299,0.121056
-18.928153,-370.410798,-67.518843,0.170221
-53.513920,-161.290191,-97.725749,0.225812
-33.474787,-374.142739,-73.976916,0.191683
-39.417881,-130.160075,-71.436456,0.220858
-54.202406,-158.458066,-95.996319,0.134240
-39.778324,-366.518187,-85.324839,0.154485
-28.174848,-365.624477,-49.283500,0.145079
-25.952010,-383.624213,-59.080340,0.174342
-21.379782,-343.567524,-75.965450,0.011154
-26.457432,-143.902186,-83.804530,0.266520
-29.696520,-129.017817,-69.057464,0.199931
-24.410574,-351.481132,-92.911603,0.231209
-34.530050,-185.566350,-80.825469,0.732449
-38.869412,-197.364646,-96.849403,0.634814
-32.828121,-143.693463,-88.987954,0.485588
-43.214487,-191.536948,-93.310199,0.636157
-25.514638,-354.504075,-85.889215,0.156782
-29.402598,-186.505615,-91.844623,0.672221
-37.531459,-378.151969,-84.420346,0.173933
-28.727116,-383.516047,-52.522499,0.165742
-41.892203,-157.641386,-82.647296,0.183761
-42.294768,-185.930904,-94.514281,0.475808
-28.772907,-348.651764,-77.754396,0.029675
-21.180525,-343.234690,-84.179125,0.081303
-35.327695,-187.655179,-89.348107,0.000001
-25.331760,-296.741128,-72.495865,0.738535
-44.547319,-161.289116,-91.384412,0.089551
-47.219434,-171.922245,-83.444357,0.258935
-37.566707,-190.267023,-93.887400,0.167086
-24.380784,-320.281011,-84.323950,0.038502
-23.907420,-350.259745,-59.951835,0.123604
-34.940992,-155.937745,-92.506169,0.241425
-22.114555,-351.003882,-60.617080,0.152130
-21.136459,-356.074920,-88.795436,0.173245
-40.698225,-139.978887,-91.528847,0.200783
-36.813752,-173.512241,-85.376334,0.078605
-32.806097,-358.803729,-80.046125,0.204135
-35.932338,-174.859692,-84.398309,0.131981
-27.737981,-323.109212,-88.603006,0.524821
-24.939890,-341.455612,-83.857381,0.087756
-19.905457,-351.819286,-63.661135,0.185455
-52.295535,-145.399633,-93.665158,0.201234
-21.629420,-273.390863,-78.857631,0.035197
-30.405320,-177.681217,-86.527942,0.552305
-26.512289,-380.817651,-51.030578,0.139645
-22.442868,-379.914494,-94.470315,0.088194
-29.675853,-269.928388,-88.977121,0.711535
-27.133803,-331.054853,-70.654796,0.148364
-41.546721,-158.756648,-90.063735,0.094483
-19.711426,-343.184661,-66.063633,0.231335
-25.809201,-316.343495,-75.968868,0.061320
-27.545949,-135.864114,-62.209271,0.250732
-41.422456,-171.367652,-84.100644,0.196821
-25.642230,-208.480500,-88.712672,0.490292
-31.976419,-133.133791,-81.825929,0.232086
-34.179346,-139.704480,-68.371475,0.304460
-18.978286,-369.374396,-82.051787,0.219343
-56.896015,-144.031495,-95.734829,0.139065
-38.820952,-372.981888,-55.417055,0.146758
-26.215240,-365.687443,-62.676280,0.217261
-40.077811,-378.651357,-48.775474,0.108333
-25.073637,-339.856704,-86.096777,0.129590
-32.692825,-140.014892,-87.611469,0.364408
-37.955463,-366.919010,-68.761149,0.162531
-31.615709,-120.105407,-66.372210,0.221757
-28.758693,-140.851510,-62.039231,0.269124
-34.841794,-367.360486,-56.716636,0.235864
-30.656299,-377.395365,-50.291540,0.028699
-24.045859,-352.552883,-78.685241,0.053186
-55.223526,-158.059996,-87.972309,0.095199
-15.378794,-349.325566,-87.309415,0.254068
-27.132807,-128.063593,-82.791395,0.165374
-21.080690,-248.976788,-87.904496,0.403775
-40.324297,-368.601254,-48.667788,0.166462
-31.659377,-356.804913,-61.346521,0.191647
-31.030667,-349.751347,-74.528971,0.163587
-43.616519,-375.638421,-56.738992,0.199732
-18.791859,-350.315050,-86.144506,0.169533
-23.916240,-353.785944,-85.287112,0.142145
-30.497009,-376.562459,-83.200515,0.140854
-39.915243,-154.428622,-80.569520,0.176266
-27.719379,-282.147193,-88.830702,0.655137
-21.716501,-327.587942,-79.329385,0.000001
-20.809565,-349.633077,-87.874005,0.154614
-27.988886,-133.545422,-70.955738,0.326847
-28.890867,-138.887370,-68.928943,0.270397
-33.472068,-361.338385,-85.259588,0.216630
-23.852750,-382.710003,-87.128510,0.160999
-32.897028,-357.725579,-86.480176,0.231297
-33.599538,-358.839221,-90.937314,0.239743
-26.859047,-350.649816,-66.492066,0.106639
-17.277913,-376.544294,-75.186914,0.200159
-23.011854,-371.719422,-89.989529,0.154931
-32.569894,-348.040982,-82.286661,0.378373
-26.612437,-376.585063,-64.892369,0.086632
-28.959332,-258.619772,-86.928017,0.324931
-25.809192,-130.819371,-76.966691,0.273840
-33.518790,-202.309569,-89.322266,0.026596
-36.868312,-178.615606,-87.234117,0.007934
-34.060729,-123.518013,-64.454984,0.236592
-33.140319,-364.430226,-81.536445,0.253315
-27.183336,-350.949873,-92.605666,0.255651
-44.129032,-141.092754,-91.285378,0.161632
-32.004945,-131.791699,-64.096301,0.238025
-36.628080,-129.362163,-64.244973,0.216969
-32.211540,-361.002863,-75.192872,0.253234
-40.581372,-366.675662,-88.078329,0.143313
-15.201033,-351.752566,-79.949287,0.255079
-29.955066,-132.058206,-76.714307,0.273540
-23.024518,-257.521337,-81.869088,0.008556
-34.146394,-367.360079,-98.319365,0.140305
-36.043955,-365.775944,-76.378793,0.192703
-21.677005,-355.322172,-83.831305,0.145129
-38.175993,-136.301070,-62.302559,0.157714
-45.058105,-148.117943,-94.292092,0.246297
-23.869439,-362.565440,-53.547647,0.167411
-25.233855,-255.570286,-78.405134,0.802660
-28.862857,-381.939628,-62.268334,0.177892
-45.008182,-169.626794,-86.822081,0.140961
-28.989439,-205.054151,-87.311004,0.017975
-35.855356,-364.260699,-65.104163,0.282969
-35.296836,-176.686607,-89.079511,0.019499
-32.673891,-374.109554,-76.080973,0.127842
-20.281003,-311.050979,-82.853891,0.000001
-18.225575,-269.251064,-82.834162,0.359462
-16.882688,-304.650321,-86.715215,0.754464
-47.313977,-372.935587,-63.750312,0.189816
-26.613168,-203.324226,-88.754542,0.500925
-26.397319,-348.842427,-65.517072,0.109786
-46.552331,-176.307506,-91.367039,0.119865
-25.078990,-322.400505,-75.857006,0.008592
-31.135931,-209.818672,-96.680186,0.706963
-44.351667,-167.949143,-81.960487,0.300137
-35.259829,-356.634114,-89.917125,0.258836
-32.762705,-128.572236,-66.186576,0.199893
-30.898021,-259.677334,-82.530785,0.901460
-49.180931,-151.584534,-98.505278,0.146639
-42.504657,-124.450012,-74.640701,0.184764
-33.166178,-365.963114,-78.260979,0.232236
-23.678760,-293.090318,-83.401720,0.000001
-19.789717,-316.795261,-81.948435,0.000001
-20.182188,-371.130146,-80.947971,0.160724
-54.387551,-141.902803,-96.845515,0.177925
-38.427131,-171.151933,-80.002173,0.535191
-30.194142,-245.228650,-82.793699,0.868293
-35.011164,-225.815800,-84.672989,0.802009
-27.086173,-320.019461,-84.050888,0.136468
-36.152734,-369.175764,-51.164593,0.213209
-38.745456,-125.945125,-63.140059,0.232763
-29.293032,-205.577770,-89.623862,0.008054
-24.896475,-353.071091,-87.146340,0.149287
-29.916931,-332.059895,-77.860294,0.430950
-34.591538,-214.653440,-88.323163,0.547814
-18.230926,-292.584607,-72.997985,0.627261
-27.738528,-358.578482,-53.858444,0.164070
-41.668388,-368.773670,-93.778123,0.181196
-19.446817,-265.600726,-86.156588,0.308007
-58.939615,-155.603556,-94.466913,0.188926
-17.673968,-256.567483,-86.289558,0.799902
-27.385147,-135.450735,-64.649878,0.265106
-34.007878,-136.266211,-83.741014,0.238096
-24.116932,-296.575723,-78.765469,0.000001
-43.186997,-136.493344,-81.001257,0.188206
-28.125996,-342.048447,-58.761947,0.416627
-50.843664,-164.966463,-93.634013,0.050896
-35.148339,-368.433404,-71.929483,0.069242
-25.014018,-377.238868,-65.204938,0.131026
-28.109541,-337.403014,-75.040901,0.108576
-36.070379,-124.278126,-70.907953,0.207315
-23.161342,-355.716723,-58.221348,0.138712
-22.945611,-364.360455,-55.768171,0.192013
-25.018759,-312.599889,-75.121969,0.043971
-25.717310,-221.361936,-84.918592,0.311949
-21.091955,-339.620286,-63.561173,0.231462
-19.635468,-298.453060,-73.465573,0.388973
-20.868222,-274.822736,-81.988861,0.000178
-27.806864,-360.337473,-59.906397,0.165021
-45.805896,-377.528385,-53.740776,0.187339
-38.074213,-159.325368,-95.395336,0.144873
-41.086303,-130.377147,-77.483765,0.161195
-20.782437,-374.009244,-82.013136,0.169852
-32.713898,-190.098247,-80.773751,0.702252
-27.630189,-377.482268,-70.369532,0.120787
-29.235894,-263.016954,-90.310019,0.648770
-28.546853,-261.606832,-88.945401,0.648119
-21.932084,-243.484798,-90.311379,0.762060
-22.514116,-283.921517,-85.875157,0.000001
-26.354394,-343.301971,-90.826172,0.313474
-21.380420,-335.271231,-70.843725,0.012531
-51.324544,-167.360348,-86.967527,0.159503
-22.781808,-340.526014,-70.657863,0.006152
-27.627791,-207.583575,-83.102187,0.869345
-21.977109,-378.022637,-85.140043,0.135528
-22.863687,-300.845068,-89.098605,0.560132
-27.515590,-366.232454,-80.814809,0.247224
-18.605043,-376.822535,-61.730678,0.150568
-27.098790,-335.849377,-74.835964,0.015902
-16.460214,-370.818292,-87.272509,0.186065
-27.167667,-271.044138,-83.857623,0.116839
-34.374013,-372.463390,-48.189345,0.089247
-34.288022,-124.903919,-61.543103,0.229047
-23.301676,-356.188660,-82.300388,0.127009
-34.988912,-189.199269,-92.342760,0.002742
-43.410674,-166.229650,-96.640316,0.085797
-38.840274,-363.501338,-66.604326,0.155490
-19.024823,-355.441821,-69.053345,0.176529
-29.610904,-154.186734,-77.713169,0.437441
-23.458966,-308.523444,-86.551611,0.096937
-40.743581,-155.093372,-102.247447,0.277569
-29.715308,-123.707475,-62.844608,0.202176
-23.779325,-383.081764,-88.960977,0.156091
-57.001704,-152.623415,-89.321543,0.191763
-32.971053,-349.575534,-74.570848,0.315141
-25.396374,-132.012877,-64.866711,0.216505
-41.336069,-150.083107,-83.297026,0.119289
-30.541142,-366.432141,-62.626863,0.242282
-15.083938,-355.320845,-85.224056,0.172206
-27.059790,-335.204408,-69.355600,0.116320
-25.017092,-366.767666,-90.245332,0.210351
-22.712707,-246.902928,-90.126887,0.449952
-36.707968,-215.568364,-85.702271,0.763317
-37.592877,-124.358234,-67.214768,0.222835
-41.372248,-180.919822,-93.027666,0.015454
-20.101990,-300.298790,-84.611145,0.003790
-27.904814,-238.016282,-88.897153,0.049070
-27.654219,-367.396925,-47.150867,0.128155
-33.347535,-140.479506,-78.109426,0.285230
-27.650298,-288.750055,-84.499700,0.207639
-32.373635,-375.187246,-91.388051,0.173060
-19.658662,-291.153264,-78.951945,0.006890
-25.912746,-361.015155,-79.969268,0.140573
-34.988217,-123.155412,-78.806811,0.115005
-30.014766,-139.549051,-65.598677,0.268428
-31.557830,-266.053896,-82.828662,0.831271
-40.819558,-376.915335,-95.312711,0.225937
-43.138294,-160.794994,-103.174016,0.319321
-27.294982,-200.479327,-82.203608,0.750105
-31.266254,-197.024044,-96.619119,0.755666
-20.940225,-347.904306,-89.190028,0.187184
-35.669083,-370.316177,-73.860788,0.095507
-31.086279,-194.861384,-90.769516,0.039696
-26.183475,-123.183624,-73.383694,0.212111
-21.538036,-326.987217,-66.852027,0.181496
-28.952859,-156.554592,-85.897982,0.438751
-32.457323,-199.350529,-91.673925,0.039066
-20.643528,-313.552031,-80.245346,0.000001
-26.894106,-349.780322,-73.778522,0.001000
-42.557275,-164.640873,-86.562349,0.104444
-35.387359,-191.041498,-88.224371,0.001653
-25.879480,-333.334980,-85.816674,0.124910
-27.906193,-365.066039,-47.272634,0.129185
-36.930703,-146.096038,-95.534434,0.308348
-18.781213,-367.235755,-68.825145,0.137579
-26.196192,-238.351254,-78.936740,0.818872
-35.644193,-199.343311,-94.810814,0.676918
-30.877391,-226.418988,-92.912529,0.801101
-28.618445,-333.713584,-87.818192,0.451113
-36.057154,-207.368587,-96.439892,0.691792
-27.946448,-368.158357,-56.469159,0.207862
-27.153481,-310.443847,-85.880175,0.385989
-42.207988,-365.288642,-54.966305,0.190763
-21.905099,-244.937954,-88.755566,0.405540
-28.444026,-246.878804,-82.267163,0.732725
-31.871893,-372.381614,-49.866362,0.055717
-24.894584,-317.574072,-74.464983,0.040197
-29.354303,-258.091323,-89.007450,0.781678
-25.723814,-137.476717,-71.845652,0.293770
-17.943749,-130.904505,-68.787913,0.195522
-38.051520,-147.225429,-84.965692,0.145333
-36.935150,-365.407866,-56.451485,0.194533
-18.752249,-331.377320,-70.966440,0.219594
-45.905847,-160.410172,-86.429546,0.119241
-33.066148,-165.257466,-84.547454,0.218551
-26.573906,-304.616440,-78.204085,0.288791
-43.702193,-151.819029,-82.966685,0.190382
-35.645169,-357.033515,-80.877295,0.235189
-38.574524,-155.940788,-84.446028,0.147546
-31.361380,-338.137891,-83.157473,0.561978
-37.549694,-129.068145,-61.116227,0.231738
-31.581345,-354.059888,-76.262135,0.153462
-38.465898,-149.756238,-97.732678,0.273498
-49.928259,-143.615472,-95.570564,0.165764
-38.060531,-365.752607,-90.500635,0.229002
-19.860755,-375.128268,-83.482786,0.158001
-36.823754,-189.791805,-88.600574,0.002588
-31.901170,-233.161545,-81.525716,0.751951
-43.447328,-150.092383,-98.276656,0.243684
-29.298217,-201.178358,-94.021551,0.804603
-30.774688,-378.885878,-86.014747,0.163766
-24.164779,-347.140000,-90.542681,0.227871
-40.284790,-135.589404,-73.447802,0.305156
-18.105510,-322.997795,-69.588965,0.495231
-53.479837,-164.705866,-84.213352,0.268359
-40.088780,-121.614668,-70.621366,0.197275
-22.979565,-317.189108,-79.627736,0.000001
-39.523615,-373.359244,-57.317854,0.163603
-18.758161,-376.005654,-72.397412,0.221922
-58.660546,-150.696261,-89.722594,0.220421
-19.979033,-295.121627,-80.351908,0.000001
-16.311653,-280.221008,-86.320477,0.733105
-22.234940,-143.329980,-76.578560,0.191986
-41.603666,-194.099352,-95.158828,0.714265
-21.557002,-126.732701,-70.152057,0.204406
-20.866579,-241.658600,-85.760996,0.429223
-51.072765,-167.945216,-89.997456,0.135655
-25.302904,-271.017256,-88.802053,0.313924
-31.162171,-133.980679,-83.844611,0.210897
-33.851373,-353.224422,-75.414660,0.242478
-22.514619,-335.743107,-62.128195,0.314562
-32.366714,-348.920238,-76.729267,0.290422
-26.067518,-239.670498,-93.886124,0.733597
-24.100617,-370.330167,-59.999521,0.170047
-24.396320,-265.200711,-88.207682,0.098968
-18.734779,-287.691247,-77.159806,0.226257
-45.767138,-165.137410,-81.715498,0.276155
-35.377662,-234.483302,-87.972305,0.846337
-42.058990,-167.928050,-78.700521,0.411599
-51.225775,-174.658790,-91.251676,0.404368
-28.551108,-340.677297,-89.734730,0.413174
-24.500523,-237.894113,-87.571318,0.003515
-39.146949,-186.375558,-95.289390,0.317940
-26.934723,-378.741254,-67.949642,0.162849
-43.580312,-155.982335,-88.621128,0.108198
-30.851718,-253.731091,-90.672995,0.688453
-44.179469,-126.985447,-70.933705,0.184415
-40.826533,-369.529402,-83.625813,0.199835
-25.387438,-220.020346,-80.467904,0.711209
-23.072555,-323.979900,-74.144186,0.004351
-25.423510,-135.501540,-73.934018,0.320356
-26.474555,-341.207151,-88.565338,0.222282
-17.535251,-367.889877,-92.739781,0.144492
-16.989922,-368.919012,-76.998445,0.169546
-38.690656,-136.243036,-71.194303,0.302423
-33.518232,-238.104087,-91.933656,0.653582
-23.538418,-294.798298,-78.787708,0.000001
-27.008596,-128.307002,-73.475944,0.229643
-45.106206,-140.176688,-83.758576,0.294428
-43.461282,-136.341928,-78.035813,0.224612
-33.934456,-210.469444,-84.118270,0.924404
-16.160747,-273.770822,-80.245646,0.665508
-36.199535,-222.172888,-86.497268,0.805282
-33.538600,-219.010135,-83.258371,0.892590
-43.491257,-189.232380,-88.419388,0.674734
-46.437922,-168.363318,-94.625907,0.063412
-24.559307,-364.526236,-62.104685,0.232834
-56.407133,-148.616204,-95.548118,0.137746
-44.218878,-168.869069,-83.703652,0.232382
-31.075632,-274.896249,-87.250213,0.696082
-39.005535,-185.234552,-85.493308,0.167133
-26.936898,-223.520345,-83.937377,0.358278
-39.684293,-366.823721,-83.009808,0.164773
-16.872317,-361.785433,-84.733308,0.196605
-26.270400,-234.969437,-92.374145,0.810121
-30.653975,-209.284045,-89.620132,0.007948
-15.985566,-329.373647,-74.977998,0.485029
-30.350482,-161.311206,-80.382002,0.506193
-39.929986,-189.701700,-91.321482,0.124866
-35.100644,-372.587474,-89.451336,0.190752
-20.006377,-373.306648,-66.992985,0.186508
-30.792713,-202.598342,-86.538270,0.026583
-39.878789,-141.831556,-75.844154,0.287704
-32.828311,-374.412852,-62.317450,0.043168
-24.871956,-248.102901,-86.693374,0.000001
-32.284710,-365.332711,-88.060656,0.287019
-21.425499,-294.772609,-73.906064,0.179427
-20.014010,-254.114295,-83.894690,0.322130
-22.828623,-368.526269,-72.073403,0.122207
-35.203891,-143.042763,-68.097285,0.223561
-27.437261,-343.325309,-85.059414,0.147724
-30.487183,-360.052930,-82.866903,0.182742
-28.216926,-288.277564,-86.696595,0.640787
-37.409858,-121.807203,-73.797024,0.179974
-23.563297,-365.981168,-65.938639,0.258248
-18.290803,-377.865606,-93.051166,0.086718
-41.773878,-162.699891,-93.769217,0.081384
-26.267310,-369.638003,-61.318484,0.176640
-25.289454,-280.537646,-86.142030,0.008368
-46.253782,-160.795828,-101.246228,0.230213
-23.642142,-310.902026,-89.475194,0.531287
-30.864891,-234.995223,-88.303758,0.251938
-29.952599,-368.960049,-58.536520,0.224866
-33.309113,-375.485394,-70.486888,0.285884
-31.883822,-268.602364,-84.084237,0.807649
-29.848723,-216.187822,-88.834165,0.038093
-15.089967,-313.049919,-80.355557,0.613879
-40.543324,-176.679473,-89.182489,0.004351
-29.364943,-250.829132,-83.681016,0.466422
-20.248770,-351.899258,-68.309878,0.144705
-46.932662,-160.401916,-102.922471,0.299097
-21.483924,-227.370924,-90.184226,0.834543
-26.645930,-366.503631,-55.515934,0.212821
-13.132824,-371.762797,-87.817108,0.198999
-48.651843,-152.675867,-91.436233,0.123350
-30.543669,-197.212553,-86.961585,0.013403
-41.883192,-369.452053,-85.738781,0.171933
-21.800681,-136.692135,-80.674002,0.232282
-13.269277,-356.474996,-82.835390,0.231077
-31.338796,-168.178100,-90.625190,0.563537
-21.815281,-335.986009,-67.540087,0.074475
-23.309182,-230.566098,-82.928431,0.698000
-25.028551,-126.810452,-66.540157,0.161191
-45.714447,-145.931195,-86.514492,0.206304
-38.652777,-369.843177,-76.159371,0.294573
-28.851699,-230.940773,-92.166274,0.696883
-19.943518,-319.804295,-86.459005,0.197989
-20.123733,-132.758712,-70.208157,0.223017
-36.320455,-161.408253,-82.325775,0.217779
-40.449210,-139.651335,-68.726224,0.334422
-34.177342,-202.746855,-87.625984,0.143726
-25.553950,-373.141383,-49.164277,0.093186
-20.536057,-139.372709,-71.512649,0.222504
-23.433258,-234.461253,-86.833090,0.104808
-20.305782,-306.816422,-89.627419,0.541802
-26.596029,-269.712628,-79.008781,0.727303
-24.850037,-335.030724,-73.712616,0.000055
-41.183409,-369.926169,-52.161709,0.189123
-32.838549,-372.343788,-63.994212,0.071262
-23.194128,-270.627587,-80.594770,0.002495
-27.756291,-138.210578,-65.621316,0.291450
-32.115468,-204.416296,-94.482034,0.686221
-28.789236,-303.392823,-80.894230,0.615423
-36.125956,-364.144661,-91.719519,0.284186
-29.540240,-168.849447,-87.550465,0.567971
-43.765863,-146.058049,-89.590104,0.251507
-36.677536,-200.177765,-97.077667,0.720998
-33.609075,-118.971606,-71.147169,0.196106
-25.433267,-234.176779,-94.087863,0.770989
-20.453699,-374.288376,-62.358572,0.169607
-26.611972,-240.112350,-89.744332,0.177331
-25.393362,-271.195891,-82.997136,0.000001
-30.114813,-142.255198,-87.714568,0.418321
-45.310026,-170.382399,-97.240776,0.230793
-21.528050,-251.533198,-85.885162,0.087498
-22.965670,-303.700198,-71.604532,0.328102
-23.657183,-142.598932,-70.291104,0.175115
-38.471238,-139.102084,-70.969392,0.375537
-35.434092,-121.348558,-74.253289,0.176528
-25.654218,-340.467920,-58.625958,0.397585
-27.470145,-311.547232,-81.748186,0.205758
-16.228684,-353.594393,-73.475989,0.279266
-23.679004,-226.718197,-87.753082,0.288946
-22.244903,-130.431360,-76.601876,0.237780
-40.256871,-154.931871,-83.127248,0.137975
-25.300257,-364.844739,-63.693554,0.247095
-34.923589,-203.014785,-92.072699,0.195583
-30.754309,-338.788733,-77.342432,0.446518
-28.540131,-346.229306,-77.713056,0.040751
-36.926789,-188.319770,-95.116458,0.228412
-17.173477,-276.121726,-87.984251,0.792044
-36.509679,-359.563190,-81.650095,0.228910
-22.510798,-240.859897,-89.295884,0.514666
-24.314304,-362.553574,-90.820303,0.182036
-27.901997,-290.602229,-86.531772,0.558013
-30.999882,-370.692881,-72.474212,0.031740
-51.298261,-148.469572,-85.663407,0.247575
-33.005557,-121.291218,-75.122637,0.167241
-20.493055,-378.758534,-72.800016,0.209017
-33.610656,-376.926524,-62.165236,0.087909
-23.488562,-337.330832,-63.080889,0.157851
-23.156712,-314.037838,-84.817575,0.026633
-19.048344,-306.796906,-72.125715,0.474796
-25.796479,-372.948553,-62.208057,0.089891
-28.681211,-323.570078,-73.736260,0.585075
-29.810449,-269.515981,-86.874724,0.766410
-23.974262,-349.020468,-63.032995,0.098926
-28.502193,-247.308954,-86.361671,0.110200
-37.078915,-371.698992,-60.984267,0.160181
-30.583726,-222.358059,-82.242893,0.948747
-28.443872,-301.895059,-87.503450,0.574764
-28.728516,-312.514250,-78.785711,0.594482
-19.999593,-250.357252,-85.741550,0.477413
-26.702203,-140.123579,-82.679189,0.251854
-36.591483,-375.309051,-93.845741,0.201911
-37.119619,-373.685056,-95.320755,0.204762
-19.373045,-364.031216,-94.346245,0.177346
-33.597406,-352.846193,-68.039132,0.268227
-42.553757,-169.280250,-100.267559,0.421011
-24.193673,-302.741355,-87.002572,0.323400
-38.953695,-141.411739,-89.411131,0.324886
-24.667980,-132.824759,-78.354966,0.244623
-29.911722,-333.683719,-79.266805,0.430588
-29.938118,-340.517166,-66.239703,0.363042
-24.820351,-316.960099,-84.046093,0.013493
-20.680902,-365.165049,-65.752527,0.224914
-30.131402,-355.863961,-82.726922,0.155212
-39.425162,-132.241718,-70.502872,0.275207
-27.742922,-138.931846,-67.400880,0.265062
-25.551198,-284.777218,-79.172498,0.130467
-21.475821,-375.695337,-82.609066,0.162141
-35.422471,-227.641286,-89.636655,0.814710
-30.641745,-311.404958,-84.729381,0.831014
-18.466997,-245.387019,-86.673751,0.765310
-54.785287,-146.160619,-92.790921,0.185280
-42.832730,-373.973295,-94.082869,0.229435
-17.163049,-334.386772,-86.594144,0.386181
-26.387837,-358.494608,-50.196800,0.130280
-19.936087,-361.210713,-76.233018,0.175589
-18.015109,-289.507811,-77.995046,0.305474
-26.144806,-308.583269,-88.819696,0.534157
-25.759538,-351.081352,-61.070502,0.118708
-29.568477,-355.240767,-61.238737,0.159171
-27.300624,-120.736627,-78.197095,0.164091
-49.938114,-152.380252,-93.565985,0.187538
-31.329079,-241.546355,-88.524115,0.597371
-30.078092,-191.668562,-85.831045,0.213252
-36.564740,-137.045627,-66.832694,0.256828
-21.337034,-334.004289,-69.449460,0.043369
-18.257265,-361.390248,-73.636611,0.183834
-28.947293,-331.672919,-69.370795,0.491488
-21.661934,-312.688281,-72.549111,0.011918
-34.190103,-375.598079,-66.489029,0.094233
-30.182820,-317.622218,-85.912841,0.740095
-29.800411,-332.408369,-72.859853,0.528326
-32.135444,-378.181582,-52.570813,0.069485
-27.757530,-370.078832,-98.144296,0.133131
-32.402784,-358.585724,-84.218941,0.204966
-34.789423,-181.082855,-80.998062,0.666969
-33.189205,-153.483961,-80.769461,0.241727
-34.761663,-208.162956,-94.332911,0.809517
-21.351188,-249.446046,-81.716546,0.455784
-23.009867,-350.601179,-66.596134,0.109577
-25.550194,-371.350231,-64.929640,0.115242
-44.103025,-155.825342,-83.282552,0.207566
-37.581115,-167.795343,-81.618836,0.422771
-30.902160,-199.214274,-90.312567,0.043059
-40.475346,-122.179364,-74.867249,0.175704
-32.863824,-221.923442,-83.095130,0.889156
-23.062842,-277.081940,-86.358691,0.002295
-43.300045,-132.755018,-66.496643,0.194389
-41.996039,-126.437266,-74.104364,0.184336
-25.823322,-143.321594,-75.663691,0.272143
-30.235916,-187.105157,-82.889121,0.845664
-34.973797,-377.055589,-82.060764,0.128302
-35.610221,-363.308923,-60.429643,0.378291
-22.680529,-375.335770,-73.731597,0.160818
-48.317224,-176.783688,-91.562947,0.326752
-16.538974,-349.608806,-80.547356,0.206881
-22.469747,-126.012581,-77.175755,0.167186
-17.587451,-363.554138,-70.425780,0.179574
-24.878372,-375.343840,-65.749177,0.116349
-33.698243,-165.799661,-80.330497,0.468136
-42.539389,-151.527162,-97.554825,0.213751
-21.378011,-363.769681,-94.035215,0.176329
-28.480883,-354.064744,-73.643676,0.023662
-26.661730,-312.668488,-70.835998,0.556161
-17.121802,-371.516412,-89.285225,0.198538
-19.421904,-286.414203,-88.136278,0.537811
-19.325315,-307.817373,-73.868163,0.127860
-34.699229,-181.682635,-90.578156,0.000001
-32.307114,-368.385304,-46.888896,0.106391
-43.016330,-150.538502,-88.672109,0.170839
-31.849719,-373.935579,-45.971635,0.109524
-36.417478,-165.228601,-82.525251,0.303033
-35.098175,-364.541105,-89.595359,0.296843
-21.545614,-364.722143,-86.080341,0.230141
-37.075691,-379.922533,-53.517101,0.135304
-17.138533,-260.435042,-81.509951,0.665502
-40.411813,-374.970977,-57.975584,0.215020
-40.784717,-138.728414,-80.011231,0.239610
-39.163434,-177.078590,-92.932498,0.000001
-36.922146,-370.418307,-47.022406,0.159488
-22.083563,-345.862116,-75.621000,0.005140
-40.346058,-372.566619,-96.864118,0.201094
-18.206454,-318.440299,-87.066050,0.509359
-22.579818,-368.850362,-67.597558,0.191664
-20.201092,-345.261195,-87.675116,0.166769
-40.670851,-375.541773,-61.994549,0.207888
-31.650966,-214.398688,-88.042015,0.148148
-23.820363,-296.192949,-71.305445,0.721909
-49.229507,-158.847293,-90.416628,0.062965
-32.549595,-382.584772,-59.886703,0.189608
-43.099257,-142.344207,-84.539571,0.257680
-24.174917,-315.605305,-72.038759,0.077154
-35.260738,-372.046383,-94.809147,0.190281
-28.736947,-365.970265,-56.586674,0.229815
-17.821429,-281.731949,-81.291009,0.279663
-27.573547,-236.785044,-92.267207,0.717255
-30.492683,-253.165856,-86.517751,0.607020
-27.186212,-233.459035,-91.197945,0.303861
-20.029727,-361.475559,-81.199632,0.189966
-38.698637,-190.504197,-83.611252,0.769041
-22.532339,-253.674578,-79.466351,0.685776
-34.274118,-371.670519,-45.974685,0.136242
-19.523729,-346.617484,-74.830339,0.060133
-38.993789,-132.328952,-79.808265,0.194242
-21.766959,-286.624554,-77.607750,0.001008
-22.728531,-319.182934,-79.961989,0.000001
-17.093647,-272.394673,-81.515089,0.644015
-14.804024,-362.923394,-82.513753,0.204644
-28.226955,-346.329374,-58.192562,0.231266
-17.719794,-368.392712,-63.098103,0.123802
-42.536018,-175.983270,-85.158797,0.167742
-31.030147,-286.243178,-83.674280,0.847378
-31.959450,-351.129369,-68.844556,0.293743
-32.741331,-178.097548,-84.085063,0.322480
-15.324381,-286.794125,-80.853678,0.651913
-39.442448,-145.431996,-74.826246,0.382701
-19.396671,-236.638586,-86.054802,0.741597
-32.047577,-359.888022,-68.121254,0.195028
-50.462773,-158.834359,-96.903637,0.136345
-30.307646,-379.198356,-47.839433,0.099277
-38.645168,-368.385435,-72.103796,0.281442
-22.430442,-239.316641,-87.193723,0.188834
-23.941444,-326.377964,-76.662232,0.000001
-26.014059,-299.534385,-78.138984,0.166194
-35.731569,-185.079611,-95.747117,0.482127
-53.171189,-157.737308,-99.701841,0.261753
-35.405995,-366.515812,-81.033196,0.228022
-23.902946,-327.041265,-73.565606,0.000147
-37.061105,-366.783579,-89.178402,0.230171
-40.808543,-139.844320,-73.747857,0.328512
-29.907537,-265.502025,-89.143312,0.725167
-33.090228,-134.421059,-73.161866,0.342481
-24.105916,-348.418153,-55.508256,0.271096
-29.290756,-285.434200,-82.927842,0.774630
-18.920516,-318.849606,-72.197393,0.185335
-21.286763,-240.363084,-91.377427,0.790264
-40.081088,-125.383083,-78.403673,0.118205
-14.190074,-360.258139,-78.925559,0.207728
-42.022669,-370.402503,-67.394534,0.278057
-37.144203,-155.380236,-96.893583,0.248425
-24.709359,-357.696988,-89.261154,0.172431
-26.130817,-271.559596,-86.919721,0.101832
-28.756648,-245.232874,-86.093294,0.139243
-22.942873,-375.160694,-60.522304,0.112730
-25.595573,-324.560483,-84.274153,0.072575
-23.106339,-316.057698,-82.665816,0.000001
-40.073455,-194.736730,-84.831494,0.719748
-35.627753,-189.493915,-87.288414,0.000001
-32.935665,-362.245810,-66.233163,0.269597
-27.969190,-226.290476,-93.145484,0.872275
-24.879713,-292.519258,-81.340908,0.000001
-25.548380,-357.179012,-81.940330,0.122996
-29.969043,-362.254742,-51.191582,0.234931
-29.314416,-133.583957,-60.416706,0.181628
-40.573155,-197.515690,-87.058411,0.736302
-24.641015,-262.452578,-92.055260,0.774751
-38.097335,-166.927347,-95.401738,0.087746
-21.023581,-373.190741,-65.239797,0.181381
-26.772245,-303.128505,-82.939725,0.026381
-26.885852,-353.752725,-89.510861,0.187976
-33.366435,-171.837992,-88.663932,0.133548
-27.404515,-319.699197,-88.169573,0.513221
-27.225304,-145.947086,-74.332106,0.341966
-31.609928,-200.270525,-82.762270,0.861500
-21.197232,-357.828303,-69.947220,0.168748
-34.980626,-367.287453,-76.524847,0.162748
-27.306814,-280.285517,-88.509759,0.650990
-29.044771,-365.850039,-78.872933,0.245477
-18.118812,-366.335874,-79.886783,0.228710
-24.210735,-379.979854,-88.956463,0.127724
-20.100293,-339.618993,-70.132010,0.065750
-20.752107,-332.921924,-72.455292,0.013585
-26.287904,-363.956845,-68.716553,0.233343
-29.067693,-173.204582,-85.587895,0.661987
-26.817899,-355.938876,-67.797225,0.109048
-25.626567,-122.589789,-71.071058,0.227632
-30.838453,-377.801473,-69.044414,0.173849
-40.551848,-152.487419,-84.135969,0.117853
-23.958610,-381.634161,-63.672783,0.181043
-38.072967,-364.168671,-87.311122,0.254453
-33.458935,-216.385340,-88.873778,0.363802
-25.087369,-244.683406,-80.212806,0.778254
-42.007741,-147.952667,-82.401736,0.136675
-29.703655,-367.847149,-72.295506,0.068653
-21.417987,-326.099545,-71.468021,0.022959
-26.771939,-321.069893,-70.931112,0.448411
-22.914186,-367.098231,-77.759482,0.197963
-17.527530,-360.535506,-87.749299,0.196464
-40.487749,-166.720019,-87.184939,0.084320
-26.894370,-313.631620,-82.995409,0.029144
-24.562694,-300.587212,-80.933207,0.000001
-26.408837,-376.521918,-62.804516,0.099965
-22.863526,-371.979339,-70.233797,0.138642
-27.574957,-202.908693,-85.330547,0.439538
-20.585575,-256.149040,-89.948822,0.818703
-31.293670,-213.378072,-85.216349,0.495616
-46.164988,-370.117206,-56.568439,0.165962
-37.330377,-137.533154,-63.351252,0.182856
-28.543014,-249.294306,-79.048049,0.757791
-19.897295,-251.083960,-81.204703,0.730099
-29.362254,-220.631894,-85.587450,0.175724
-36.489557,-378.226352,-65.660517,0.220537
-29.236516,-201.880830,-92.114005,0.484624
-18.162517,-322.852914,-75.991403,0.093798
-30.855250,-154.493323,-79.590493,0.445444
-44.091884,-172.155496,-91.706483,0.046191
-40.195246,-170.778292,-79.500451,0.520970
-39.030730,-143.605683,-88.242061,0.240325
-26.398501,-333.675534,-65.583528,0.195262
-27.453029,-269.340512,-90.624105,0.660751
-12.821882,-363.754202,-88.101654,0.188304
-46.295735,-165.408779,-94.053385,0.079488
-39.708147,-380.604172,-91.359446,0.231143
-30.064357,-373.748234,-79.464186,0.068607
-28.550821,-338.728507,-78.528486,0.086350
-40.930409,-158.979418,-100.249722,0.218470
-31.074348,-216.477870,-91.714688,0.235519
-51.980162,-157.056659,-83.904149,0.179468
-18.473486,-330.825203,-85.462717,0.171731
-32.943797,-137.457391,-77.741282,0.298006
-39.223841,-131.021320,-67.544066,0.238610
-29.792803,-266.337012,-80.075286,0.810510
-27.108422,-362.401681,-82.702021,0.199910
-33.550248,-185.018655,-89.395104,0.000001
-36.071321,-141.517425,-67.454099,0.247698
-52.323724,-165.745929,-87.776584,0.149036
-32.257250,-136.518657,-67.804594,0.313411
-32.032032,-191.928114,-92.801768,0.334393
-32.729976,-350.857548,-64.378015,0.349480
-36.970848,-186.345375,-84.501753,0.151714
-34.164826,-195.984942,-85.100993,0.268102
-28.232858,-243.416631,-86.587770,0.098340
-51.994941,-162.102435,-100.010181,0.284692
-25.375768,-371.960180,-90.869567,0.134217
-37.701666,-363.020319,-57.364103,0.319084
-19.433744,-374.251461,-71.985516,0.199193
-27.042027,-263.995802,-90.822961,0.691862
-49.711025,-174.895540,-95.667803,0.399710
-22.381849,-127.665924,-78.218308,0.158419
-38.446961,-175.129780,-94.619542,0.013563
-29.608635,-202.377495,-95.748952,0.742066
-34.981521,-166.757191,-91.660623,0.151756
-17.259490,-267.070446,-86.977031,0.680693
-31.471729,-150.682452,-76.756849,0.459517
-37.556005,-382.840194,-63.042542,0.192758
-33.902481,-173.135965,-84.411108,0.239272
-30.398842,-177.567584,-89.319731,0.513101
-18.223775,-353.275634,-83.020922,0.157530
-29.232258,-362.082565,-78.938809,0.203606
-29.525629,-377.663555,-59.716902,0.114780
-35.320111,-218.880204,-84.045050,0.816589
-33.286206,-368.712696,-67.145180,0.091838
-41.448758,-148.273248,-90.809661,0.201004
-26.713614,-381.662813,-87.525443,0.145876
-39.706966,-373.086204,-89.490931,0.185630
-33.456727,-197.118739,-95.174170,0.727502
-20.616070,-351.321684,-89.328223,0.179000
-19.153536,-347.352171,-72.691565,0.107419
-23.539597,-209.797653,-85.024969,0.697185
-36.926729,-127.291519,-73.767045,0.183299
-25.813027,-377.736739,-53.687387,0.067715
-28.775026,-354.012478,-55.679502,0.153278
-32.587941,-377.463749,-67.286899,0.137818
-27.606757,-376.921694,-78.701347,0.170828
-47.154330,-162.812585,-101.322113,0.297126
-29.980719,-210.597928,-87.013421,0.036168
-20.713955,-336.826894,-88.742424,0.312899
-28.144345,-250.288030,-81.457827,0.795475
-41.759189,-366.196392,-65.407557,0.187007
-28.927933,-381.807411,-83.375604,0.187233
-30.372988,-287.870644,-84.454224,0.846819
-46.622530,-371.204957,-60.232075,0.200298
-26.442433,-250.181573,-82.276595,0.277772
-23.821388,-362.904683,-74.138355,0.210463
-28.796715,-318.344523,-87.330801,0.605346
-21.359846,-375.937588,-61.043019,0.126745
-23.646590,-126.218216,-69.251302,0.206363
-15.081264,-340.371362,-80.721153,0.420401
-39.030958,-149.172757,-76.707038,0.415628
-28.750433,-342.873321,-83.800784,0.161315
-21.190396,-334.080517,-83.804646,0.029016
-29.136940,-180.738468,-87.996085,0.630388
-45.874001,-144.071290,-79.832058,0.378475
-29.210903,-346.419839,-67.442723,0.198764
-27.618053,-320.224249,-72.815254,0.562634
-29.383851,-378.411792,-81.609186,0.177887
-26.934937,-231.705121,-92.267261,0.614896
-25.983315,-363.851209,-95.831152,0.198958
-33.867698,-199.476205,-89.795973,0.006476
-33.965602,-366.301120,-73.249554,0.155742
-24.362635,-326.760428,-69.879248,0.043544
-23.769269,-136.582565,-72.631892,0.302867
-27.668746,-361.117971,-79.319672,0.158518
-30.231225,-363.965186,-95.972053,0.241777
-22.056693,-363.334875,-72.159063,0.228125
-29.232653,-295.403932,-79.613809,0.802478
-38.670334,-141.855635,-70.516707,0.308385
-25.302426,-254.655454,-81.085288,0.318076
-47.411327,-161.414139,-95.120947,0.089242
-29.628352,-367.091947,-80.704002,0.237677
-33.556994,-373.384712,-98.164294,0.173135
-21.434225,-367.489375,-63.415589,0.202330
-36.294637,-378.568927,-85.521803,0.178401
-24.160726,-236.040248,-87.561956,0.051903
-32.577246,-238.335024,-89.026848,0.783472
-28.302022,-136.683774,-68.109904,0.318700
-38.521904,-121.932522,-76.729872,0.156829
-32.923448,-356.807815,-73.145781,0.198103
-41.550682,-144.338099,-82.576309,0.174368
-22.811158,-350.104105,-83.147513,0.100642
-21.170331,-372.835020,-72.843792,0.158615
-50.883145,-146.865044,-86.564118,0.217443
-23.384573,-143.922530,-68.900292,0.163861
-50.583700,-153.805173,-90.245602,0.099720
-30.426408,-342.590927,-65.986199,0.361829
-25.491738,-362.010788,-96.856651,0.184859
-37.548789,-137.281498,-68.361605,0.299466
-23.848276,-366.433009,-58.665485,0.226396
-29.051872,-343.582833,-64.960062,0.214792
-45.045387,-169.166832,-92.715878,0.061293
-38.317265,-170.596224,-84.340350,0.106373
-41.858502,-155.072770,-81.663587,0.196189
-43.268334,-170.456903,-98.745001,0.339723
-21.066600,-338.729280,-72.839709,0.010882
-21.509628,-134.676650,-77.492191,0.255467
-25.693274,-372.400675,-97.938181,0.112959
-44.809595,-159.817026,-97.250260,0.111928
-28.989461,-320.808314,-87.723455,0.569659
-25.768889,-200.135196,-87.659428,0.728888
-22.746866,-312.892382,-68.083301,0.595947
-26.738314,-347.442912,-77.493492,0.003216
-24.061518,-368.005217,-51.475884,0.129482
-39.253345,-177.130386,-95.199866,0.036538
-25.649786,-234.505205,-90.031228,0.192902
-42.413488,-374.419712,-60.397593,0.222538
-40.877043,-366.911296,-49.518322,0.170927
-31.463525,-139.946588,-69.592044,0.303284
-28.007529,-380.066575,-84.832201,0.157616
-21.643470,-338.404242,-75.795422,0.002452
-51.997401,-152.458973,-93.443031,0.187296
-27.307717,-306.260122,-80.507770,0.164417
-47.452978,-157.899795,-87.836061,0.095317
-31.435600,-369.079546,-70.765119,0.043768
-30.300782,-370.944666,-70.382877,0.029933
-16.934411,-339.571188,-81.822733,0.189941
-24.862458,-281.270196,-83.985395,0.000001
-26.500619,-196.697390,-88.479389,0.675298
-27.462605,-323.264469,-75.028804,0.279741
-29.140586,-223.265884,-83.438869,0.581492
-26.399447,-332.684064,-71.885541,0.033956
-34.465077,-367.607145,-68.893844,0.121876
-30.105625,-127.186526,-60.916787,0.165221
-19.803224,-318.133347,-70.485164,0.262859
-31.567493,-248.023031,-87.855027,0.746978
-29.557162,-352.619571,-72.726417,0.074670
-17.103504,-274.146267,-87.517138,0.763444
-35.356585,-358.455287,-90.381689,0.245661
-28.179456,-132.551637,-66.539365,0.308850
-33.302983,-379.716220,-92.257755,0.177591
-30.181025,-287.213829,-86.957856,0.677417
-19.079985,-344.183463,-74.871359,0.061503
-20.442367,-239.233046,-88.566129,0.801641
-48.571122,-163.689201,-90.983582,0.080439
-34.707386,-356.661398,-67.322476,0.246411
-36.111920,-186.942960,-95.999204,0.530583
-40.356737,-139.024153,-76.799919,0.308598
-20.251022,-350.261742,-66.996828,0.155705
-27.928789,-290.012694,-76.913618,0.760516
-30.762111,-205.679984,-94.916578,0.804794
-21.798306,-258.486222,-79.613116,0.314849
-24.606607,-376.136698,-82.099941,0.148269
-24.418807,-364.640920,-76.429744,0.214195
-31.570299,-356.254716,-79.571631,0.166381
-33.132274,-365.235832,-69.572341,0.222318
-29.523258,-198.798481,-94.576645,0.822215
-46.505385,-169.997542,-83.702769,0.230943
-38.813408,-366.400571,-72.441848,0.235766
-38.832248,-179.212905,-92.448011,0.000001
-36.615706,-152.830356,-93.327193,0.155634
-19.045412,-315.887007,-84.483531,0.071267
-34.187692,-374.003639,-91.030393,0.185076
-52.677990,-150.664186,-91.873384,0.190700
-33.167907,-360.768509,-90.921655,0.227726
-15.352682,-333.903744,-79.674860,0.516419
-18.150467,-348.305590,-78.034801,0.126574
-20.773292,-225.577037,-86.986180,0.693457
-18.244786,-137.398009,-71.970475,0.200387
-36.091988,-202.101572,-93.051352,0.431501
-22.349776,-272.950896,-81.370612,0.000001
-24.721950,-255.680126,-87.001636,0.000001
-30.483866,-135.435833,-86.051933,0.223984
-27.749433,-119.433445,-70.154038,0.212953
-34.382634,-380.173239,-86.348072,0.192414
-34.925281,-372.484105,-60.310590,0.111601
-24.535228,-268.852588,-78.059210,0.529941
-27.825778,-368.873274,-74.747292,0.056370
-27.332049,-188.896161,-89.644220,0.569235
-52.489884,-161.794825,-93.991782,0.051179
-32.468776,-144.223346,-74.062936,0.301285
-39.887466,-128.651333,-78.058660,0.145313
-27.694220,-384.558916,-58.939096,0.171977
-24.447403,-279.885814,-79.564832,0.012094
-25.653566,-307.584872,-77.816540,0.105248
-32.414532,-368.532678,-52.486341,0.191012
-30.733797,-263.836262,-84.734988,0.871073
-24.137862,-341.222535,-90.503554,0.307460
-21.391741,-286.513325,-74.719205,0.368322
-20.261387,-322.891341,-83.475500,0.004367
-24.859576,-121.768528,-69.326961,0.232504
-34.619537,-194.129661,-89.425128,0.000001
-25.946445,-367.573699,-79.435053,0.209687
-48.585490,-144.179194,-87.115967,0.191083
-22.748003,-332.713910,-79.254444,0.000001
-21.739239,-372.071481,-88.384830,0.153941
-34.706924,-373.204048,-49.720030,0.080714
-21.766536,-219.889679,-88.850883,0.662373
-40.627025,-190.373854,-89.747579,0.241321
-38.952573,-208.577800,-88.806830,0.695005
-35.755176,-197.551003,-94.282647,0.442969
-35.609585,-361.647937,-57.742459,0.368226
-32.178896,-359.756227,-55.721129,0.225579
-23.460819,-283.347425,-82.520098,0.000001
-34.654911,-186.064913,-86.232685,0.000963
-35.999038,-359.338367,-63.824476,0.291651
-39.366135,-150.115764,-81.628028,0.110088
-27.121848,-359.365845,-81.103533,0.130951
-44.333008,-149.374884,-102.854817,0.188202
-27.765885,-258.649069,-81.837403,0.561400
-32.555050,-356.036170,-84.172261,0.215872
-51.651719,-155.415603,-101.644965,0.256629
-35.831487,-358.827460,-57.205059,0.266772
-36.444963,-168.788648,-80.121988,0.560108
-37.637335,-374.431014,-66.388311,0.184133
-22.030151,-356.011316,-80.827266,0.126160
-24.653516,-383.186196,-90.678992,0.161165
-31.324918,-278.168282,-84.127186,0.901816
-19.598461,-325.904881,-75.211883,0.015775
-23.527780,-349.958886,-91.748012,0.231527
-26.867280,-372.159803,-81.099782,0.105281
-28.001300,-369.420203,-82.233846,0.184840
-17.596386,-378.935886,-89.220375,0.130973
-15.905433,-346.155820,-83.551900,0.195085
-37.423147,-177.753352,-93.199632,0.000598
-27.967260,-260.833269,-84.325031,0.215501
-34.935779,-125.623646,-70.879017,0.220535
-41.350373,-168.169165,-81.936474,0.378414
-34.795015,-154.016878,-84.566455,0.144037
-34.049057,-135.204867,-76.909564,0.327537
-16.258704,-370.732111,-91.727745,0.160390
-44.318122,-153.996958,-99.497584,0.225428
-31.774425,-364.001078,-50.963882,0.212934
-42.957777,-378.695975,-60.478461,0.201317
-25.574641,-381.034207,-62.109818,0.167724
-23.851134,-289.522430,-72.544672,0.773136
-22.069258,-254.808336,-89.952015,0.681748
-35.499842,-143.031873,-78.063471,0.263810
-37.748026,-157.950125,-80.091064,0.352731
-29.262287,-293.856012,-82.661392,0.737309
-23.122256,-363.504451,-83.983571,0.228113
-21.010086,-304.871396,-75.441964,0.004415
-21.758902,-279.251325,-90.730698,0.758130
-28.818391,-131.968960,-72.193487,0.350349
-23.114718,-361.944150,-81.076757,0.179698
-28.583698,-197.192652,-88.307265,0.216596
-31.019721,-150.734858,-86.713092,0.267493
-39.180557,-367.526559,-57.149829,0.270918
-31.432639,-154.284628,-76.594981,0.443667
-29.569931,-358.395709,-55.798175,0.167978
-19.324084,-332.740460,-84.380646,0.044556
-28.090989,-381.926554,-89.937448,0.131783
-31.188075,-357.299924,-64.845652,0.196746
-21.345038,-353.122573,-81.117636,0.117925
-46.185434,-184.844415,-92.464654,0.553842
-24.271917,-363.691564,-96.567154,0.175184
-24.789995,-361.726396,-83.394449,0.181965
-33.885011,-243.389625,-89.407566,0.739133
-56.725216,-163.463601,-88.672026,0.248218
-24.118776,-291.792163,-88.839068,0.522916
-47.609777,-150.725560,-102.464471,0.176706
-27.427844,-325.177781,-75.374392,0.229511
-25.174598,-261.270630,-78.815986,0.646254
-22.324441,-367.421569,-66.316859,0.219177
-32.076201,-379.425710,-78.421633,0.237511
-34.465936,-355.172855,-64.828660,0.279596
-26.290669,-324.724232,-78.681620,0.009386
-34.073271,-147.803405,-88.762948,0.218401
-19.297213,-133.739160,-74.408548,0.199257
-38.002601,-375.022641,-81.445607,0.162216
-31.268457,-158.451431,-83.971451,0.269537
-32.423617,-357.607063,-53.971991,0.197232
-35.563695,-135.084769,-67.142439,0.276742
-29.157488,-180.207696,-89.821103,0.621871
-52.424285,-153.937714,-84.176036,0.183902
-39.721063,-171.612203,-81.163990,0.568014
-22.528043,-296.071915,-74.751694,0.064599
-16.337044,-371.565339,-85.232783,0.181038
-25.641164,-349.912913,-54.358523,0.220889
-39.887548,-157.158440,-81.842509,0.155489
-28.560103,-314.430340,-75.201511,0.662812
-24.048186,-359.371481,-60.866140,0.168974
-26.172572,-355.697497,-94.455891,0.206730
-26.739302,-373.978777,-74.706856,0.078364
-18.669940,-364.700491,-72.941391,0.185963
-35.022803,-234.334904,-89.923233,0.747219
-23.129705,-345.390572,-71.019394,0.029670
-32.291185,-202.157262,-91.373193,0.020243
-20.621145,-349.742039,-69.007267,0.122833
-36.628953,-365.182075,-70.496926,0.182370
-46.143800,-155.131230,-104.621015,0.251233
-29.926457,-379.815623,-83.479566,0.195619
-19.731982,-357.793426,-70.790913,0.162693
-23.272367,-135.444182,-64.050930,0.215900
-19.075823,-360.093764,-93.551446,0.189272
-45.638880,-371.594301,-64.904261,0.178571
-21.203106,-366.176277,-71.401976,0.186484
-36.784720,-374.217782,-55.500003,0.124462
-28.324615,-373.149234,-53.007687,0.058264
-18.671566,-253.288100,-80.127637,0.773835
-35.664304,-173.444234,-86.841150,0.086290
-49.495436,-151.637659,-100.605692,0.166662
-39.544093,-162.241677,-86.359117,0.114414
-27.045306,-230.494129,-90.089231,0.135100
-33.379809,-167.396149,-91.055409,0.388799
-32.482200,-367.876416,-69.338460,0.105863
-25.087952,-376.190033,-78.415154,0.146259
-43.577202,-159.408764,-85.445828,0.144761
-22.277487,-232.040142,-87.966367,0.481362
-26.488207,-381.195267,-80.309590,0.194940
-30.825851,-353.177758,-52.349925,0.232219
-24.931558,-312.453866,-80.941487,0.000001
-27.357928,-376.124669,-54.438558,0.071339
-30.125517,-373.343480,-63.114529,0.038882
-22.072894,-330.044160,-76.265414,0.000001
-32.166816,-348.774716,-65.605633,0.376241
-31.627149,-136.246785,-78.425786,0.291340
-35.722513,-186.825074,-97.881551,0.750894
-26.029955,-299.115516,-80.005529,0.039546
-24.500418,-366.748759,-68.767564,0.189463
-52.819589,-157.414943,-86.015500,0.119236
-26.894463,-308.442739,-80.417452,0.059823
-30.162219,-182.356628,-92.252667,0.622583
-29.772215,-194.738748,-85.358443,0.347722
-31.585175,-193.167393,-91.448090,0.071021
-38.171405,-136.084894,-82.077287,0.215286
-31.871201,-238.602649,-91.447846,0.901966
-43.261393,-143.504016,-80.907961,0.276905
-36.322159,-216.679091,-94.939795,0.646297
-25.348003,-369.337096,-53.478358,0.123323
-47.687442,-145.499112,-95.782296,0.189240
-33.529149,-382.868133,-90.847212,0.171414
-46.576274,-156.940861,-94.010726,0.091862
-17.340020,-317.126508,-75.350532,0.390911
-31.272995,-371.380044,-53.588225,0.101804
-16.298200,-353.448707,-80.813612,0.191194
-32.577544,-371.430089,-99.221522,0.162188
-27.239509,-133.458513,-82.326606,0.190880
-21.211015,-237.431852,-83.004616,0.808125
-53.699046,-143.616792,-96.936464,0.133445
-31.582606,-239.692253,-88.111962,0.554917
-39.164769,-148.063591,-80.141868,0.140837
-26.725228,-344.134596,-67.925602,0.077669
-36.671628,-134.042460,-81.542117,0.240127
-25.904294,-329.947959,-68.404155,0.155396
-26.123432,-360.679505,-95.569973,0.192229
-24.917536,-340.632302,-67.123810,0.069919
-20.666507,-296.857987,-78.394879,0.000001
-24.845244,-381.611206,-94.106057,0.124911
-46.546408,-148.434441,-80.193591,0.415283
-28.647275,-374.764689,-90.781677,0.121072
-20.639573,-344.569643,-79.622526,0.040484
-33.634664,-368.345959,-54.014175,0.257319
-15.201463,-352.675338,-78.249908,0.255197
-17.662101,-343.445140,-72.623650,0.192331
-36.298320,-358.161570,-70.818857,0.219032
-25.659944,-286.394171,-86.921378,0.231731
-20.495359,-348.669752,-85.875202,0.150888
-37.140297,-142.753244,-69.058909,0.261482
-22.691520,-267.707865,-85.682800,0.000001
-41.128320,-129.886901,-72.276303,0.195012
-38.448167,-168.962994,-95.147263,0.069945
-24.983867,-377.500249,-62.722008,0.131831
-19.688696,-374.418173,-78.200127,0.183596
-17.858753,-334.258861,-67.608648,0.464135
-32.103614,-221.736376,-81.436400,0.744257
-35.384917,-374.558825,-74.548935,0.248429
-44.044772,-153.759376,-84.371543,0.167238
-35.200486,-144.141742,-76.465125,0.277851
-33.800889,-218.818566,-87.826885,0.597711
-36.889628,-131.931698,-76.902928,0.266601
-31.427887,-202.023678,-93.341067,0.382755
-27.877674,-203.471035,-93.515932,0.792940
-20.331627,-357.110447,-74.587914,0.132439
-31.721937,-158.788711,-91.217728,0.465936
-17.994976,-314.875290,-70.507699,0.578059
-28.706496,-313.238089,-82.726544,0.415654
-32.984507,-365.568698,-63.924721,0.293359
-31.933212,-364.392242,-80.002851,0.267823
-30.066864,-216.459105,-80.264382,0.723370
-32.362019,-171.955948,-94.124260,0.604094
-20.167480,-364.732507,-71.866920,0.199733
-56.032499,-147.671166,-93.225563,0.137747
-33.981516,-218.794818,-90.464285,0.471985
-36.018820,-358.655213,-92.357860,0.215914
-34.697307,-133.725124,-65.960532,0.258071
-31.281964,-119.912298,-78.113316,0.153356
-41.390738,-176.358315,-92.396108,0.005635
-33.004177,-146.517411,-83.752097,0.188398
-18.343389,-340.028875,-83.952076,0.101935
-20.886433,-339.449302,-66.333932,0.139558
-39.201509,-379.012128,-84.739743,0.183897
-25.120852,-383.824386,-57.380110,0.179849
-55.010802,-154.369427,-91.908047,0.151733
-18.060363,-337.833466,-80.979257,0.124634
-25.115523,-342.952703,-68.575481,0.038945
-24.345627,-233.089602,-88.584554,0.104647
-33.167301,-378.678545,-93.904887,0.197025
-18.410614,-358.906536,-74.783040,0.168433
-55.119200,-144.143065,-92.572048,0.187478
-23.082516,-380.580569,-85.554972,0.147012
-31.455933,-353.564245,-86.285518,0.254553
-23.466063,-359.647637,-84.266111,0.169181
-26.316362,-236.425287,-85.465674,0.009428
-43.345855,-171.451988,-83.760161,0.248942
-31.684252,-360.525316,-66.133907,0.203556
-29.310326,-352.908578,-58.831889,0.160772
-19.555432,-271.038762,-80.409431,0.113613
-23.125522,-331.948739,-83.951857,0.032064
-21.938229,-341.382572,-65.540711,0.105098
-39.978765,-202.918703,-87.759649,0.610870
-29.277316,-366.778077,-51.183248,0.146931
-21.519337,-125.633254,-79.323254,0.168075
-42.399686,-155.297160,-99.987925,0.201193
-36.295876,-152.180530,-76.829943,0.383077
-48.650513,-148.964432,-103.028028,0.202308
-39.876003,-162.760891,-88.538360,0.093512
-28.623778,-139.761893,-79.062626,0.260353
-34.325785,-370.309643,-50.850368,0.148750
-25.320639,-380.060022,-63.953125,0.168862
-21.615236,-287.104566,-90.727183,0.639873
-35.201035,-361.576125,-55.652063,0.370206
-29.789755,-364.917496,-77.325127,0.264511
-42.422862,-151.408769,-80.763543,0.221824
-24.741041,-370.025407,-89.465394,0.199185
-15.852442,-275.258899,-80.879748,0.587706
-30.910191,-309.010377,-82.433298,0.788718
-36.065293,-206.245340,-83.558320,0.824489
-30.501959,-375.421108,-89.586496,0.135485
-38.714390,-368.945905,-50.151716,0.203168
-26.252243,-365.932095,-67.395218,0.219453
-37.313821,-378.510558,-93.092665,0.213502
-27.194544,-351.340469,-68.621563,0.073181
-29.940663,-341.118541,-80.012649,0.232834
-23.042479,-359.845366,-62.628627,0.170119
-50.833246,-168.392417,-93.878529,0.105405
-35.059173,-376.698805,-50.559853,0.056701
-47.082330,-140.659630,-95.058161,0.207437
-25.884520,-126.312127,-77.372937,0.169729
-32.559089,-371.119939,-94.820842,0.181851
-33.622221,-182.837136,-86.993600,0.004549
-41.015715,-140.194332,-89.572187,0.270737
-35.911188,-138.045020,-82.019085,0.227068
-29.941188,-371.841497,-67.976005,0.025636
-23.051276,-355.910301,-93.551643,0.200997
-40.972605,-146.342065,-77.672982,0.301709
-22.103200,-355.542973,-85.732701,0.154555
-51.141614,-147.121628,-99.040296,0.116710
-24.775524,-366.804388,-64.575443,0.218664
-18.898015,-319.023187,-75.507717,0.010041
-32.111018,-194.502964,-85.062217,0.157434
-27.092069,-232.780263,-79.023862,0.771680
-29.560444,-238.105700,-82.706491,0.771122
-38.801787,-150.731507,-102.475299,0.294375
-22.992065,-122.777030,-77.036259,0.191546
-34.279982,-374.060530,-70.508713,0.222239
-25.756199,-312.507381,-85.271662,0.099265
-23.230055,-332.386957,-68.954544,0.030547
-33.610894,-155.440113,-82.012736,0.198063
-40.175752,-146.439395,-100.166732,0.202586
-33.123758,-153.086514,-82.829366,0.167154
-41.434150,-375.117643,-87.092728,0.162785
-34.077409,-120.264330,-66.364137,0.230068
-29.549192,-126.596308,-79.440076,0.188377
-34.918342,-355.549227,-80.372158,0.254291
-46.034823,-158.514343,-90.671829,0.089616
-18.425183,-257.928657,-88.617262,0.811193
-38.058740,-377.263239,-89.920599,0.194414
-21.917003,-379.203249,-79.333649,0.214069
-39.363350,-370.844087,-60.690301,0.171679
-22.742086,-350.910738,-88.355196,0.150728
-30.075500,-300.951026,-86.638361,0.562371
-22.891058,-380.262427,-77.884349,0.203160
-31.278509,-205.671740,-87.459182,0.015954
-45.294116,-376.728645,-61.184262,0.196439
-24.288537,-343.990043,-89.209328,0.188429
-39.240546,-377.934360,-55.795663,0.176099
-31.410085,-139.303263,-85.553455,0.338429
-19.953521,-368.646281,-80.001204,0.217388
-53.122930,-161.198137,-83.285864,0.224176
-20.184555,-323.237435,-69.556372,0.184225
-53.150727,-157.483847,-89.642000,0.071120
-44.714350,-155.784438,-91.558721,0.084482
-28.712352,-284.467318,-85.863555,0.595256
-15.572392,-353.944538,-86.680239,0.165198
-55.883869,-151.543560,-95.344727,0.174966
-22.842198,-372.445394,-55.102423,0.063337
-19.294090,-351.599974,-78.550060,0.109273
-24.246516,-300.217601,-83.899241,0.000001
-20.402697,-337.568051,-65.244088,0.270171
-20.404833,-334.987502,-89.359614,0.413831
-37.250599,-368.374488,-66.100514,0.130744
-39.639118,-150.687172,-84.215070,0.132330
-28.490979,-133.257213,-73.892725,0.308098
-25.918385,-377.679359,-97.226112,0.114002
-30.360520,-149.133402,-76.557737,0.435616
-19.011651,-262.119930,-79.963033,0.490512
-20.287606,-308.434800,-83.020206,0.000095
-37.818907,-370.940013,-50.383720,0.169449
-19.684687,-294.658294,-78.271315,0.005184
-32.284238,-369.757876,-74.637027,0.038080
-26.651106,-313.153615,-76.517426,0.246265
-39.629873,-195.147396,-94.582273,0.785518
-22.873957,-364.317697,-67.111483,0.232967
-30.698198,-340.441178,-74.805532,0.352181
-39.997622,-158.477544,-94.741703,0.112678
-19.597667,-296.021808,-84.186821,0.014933
-46.850992,-166.992262,-90.244564,0.090023
-30.425518,-133.921163,-72.523207,0.321563
-40.642771,-143.216796,-92.507562,0.262955
-22.626141,-294.012775,-84.885729,0.000001
-24.450944,-303.769241,-80.893972,0.000001
-22.362836,-365.486400,-60.586253,0.254000
-13.419688,-373.016575,-81.150549,0.205089
-28.514933,-341.283751,-61.725993,0.330187
-21.331385,-368.807885,-70.949071,0.144080
-20.787127,-379.569799,-69.005228,0.188794
-24.749440,-329.087450,-74.255774,0.004381
-19.014489,-364.124748,-86.534036,0.265790
-23.644150,-330.181736,-82.475038,0.013377
-18.831812,-365.801495,-77.988214,0.235193
-30.994746,-341.643704,-86.532199,0.491721
-21.661884,-325.084879,-67.992279,0.118346
-37.458985,-362.553138,-51.012221,0.191802
-27.920304,-337.376312,-73.277312,0.110911
-25.931681,-281.828220,-87.705868,0.342183
-31.170135,-217.034695,-87.532151,0.151630
-38.593811,-153.210313,-82.946776,0.125692
-51.630863,-150.108141,-84.708776,0.221784
-27.218815,-205.395990,-88.997676,0.235903
-46.206043,-370.205885,-52.018109,0.143497
-26.640092,-368.631377,-57.748317,0.202265
-28.032192,-152.572591,-83.844226,0.386590
-58.971106,-152.727961,-89.949358,0.204719
-21.644968,-258.459015,-89.096432,0.397672
-31.023423,-127.165455,-65.522610,0.179757
-24.027652,-305.830904,-79.750005,0.000001
-46.278034,-143.528314,-97.033149,0.137196
-22.700723,-313.193972,-76.341421,0.000239
-30.597068,-375.900786,-62.233998,0.046563
-19.621624,-348.438764,-66.039361,0.177583
-28.945769,-348.549717,-64.679791,0.171205
-19.869835,-317.304700,-87.013007,0.298057
-30.503420,-282.269316,-84.689425,0.907576
-24.008767,-355.769464,-85.053360,0.150213
-24.717363,-259.966144,-79.801763,0.359930
-31.962869,-207.741108,-90.753776,0.057400
-28.716364,-127.905583,-72.869134,0.245546
-49.354110,-152.193067,-96.216692,0.183358
-24.379943,-354.681711,-73.763319,0.040894
-19.500151,-349.216336,-72.955795,0.111136
-34.178706,-149.736624,-93.419836,0.287533
-35.849911,-180.337648,-87.743964,0.000764
-29.857176,-371.093508,-55.862189,0.086431
-26.882141,-141.319635,-73.088514,0.277378
-24.056284,-335.292612,-86.969708,0.134616
-54.030548,-155.666786,-90.467801,0.084236
-21.685859,-316.976340,-76.602217,0.000001
-28.332804,-344.105839,-77.907221,0.025896
-45.404379,-146.260512,-98.007132,0.162844
-32.777934,-367.979216,-86.622963,0.231516
-42.088636,-145.655332,-102.081611,0.191251
-47.134326,-153.740405,-102.731373,0.247085
-26.100998,-362.808932,-90.764641,0.200531
-30.376236,-210.685233,-91.158319,0.069850
-22.659528,-255.231710,-80.596716,0.195137
-28.104782,-335.116296,-64.643672,0.393130
-30.406603,-182.291216,-84.319488,0.548310
-29.955625,-357.827253,-94.074968,0.227866
-49.280161,-375.790261,-60.927324,0.208251
-21.001520,-368.210738,-91.900728,0.164071
-23.892383,-351.221635,-75.908589,0.015789
-23.847274,-359.112821,-64.733692,0.160298
-37.285233,-368.726082,-74.609772,0.191313
-17.268390,-312.192538,-84.368787,0.445734
-40.493766,-373.831354,-60.841544,0.218680
-28.029242,-351.155664,-70.792221,0.072457
-32.823846,-233.830113,-86.780501,0.773585
-29.634153,-381.720420,-53.460446,0.146505
-42.230201,-189.035944,-86.477394,0.729272
-45.587934,-148.362949,-88.438669,0.175386
-35.886244,-370.625220,-53.122180,0.194126
-21.988283,-304.224039,-89.279034,0.511226
-43.125230,-381.863107,-56.593632,0.195005
-36.889237,-376.112742,-60.942118,0.149402
-51.070600,-171.108435,-91.603403,0.231174
-30.974648,-370.051239,-93.074698,0.239247
-21.555373,-331.565602,-73.186834,0.000001
-27.416152,-223.453298,-89.117303,0.005800
-20.932848,-359.198494,-84.869187,0.181680
-24.887956,-350.735064,-81.896779,0.075036
-32.076014,-365.792464,-85.583890,0.265758
-22.212711,-295.629037,-90.323572,0.602706
-37.113516,-140.083546,-68.445517,0.317016
-22.375058,-293.701870,-89.605417,0.519035
-23.648427,-377.995481,-80.001435,0.174274
-35.616717,-385.002154,-53.033549,0.150610
-28.757860,-141.286956,-74.967638,0.294578
-30.317422,-128.112290,-82.518342,0.160428
-32.199846,-137.951784,-75.742851,0.322259
-30.795163,-237.650650,-86.360092,0.424403
-40.590052,-161.840905,-91.740553,0.076531
-28.187895,-329.763899,-79.326279,0.182409
-42.004434,-146.171432,-93.690944,0.244295
-25.967799,-357.599084,-77.086309,0.069485
-28.199992,-337.373274,-89.752762,0.459842
-30.328144,-373.830967,-95.081857,0.163725
-27.279368,-364.436638,-91.611067,0.231747
-19.442532,-342.928007,-89.254274,0.296672
-18.231378,-361.171595,-83.968663,0.192804
-25.855045,-334.791739,-87.606033,0.212717
-37.514994,-126.624657,-71.928125,0.205154
-23.588418,-354.022817,-60.835595,0.133857
-26.714106,-355.857621,-63.262139,0.134648
-46.739541,-153.406828,-83.541038,0.210782
-23.139416,-367.825258,-92.619029,0.180296
-38.242973,-137.723816,-72.011907,0.338035
-30.091430,-350.645223,-70.023040,0.151844
-51.109613,-159.119063,-84.403699,0.147782
-23.899823,-342.331527,-73.275211,0.000472
-26.433486,-200.604817,-90.958409,0.764837
-19.704423,-341.124684,-63.290032,0.287011
-39.913213,-123.323914,-73.456741,0.180640
-26.441472,-332.065376,-69.338846,0.133744
-32.625487,-125.200310,-66.965180,0.222989
-15.959174,-269.254990,-84.274414,0.608613
-24.934426,-243.330262,-84.709348,0.001141
-19.974539,-360.236801,-71.411695,0.178625
-24.573187,-371.676846,-89.444185,0.150234
-19.924404,-361.244567,-83.150217,0.192909
-30.719690,-284.784042,-81.254773,0.735799
-41.960844,-158.716997,-87.694453,0.105168
-38.821747,-134.841576,-75.691897,0.293078
-33.122294,-207.996492,-87.675924,0.183464
-57.519307,-161.640713,-89.589475,0.214149
-25.035843,-352.127404,-59.569858,0.127773
-22.446240,-308.236811,-78.896358,0.000001
-43.944311,-370.259656,-56.253492,0.170355
-22.772511,-121.667528,-75.108015,0.204197
-25.573428,-360.676630,-64.674070,0.163432
-47.830440,-165.001919,-88.349178,0.098987
-17.977691,-362.210342,-75.726693,0.191062
-22.150538,-258.888926,-84.383332,0.002271
-26.080016,-380.318328,-73.757637,0.210242
-27.387639,-372.083554,-55.703434,0.071729
-39.385343,-376.188726,-52.570511,0.134431
-41.123801,-154.306211,-84.857877,0.140844
-24.652510,-360.054450,-88.315484,0.184365
-32.378258,-374.313337,-69.368856,0.086020
-30.232274,-221.245689,-91.376084,0.213900
-41.547175,-135.214943,-81.036542,0.181654
-19.972422,-249.747553,-79.339722,0.799056
-21.256809,-260.132890,-80.172144,0.226177
-39.325428,-171.105172,-98.477523,0.355316
-22.506411,-358.525834,-93.967949,0.198702
-37.678946,-150.961499,-89.667915,0.147665
-23.230723,-293.780108,-74.078358,0.370171
-31.188254,-197.031558,-80.843381,0.751961
-25.833950,-369.720704,-66.751618,0.123585
-50.389679,-163.347791,-89.679681,0.103230
-26.713630,-355.697760,-76.337534,0.025223
-23.243844,-325.845809,-78.451842,0.000001
-41.850980,-151.457147,-76.960138,0.558456
-25.587708,-243.621471,-88.674330,0.040922
-38.240987,-193.795115,-92.502599,0.252247
-22.585287,-143.715072,-71.322664,0.168392
-28.742871,-239.890510,-91.871569,0.703835
-37.477171,-157.890788,-96.783148,0.260234
-37.331730,-146.429972,-92.268424,0.270711
-30.358636,-207.106939,-90.339032,0.012376
-23.770159,-298.451524,-77.725033,0.000001
-36.324826,-178.208013,-82.879288,0.415486
-33.892153,-203.312549,-83.690789,0.810352
-37.282442,-182.805796,-91.306086,0.000001
-34.610654,-360.439740,-77.412128,0.240733
-28.472337,-227.256583,-82.331641,0.783465
-15.061301,-356.612573,-78.143594,0.215500
-32.064783,-149.235811,-81.817102,0.226784
-40.653390,-184.896911,-82.834714,0.644441
-36.099244,-377.837234,-83.295597,0.151027
-43.285491,-158.638347,-81.448781,0.345175
-47.374614,-152.862574,-89.224661,0.121440
-24.094587,-320.687274,-78.896450,0.000001
-17.940792,-128.861537,-70.790026,0.197427
-21.786986,-138.612243,-69.605884,0.227909
-24.001113,-123.005467,-75.499202,0.200597
-27.859459,-345.065726,-62.810716,0.152873
-36.639512,-377.544967,-62.423682,0.140626
-32.790769,-373.052627,-89.623115,0.176406
-49.335731,-164.660526,-97.266460,0.144417
-34.268242,-166.817515,-83.715802,0.288206
-29.218030,-336.039407,-88.269800,0.519708
-32.839362,-349.805779,-86.695689,0.381672
-15.586577,-296.219254,-79.757632,0.659538
-24.288689,-259.826920,-84.482950,0.000001
-38.827936,-126.266305,-79.305217,0.114096
-33.462658,-372.072281,-75.231021,0.082124
-40.588748,-372.031468,-48.349081,0.145726
-37.580512,-367.495701,-47.254284,0.177397
-53.349862,-154.174280,-99.281878,0.203396
-25.991007,-354.414970,-91.215147,0.178035
-24.447365,-267.522200,-80.002406,0.084478
-15.862653,-349.200067,-84.001386,0.173108
-16.943204,-361.759746,-76.990470,0.196644
-37.623533,-194.916082,-94.038647,0.432218
-26.705073,-373.138451,-54.163764,0.054104
-38.420910,-148.922525,-89.334519,0.179135
-39.335940,-138.518507,-73.851113,0.303284
-29.584370,-367.548166,-75.004080,0.072500
-16.346625,-348.823966,-71.320859,0.322484
-32.522855,-371.617726,-76.731521,0.049791
-23.928667,-345.997195,-79.718066,0.023123
-40.285543,-132.300922,-78.437163,0.144695
-23.413338,-375.908737,-64.522757,0.149100
-28.909377,-345.945570,-83.770847,0.186540
-36.239833,-371.829438,-80.853929,0.110176
-29.360249,-196.788436,-81.240020,0.716659
-24.607388,-372.210635,-60.687907,0.107359
-21.532460,-314.340115,-85.601802,0.028866
-26.066137,-128.973561,-67.778535,0.156538
-36.178782,-141.781443,-82.211882,0.195370
-52.367161,-159.830950,-85.548650,0.119769
-39.727204,-372.486082,-59.303922,0.183652
-29.137857,-324.912998,-72.653842,0.537947
-23.148767,-333.582481,-71.919481,0.001586
-37.158886,-136.410775,-78.460511,0.282318
-18.046952,-312.206684,-82.300031,0.052486
-22.935028,-380.270764,-71.255514,0.198021
-21.669552,-261.293645,-90.556635,0.810627
-25.796547,-378.194998,-79.256960,0.181448
-29.959791,-226.151684,-81.549708,0.928652
-32.203606,-363.567999,-83.970785,0.219147
-41.621069,-188.493153,-88.007322,0.487134
-26.243174,-281.688672,-80.355300,0.304107
-18.952894,-301.653225,-89.136261,0.646246
-24.980826,-353.250770,-52.790479,0.181883
-45.633756,-153.909390,-78.966468,0.441691
-28.370255,-131.309047,-59.763890,0.140140
-35.670613,-196.866003,-97.593779,0.618489
-23.613778,-332.356784,-77.100786,0.000001
-36.444024,-369.809091,-89.218654,0.248896
-30.322673,-377.274856,-92.763597,0.157354
-29.626603,-353.998383,-69.310048,0.138643
-25.752871,-218.415529,-82.210744,0.935819
-44.285785,-173.615208,-82.846610,0.328395
-25.642234,-373.993747,-68.176823,0.102854
-20.898091,-321.960127,-68.081521,0.253766
-28.164986,-276.787663,-89.228056,0.672500
-26.102863,-198.197165,-84.987471,0.747547
-26.370035,-338.340851,-86.210048,0.148205
-26.397830,-257.746203,-89.724827,0.473751
-18.380481,-305.028793,-84.719188,0.223695
-24.980205,-140.290520,-77.261919,0.254508
-30.878852,-236.694623,-80.756562,0.776955
-28.322974,-140.219439,-82.019371,0.257617
-29.310567,-204.947287,-92.601339,0.508616
-42.243090,-179.020585,-95.289138,0.130110
-16.796982,-328.818796,-71.802823,0.534334
-25.084217,-376.712545,-80.295008,0.152922
-43.449365,-169.242024,-88.852286,0.083524
-18.837068,-355.177355,-89.575629,0.189907
-17.981486,-353.017323,-88.709524,0.200084
-35.077002,-213.891448,-95.931113,0.697893
-44.503163,-157.892598,-98.615455,0.157470
-34.023817,-375.976988,-63.646558,0.050931
-21.452216,-370.832814,-91.755715,0.135805
-21.442142,-374.647581,-76.459218,0.176932
-36.294414,-378.748743,-52.298085,0.093018
-30.750877,-333.108754,-82.686279,0.615086
-35.095293,-363.959947,-94.282920,0.278996
-23.238830,-342.310404,-69.151549,0.019816
-46.814294,-152.316088,-99.910245,0.197929
-31.177123,-129.031090,-65.259857,0.151489
-21.783765,-305.791697,-71.711019,0.134294
-29.923422,-357.552123,-60.202563,0.173655
-19.488295,-364.888558,-90.535142,0.233751
-36.445945,-160.556549,-94.290935,0.190268
-18.627047,-356.945921,-66.011526,0.194378
-25.217172,-333.413242,-78.204799,0.000001
-34.436828,-138.226853,-80.424771,0.250090
-33.068909,-376.676178,-74.201533,0.277430
-29.077378,-381.529071,-49.873090,0.127609
-26.782265,-375.178342,-96.219021,0.086406
-24.671410,-353.318406,-90.449818,0.169279
-21.595278,-308.560993,-85.380375,0.008295
-32.493800,-371.717985,-83.222322,0.127066
-22.276089,-343.988344,-89.998107,0.265717
-42.777716,-162.703828,-84.302376,0.181428
-35.728408,-146.847183,-82.157118,0.137642
-38.768782,-132.533028,-65.749259,0.271414
-28.124583,-366.121127,-61.746768,0.221615
-21.833687,-329.941874,-63.397518,0.443081
-31.653289,-366.900495,-54.296372,0.226210
-45.897684,-163.092606,-83.854674,0.197689
-16.952024,-311.377670,-86.172511,0.665262
-18.814831,-362.516098,-88.563083,0.204524
-48.200431,-370.839806,-53.421191,0.150193
-25.986355,-125.676572,-62.964933,0.182900
-35.455147,-209.329941,-92.566957,0.510613
-24.257326,-283.018779,-87.239580,0.093066
-32.332831,-231.085870,-86.778389,0.609332
-43.321169,-377.674301,-57.776493,0.199919
-32.020527,-262.146292,-88.068707,0.668442
-42.398043,-186.519654,-92.099555,0.301391
-54.172365,-145.162801,-90.411009,0.161450
-35.195366,-381.862182,-88.088792,0.188094
-47.422236,-158.440867,-97.643400,0.119088
-29.250959,-375.152654,-77.215339,0.088220
-41.871892,-174.905167,-93.202758,0.010790
-49.265154,-171.541635,-94.731126,0.223066
-14.228258,-365.300370,-80.455271,0.136460
-25.549913,-248.589380,-80.452876,0.592106
-34.909614,-374.413736,-83.362626,0.116265
-41.050212,-161.253928,-81.831192,0.271247
-28.643334,-144.578369,-82.333087,0.332761
-19.450290,-366.611119,-75.263395,0.160630
-25.542498,-309.900176,-79.984046,0.000001
-39.589292,-377.495336,-65.127826,0.205239
-28.186078,-371.380357,-78.198736,0.088913
-27.201222,-321.741506,-76.358871,0.096830
-21.024850,-374.193215,-88.883799,0.151908
-47.808760,-167.744093,-95.433335,0.069063
-28.407095,-252.873459,-88.219204,0.278248
-45.271733,-172.060006,-85.776051,0.170113
-29.111166,-360.555641,-95.571436,0.210021
-20.950808,-345.210876,-77.466477,0.024219
-36.918934,-125.654629,-80.247223,0.123575
-27.971223,-317.934199,-72.956742,0.592460
-29.601095,-200.178548,-84.562982,0.456320
-38.459181,-188.434160,-90.447937,0.001574
-29.036643,-184.810843,-85.697344,0.565691
-16.117112,-310.067478,-81.181192,0.515706
-51.354181,-165.913804,-92.138672,0.077950
-37.700045,-134.271100,-66.712162,0.283689
-24.854308,-347.131918,-82.670545,0.082702
-23.897224,-266.628202,-91.745998,0.756793
-27.105445,-382.252086,-62.569333,0.180349
-48.275647,-149.850819,-94.097645,0.218253
-36.833527,-367.977623,-63.095620,0.216519
-24.908050,-359.532555,-78.334631,0.111395
-44.610177,-370.592717,-50.433461,0.137825
-48.200143,-148.570056,-88.604797,0.211126
-29.245036,-351.471399,-92.596806,0.273950
-35.191118,-205.465643,-87.638871,0.329240
-40.285203,-163.272948,-96.024573,0.092315
-27.483816,-355.531125,-70.705790,0.088102
-23.577043,-242.430051,-78.343748,0.707163
-34.306331,-158.979348,-80.550243,0.374782
-24.225358,-359.485484,-86.275081,0.175814
-34.073326,-365.320031,-84.650593,0.268803
-23.824325,-244.348618,-82.279139,0.243615
-24.184264,-131.863940,-66.610304,0.223438
-16.220398,-374.813128,-88.578648,0.150498
-24.795182,-265.590974,-79.544623,0.372382
-37.089145,-369.044678,-53.815322,0.262076
-28.939606,-134.169899,-81.939799,0.213177
-32.892272,-200.630445,-93.183490,0.229704
-22.631169,-344.296531,-58.810412,0.285193
-28.564696,-281.544521,-85.606740,0.518212
-49.089780,-147.453970,-95.741745,0.155170
-27.233218,-294.866333,-85.444423,0.257586
-22.534232,-349.879849,-64.682368,0.112688
-19.778597,-337.080456,-68.287379,0.178624
-36.177188,-156.690078,-93.810445,0.193085
-52.025195,-156.384880,-90.737064,0.071850
-45.991998,-379.233662,-62.136436,0.204547
-34.207704,-373.557320,-94.917662,0.195837
-28.100561,-349.286979,-56.095420,0.182834
-39.884708,-127.698099,-69.775503,0.206034
-40.163438,-145.825153,-95.919149,0.217679
-38.857311,-148.744367,-85.872593,0.151712
-38.414774,-171.638676,-86.915513,0.057883
-25.661525,-143.034808,-67.715747,0.188205
-31.830562,-218.823444,-88.122851,0.181537
-30.756299,-297.026442,-83.677740,0.859661
-27.926325,-123.665762,-76.135152,0.179528
-24.990328,-318.590673,-71.204477,0.168451
-22.210010,-270.043346,-84.191842,0.000001
-21.453050,-334.524416,-76.788813,0.000001
-24.737509,-360.670977,-69.575356,0.157215
-53.335258,-146.924864,-91.831055,0.181864
-44.483493,-172.133264,-89.668527,0.078975
-16.503909,-344.982623,-71.661196,0.335535
-25.193415,-328.999960,-72.262437,0.014258
-30.698619,-364.403304,-53.585652,0.230899
-20.161735,-355.270360,-73.243240,0.127114
-42.080856,-159.658052,-95.296873,0.095798
-26.861351,-343.484031,-76.365095,0.000001
-19.182711,-366.304336,-87.236213,0.236156
-30.639332,-215.195235,-86.110692,0.218725
-22.011212,-338.648705,-87.884973,0.174123
-23.138912,-356.273218,-89.478047,0.163358
-37.720848,-141.452677,-76.364144,0.273259
-25.682615,-379.985825,-66.783137,0.176611
-20.448186,-312.094865,-87.209948,0.253741
-28.499552,-146.334764,-75.530511,0.376475
-18.664800,-307.235570,-86.070291,0.355253
-30.334042,-266.039620,-85.128431,0.826966
-26.953331,-377.100884,-89.978111,0.111108
-43.251095,-128.233072,-66.559145,0.205418
-18.932281,-253.581631,-86.520012,0.767005
-29.330958,-326.110978,-81.323406,0.454872
-23.782819,-351.227262,-63.456146,0.102906
-37.323511,-357.279262,-58.905822,0.228209
-20.066636,-314.569314,-78.846624,0.000001
-19.150910,-368.841388,-65.958248,0.171698
-26.836615,-247.831143,-87.236122,0.021536
-19.956404,-325.358537,-66.632276,0.462265
-28.068940,-358.683841,-90.499726,0.197108
-18.403512,-333.337500,-82.436183,0.070797
-42.210237,-162.929966,-95.692685,0.088019
-27.315025,-224.897584,-91.638081,0.325917
-33.456855,-120.978259,-77.060628,0.149863
-31.191906,-229.369633,-86.642015,0.292919
-42.063322,-370.523410,-56.228284,0.181051
-30.269872,-149.985136,-81.300512,0.318788
-33.334265,-371.178349,-72.971799,0.060353
-38.505544,-369.572381,-70.071891,0.193911
-32.406713,-370.889895,-90.760251,0.238016
-22.032134,-141.896661,-71.342556,0.177601
-37.775127,-176.748603,-83.061340,0.345337
-53.073029,-154.506250,-101.028544,0.186629
-28.901708,-372.645054,-58.626191,0.076372
-22.253697,-374.871928,-85.692230,0.132026
-28.259440,-367.092886,-65.728066,0.201469
-23.521814,-368.624360,-57.010494,0.185621
-37.196072,-360.269318,-71.890605,0.230489
-32.601504,-218.056135,-86.559165,0.460875
-22.083368,-333.597135,-75.508410,0.000001
-36.584972,-147.671201,-80.996845,0.142137
-42.275299,-123.759851,-70.787540,0.185963
-22.018912,-128.491041,-73.999603,0.196970
-30.855514,-135.130706,-66.006680,0.285645
-48.804955,-161.754359,-92.138963,0.067473
-39.877126,-376.229659,-84.179914,0.168451
-35.446261,-218.130869,-89.384710,0.737866
-19.298902,-304.396309,-79.714321,0.000259
-29.483528,-132.112694,-68.812484,0.347255
-44.989260,-146.883271,-96.141006,0.224843
-21.232258,-361.737220,-63.824956,0.177397
-15.560929,-309.348136,-77.652706,0.601993
-38.095081,-190.893853,-90.178958,0.029175
-28.286794,-317.573782,-85.532479,0.479838
-27.992483,-242.479250,-81.609295,0.811849
-34.976464,-161.492494,-97.061860,0.460818
-28.850948,-140.670501,-72.985801,0.289885
-21.204818,-368.338991,-52.563510,0.113587
-18.278113,-348.479535,-80.140962,0.125162
-19.728638,-342.870520,-69.671811,0.103230
-31.578338,-154.513252,-86.543259,0.223729
-20.191774,-347.227251,-82.654145,0.113524
-21.305659,-257.633421,-86.115855,0.062032
-29.698076,-371.470117,-51.350962,0.062021
-31.843260,-354.645434,-70.448973,0.209630
-24.292344,-242.459912,-82.951759,0.176386
-24.515618,-368.026982,-55.707461,0.201304
-29.712632,-225.330448,-85.602910,0.177483
-31.493489,-279.487133,-82.961730,0.802315
-36.596599,-371.931528,-92.304824,0.194781
-21.612344,-272.998105,-88.893093,0.392192
-42.822482,-137.915296,-77.625619,0.300071
-25.741062,-254.472682,-90.661111,0.570903
-25.951733,-358.322828,-95.627060,0.198733
-39.024717,-179.016031,-85.476548,0.047523
-27.916847,-363.977225,-63.980696,0.246178
-38.813873,-153.191751,-79.786937,0.197857
-19.045490,-370.302100,-79.638291,0.183773
-23.579607,-217.204708,-88.876555,0.744073
-20.533327,-267.607767,-81.680589,0.031806
-16.454872,-364.819077,-86.283008,0.278271
-40.065365,-144.770474,-94.223316,0.227099
-37.055753,-368.835946,-91.925486,0.212423
-24.663055,-378.385205,-52.728885,0.097064
-36.669048,-368.676662,-98.283474,0.158133
-36.108116,-360.716751,-94.044982,0.200015
-33.827981,-353.409258,-58.662405,0.283213
-38.403751,-370.202212,-89.431647,0.214517
-27.689392,-265.787465,-89.568094,0.662716
-47.932610,-171.549276,-92.743212,0.077818
-29.877160,-164.264531,-81.972774,0.581238
-39.124258,-147.790378,-91.355285,0.185260
-44.610395,-152.067129,-87.118317,0.132799
-38.257221,-132.114365,-77.909097,0.213600
-22.956421,-263.125021,-89.649253,0.508083
-31.875524,-152.486372,-79.518193,0.328005
-23.879334,-134.144478,-72.971565,0.301859
-32.203814,-141.701459,-72.145723,0.313597
-18.295551,-269.430681,-89.165748,0.771406
-40.703993,-149.675243,-88.751941,0.194798
-31.875992,-143.531272,-64.124085,0.196283
-38.734460,-141.575432,-98.719555,0.178777
-21.183821,-368.015986,-82.475825,0.210481
-27.521863,-141.042383,-69.982140,0.232039
-39.734949,-373.999940,-86.915699,0.145780
-25.396555,-314.346116,-81.717852,0.000001
-27.962717,-378.234101,-54.016531,0.098596
-30.487725,-354.509226,-50.751850,0.182371
-27.678772,-262.083588,-82.662301,0.295442
-27.751555,-366.806938,-53.013740,0.182243
-35.799401,-197.460030,-91.424425,0.088308
-19.050854,-363.847969,-75.125350,0.212106
-29.246745,-143.155044,-73.500465,0.299218
-25.071452,-136.788741,-67.995895,0.290756
-21.367431,-313.776504,-67.342608,0.568154
-26.468359,-353.022587,-82.438860,0.112843
-38.164118,-184.697751,-91.046149,0.000001
-26.787057,-367.808490,-81.901535,0.226019
-29.742596,-357.698145,-80.503391,0.143840
-24.782169,-288.544506,-89.942947,0.581569
-33.173142,-368.986845,-50.969080,0.149257
-29.434064,-305.636302,-86.704145,0.622135
-28.479531,-349.394234,-66.488002,0.146220
-45.787169,-174.840252,-94.732761,0.198603
-44.142775,-162.892378,-89.789842,0.094679
-21.178983,-224.540005,-88.252493,0.743087
-38.982050,-371.419907,-53.932492,0.156178
-28.280719,-328.455216,-85.320076,0.297798
-18.705091,-135.774203,-71.190437,0.167973
-19.576687,-333.227635,-88.838086,0.431570
-56.395920,-155.555121,-93.577714,0.151212
-41.043802,-156.544780,-88.792499,0.115016
-33.010973,-218.053416,-89.194524,0.281524
-33.705968,-369.745083,-82.447779,0.172137
-47.075544,-152.473720,-80.760757,0.375403
-17.640449,-297.319300,-78.486074,0.276240
-22.645230,-131.987098,-81.747918,0.161458
-47.234884,-375.240489,-63.561040,0.196701
-23.918370,-315.139219,-80.621165,0.000001
-31.754138,-350.203721,-67.024304,0.331401
-20.276157,-362.079376,-72.629957,0.197138
-25.455345,-374.108618,-79.994728,0.123110
-36.389034,-136.284059,-81.265027,0.241090
-20.270789,-335.650940,-78.201296,0.001451
-42.202549,-167.873575,-88.254718,0.074577
-37.285109,-367.053331,-55.955744,0.283717
-21.169313,-374.583759,-66.849430,0.185705
-31.089299,-351.094649,-89.734614,0.346998
-27.756944,-259.489792,-89.649442,0.716184
-32.905284,-206.328368,-89.227439,0.072928
-27.867688,-364.839286,-66.141475,0.243949
-17.808365,-309.326934,-79.746878,0.127667
-24.189460,-273.051579,-86.657801,0.011020
-38.380043,-172.525204,-84.347590,0.108683
-29.704243,-199.261446,-92.582903,0.505191
-24.786973,-358.898666,-55.091456,0.153457
-45.768112,-143.705247,-91.356137,0.246118
-21.764336,-338.828661,-67.683640,0.072659
-26.928704,-260.512300,-81.532949,0.348541
-29.813625,-348.054299,-81.274048,0.132932
-38.247164,-151.445354,-98.535979,0.251197
-30.090255,-319.772222,-86.169085,0.723325
-37.312395,-155.346528,-86.320863,0.148056
-29.340422,-345.049467,-61.849814,0.272349
-28.155767,-354.528612,-58.603063,0.150218
-34.730977,-360.970420,-67.810913,0.247987
-32.257303,-358.681680,-89.257073,0.230054
-22.106935,-358.151988,-83.210381,0.160898
-35.973931,-367.155881,-70.497334,0.143185
-25.739261,-296.498885,-88.736762,0.590588
-41.424046,-177.171464,-94.208994,0.020385
-35.677035,-169.006252,-90.331065,0.098309
-29.211598,-242.782720,-89.149962,0.236624
-26.200863,-264.441403,-88.950382,0.283348
-33.098956,-154.892958,-94.136042,0.409475
-39.209246,-371.108112,-79.327385,0.244545
-35.626642,-156.118153,-87.953281,0.139410
-30.317085,-363.685075,-67.951836,0.251865
-42.556005,-148.196886,-88.042348,0.175205
-36.946424,-176.653352,-81.388631,0.631099
-26.206619,-337.467203,-77.294405,0.000228
-18.956033,-348.193328,-88.273866,0.189818
-38.838465,-384.661100,-60.222671,0.193380
-17.381382,-334.937808,-76.615051,0.171495
-18.916739,-256.607203,-89.661361,0.841196
-19.381737,-335.047344,-75.404379,0.018851
-19.991444,-338.787754,-84.624960,0.082020
-31.312667,-360.504548,-80.969787,0.184655
-39.810578,-363.024816,-61.735585,0.177362
-37.721330,-370.100585,-60.310931,0.193747
-18.641116,-364.451307,-66.313494,0.195093
-28.000102,-353.726468,-61.712268,0.138245
-29.590752,-369.091364,-83.984812,0.227791
-39.334512,-379.851908,-88.912321,0.205276
-30.599544,-185.392809,-88.301428,0.175432
-36.407373,-376.285317,-98.633723,0.192944
-43.125842,-187.470995,-85.927844,0.645340
-30.839846,-351.917423,-77.874364,0.131890
-21.141740,-347.551756,-75.381887,0.024916
-24.335227,-140.757172,-65.699425,0.267400
-26.988172,-346.203241,-82.459714,0.091555
-45.282683,-166.820026,-88.447143,0.101968
-36.263251,-375.358490,-77.524633,0.233574
-23.648129,-337.283680,-79.807527,0.000449
-21.643711,-370.728562,-74.341928,0.135147
-44.600888,-136.267916,-76.794427,0.223861
-35.410065,-145.781402,-78.969057,0.218517
-41.627260,-152.725103,-93.679159,0.130112
-18.291858,-371.544242,-92.862239,0.113753
-24.976281,-366.226258,-77.926000,0.204941
-35.313407,-160.686455,-90.499213,0.127534
-27.088590,-202.513730,-82.849191,0.790235
-52.458513,-163.607899,-93.599334,0.061527
-19.868476,-354.690724,-79.417215,0.125449
-27.111178,-292.997518,-82.922197,0.051863
-29.212674,-232.807026,-83.274266,0.521729
-52.725470,-171.303555,-90.876175,0.347533
-37.034237,-374.698571,-47.511889,0.140878
-38.643901,-181.198611,-87.413287,0.001173
-21.455793,-373.497859,-71.246943,0.166602
-35.837522,-130.680575,-73.922536,0.245819
-25.248044,-138.185675,-69.278940,0.241155
-27.202583,-346.059359,-70.519282,0.048894
-24.062114,-323.650297,-81.278433,0.000001
-15.617458,-335.933422,-77.341638,0.499818
-18.670675,-334.564401,-83.967093,0.074576
-25.864312,-311.539889,-82.849267,0.000780
-41.852619,-366.838651,-51.016694,0.196100
-28.075635,-365.054389,-88.814104,0.284100
-25.173568,-331.445108,-79.181981,0.000001
-34.065546,-139.742656,-62.720985,0.214992
-16.218420,-294.920896,-86.714053,0.778230
-36.550397,-368.478540,-79.740592,0.186778
-30.719215,-139.031976,-67.780462,0.301310
-27.354105,-360.712937,-85.466370,0.190456
-23.452008,-323.003869,-85.094161,0.049338
-41.645591,-378.698315,-57.774860,0.191003
-33.683120,-133.243595,-63.984249,0.251467
-32.531094,-367.531691,-90.876269,0.233495
-26.258074,-242.407453,-81.335798,0.628273
-26.298347,-347.898078,-81.025798,0.056613
-36.904974,-373.112204,-46.497552,0.151949
-38.466296,-129.737177,-68.443337,0.225802
-26.026363,-258.944053,-81.416216,0.249288
-41.333149,-172.321539,-87.499934,0.058426
-23.577605,-269.519186,-85.592836,0.000001
-35.511327,-189.593884,-97.680711,0.800326
-40.724043,-172.466594,-85.610833,0.109081
-38.156558,-367.767182,-79.311198,0.242467
-19.826631,-356.598764,-72.184369,0.149053
-25.390458,-338.457818,-79.599355,0.002502
-23.462876,-367.114131,-86.318516,0.221427
-54.166548,-154.202074,-88.914978,0.110087
-55.024834,-151.733717,-89.107818,0.194974
-35.320439,-366.709359,-66.387201,0.180068
-21.823938,-355.152194,-72.724491,0.105353
-14.984473,-373.879164,-90.993214,0.141022
-24.074022,-371.343690,-80.272588,0.149752
-21.234810,-360.100802,-53.347822,0.167313
-38.513476,-179.399923,-87.176996,0.003603
-27.234125,-374.596325,-70.808325,0.067098
-23.879762,-356.715810,-87.246014,0.159713
-40.824850,-152.890292,-102.300669,0.296283
-19.337422,-260.134818,-86.777023,0.532703
-42.112251,-369.039770,-91.709527,0.189400
-51.020863,-147.573460,-94.076558,0.184046
-24.360608,-306.532678,-81.731437,0.000001
-27.458567,-139.545572,-75.362737,0.279302
-22.615992,-250.890493,-84.276861,0.001467
-29.507619,-312.586161,-86.947127,0.622075
-32.257861,-147.725199,-88.685638,0.310517
-29.240607,-363.245958,-52.785092,0.226240
-38.880281,-166.692259,-84.316310,0.129669
-41.513590,-167.737631,-91.337869,0.064840
-23.304470,-245.788230,-87.111024,0.005768
-57.393698,-154.751296,-96.979449,0.220474
-58.581068,-155.778643,-87.585740,0.189336
-46.614038,-149.215070,-94.536897,0.232481
-24.936039,-343.554853,-85.259937,0.119535
-26.514453,-367.790900,-66.552566,0.165418
-41.935219,-127.357725,-65.101503,0.213760
-45.197605,-170.171699,-90.650832,0.082641
-32.405803,-124.626091,-81.783859,0.136215
-15.839334,-358.380836,-90.395989,0.193422
-37.070482,-200.535278,-94.784084,0.778396
-23.006324,-219.764412,-87.084023,0.793369
-18.751957,-327.831017,-81.785173,0.019909
-22.708867,-248.349554,-79.567704,0.875615
-34.755486,-165.595767,-87.376101,0.112685
-31.096747,-211.784085,-82.178875,0.955293
-23.112179,-348.723365,-77.968882,0.018686
-21.218593,-362.174328,-78.717119,0.192976
-27.438341,-256.682743,-82.744377,0.292696
-34.948081,-218.230598,-86.640966,0.906609
-29.454875,-296.990467,-86.165358,0.637812
-48.184475,-173.231794,-89.446977,0.146540
-36.338860,-357.492022,-61.216257,0.249552
-21.687827,-360.957801,-81.076773,0.180416
-26.551484,-348.241116,-75.636438,0.000001
-25.228000,-196.869337,-85.687427,0.591703
-27.346642,-246.850461,-78.750382,0.806701
-28.311690,-187.110551,-90.425956,0.621300
-30.074453,-135.161625,-79.652363,0.255409
-22.478771,-362.992813,-52.402976,0.156722
-24.682100,-356.451979,-63.915433,0.138014
-23.951303,-125.936099,-72.927525,0.207176
-19.308997,-295.448762,-74.209725,0.438388
-50.068275,-161.101608,-87.018685,0.106186
-27.726292,-239.160878,-82.196211,0.590238
-25.932644,-361.653806,-93.827545,0.180969
-36.954519,-364.891235,-66.958753,0.199747
-18.526491,-132.968275,-76.097580,0.184429
-42.257302,-374.152462,-53.649584,0.184685
-31.701148,-343.724347,-78.859404,0.400725
-30.393975,-187.223635,-94.127680,0.691200
-22.868009,-372.098309,-91.838268,0.119196
-40.941906,-172.601419,-83.010936,0.289822
-18.451193,-361.855281,-70.579991,0.182318
-36.270084,-368.848638,-60.929705,0.232697
-32.780312,-158.371922,-92.917725,0.445524
-30.139882,-355.059306,-70.615903,0.137416
-37.135406,-170.244866,-89.630135,0.061391
-40.140654,-122.429641,-76.521652,0.159496
-27.012728,-339.698780,-90.454262,0.393682
-13.697206,-355.954528,-88.355965,0.192648
-46.687064,-149.505074,-90.494748,0.193380
-27.363977,-307.731328,-78.694506,0.288696
-25.734082,-130.777940,-69.423179,0.264615
-21.819024,-259.476406,-78.063767,0.730133
-49.002889,-170.060607,-84.926024,0.220451
-22.929262,-381.756068,-57.159472,0.159935
-32.580079,-348.615121,-85.220808,0.391806
-24.220870,-349.919694,-86.217526,0.138088
-16.123338,-277.572398,-81.858241,0.663688
-35.880349,-368.673439,-47.477481,0.170398
-38.412803,-377.402923,-82.740606,0.164006
-25.085753,-140.065329,-83.621447,0.209012
-16.076807,-362.927851,-86.078476,0.223301
-28.000873,-217.136391,-85.875336,0.062020
-29.572972,-137.251455,-73.003111,0.322537
-34.248090,-239.276138,-90.332060,0.695830
-34.677078,-376.419749,-75.295662,0.229448
-39.594732,-148.520904,-83.330359,0.126661
-33.022347,-184.463860,-87.693731,0.004072
-48.505174,-166.040429,-90.467332,0.092459
-29.460038,-374.362040,-83.119986,0.103995
-17.685951,-351.846582,-80.095287,0.149355
-43.884439,-158.240560,-89.523804,0.103530
-36.499028,-367.641362,-94.288002,0.197111
-25.619698,-349.629848,-80.497734,0.040996
-23.416787,-366.974233,-53.025530,0.175075
-21.850523,-363.057641,-59.856462,0.177754
-31.784762,-353.411345,-84.219538,0.215278
-37.176145,-138.280573,-77.749562,0.284690
-31.248386,-361.222596,-51.246009,0.228333
-32.640700,-380.896737,-82.987740,0.207116
-37.726064,-362.760946,-68.021610,0.226460
-30.183159,-159.274853,-88.151115,0.453792
-24.381171,-368.152928,-66.358966,0.195880
-32.857595,-217.793777,-81.923803,0.786566
-26.389016,-221.202911,-83.323688,0.659199
-25.296448,-299.290781,-72.157578,0.692504
-46.412826,-143.001947,-92.916606,0.212278
-27.438197,-253.127891,-92.635158,0.715338
-23.996857,-342.661575,-76.668746,0.000001
-26.282618,-370.076015,-63.392414,0.174470
-21.764241,-354.364774,-79.711915,0.091526
-35.434973,-121.965461,-76.829421,0.143496
-28.477438,-328.470903,-73.774911,0.443684
-20.205071,-365.623152,-83.711550,0.245529
-28.474176,-351.537842,-84.288620,0.151316
-14.530454,-363.773762,-85.747287,0.243029
-37.139746,-160.058468,-96.918411,0.253315
-33.332869,-131.256250,-59.074596,0.153997
-27.612790,-332.471149,-77.672296,0.059311
-18.636747,-280.271765,-85.724121,0.318618
-17.582877,-303.127723,-86.692806,0.645502
-59.050459,-157.931846,-92.482874,0.192244
-21.443794,-335.652043,-73.812567,0.000707
-36.657616,-135.305377,-70.741772,0.311572
-37.259568,-380.251267,-94.071369,0.228245
-36.112483,-358.532847,-66.258302,0.242890
-34.856624,-365.032795,-67.606628,0.230592
-52.188511,-161.536848,-90.355401,0.075916
-34.048740,-375.242555,-68.867651,0.198724
-16.661260,-321.521835,-73.181428,0.515768
-53.809794,-167.322168,-86.915205,0.300146
-35.593921,-129.269623,-60.044646,0.203433
-54.753920,-153.463964,-93.539570,0.221513
-46.378907,-170.229234,-93.821591,0.064135
-24.560232,-271.369818,-85.892463,0.000001
-14.419566,-371.031623,-89.350514,0.182363
-21.876678,-138.148631,-71.528532,0.254609
-24.922182,-380.342386,-58.266590,0.133386
-41.667732,-380.252086,-49.433806,0.114967
-31.995368,-369.790282,-78.252247,0.092240
-31.147223,-123.325926,-65.065405,0.229103
-20.805751,-275.423993,-90.460641,0.803219
-27.906363,-328.364529,-69.441391,0.450103
-17.768994,-311.420990,-73.632382,0.476630
-40.387534,-167.194732,-89.437593,0.067866
-37.857087,-380.146831,-98.327763,0.203636
-20.417431,-288.040331,-80.218242,0.000001
-28.299204,-271.035447,-89.955240,0.673371
-24.500054,-357.698690,-85.792110,0.166180
-34.290634,-191.432015,-81.260678,0.786892
-24.159391,-361.725531,-61.866338,0.176237
-34.712133,-147.415980,-91.958869,0.296935
-36.441300,-369.218749,-58.808192,0.255693
-17.301579,-298.701537,-73.551153,0.597104
-37.182683,-180.515133,-86.383619,0.007020
-31.025016,-200.060687,-93.942482,0.559210
-41.419658,-155.811373,-86.614051,0.143403
-33.929530,-361.774456,-74.014452,0.331002
-29.440409,-344.107648,-85.139173,0.227683
-16.433478,-378.333344,-84.386123,0.204487
-36.475732,-355.435273,-56.243252,0.239838
-53.074930,-149.339369,-85.659815,0.209785
-33.333631,-225.951007,-83.140549,0.860643
-30.263505,-355.831661,-75.348216,0.079980
-35.207611,-214.086286,-90.512131,0.546331
-26.660512,-275.640023,-83.234188,0.030732
-26.926546,-245.100376,-78.551766,0.813428
-29.480956,-362.791600,-81.289699,0.204148
-26.639512,-363.904191,-61.126578,0.233938
-23.323874,-349.556793,-76.374554,0.007789
-37.339663,-371.782436,-55.893042,0.145641
-38.717046,-198.343422,-89.010404,0.637493
-16.620826,-332.239327,-83.545224,0.334592
-27.465031,-309.309842,-77.440063,0.463775
-25.008418,-374.406866,-95.490749,0.056883
-37.859489,-377.041562,-67.098994,0.228803
-16.813006,-273.284591,-78.493557,0.619029
-45.923784,-171.520029,-91.846458,0.069829
-36.259555,-364.403451,-85.825733,0.254986
-37.910900,-364.495607,-91.830528,0.255344
-45.407260,-168.758617,-85.178741,0.186770
-28.857272,-376.565019,-89.665625,0.122105
-21.851443,-257.359508,-91.581562,0.805596
-30.552640,-171.342307,-90.982115,0.478689
-44.198988,-366.501471,-59.716993,0.158973
-54.382912,-155.107485,-87.347204,0.104501
-30.423739,-384.005766,-62.546550,0.171695
-26.678597,-363.700875,-88.251834,0.239977
-34.285856,-129.841223,-65.530243,0.203333
-18.381418,-328.551019,-70.739727,0.341703
-22.002280,-365.895809,-62.272900,0.252318
-15.090811,-338.932977,-83.237387,0.434748
-21.980098,-365.349037,-69.705230,0.233080
-27.661467,-145.554521,-81.043047,0.363583
-26.539007,-348.183939,-87.970636,0.169138
-16.883653,-376.309357,-92.100592,0.092397
-22.212959,-364.360856,-74.952442,0.226503
-28.068967,-383.629775,-91.161800,0.157963
-22.036955,-374.296832,-55.598425,0.064458
-26.858687,-322.554178,-82.804122,0.082205
-46.713549,-372.108585,-54.634834,0.174028
-29.837180,-355.997243,-87.243451,0.208785
-35.409279,-151.183627,-86.384567,0.150152
-30.327649,-146.438924,-88.197491,0.436448
-23.349209,-344.119493,-75.075123,0.000001
-25.114094,-340.343339,-60.352795,0.220115
-25.834447,-274.145517,-87.144865,0.071432
-20.746415,-276.762810,-80.863864,0.000001
-27.826519,-259.065678,-84.889001,0.125445
-23.179063,-323.713043,-83.282226,0.009192
-25.654962,-364.753055,-92.683997,0.213608
-23.385389,-368.725321,-83.259603,0.188173
-38.096539,-372.930929,-92.640875,0.199647
-17.870862,-295.176978,-81.322322,0.149333
-35.789489,-140.314813,-77.106933,0.296926
-21.433387,-381.904743,-86.512375,0.151470
-26.788679,-310.774966,-88.630823,0.516605
-41.076209,-375.541131,-91.892863,0.237983
-36.727957,-373.837647,-61.828633,0.108761
-26.028535,-232.108964,-89.299965,0.066338
-25.811699,-123.369903,-76.733901,0.178804
-27.954739,-350.168826,-80.087998,0.059740
-35.843408,-385.321667,-56.874127,0.183806
-36.209256,-148.025169,-95.267917,0.331414
-18.361007,-283.998492,-87.959518,0.752143
-43.778925,-141.530468,-93.736392,0.206149
-25.054590,-367.713942,-61.044597,0.215384
-30.536015,-372.433745,-71.657611,0.041112
-28.841573,-310.047953,-87.448840,0.561506
-43.744655,-165.901634,-93.591790,0.074916
-25.280865,-224.125565,-83.769760,0.482803
-19.226579,-358.317321,-85.237151,0.183555
-34.741735,-383.960494,-56.455046,0.182950
-40.603258,-379.438033,-61.247785,0.190699
-36.131373,-145.409584,-80.810647,0.166477
-29.709041,-148.991425,-86.399612,0.378609
-24.786263,-325.915603,-82.243657,0.011103
-34.917072,-366.004002,-64.485066,0.236596
-32.705175,-193.694144,-92.878299,0.103900
-50.594556,-162.574640,-83.474288,0.166696
-35.347393,-128.012909,-67.732673,0.228512
-26.054139,-131.074022,-67.321307,0.200497
-33.527869,-358.967341,-57.543354,0.230136
-21.996739,-278.827487,-82.403098,0.000001
-35.820088,-367.112019,-73.310756,0.125027
-49.302766,-159.839500,-94.972666,0.094349
-19.741638,-353.360273,-73.025830,0.116755
-31.542007,-243.629187,-84.111399,0.869479
-27.041854,-359.767766,-69.225545,0.128693
-22.453530,-291.777698,-83.877907,0.000001
-22.345808,-345.201237,-78.856853,0.013112
-24.335801,-358.058419,-79.783383,0.112841
-24.974236,-363.179266,-71.343334,0.218686
-34.460584,-196.280276,-83.098047,0.947444
-20.470691,-288.193048,-87.540862,0.232543
-25.965139,-140.830125,-64.771415,0.287909
-26.456642,-370.794999,-92.776600,0.136012
-19.674625,-288.108255,-89.789556,0.756401
-29.138058,-377.028617,-73.945407,0.129940
-48.208822,-372.081862,-52.146562,0.146327
-40.650740,-179.649252,-91.531052,0.000222
-58.490825,-155.635199,-90.882856,0.154790
-33.464777,-360.005947,-67.144979,0.214170
-18.227329,-271.585947,-89.106137,0.794512
-40.254051,-182.541359,-88.774297,0.006952
-22.041297,-265.794220,-84.637836,0.000001
-18.440800,-374.768003,-91.309423,0.067179
-45.200895,-169.138549,-100.308182,0.401418
-33.496316,-359.994340,-50.143025,0.226445
-42.671027,-140.772804,-79.430741,0.276133
-33.633695,-235.767309,-92.577413,0.618781
-37.206648,-131.085176,-75.210985,0.248623
-36.408304,-373.753361,-49.040714,0.112312
-20.197309,-230.932226,-85.362801,0.707218
-26.742280,-369.901480,-80.210651,0.141390
-20.358968,-368.513392,-67.835667,0.176126
-33.986601,-374.699987,-55.667017,0.090168
-22.279175,-364.996091,-77.147995,0.218474
-24.126748,-372.177524,-86.111786,0.136905
-45.947942,-165.347375,-91.433749,0.086194
-32.301141,-354.661381,-92.968913,0.266160
-31.295530,-359.785919,-76.189950,0.155083
-28.650898,-363.354924,-87.801578,0.220863
-26.767458,-351.650002,-73.205472,0.024070
-31.282972,-364.224443,-75.437120,0.256746
-38.161456,-376.976762,-87.846892,0.182800
-24.795884,-377.683131,-67.312569,0.147905
-21.568253,-371.219394,-93.603945,0.077512
-28.262220,-379.475256,-83.238779,0.174700
-27.355457,-141.627272,-81.234455,0.273542
-21.158772,-279.117818,-80.745906,0.000001
-19.712939,-339.367280,-73.752568,0.040787
-33.763479,-146.728939,-78.322194,0.268693
-16.788899,-369.533632,-81.680109,0.191411
-32.821779,-134.249923,-75.269705,0.343722
-20.020820,-369.648508,-90.457308,0.161582
-46.914142,-160.367151,-83.435032,0.210672
-32.248783,-234.808630,-85.196861,0.860076
-28.399939,-364.874718,-73.350049,0.190437
-27.090846,-379.428733,-79.927943,0.208182
-28.686313,-378.835938,-48.621909,0.077396
-38.872365,-147.967143,-98.814399,0.258949
-35.157870,-353.796164,-59.838347,0.266267
-31.427887,-359.526155,-72.782090,0.165469
-31.503012,-197.667876,-82.582608,0.972864
-23.127604,-292.564380,-76.285380,0.006036
-41.466887,-377.590049,-61.349692,0.190033
-28.545592,-203.848566,-88.913888,0.033082
-29.007517,-133.602794,-80.091660,0.240645
-28.132258,-127.214769,-67.771952,0.168144
-22.231786,-380.220558,-72.832420,0.198952
-57.324524,-159.184122,-89.970856,0.126229
-20.865426,-358.607086,-81.174728,0.166053
-26.808687,-200.801781,-89.102937,0.577312
-21.480448,-377.830495,-61.394512,0.119667
-17.965598,-337.827092,-84.053933,0.114397
-26.374575,-274.566831,-89.233365,0.678582
-20.398453,-340.558924,-77.516547,0.014379
-22.518838,-276.472587,-78.921679,0.016370
-28.569233,-131.243837,-75.895444,0.283441
-22.859724,-347.846318,-85.870266,0.125125
-31.558238,-354.836336,-72.636734,0.153245
-16.735743,-278.591849,-79.735196,0.599722
-30.969010,-352.265416,-67.581722,0.221636
-28.921254,-353.686895,-86.616062,0.197293
-28.917992,-205.680265,-91.225113,0.131701
-40.658843,-364.990671,-63.856561,0.135997
-18.486313,-290.143946,-83.387996,0.085429
-26.897291,-215.487763,-80.958560,0.762070
-15.152314,-327.736719,-82.657440,0.572539
-29.538559,-260.472064,-86.265294,0.466459
-18.957306,-325.218232,-85.198586,0.123594
-20.124070,-356.631373,-86.938928,0.180113
-39.630416,-165.275139,-91.129036,0.073365
-13.722883,-366.108158,-86.676489,0.170307
-22.385716,-263.262775,-84.881398,0.000001
-28.533857,-317.848642,-79.917295,0.378924
-25.733064,-140.022278,-73.883864,0.287278
-26.972605,-289.965274,-83.480807,0.059453
-34.522602,-363.133616,-97.689424,0.212681
-34.747826,-368.407055,-81.332668,0.203007
-23.545962,-368.450911,-59.092439,0.212734
-24.710062,-342.315076,-79.245164,0.003915
-31.075467,-272.668772,-83.676530,0.888101
-17.835538,-376.517089,-84.087198,0.174003
-30.174370,-354.819870,-85.854701,0.207023
-27.367033,-249.824056,-89.033443,0.164445
-39.570682,-145.918663,-81.569779,0.130997
-23.306900,-348.728833,-90.006652,0.188890
-23.397555,-314.648329,-75.314071,0.008985
-24.399122,-131.353917,-68.341576,0.254256
-23.469231,-258.637809,-92.060669,0.788403
-42.225204,-155.939995,-90.976166,0.083347
-17.282287,-359.867733,-82.214843,0.173071
-23.404133,-132.869443,-76.833041,0.268940
-39.950083,-157.863724,-86.410881,0.137910
-21.824733,-289.665047,-84.600010,0.000001
-31.970410,-225.431090,-91.756479,0.458092
-36.755388,-186.137582,-87.592474,0.000001
-27.542888,-222.515435,-80.034504,0.807502
-25.694923,-125.397039,-70.738475,0.214433
-28.715460,-280.470691,-87.297880,0.762625
-27.551317,-277.155697,-84.048535,0.147372
-22.466489,-354.536415,-88.653644,0.159713
-23.365967,-359.342330,-76.884963,0.131118
-34.679460,-370.287015,-59.782169,0.222805
-44.758103,-182.299502,-90.495177,0.300303
-36.637808,-383.334876,-54.855206,0.160752
-18.533777,-329.845132,-74.476125,0.111272
-20.689829,-365.822277,-89.242147,0.200125
-47.858996,-151.264183,-95.366775,0.207983
-37.956753,-141.735192,-82.695816,0.183452
-36.505390,-359.028379,-75.769489,0.240491
-44.077790,-175.833063,-90.887120,0.055875
-31.133903,-341.711039,-77.857816,0.343339
-33.550097,-159.020706,-85.460494,0.147105
-27.994763,-340.595083,-81.956713,0.092379
-53.882619,-157.561576,-83.904934,0.179182
-17.505465,-370.282545,-78.566475,0.179211
-36.227322,-193.007176,-91.474281,0.010660
-27.719638,-339.290268,-83.358221,0.117578
-20.426623,-346.535606,-67.184497,0.125347
-40.215452,-135.311086,-77.890203,0.254320
-27.554173,-382.858694,-59.557096,0.171031
-31.172406,-356.020745,-49.255423,0.175247
-35.862689,-367.040453,-82.712741,0.226779
-35.753128,-372.546043,-72.749174,0.197556
-46.576407,-159.700994,-96.069355,0.088465
-27.971694,-193.536247,-89.878461,0.685342
-42.192908,-368.573653,-58.733837,0.189345
-35.147137,-183.125237,-92.827215,0.007376
-20.004719,-258.450045,-87.548236,0.553138
-43.554842,-147.228467,-102.852423,0.200178
-36.484404,-159.588445,-80.717586,0.364553
-27.874177,-288.234465,-81.555031,0.400307
-22.778716,-353.111969,-75.656652,0.049545
-25.314850,-123.428969,-64.999337,0.196180
-35.737332,-194.413597,-97.377468,0.737695
-35.470768,-132.769848,-71.117884,0.312250
-39.874777,-131.145488,-61.125561,0.226627
-39.136564,-179.865612,-81.343005,0.622019
-20.390983,-354.385102,-56.217192,0.213543
-32.020027,-379.244285,-62.444218,0.146140
-27.717763,-215.431190,-87.574165,0.011444
-41.234941,-156.193830,-84.769855,0.150480
-28.883874,-144.995801,-73.985414,0.331940
-34.108325,-381.926421,-53.814928,0.139367
-39.566245,-158.271294,-88.623841,0.115182
-31.487426,-273.025674,-86.589814,0.750888
-26.895348,-140.831473,-79.507517,0.274249
-33.141938,-371.783049,-69.337626,0.070392
-46.729006,-182.484557,-89.965998,0.523878
-28.678588,-316.843227,-74.105000,0.618802
-30.795832,-331.181142,-81.527544,0.605839
-22.739289,-379.171339,-60.469963,0.122264
-35.308399,-360.633905,-59.467427,0.288080
-29.579527,-272.516973,-89.021177,0.611487
-50.366118,-150.459710,-94.645093,0.174423
-32.606498,-184.908480,-81.362056,0.753402
-43.844854,-163.325698,-82.857155,0.273589
-22.269371,-293.196811,-78.082534,0.000001
-17.846346,-338.248089,-67.800980,0.419926
-37.005626,-360.954715,-80.641231,0.228368
-38.001585,-365.652253,-65.826134,0.189421
-39.504850,-152.238869,-90.350689,0.154956
-39.892209,-149.305423,-102.608549,0.249871
-27.736613,-263.927856,-86.557107,0.151803
-27.287436,-224.123807,-86.739916,0.003655
-19.103947,-256.951963,-87.260815,0.761466
-20.097744,-248.168064,-88.983449,0.812684
-22.429963,-365.401861,-92.890926,0.177476
-30.476132,-347.966373,-78.051587,0.161536
-29.820094,-358.681914,-89.638884,0.198172
-26.734028,-379.097817,-51.512960,0.080964
-35.362381,-365.173316,-54.872182,0.206090
-21.650618,-332.230641,-69.651314,0.039964
-31.016932,-119.399246,-68.149324,0.209423
-28.714886,-379.467215,-86.996290,0.136381
-27.530194,-125.993313,-82.500187,0.158662
-25.079648,-348.297844,-72.796704,0.008142
-41.318846,-195.875726,-94.770987,0.661486
-19.495870,-357.671446,-89.223053,0.192904
-40.034072,-181.885862,-92.141612,0.000001
-35.832481,-213.675058,-84.816671,0.828284
-42.866295,-138.856097,-70.851271,0.309809
-20.137714,-379.158140,-90.082645,0.089328
-30.289646,-120.973634,-65.458650,0.220432
-30.398053,-258.867082,-90.318420,0.646528
-21.947696,-358.305543,-87.396449,0.174406
-26.076140,-370.453063,-82.211126,0.141008
-33.132954,-357.046074,-80.456648,0.219449
-34.331725,-153.147430,-92.300983,0.243836
-27.177769,-138.394998,-69.852523,0.270462
-34.824417,-360.370420,-95.879369,0.191798
-45.824620,-157.454487,-83.345982,0.230005
-48.278386,-162.577354,-88.895230,0.085406
-16.014447,-351.391299,-73.295747,0.339319
-31.049752,-240.283437,-86.011940,0.487845
-16.740008,-356.006737,-66.739578,0.260477
-26.335409,-293.314774,-86.520290,0.293098
-19.825256,-133.612331,-77.261854,0.186356
-31.952279,-367.313888,-81.735992,0.221197
-30.704890,-237.206532,-91.726211,0.795614
-25.938896,-120.564171,-75.889189,0.189530
-32.068115,-175.690916,-91.695894,0.446869
-41.730030,-170.087527,-88.420535,0.059518
-42.209810,-376.468096,-62.768891,0.179608
-23.706577,-137.500620,-77.410423,0.251583
-27.831725,-128.577252,-70.332261,0.220792
-15.213939,-309.342222,-79.587880,0.648944
-31.494374,-362.296148,-61.374446,0.279654
-27.372120,-366.857649,-78.047724,0.187648
-24.831763,-345.155005,-67.399563,0.071593
-29.140225,-242.541504,-80.021505,0.879908
-30.252158,-348.295300,-66.294634,0.258382
-29.796039,-152.484399,-84.236916,0.369532
-27.137673,-196.937490,-91.042820,0.729308
-50.413369,-150.274568,-97.014852,0.144499
-30.583643,-371.760016,-78.185004,0.057287
-42.928569,-381.683535,-53.012224,0.145399
-33.147770,-148.546320,-94.466812,0.375821
-19.272002,-310.263094,-72.999593,0.281016
-17.042378,-365.040282,-65.495352,0.166040
-31.763780,-135.672765,-76.166395,0.336943
-29.445618,-374.666893,-49.080984,0.040765
-49.509770,-158.258031,-88.365977,0.076465
-41.175661,-175.295935,-99.272186,0.527969
-25.841343,-368.092103,-76.425595,0.115284
-14.945113,-341.023060,-83.079159,0.369368
-20.273981,-363.738618,-66.927854,0.186817
-23.919225,-373.185863,-57.040442,0.067557
-41.447438,-173.956749,-84.414151,0.191853
-19.397164,-369.844590,-73.522634,0.148506
-42.841643,-188.623974,-92.553315,0.620294
-31.230453,-183.751814,-92.498657,0.554957
-32.981675,-370.547195,-79.778477,0.094333
-42.068743,-138.557312,-95.215286,0.195328
-29.806658,-124.795941,-64.575699,0.189539
-35.443446,-142.169839,-80.127726,0.234803
-55.353040,-155.859584,-88.956670,0.089099
-25.162807,-335.988954,-79.681275,0.001987
-30.262841,-354.908286,-64.694508,0.183089
-16.334295,-266.201003,-82.515444,0.637745
-40.915938,-171.066923,-90.576770,0.036178
-26.632535,-230.714256,-94.080636,0.785043
-41.299397,-367.558150,-60.083395,0.199149
-18.233646,-336.566944,-82.524786,0.068833
-19.230773,-358.985596,-78.303756,0.161958
-24.904802,-374.811098,-86.493780,0.105646
-30.677146,-362.609942,-53.659212,0.268436
-35.566866,-119.944018,-76.553977,0.161385
-53.588095,-164.453390,-95.763275,0.193330
-57.990825,-159.535959,-93.011681,0.173428
-22.809412,-305.078275,-81.360053,0.000001
-16.945005,-351.180430,-75.120135,0.254230
-21.058615,-340.907443,-70.910315,0.025706
-34.768277,-378.202055,-88.052417,0.172742
-29.712005,-342.241079,-70.026214,0.262593
-25.102182,-128.304352,-65.526461,0.137695
-38.702740,-164.374796,-85.515181,0.116232
-26.875918,-317.323469,-74.663440,0.380470
-23.327405,-327.117515,-82.324503,0.007137
-42.368941,-369.418174,-50.433075,0.175357
-24.827094,-317.964192,-79.847068,0.000001
-43.596617,-147.172121,-80.959592,0.314995
-24.472024,-261.786147,-89.624855,0.404403
-32.802578,-347.817511,-78.167579,0.339906
-50.178508,-150.475475,-92.420499,0.199399
-47.518910,-370.951828,-63.611143,0.191325
-53.413725,-147.432580,-88.105655,0.148022
-29.845261,-124.395185,-74.441434,0.200967
-20.713004,-262.900414,-81.936940,0.081579
-27.324850,-209.417121,-85.967673,0.120959
-33.953526,-144.618594,-80.076412,0.226786
-20.779638,-292.007630,-77.534385,0.003108
-49.882849,-156.476338,-99.744768,0.230596
-36.194699,-372.609643,-51.397110,0.137974
-33.076182,-376.104940,-76.644095,0.228141
-24.847307,-378.830860,-96.116308,0.102340
-41.922355,-136.585816,-72.713661,0.350328
-37.505673,-360.540244,-65.500371,0.285834
-45.110526,-162.903878,-91.214910,0.093858
-51.515897,-160.607715,-88.529716,0.087331
-15.968429,-296.445562,-77.800720,0.636063
-36.349683,-366.795602,-49.371289,0.211980
-34.040569,-142.021268,-73.569714,0.295786
-19.118641,-360.640944,-69.395131,0.181492
-31.565195,-370.346391,-68.625350,0.038730
-28.225326,-241.046164,-83.318205,0.383777
-39.376236,-179.066129,-90.052942,0.000001
-28.778161,-370.936506,-62.117514,0.100415
-33.697498,-379.135087,-82.858622,0.189220
-24.577305,-257.315780,-83.403551,0.003464
-51.876917,-147.320036,-95.651412,0.137760
-33.928112,-368.475609,-73.804596,0.063065
-25.493271,-340.853293,-68.874073,0.021805
-17.363573,-310.236331,-72.358887,0.631705
-18.921619,-335.973959,-77.095830,0.025346
-42.003036,-169.148050,-84.558583,0.195641
-33.327442,-144.608332,-90.838506,0.437569
-26.380103,-357.373735,-65.173098,0.149725
-16.815664,-354.909414,-89.985502,0.215893
-24.250801,-355.871221,-75.958937,0.052475
-30.766712,-211.272285,-89.269463,0.028804
-52.411652,-150.404745,-98.548784,0.156665
-29.921963,-360.831067,-54.237371,0.207548
-17.617730,-348.290112,-86.346241,0.172805
-24.334630,-339.357079,-71.373070,0.003553
-29.760454,-135.823244,-70.690198,0.352452
-25.907381,-370.602711,-57.861778,0.138062
-37.300358,-357.343604,-52.347429,0.211961
-29.810361,-368.626550,-90.785022,0.243135
-33.546452,-363.979505,-73.051597,0.273175
-38.359688,-367.557697,-59.707622,0.242128
-27.142793,-356.098482,-78.989139,0.079948
-23.274349,-333.097112,-81.581318,0.008766
-22.338280,-317.924263,-78.050220,0.000001
-27.143187,-353.248938,-80.401427,0.081888
-33.156970,-376.849301,-48.862352,0.053661
-37.589921,-164.644442,-87.906501,0.109106
-21.735656,-331.050391,-78.260282,0.000001
-31.389278,-152.736586,-81.665721,0.271927
-38.748940,-365.427761,-57.734762,0.210638
-26.040190,-246.760268,-85.476800,0.000736
-21.506336,-324.842383,-69.799364,0.037741
-25.716870,-260.442635,-83.180131,0.015694
-40.683159,-180.423574,-88.984043,0.004721
-23.249964,-243.569983,-86.333238,0.018186
-19.943162,-342.957751,-77.879796,0.032341
-16.965270,-336.330391,-84.612783,0.215819
-27.139403,-368.852478,-84.656236,0.245549
-26.821690,-140.376970,-77.682332,0.270072
-23.676256,-223.179743,-84.021041,0.691316
-29.848751,-231.439509,-90.598692,0.259334
-25.258282,-125.093585,-75.957232,0.177293
-27.834179,-197.677589,-92.926111,0.804106
-21.796402,-336.255991,-80.773028,0.010091
-24.295830,-351.253554,-83.684563,0.113743
-24.107513,-297.579777,-74.589569,0.347712
-34.197404,-381.454122,-58.945891,0.200564
-22.417425,-346.708119,-87.903052,0.141666
-39.911250,-378.332192,-94.980701,0.229823
-29.805753,-278.246868,-79.998096,0.724701
-18.953141,-314.058599,-81.555063,0.005248
-32.151688,-220.501490,-91.605664,0.344914
-48.007333,-147.179373,-103.341021,0.191756
-30.592335,-259.111888,-86.556514,0.814722
-27.276422,-334.229774,-89.354547,0.476528
-38.136316,-124.689451,-69.327789,0.218704
-31.989729,-351.905200,-86.633866,0.329007
-23.142385,-362.092294,-70.450571,0.190627
-45.007610,-371.648413,-53.845074,0.172721
-23.995812,-350.386055,-79.179370,0.032396
-27.823746,-332.096924,-87.659136,0.480278
-22.267675,-137.222336,-79.052917,0.239261
-34.750033,-167.199931,-86.670003,0.115447
-16.627200,-355.687938,-88.194031,0.185018
-20.143149,-137.679933,-66.082074,0.165982
-30.589162,-375.741353,-60.020097,0.058000
-17.683445,-347.981468,-67.203393,0.323956
-27.843790,-350.060829,-91.058607,0.236146
-29.543020,-348.804239,-68.212331,0.190846
-28.677178,-348.021936,-62.164920,0.171733
-23.015945,-312.692621,-74.408082,0.001563
-25.819206,-259.047342,-91.672873,0.779539
-22.165592,-348.081173,-70.566321,0.060822
-24.023179,-130.105539,-75.896153,0.259177
-17.632436,-287.512367,-80.419932,0.214377
-34.087886,-361.139319,-64.126538,0.279656
-16.965091,-362.325939,-71.703435,0.180158
-27.578415,-215.247116,-94.739241,0.784733
-30.940535,-364.705184,-72.227361,0.225193
-24.840564,-347.476748,-87.228989,0.140712
-27.296908,-361.237020,-81.229856,0.167891
-37.419217,-376.733345,-47.292594,0.124335
-30.177913,-368.883407,-53.482604,0.147159
-35.799553,-361.775755,-83.659891,0.221422
-16.555103,-372.446829,-83.691156,0.183839
-29.283309,-383.897624,-59.431331,0.178206
-46.123624,-375.240392,-62.028429,0.192091
-27.844451,-357.634237,-55.512077,0.156644
-32.427009,-186.379319,-88.304131,0.001772
-33.764493,-159.186951,-89.364303,0.204374
-31.729632,-364.459925,-48.555375,0.159731
-37.990634,-130.407275,-76.786254,0.223228
-21.780905,-371.337748,-76.350929,0.158022
-43.223017,-170.810622,-92.949611,0.035391
-19.089025,-347.329459,-85.383071,0.153649
-47.512320,-141.968231,-97.879645,0.164520
-33.190887,-376.680081,-52.628519,0.076780
-38.414925,-187.981041,-92.584049,0.044568
-19.964345,-306.447954,-76.032630,0.023449
-22.941458,-259.572626,-89.441777,0.338171
-21.150565,-363.091201,-84.732677,0.220345
-24.667734,-308.882719,-77.245391,0.001026
-41.298231,-157.567998,-91.639048,0.082152
-25.976145,-375.964682,-49.310706,0.082857
-30.398857,-356.537453,-67.096023,0.179248
-35.770590,-375.976553,-65.471415,0.106442
-40.870147,-173.723324,-99.776377,0.527923
-36.105524,-361.698139,-66.460721,0.294126
-34.508682,-139.656396,-82.423178,0.246748
-22.971513,-240.953079,-84.528806,0.085709
-38.991079,-156.328616,-89.090386,0.137663
-25.684774,-366.199331,-87.363183,0.252017
-38.050179,-375.482197,-83.492160,0.138505
-38.255468,-382.577084,-93.171906,0.233880
-29.003970,-355.124031,-76.953670,0.063695
-48.479333,-139.732345,-95.895443,0.192747
-49.632049,-169.769816,-86.649959,0.195613
-48.597381,-170.810207,-80.454469,0.257995
-45.695706,-158.808597,-88.593179,0.106586
-25.815553,-368.515562,-74.394167,0.084464
-22.356121,-362.640635,-86.658334,0.209312
-39.328151,-146.579035,-94.329915,0.239825
-30.912470,-341.096446,-69.081316,0.402425
-46.286780,-369.792211,-64.572812,0.174946
-39.020715,-166.143993,-86.130030,0.103328
-31.872456,-364.988435,-92.300015,0.286011
-23.274168,-324.372330,-87.594587,0.243755
-20.810517,-332.882164,-66.349984,0.207473
-37.823234,-192.699395,-97.453555,0.746139
-38.723063,-376.285554,-60.979863,0.196707
-26.280405,-347.173889,-83.969131,0.118701
-45.983336,-156.195877,-82.077998,0.319530
-30.373291,-137.101895,-68.925119,0.333363
-36.134258,-193.575349,-88.033797,0.021204
-24.386234,-137.801793,-73.846110,0.285239
-23.853925,-325.638808,-68.410382,0.085318
-43.626115,-125.918801,-74.833206,0.183345
-51.411264,-162.926362,-81.629676,0.226620
-20.789530,-357.110762,-84.496558,0.171338
-51.893822,-159.761480,-93.848763,0.064011
-42.888541,-144.092012,-99.847653,0.154246
-21.972944,-352.981993,-69.450219,0.120562
-27.346699,-229.231828,-83.774788,0.247052
-41.132473,-149.408341,-81.521492,0.126676
-35.331386,-207.503334,-89.179170,0.338478
-23.945787,-284.932758,-81.085191,0.000001
-28.519491,-367.611193,-84.417122,0.253996
-26.281485,-124.979229,-65.744540,0.182380
-29.506749,-335.490502,-70.936548,0.400890
-21.044853,-307.850423,-72.294724,0.109186
-18.788774,-326.335851,-76.953491,0.028238
-24.551434,-238.628679,-93.444298,0.772691
-24.942907,-363.356024,-66.955990,0.217464
-19.347617,-272.427585,-86.286006,0.175596
-25.043818,-371.469918,-63.114211,0.134858
-39.961067,-149.164809,-78.995302,0.188669
-26.133529,-252.946901,-86.659649,0.019035
-35.069585,-132.254507,-64.826813,0.224753
-23.238391,-227.740188,-82.622726,0.860668
-16.334025,-372.457398,-79.127773,0.201805
-29.863049,-349.207052,-63.115187,0.190203
-48.440834,-171.380942,-87.092326,0.170641
-44.201585,-166.227597,-87.221157,0.117555
-26.734911,-281.504601,-85.159852,0.047747
-49.583117,-178.072143,-91.204199,0.441030
-33.048703,-233.154645,-90.109956,0.843108
-39.985907,-363.435587,-64.375271,0.155175
-19.960725,-270.789069,-89.946359,0.765053
-30.665427,-367.116353,-49.557239,0.111753
-15.807899,-321.730870,-76.973653,0.572378
-30.553440,-358.013632,-96.498248,0.200751
-19.315403,-304.165885,-88.569446,0.677854
-37.119208,-133.754877,-72.379150,0.292202
-39.164370,-164.965896,-89.174240,0.090077
-26.382929,-262.028493,-84.173539,0.020893
-43.863328,-167.565446,-100.775899,0.362300
-16.986316,-334.894968,-82.228764,0.185606
-32.019578,-183.955636,-84.854989,0.215575
-29.952810,-255.838360,-85.901402,0.488436
-33.693017,-378.028386,-47.322449,0.099778
-30.018303,-145.347336,-67.261201,0.184114
-24.286442,-252.409841,-86.078520,0.000001
-24.690385,-342.505210,-66.758751,0.075526
-25.503167,-370.482202,-76.009578,0.103066
-23.921532,-360.873013,-79.527592,0.150645
-25.463224,-358.524545,-64.042979,0.153438
-33.244263,-381.912001,-88.958118,0.166624
-18.661469,-355.051145,-71.948834,0.155620
-25.278015,-373.964324,-83.806303,0.121648
-28.317948,-357.598662,-79.222155,0.108613
-19.191558,-329.355305,-87.676140,0.382200
-21.205641,-283.479125,-72.964333,0.744742
-32.293801,-355.607827,-86.327042,0.258696
-25.740317,-318.107430,-81.475331,0.000001
-37.663252,-372.920875,-72.356277,0.242910
-33.288970,-359.962993,-73.399195,0.241235
-28.755715,-136.379848,-71.872473,0.332829
-22.345255,-376.055485,-91.827050,0.066338
-33.180646,-361.738593,-62.397942,0.280036
-42.356056,-164.671705,-83.362389,0.225463
-41.057468,-165.458445,-86.065673,0.097653
-32.508318,-187.780695,-80.950605,0.639972
-43.280079,-159.411139,-91.375858,0.089061
-22.840644,-248.874014,-84.961768,0.000401
-37.038094,-166.668793,-87.656053,0.104078
-34.604883,-361.732742,-61.038169,0.316854
-47.369930,-154.142829,-100.708791,0.255252
-26.368454,-373.753439,-59.971223,0.076700
-37.280431,-198.674905,-83.496560,0.814612
-45.734441,-154.893966,-96.641988,0.159671
-18.436486,-350.416583,-82.352274,0.141836
-26.917562,-277.063039,-87.268647,0.374728
-22.781678,-358.985602,-78.817585,0.121702
-32.689209,-131.693657,-67.367701,0.265719
-35.734334,-195.338362,-88.517125,0.023326
-43.757594,-161.699232,-94.463517,0.091727
-19.244335,-348.323828,-70.110101,0.141980
-33.952842,-357.911972,-60.726211,0.226076
-14.528997,-362.931384,-90.592276,0.190123
-32.834501,-179.123209,-91.268112,0.205040
-49.000044,-163.210555,-100.882386,0.305184
-47.361771,-158.048278,-95.408319,0.104003
-32.757752,-377.274261,-92.505657,0.184613
-33.362201,-183.511713,-93.231021,0.279358
-25.291486,-374.337869,-81.907135,0.123099
-24.563323,-360.458245,-81.501757,0.147029
-23.720562,-371.537498,-75.043383,0.123629
-45.802263,-149.884824,-100.658219,0.206928
-27.887409,-125.028675,-69.734958,0.216157
-30.608358,-368.734664,-45.988089,0.131654
-37.964750,-130.699309,-66.004721,0.234150
-21.946366,-330.330074,-65.145990,0.206979
-34.832735,-187.761333,-87.109298,0.000094
-25.104620,-341.138726,-81.400239,0.037368
-39.694212,-370.507411,-50.949327,0.189861
-49.870061,-147.929506,-89.190157,0.228493
-33.758670,-364.201086,-83.235354,0.241062
-27.903590,-371.568693,-83.059371,0.102018
-19.857592,-308.407997,-84.797860,0.025042
-32.736916,-371.896618,-86.025838,0.165363
-34.379023,-353.741359,-63.454850,0.310465
-22.674537,-343.221416,-71.526672,0.014218
-27.915714,-262.015334,-80.777136,0.794045
-17.058505,-291.689692,-82.883255,0.445408
-17.359837,-377.677968,-78.359385,0.211570
-24.189418,-144.988093,-77.161862,0.230642
-22.473900,-378.615442,-66.537033,0.174855
-35.446745,-121.434833,-64.734427,0.223081
-43.224641,-368.998727,-66.713689,0.216171
-29.841810,-342.505799,-61.620335,0.427942
-28.393616,-323.733905,-81.633021,0.285269
-41.023053,-129.165006,-63.165839,0.222745
-32.162866,-375.249477,-73.817981,0.180528
-19.250305,-334.125722,-70.795597,0.108736
-26.484663,-142.439785,-77.093080,0.277675
-17.922779,-345.790077,-79.630241,0.130392
-35.947194,-207.144791,-91.436296,0.438637
-49.246064,-156.136186,-90.629255,0.076821
-30.724948,-125.448270,-78.374985,0.160835
-38.484161,-365.953506,-61.046462,0.218884
-19.820580,-358.321330,-76.322590,0.145875
-31.912865,-227.664365,-90.340949,0.355771
-26.107521,-264.565260,-81.102564,0.263007
-29.748143,-381.702623,-92.905499,0.138591
-20.228202,-353.825990,-83.442602,0.147228
-40.120632,-144.007025,-80.110062,0.184615
-34.335987,-378.396853,-67.372387,0.252413
-55.149507,-148.782741,-88.167230,0.177848
-26.464681,-379.358102,-76.460638,0.208433
-35.349310,-363.277651,-72.531501,0.260406
-45.888827,-162.624272,-87.823927,0.100651
-22.504225,-369.622043,-92.219135,0.160622
-35.991888,-152.234881,-84.571706,0.139101
-17.278683,-352.349726,-84.817051,0.174675
-31.916480,-147.945163,-78.892449,0.303913
-29.868025,-379.428826,-80.393672,0.211090
-36.344068,-176.745178,-86.177601,0.040599
-38.231886,-161.903504,-94.022912,0.098011
-24.142898,-337.484518,-77.766789,0.000001
-25.999533,-131.680712,-61.493175,0.166900
-34.420435,-136.276258,-65.650632,0.244504
-22.616077,-370.574041,-64.517121,0.192002
-23.608791,-307.107891,-89.893223,0.494825
-41.035281,-177.542360,-81.279462,0.537061
-25.952155,-354.043349,-70.411442,0.066295
-34.241037,-369.032107,-93.394057,0.231026
-19.699656,-375.750066,-85.244046,0.154415
-36.836136,-177.171027,-89.552604,0.001279
-16.460922,-361.747785,-82.872577,0.182845
-39.930397,-381.557260,-58.354552,0.186617
-29.527078,-371.300473,-64.541579,0.078782
-34.597835,-144.371421,-78.544711,0.247389
-30.387889,-212.952260,-92.142801,0.219459
-28.865665,-375.875846,-92.258398,0.129485
-17.841144,-254.390437,-82.269477,0.766911
-47.062349,-154.467378,-84.983759,0.150756
-37.164888,-152.015325,-87.701462,0.156729
-21.299304,-332.229250,-83.937719,0.027796
-36.008116,-134.536357,-77.524072,0.316353
-30.846706,-137.916475,-74.327062,0.336370
-28.462964,-132.695243,-62.411702,0.184862
-47.924644,-171.340068,-89.099787,0.113200
-24.922210,-312.125274,-77.506610,0.000001
-22.468546,-344.104463,-69.998340,0.037287
-31.901022,-355.205192,-54.385405,0.206305
-36.039958,-174.228453,-94.614251,0.119115
-27.653715,-283.227815,-76.860844,0.838807
-26.375445,-366.083662,-76.397155,0.174454
-21.050883,-290.225324,-77.436371,0.000001
-21.853831,-307.526764,-73.904772,0.019043
-20.673870,-325.084131,-77.320840,0.005314
-27.411420,-369.645962,-90.636855,0.240939
-18.159663,-378.004395,-85.042115,0.167926
-28.099545,-366.852387,-87.042470,0.284832
-22.171058,-287.949892,-79.142851,0.000001
-29.030353,-162.969570,-82.941593,0.569095
-35.999823,-226.536050,-86.559492,0.775149
-19.170788,-344.921481,-80.862833,0.095902
-38.640311,-360.765135,-59.943309,0.305044
-50.820002,-163.403573,-87.041659,0.119659
-27.771988,-340.372334,-71.619250,0.053760
-43.947919,-375.254383,-60.130065,0.201217
-36.096262,-186.286868,-94.139328,0.063497
-32.820507,-148.179256,-92.432840,0.374857
-33.121928,-228.928354,-86.382993,0.785215
-19.784173,-307.327302,-77.647349,0.004887
-20.902972,-318.889503,-68.814332,0.300083
-30.646797,-224.089598,-83.503596,0.715495
-22.871296,-359.223215,-89.058403,0.175960
-38.300849,-150.737193,-93.193057,0.138874
-23.590378,-375.308800,-76.597887,0.159066
-29.465892,-204.802750,-95.696268,0.682383
-42.827577,-129.979899,-72.414189,0.184430
-28.137825,-376.372566,-63.429786,0.067140
-37.540171,-364.564884,-63.896178,0.241608
-21.237576,-276.496109,-83.769102,0.000001
-14.057792,-372.666281,-84.127179,0.199513
-27.964468,-119.966547,-75.422338,0.189511
-29.650067,-341.535977,-63.341571,0.392500
-40.124685,-134.072992,-62.504754,0.204391
-22.402094,-344.972160,-88.327248,0.156085
-20.297349,-372.104793,-82.844534,0.165978
-31.726853,-344.324239,-72.733838,0.371210
-40.565582,-151.526218,-92.155236,0.153514
-18.287549,-349.950526,-70.268160,0.183748
-27.642068,-127.415066,-63.430573,0.128612
-23.294621,-339.284431,-77.774373,0.000641
-23.151178,-327.883671,-83.850673,0.027296
-22.580897,-256.927071,-83.816261,0.000001
-21.632461,-346.371989,-73.024607,0.024962
-42.584754,-138.067093,-67.877118,0.264643
-34.974787,-150.847784,-81.311201,0.150708
-17.879812,-351.768608,-64.634036,0.270806
-32.160092,-212.424355,-88.289571,0.180316
-26.891951,-126.559552,-66.531504,0.146361
-27.926423,-368.885833,-77.068988,0.090746
-48.947680,-165.052173,-86.103786,0.139891
-28.615091,-365.682854,-97.967802,0.164465
-17.703794,-252.790947,-83.917581,0.740286
-32.803418,-214.150037,-91.201816,0.250627
-23.582530,-311.803982,-86.993696,0.218649
-28.315658,-362.162058,-69.007113,0.171751
-56.407897,-160.824219,-92.254506,0.142400
-26.231860,-324.560633,-82.392737,0.055589
-47.733350,-157.299312,-100.264701,0.212314
-37.733038,-143.270892,-72.860913,0.307292
-30.204118,-362.582379,-94.525958,0.220687
-37.704092,-174.858153,-86.714985,0.037636
-51.741744,-156.251947,-87.809848,0.100144
-43.349290,-140.194965,-86.990186,0.202539
-15.832953,-339.396838,-85.582547,0.403163
-19.279814,-294.452418,-75.702240,0.158441
-26.026297,-312.799741,-88.879053,0.533019
-27.631581,-357.608697,-62.716581,0.153247
-29.752152,-143.563910,-75.351524,0.320196
-25.377693,-345.607356,-62.897011,0.110580
-21.706585,-319.919922,-84.766221,0.018379
-28.563867,-188.652077,-85.011538,0.725005
-36.730425,-157.269973,-85.868054,0.144215
-24.767973,-122.175874,-73.224611,0.219223
-27.974248,-227.120026,-79.777993,0.778697
-54.850484,-160.392368,-87.909369,0.112888
-30.384525,-369.163004,-73.842499,0.038198
-46.092831,-147.760530,-99.679639,0.188309
-37.087576,-366.263354,-74.685043,0.189332
-21.313167,-133.292124,-71.362101,0.265751
-37.718614,-206.703404,-96.079538,0.650909
-38.455550,-150.841094,-77.725772,0.324438
-28.925976,-374.803185,-94.176782,0.129457
-24.555386,-333.465808,-87.182615,0.143293
-39.531764,-139.639602,-72.390025,0.331504
-26.494428,-368.210572,-52.222747,0.126091
-43.669250,-145.598887,-91.991486,0.266109
-23.737603,-287.040809,-86.367578,0.003988
-20.071187,-357.892380,-68.210989,0.176557
-28.788964,-175.170401,-86.600746,0.595883
-31.560033,-375.826649,-51.882855,0.047996
-23.484792,-264.929354,-89.847180,0.564982
-23.032016,-359.654886,-80.694693,0.148868
-38.815922,-160.425922,-91.869450,0.089304
-38.825553,-162.281574,-92.259143,0.073251
-45.842411,-150.296031,-102.429856,0.179024
-31.890484,-359.962172,-63.663984,0.214532
-20.416160,-345.107381,-75.709910,0.032183
-47.122773,-164.933934,-86.588838,0.124015
-25.831659,-361.928403,-68.259974,0.156910
-25.671428,-345.141734,-65.665546,0.093631
-29.964119,-235.009809,-79.860314,0.723933
-28.668127,-370.217805,-93.073894,0.191632
-36.450111,-150.738874,-93.488701,0.185548
-29.713760,-383.417637,-89.324858,0.155493
-26.119394,-290.713532,-80.408024,0.134428
-27.888452,-270.192294,-80.020220,0.800092
-29.670586,-258.251174,-83.819559,0.627585
-22.618129,-371.872502,-78.491374,0.163547
-23.662627,-289.060864,-75.603325,0.262063
-32.022606,-357.802751,-66.711808,0.204346
-26.972565,-134.476046,-72.084733,0.328387
-22.842022,-301.633786,-78.791432,0.000001
-31.577763,-348.012826,-88.761369,0.420951
-27.312140,-201.171335,-87.306653,0.434009
-26.853098,-336.369634,-84.210120,0.105887
-20.096701,-330.219658,-77.325845,0.005922
-43.728604,-367.761200,-56.167985,0.164221
-18.575938,-245.670737,-83.586167,0.749692
-18.515446,-359.826893,-76.568297,0.178038
-21.069632,-289.345663,-88.637244,0.434121
-42.739618,-158.774051,-97.375207,0.131866
-25.049199,-360.196124,-51.590843,0.141032
-39.437404,-167.369910,-91.304867,0.062231
-59.595221,-153.936454,-91.618796,0.212333
-27.146107,-367.942857,-50.460324,0.112053
-36.739283,-150.550855,-80.226052,0.152391
-22.821555,-285.226857,-82.582191,0.000001
-23.604021,-236.924836,-93.011294,0.794360
-48.916563,-165.141852,-84.171643,0.173680
-28.995045,-349.921827,-59.840223,0.167891
-22.888511,-252.966483,-82.887258,0.002460
-28.414150,-365.758738,-93.712378,0.245718
-17.576772,-379.975014,-83.564443,0.197372
-28.969217,-126.130474,-66.073294,0.158666
-19.991931,-281.194636,-77.674687,0.092318
-26.202722,-263.222461,-87.464008,0.068978
-16.922527,-315.601605,-72.695425,0.473663
-30.889096,-221.605608,-94.595539,0.862916
-20.065478,-345.771389,-72.088771,0.067200
-36.875378,-370.815835,-78.763150,0.167424
-19.849664,-370.638739,-85.087845,0.178368
-35.178695,-147.756523,-84.556560,0.131699
-38.312577,-372.437272,-83.691024,0.125456
-25.289785,-245.179210,-83.131375,0.097518
-18.972754,-376.296096,-78.457578,0.214156
-29.841520,-357.685485,-65.901853,0.180535
-33.184966,-137.190434,-79.550494,0.269829
-29.669502,-366.900119,-53.762001,0.202518
-23.797942,-375.855375,-74.959934,0.161072
-19.640270,-302.847680,-80.668087,0.000001
-22.951008,-135.919888,-76.486796,0.271005
-48.840838,-161.892106,-94.009608,0.067871
-35.974512,-169.246118,-81.902696,0.515859
-41.199292,-370.819929,-49.745101,0.172406
-29.094859,-240.925177,-85.251962,0.226513
-43.111267,-160.533952,-96.682362,0.108865
-29.075496,-323.682713,-80.105699,0.424460
-27.100027,-121.348014,-70.963439,0.226486
-49.476343,-167.052232,-88.792861,0.123583
-36.734884,-206.414823,-89.872359,0.585072
-41.555696,-146.457632,-80.910228,0.156600
-36.969078,-181.979514,-88.331685,0.000001
-26.780955,-378.693971,-74.350670,0.179945
-40.520370,-180.454191,-85.817546,0.085373
-46.401884,-151.624099,-91.817339,0.145582
-38.815211,-145.268088,-92.797354,0.257803
-21.613572,-271.324716,-86.146229,0.001594
-37.492568,-187.180035,-91.281592,0.000001
-26.633250,-361.664318,-70.595314,0.164873
-37.268151,-190.718950,-97.807634,0.690492
-31.039305,-180.214366,-84.191920,0.581725
-26.417769,-363.942303,-74.843040,0.209572
-25.389231,-270.634153,-80.609171,0.165054
-25.992821,-138.267740,-79.938247,0.242558
-23.138918,-365.626854,-68.342378,0.243384
-18.164219,-373.616020,-93.037239,0.076687
-41.528648,-152.818567,-95.696034,0.159524
-33.408041,-139.519758,-71.953294,0.345198
-42.441383,-147.515249,-89.630652,0.224231
-27.534576,-297.078806,-82.607820,0.191029
-24.957188,-352.962497,-80.665716,0.076835
-23.129816,-377.481770,-90.149617,0.102352
-48.749752,-160.151606,-88.840973,0.075876
-18.747516,-363.815109,-83.689189,0.241721
-27.641340,-331.564218,-79.322148,0.060211
-17.466204,-365.521644,-67.221559,0.153210
-51.607059,-149.665664,-95.755513,0.151892
-24.467332,-366.697146,-76.060804,0.164223
-35.599413,-149.164099,-99.191695,0.303848
-31.942495,-355.815045,-68.540595,0.210723
-21.932247,-374.113079,-57.972610,0.075086
-17.568659,-323.082309,-73.101264,0.392095
-16.039972,-351.889196,-71.686297,0.320218
-30.284241,-366.024838,-92.995906,0.268922
-36.961200,-366.400762,-58.325885,0.214723
-18.890097,-312.428893,-74.988146,0.110838
-34.474167,-174.583881,-94.006954,0.199403
-26.049329,-141.184985,-67.992342,0.216430
-36.024656,-170.085395,-92.081568,0.078651
-16.819259,-284.555465,-78.755799,0.600549
-42.011749,-151.711043,-83.503474,0.130424
-43.338500,-154.290602,-98.209069,0.187282
-32.014441,-371.884322,-79.176658,0.054701
-47.716539,-148.956081,-92.259185,0.227815
-21.437650,-334.375543,-62.839566,0.388233
-37.765439,-168.352758,-86.620794,0.100751
-30.212093,-146.479751,-79.457307,0.310934
-35.231205,-360.680363,-62.584958,0.304289
-38.140907,-145.721518,-99.881964,0.195675
-23.227653,-372.981365,-73.516531,0.119401
-26.902634,-360.881496,-63.471521,0.162553
-31.593675,-130.807426,-72.667228,0.308092
-45.415300,-161.717393,-93.215580,0.088164
-33.041125,-132.492904,-69.934769,0.307314
-22.924182,-354.145150,-82.041391,0.107108
-33.686881,-127.283166,-65.305620,0.210047
-32.486078,-140.087826,-74.307029,0.315147
-20.021176,-304.344515,-73.605489,0.104773
-24.392873,-266.180776,-85.296591,0.000001
-27.548833,-279.082339,-79.791323,0.780734
-22.471318,-360.485298,-87.243811,0.179279
-25.247306,-354.304378,-68.220512,0.101671
-15.036633,-377.896550,-82.997761,0.212417
-25.479680,-347.516151,-71.342196,0.033069
-28.710869,-132.128166,-64.492009,0.246517
-47.520736,-147.555048,-90.340122,0.246598
-16.567081,-313.170680,-86.571641,0.694421
-32.312053,-363.167372,-71.389234,0.293783
-22.416421,-319.991496,-86.726723,0.137255
-26.487004,-266.622828,-85.185323,0.029788
-38.616749,-193.693768,-94.747330,0.633250
-26.612469,-328.145566,-71.763449,0.144634
-23.216391,-366.351946,-91.496354,0.195632
-32.476851,-165.648730,-87.604491,0.266245
-32.353937,-128.096579,-60.098736,0.168107
-25.236659,-322.643486,-85.732815,0.144275
-55.887531,-154.201475,-90.048303,0.118043
-32.575344,-257.448774,-84.603095,0.786770
-33.121050,-356.159453,-66.078393,0.242394
-34.690318,-148.869338,-86.662501,0.161115
-43.278043,-154.282323,-89.987594,0.105662
-20.791023,-292.008533,-90.336393,0.596904
-17.842515,-371.968139,-66.628484,0.192266
-29.997922,-373.832314,-73.407573,0.060152
-33.336570,-121.862733,-78.925034,0.128196
-30.108280,-127.095618,-67.088585,0.179811
-32.944620,-151.050485,-92.097394,0.354128
-49.349312,-370.607342,-60.595499,0.211278
-22.282340,-356.982994,-66.857506,0.163707
-25.777547,-252.987472,-84.294231,0.013238
-41.539379,-175.721272,-90.663255,0.010955
-23.795695,-362.750627,-57.305071,0.173785
-20.160723,-240.149831,-90.044040,0.744016
-36.067639,-162.162436,-95.789271,0.274278
-26.067009,-239.879958,-81.781168,0.623052
-28.754346,-378.467154,-88.517012,0.126841
-26.351985,-344.668802,-79.224695,0.012916
-24.673459,-313.446142,-79.186800,0.000001
-29.797052,-349.500176,-91.851844,0.322976
-15.749886,-356.969037,-87.042076,0.179977
-29.130216,-126.921827,-70.460246,0.234532
-23.109583,-313.597713,-86.646131,0.149868
-51.515926,-148.657726,-97.261600,0.136457
-31.666262,-381.629781,-89.991409,0.145606
-38.402709,-159.214952,-87.071479,0.142013
-29.695498,-362.719968,-62.932114,0.245013
-29.527041,-356.030463,-78.683249,0.110488
-18.168416,-358.574948,-90.239517,0.197914
-37.773105,-364.941786,-68.651141,0.172784
-31.268594,-371.336833,-58.196684,0.111867
-25.405146,-266.957827,-83.702092,0.005062
-33.081518,-164.412184,-89.036903,0.233280
-41.860462,-179.286350,-85.928502,0.118526
-21.103254,-361.179510,-85.797164,0.189399
-28.151370,-240.298023,-87.617406,0.048169
-33.241559,-167.252283,-87.916852,0.152288
-36.355034,-208.579295,-88.259891,0.660776
-30.276262,-367.511505,-64.658350,0.223933
-22.729448,-339.701271,-84.429600,0.070722
-39.589253,-385.438795,-58.663309,0.194894
-43.706770,-368.598572,-53.313391,0.193368
-33.673092,-362.943825,-95.353705,0.235329
-32.211395,-365.965603,-72.736013,0.161262
-25.981551,-352.980912,-78.821277,0.048880
-47.476019,-164.403077,-78.996462,0.219438
-22.417664,-272.744823,-83.630615,0.000001
-28.976148,-130.299856,-65.568422,0.158018
-29.697726,-119.223014,-75.787796,0.178433
-30.079163,-342.855057,-77.006944,0.186892
-29.546224,-341.833951,-81.821096,0.202803
-30.039096,-376.525494,-79.154461,0.123295
-28.281068,-352.614366,-65.442194,0.135033
-32.363692,-357.557935,-91.521155,0.234618
-29.728474,-285.476479,-84.699646,0.941602
-30.079788,-367.298480,-98.186551,0.133849
-20.271035,-337.318537,-82.001450,0.041774
-17.696033,-344.678333,-76.612802,0.161896
-37.477296,-172.117572,-98.680500,0.547342
-23.229815,-245.158143,-90.915645,0.697009
-26.668338,-364.638351,-78.202024,0.249433
-36.316010,-379.081373,-97.495545,0.202935
-42.844493,-163.518947,-98.797033,0.148925
-31.988933,-154.589381,-82.606822,0.204189
-52.057984,-152.332234,-83.596266,0.199670
-33.501114,-368.610695,-75.767304,0.077257
-22.985051,-367.187037,-89.467279,0.205915
-26.153613,-375.502021,-84.944823,0.121742
-22.599061,-338.071202,-82.529431,0.036370
-26.762270,-342.070418,-83.771155,0.104434
-22.272354,-262.814169,-83.032193,0.000001
-35.387071,-181.965095,-95.630101,0.431224
-36.187368,-370.475668,-57.157789,0.203033
-20.623749,-346.435065,-78.824200,0.047305
-25.782811,-296.667096,-85.664461,0.067689
-26.605329,-299.115767,-87.259629,0.526853
-35.104185,-363.918309,-76.229669,0.247570
-36.725575,-164.581546,-84.764390,0.150426
-36.690696,-207.979813,-85.031074,0.866166
-28.838130,-377.890312,-79.829553,0.168661
-27.841137,-293.463729,-78.860653,0.712428
-36.962498,-186.586580,-89.486589,0.000001
-33.109070,-381.889935,-97.506043,0.192552
-32.846948,-129.527036,-63.816640,0.171477
-25.856520,-132.693599,-68.445410,0.326309
-41.722546,-136.150022,-78.213668,0.241822
-33.847180,-368.506737,-77.893623,0.135462
-29.192485,-373.354150,-64.848724,0.040594
-22.703478,-369.129995,-81.008139,0.169033
-35.114416,-212.055806,-90.367560,0.469289
-24.668279,-204.781211,-84.030569,0.665836
-44.936829,-378.523106,-56.335355,0.200245
-23.053872,-277.963249,-84.239712,0.000001
-27.413755,-260.355636,-87.890386,0.215877
-31.136275,-367.223045,-96.960061,0.173792
-23.052874,-256.414729,-85.857729,0.000001
-36.043668,-175.013703,-86.151454,0.062848
-29.783182,-365.154264,-86.621089,0.277725
-28.829894,-229.713977,-90.587949,0.149012
-37.157438,-196.889698,-82.562626,0.795235
-29.047210,-346.329064,-70.706157,0.110621
-28.720571,-137.236652,-69.911373,0.312378
-28.004246,-129.249823,-67.083568,0.139989
-27.958612,-190.141904,-91.033364,0.643860
-31.745983,-363.306105,-64.283411,0.306340
-20.021635,-371.563662,-72.927437,0.161981
-22.210235,-233.968954,-88.281151,0.557321
-31.683403,-354.124291,-66.362569,0.246748
-39.194510,-159.975719,-88.425139,0.112172
-21.080591,-321.782351,-79.636606,0.001173
-31.061625,-364.399047,-69.956654,0.273414
-17.373803,-312.928020,-79.160737,0.221477
-47.746512,-169.319218,-80.210621,0.244801
-23.059563,-344.767490,-60.915034,0.144669
-24.522307,-240.261824,-83.386450,0.137560
-45.160414,-173.158019,-94.505472,0.064513
-21.985121,-274.325433,-89.878330,0.700136
-47.441324,-150.279973,-99.143964,0.173258
-24.899138,-257.372595,-88.508616,0.043547
-19.237251,-336.369203,-85.225411,0.090578
-46.617373,-154.132520,-91.745886,0.103598
-47.505607,-146.189471,-99.784095,0.144604
-31.651072,-343.897778,-76.896329,0.381879
-37.097388,-362.138441,-59.247669,0.371511
-29.434034,-371.020064,-57.737085,0.091095
-16.559479,-346.258053,-73.421171,0.321986
-24.548920,-380.916871,-77.565781,0.187104
-33.320214,-211.158755,-89.697537,0.207137
-29.895605,-337.817345,-70.217486,0.411800
-18.391361,-331.159810,-83.422837,0.065729
-34.644781,-362.554112,-70.703024,0.291802
-23.963787,-356.131295,-71.668529,0.095168
-19.428656,-302.018389,-87.276551,0.470017
-18.500403,-312.576620,-80.565983,0.001613
-29.482894,-125.881087,-68.677792,0.217414
-22.088891,-358.328234,-65.360560,0.168810
-29.909759,-338.552170,-68.250702,0.394761
-23.825171,-240.085266,-81.601010,0.674587
-47.384099,-170.380201,-85.050023,0.195102
-34.594724,-169.286944,-88.353993,0.101105
-24.971935,-351.014368,-88.045393,0.156439
-37.454290,-147.487195,-90.861348,0.195843
-28.032675,-125.153933,-67.525779,0.202013
-30.240614,-370.057207,-80.520672,0.119229
-42.997633,-171.838056,-87.769543,0.099818
-41.770590,-144.606564,-80.738533,0.181732
-35.130234,-132.080469,-68.858702,0.281195
-30.970995,-129.904305,-74.323003,0.279242
-16.388785,-294.231086,-75.947050,0.716306
-45.561409,-157.835831,-86.472006,0.126793
-33.811888,-215.132143,-90.101263,0.321232
-26.036609,-326.384641,-75.129079,0.028307
-21.317394,-356.227356,-68.578264,0.161087
-26.125334,-262.760487,-89.464366,0.473731
-36.070621,-190.788097,-96.460780,0.747863
-31.637229,-364.216656,-94.324304,0.275890
-24.136049,-125.037765,-67.469268,0.202409
-18.710056,-137.318812,-70.196552,0.180022
-20.952579,-260.612875,-85.248903,0.059456
-20.589310,-363.225024,-86.456614,0.223192
-41.092149,-153.136845,-77.224060,0.501827
-27.571310,-365.310498,-79.431976,0.262480
-34.375280,-368.980111,-48.508421,0.136405
-13.684746,-366.657173,-84.513045,0.163301
-33.530847,-149.318922,-87.958961,0.191851
-32.223127,-365.251152,-53.917287,0.210791
-35.489744,-369.902003,-77.727231,0.100541
-31.459212,-361.760211,-63.203130,0.245032
-24.323399,-227.839693,-79.861361,0.682940
-26.153003,-270.587715,-85.338473,0.013819
-17.957907,-301.339449,-83.726645,0.121414
-30.596778,-326.024656,-84.537178,0.663295
-32.241029,-147.006485,-81.728286,0.248685
-29.850393,-370.564549,-91.439215,0.228714
-22.531989,-366.405382,-87.802384,0.209002
-20.987746,-352.565026,-86.653116,0.159348
-27.733028,-363.853827,-70.683809,0.226158
-35.026139,-355.174680,-75.195290,0.196604
-31.481944,-188.095506,-95.817231,0.688931
-29.074633,-353.902137,-52.405739,0.186571
-32.471830,-223.242335,-84.401945,0.791512
-46.018469,-155.802630,-87.936084,0.109815
-45.031004,-377.759036,-57.865810,0.194960
-44.004698,-150.439702,-94.331875,0.187274
-39.461223,-374.641130,-85.141892,0.139451
-22.673548,-373.282664,-77.492166,0.154849
-55.524316,-155.979082,-86.270915,0.132892
-35.927899,-125.680547,-67.360549,0.224701
-22.429507,-302.191136,-88.019110,0.391049
-50.659032,-159.246476,-89.365163,0.068008
-31.267785,-186.690502,-91.314745,0.375219
-30.395338,-372.778907,-50.560291,0.043099
-27.219460,-130.916889,-63.453634,0.155378
-22.384152,-361.860148,-75.962478,0.181694
-50.760922,-149.201359,-93.486297,0.174330
-24.833334,-311.517083,-79.296384,0.000001
-18.361620,-373.723974,-84.886074,0.167489
-23.128495,-339.419155,-86.387530,0.111837
-35.702024,-380.033539,-59.211830,0.192633
-37.552465,-385.612054,-57.567858,0.185814
-55.734174,-156.555374,-94.853765,0.140817
-22.280606,-370.021155,-85.105675,0.179545
-48.208289,-142.051481,-95.940254,0.183796
-36.152062,-362.164771,-64.195492,0.350897
-26.597351,-135.994703,-69.750585,0.326968
-32.514869,-236.539429,-85.753759,0.892216
-29.604098,-232.852812,-80.678404,0.829269
-40.178436,-135.397131,-64.511648,0.226779
-23.796154,-268.155086,-75.692409,0.792238
-27.009383,-373.662985,-87.164143,0.105609
-28.799111,-368.474106,-92.369339,0.243524
-28.696006,-355.923475,-67.658960,0.127990
-23.896080,-368.582233,-87.959162,0.235675
-14.324244,-346.963851,-83.084485,0.304640
-20.704759,-308.436420,-78.706254,0.000001
-38.152436,-196.145775,-84.596289,0.865557
-30.859725,-365.864763,-70.911951,0.168535
-27.042585,-351.063617,-64.187006,0.114324
-24.012714,-241.728201,-86.059696,0.007489
-26.988428,-376.340398,-59.514511,0.094127
-33.163518,-136.398690,-81.179758,0.256371
-21.834248,-336.327456,-82.674581,0.032253
-36.381420,-127.219191,-66.405339,0.225859
-26.382706,-370.147806,-77.995091,0.106533
-20.589881,-346.811633,-90.749578,0.277931
-38.280191,-376.521166,-85.531749,0.158713
-37.888651,-157.581201,-90.516480,0.118191
-29.207883,-375.058231,-87.345680,0.110290
-23.669855,-374.159427,-63.036414,0.130940
-40.936797,-159.676617,-86.153841,0.120335
-31.468854,-137.868413,-81.731625,0.259370
-17.581537,-330.410084,-87.861328,0.455241
-27.064599,-375.628362,-80.483651,0.132737
-20.014775,-273.242864,-83.838784,0.019036
-30.674524,-144.505619,-73.302164,0.321761
-58.497573,-151.185923,-95.664791,0.165427
-17.689394,-365.377306,-82.631319,0.266574
-42.760879,-157.306054,-98.487825,0.164584
-29.807491,-361.237622,-67.405937,0.175445
-27.967561,-375.675743,-50.672117,0.033201
-29.017010,-234.221537,-90.483696,0.206916
-28.566471,-147.892882,-80.045101,0.395648
-40.047866,-169.792710,-89.157880,0.051932
-18.102149,-371.601948,-64.483561,0.169014
-37.487444,-373.294971,-85.747787,0.142012
-30.520791,-364.518389,-63.254200,0.310630
-28.951491,-359.507930,-78.971343,0.134059
-21.867826,-322.569498,-80.995659,0.000001
-22.366290,-239.914056,-82.945482,0.399956
-29.670064,-336.861817,-68.056852,0.429883
-40.292766,-147.991462,-87.434865,0.166439
-21.948780,-336.794127,-78.836134,0.000152
-43.202949,-153.624374,-94.721668,0.110263
-34.572934,-152.162375,-79.421629,0.225855
-49.042382,-165.111595,-99.836935,0.289537
-26.474238,-375.088349,-78.839986,0.116619
-54.597482,-148.073552,-95.313221,0.124883
-28.796434,-128.457566,-83.417242,0.133194
-26.195132,-362.048337,-86.824301,0.199870
-21.836302,-366.985207,-80.024234,0.220734
-47.991973,-154.927358,-80.738634,0.285605
-31.509491,-371.436925,-56.430957,0.092440
-36.464731,-143.821219,-79.632395,0.211425
-19.394631,-358.152892,-80.023250,0.154587
-29.152678,-359.653303,-68.743086,0.148329
-36.506759,-198.458653,-88.838354,0.186244
-22.420656,-281.373646,-78.064147,0.011936
-20.351770,-136.251073,-79.732975,0.229892
-47.412459,-377.745859,-52.325917,0.169834
-17.851097,-282.539819,-78.970619,0.337054
-25.165663,-349.282384,-87.604836,0.157006
-24.630711,-354.689670,-78.306022,0.064046
-37.294420,-142.140935,-79.792292,0.214194
-46.647776,-170.519477,-95.779435,0.104548
-32.079554,-350.635835,-76.668815,0.236201
-45.606233,-153.676352,-88.222229,0.122553
-25.609927,-252.483637,-89.296179,0.161796
-21.338721,-333.817798,-80.936219,0.004640
-29.027814,-375.559526,-75.275255,0.091901
-20.582147,-337.879266,-74.400879,0.011338
-28.481505,-324.132821,-71.151855,0.580648
-31.214696,-125.632476,-71.883247,0.249911
-29.682811,-358.906491,-63.781456,0.180470
-24.190288,-308.194297,-82.417895,0.000001
-25.167598,-358.776395,-90.928256,0.176878
-26.459505,-354.536166,-62.102723,0.121821
-30.327023,-132.416670,-65.314535,0.289521
-18.283581,-299.459685,-81.545656,0.051225
-34.487971,-365.469483,-87.650622,0.277537
-36.708267,-368.816541,-55.556892,0.296276
-28.791323,-232.641223,-91.488664,0.525246
-44.075292,-147.281466,-100.630163,0.203682
-51.038758,-158.863721,-82.205707,0.203308
-26.295329,-378.941666,-59.129720,0.133959
-28.076713,-357.535055,-72.894035,0.062508
-20.424845,-296.613641,-89.694378,0.644826
-20.626548,-363.707854,-58.321802,0.166897
-28.669710,-351.138476,-86.700790,0.194750
-29.055884,-364.391228,-92.803615,0.246433
-25.068844,-367.195113,-83.265646,0.223555
-33.163699,-125.660097,-64.565304,0.213025
-29.536652,-381.224352,-87.671385,0.144699
-29.039622,-364.111136,-75.367858,0.252475
-24.682756,-380.892574,-86.283167,0.149245
-14.383812,-350.688262,-82.858040,0.233339
-19.186324,-372.893519,-77.407980,0.184280
-33.264365,-365.794121,-50.025492,0.182382
-41.512470,-151.150534,-90.189030,0.178294
-24.326148,-127.020592,-74.753510,0.182838
-39.842689,-362.116932,-59.229903,0.221988
-30.651127,-363.625758,-47.047726,0.123092
-32.721735,-160.054568,-90.498990,0.442464
-33.078998,-361.893186,-97.121583,0.203861
-33.325819,-141.048289,-70.275183,0.312599
-22.504194,-271.079413,-82.457472,0.000001
-41.825007,-182.519730,-87.858914,0.070432
-19.621834,-360.013908,-89.080462,0.190811
-22.438643,-335.499955,-84.336465,0.049148
-37.229479,-198.079075,-85.486338,0.793593
-19.971188,-374.428175,-92.701058,0.037441
-23.724457,-382.362743,-55.659172,0.177436
-22.163186,-361.752748,-61.510626,0.176955
-26.776457,-334.991968,-67.583133,0.175338
-43.052694,-164.092685,-93.228943,0.083408
-23.382862,-340.185958,-68.688145,0.033538
-35.784400,-128.635339,-62.349013,0.211754
-29.808722,-250.876099,-85.705514,0.351143
-17.211182,-350.043852,-87.176608,0.184269
-48.612068,-166.414350,-87.294833,0.136714
-19.668829,-357.594236,-55.881935,0.202879
-18.090776,-369.000925,-80.503068,0.210742
-37.533622,-364.228423,-95.860260,0.205935
-28.105200,-125.289781,-63.298843,0.179961
-23.048216,-361.028479,-91.422010,0.166795
-23.578820,-332.351072,-85.847897,0.075364
-37.979797,-362.254664,-60.928220,0.309466
-22.332128,-341.116096,-78.086859,0.001855
-24.225635,-230.549086,-90.033301,0.409412
-19.441882,-364.471706,-81.648800,0.267378
-31.792112,-135.263397,-59.776122,0.201460
-23.923637,-357.840698,-83.788152,0.150370
-34.434702,-131.220675,-70.482865,0.273474
-21.273325,-360.268938,-61.719925,0.181371
-28.564507,-378.187117,-56.999132,0.114907
-35.478197,-197.136867,-81.816695,0.718895
-27.184626,-360.559099,-73.569506,0.113896
-33.348918,-366.245542,-82.902175,0.249020
-31.246099,-204.868830,-92.795755,0.238825
-26.513880,-330.769471,-78.002322,0.000143
-23.023380,-361.486985,-55.473382,0.152996
-28.311774,-270.226474,-78.001433,0.814356
-31.642294,-380.824267,-56.157373,0.171781
-32.496130,-364.193883,-62.155348,0.346942
-26.926555,-121.437477,-73.009282,0.211274
-30.638122,-370.250818,-75.306330,0.036246
-36.958234,-375.702635,-90.376822,0.189429
-22.311921,-378.201070,-95.154343,0.080206
-22.740976,-319.472625,-76.520686,0.002970
-27.864043,-354.567157,-82.413561,0.118362
-18.815224,-288.089682,-88.231364,0.685280
-28.358064,-200.790361,-90.775174,0.386373
-38.480775,-157.638030,-85.255482,0.148955
-51.221695,-145.489758,-96.141359,0.123104
-44.908138,-166.122600,-94.918628,0.075098
-18.376529,-134.162330,-70.147612,0.164959
-16.750525,-323.422294,-74.815113,0.436784
-27.740186,-348.054264,-63.584014,0.145135
-37.260566,-372.787239,-54.111631,0.139114
-31.400291,-137.716631,-66.966936,0.339105
-28.554057,-364.742758,-82.482803,0.267940
-20.243215,-275.099043,-88.838436,0.546466
-24.493088,-363.113808,-69.282220,0.216105
-25.781704,-380.308896,-83.599489,0.166392
-37.639088,-196.718982,-88.846413,0.235116
-27.202522,-372.269504,-85.234500,0.123507
-21.826797,-372.452262,-74.418415,0.151842
-43.398518,-166.156180,-98.870293,0.182772
-29.942746,-135.991342,-67.444027,0.303527
-23.614608,-330.271009,-72.324565,0.004803
-25.554438,-367.447509,-85.477901,0.242403
-19.498628,-371.790743,-78.772786,0.167925
-31.387205,-366.267326,-64.143193,0.261576
-23.935063,-136.259783,-79.895046,0.238309
-24.443731,-124.713370,-69.704702,0.213304
-39.824406,-147.206542,-97.276222,0.230427
-38.690860,-375.573836,-94.202909,0.191233
-36.072373,-158.688799,-89.482004,0.125940
-24.053269,-354.332207,-66.508266,0.133650
-28.321188,-137.133957,-79.364565,0.249201
-43.369910,-144.867658,-98.135999,0.172166
-32.437000,-191.383677,-87.680675,0.000001
-26.093017,-356.713909,-90.766744,0.177821
-28.944433,-197.300860,-90.267663,0.351524
-48.098637,-148.160864,-94.488303,0.211114
-36.330715,-158.625601,-87.442593,0.143345
-33.147714,-366.287142,-86.871011,0.260310
-34.554535,-158.449664,-78.021496,0.433306
-45.255147,-156.652502,-89.716639,0.100656
-24.002244,-367.102833,-80.341200,0.215000
-23.188200,-313.249069,-80.472124,0.000001
-22.465245,-226.037173,-84.375624,0.809565
-42.819965,-378.724241,-56.395864,0.186164
-28.661375,-359.847654,-65.642471,0.168523
-20.955159,-282.067755,-79.066610,0.000001
-49.156590,-158.186878,-81.207159,0.233309
-26.142890,-365.430219,-72.089644,0.182629
-17.772667,-351.136741,-72.972990,0.214809
-46.106860,-372.899617,-59.618170,0.203690
-34.745819,-369.352409,-66.063227,0.128263
-32.046168,-366.246121,-48.748900,0.129199
-44.412173,-150.596849,-90.728409,0.156419
-20.820695,-292.010949,-87.696681,0.372483
-43.815514,-372.546731,-55.063059,0.169854
-34.616955,-197.401815,-88.622076,0.010990
-24.259646,-310.198028,-83.174754,0.000015
-35.461180,-364.193206,-84.159692,0.246391
-21.985486,-369.442824,-55.827962,0.153397
-31.550918,-226.363330,-84.040274,0.781602
-22.955575,-242.153024,-87.773641,0.125227
-23.939859,-246.002154,-83.985743,0.000577
-26.595490,-377.951374,-55.844138,0.095282
-30.807723,-299.652539,-85.511405,0.770925
-34.402948,-369.796448,-72.751160,0.058911
-31.835828,-351.360277,-74.408676,0.224145
-36.757638,-159.391862,-91.347085,0.109640
-22.655756,-288.211303,-81.176315,0.000001
-28.505342,-161.219690,-83.328385,0.493727
-25.311758,-364.511558,-82.611393,0.261661
-34.082447,-201.962124,-96.778471,0.758198
-38.394470,-141.850321,-74.558969,0.275144
-39.935371,-185.215718,-98.145093,0.637067
-27.864276,-252.731976,-84.433634,0.139686
-27.207529,-373.407378,-83.557007,0.101938
-21.211548,-358.621889,-71.706216,0.166971
-24.803708,-372.916969,-76.594089,0.124735
-28.008261,-123.520945,-63.236508,0.194468
-22.221208,-293.721745,-86.684188,0.052609
-42.730154,-167.539353,-92.934838,0.064948
-28.664426,-360.061274,-71.369331,0.128049
-26.390535,-340.265248,-84.619759,0.123637
-14.205014,-372.444493,-79.259468,0.206832
-19.255695,-362.856628,-54.581938,0.155381
-36.471458,-143.909720,-89.307497,0.276653
-44.060190,-157.454767,-96.745659,0.131797
-24.908043,-274.994296,-88.370878,0.227782
-32.950135,-140.448624,-80.818453,0.269603
-34.013899,-358.610044,-85.227516,0.237837
-48.710399,-163.047734,-86.850357,0.115404
-39.108875,-183.872826,-89.572428,0.000001
-18.848744,-301.893519,-85.395607,0.192442
-33.911027,-212.231322,-91.895526,0.371770
-30.268155,-224.433491,-90.975558,0.202925
-36.146790,-365.980734,-84.281163,0.246283
-22.503297,-360.805663,-78.176144,0.158047
-37.896147,-153.933304,-84.826796,0.139389
-24.438818,-304.124080,-79.041136,0.000001
-23.205197,-133.656365,-74.886485,0.271106
-32.717238,-379.229930,-54.110030,0.114762
-35.571169,-172.792981,-89.174385,0.069390
-38.052283,-155.367277,-79.300023,0.316565
-34.577589,-370.688111,-79.032433,0.077517
-18.343723,-346.398218,-70.909320,0.180305
-22.116012,-254.762070,-82.622274,0.023517
-21.619909,-229.695613,-89.376654,0.764963
-22.478661,-366.354659,-64.474290,0.247731
-36.551657,-127.265836,-63.812613,0.221972
-38.634375,-176.969118,-86.485012,0.030577
-44.641176,-142.609505,-85.534963,0.245777
-23.534380,-359.372133,-91.109483,0.168430
-19.949046,-287.367734,-81.918559,0.000001
-20.690978,-228.230997,-88.757385,0.715241
-20.979850,-362.655526,-74.561888,0.203168
-24.937358,-367.464320,-72.439045,0.113619
-53.541116,-153.954227,-95.755459,0.203198
-39.499629,-143.244547,-77.062622,0.257744
-22.803803,-127.464511,-67.325039,0.188680
-31.421842,-372.508625,-84.680178,0.122090
-53.961839,-151.758942,-96.665008,0.159505
-33.969233,-164.209414,-86.698824,0.144852
-18.177903,-343.122923,-75.951178,0.116193
-43.070251,-147.112299,-86.737412,0.160384
-33.070382,-350.191954,-62.605564,0.341760
-42.654936,-192.820647,-91.420824,0.685485
-25.255337,-382.212856,-59.899072,0.164947
-28.378698,-199.082732,-81.700497,0.730281
-33.997780,-371.736463,-77.768736,0.065438
-32.866331,-364.426448,-65.832619,0.291526
-16.924127,-373.174441,-85.793206,0.180069
-46.302534,-160.978752,-89.644841,0.088356
-24.468158,-354.386285,-64.419495,0.124525
-33.279998,-195.011476,-86.158066,0.037933
-25.241785,-352.846599,-83.810076,0.128983
-56.800905,-146.387427,-97.946999,0.137369
-22.335196,-298.628073,-71.840183,0.599936
-32.458763,-373.614417,-71.766281,0.118988
-30.517992,-201.021879,-89.406021,0.003538
-41.370545,-377.316742,-64.967261,0.198814
-37.989012,-135.351258,-73.389507,0.309966
-28.942978,-365.118038,-80.745626,0.277277
-28.713602,-135.862131,-80.500405,0.233451
-24.364123,-253.948508,-92.728407,0.737306
-35.861406,-357.164437,-59.667648,0.249579
-33.297626,-351.467584,-69.980019,0.283112
-23.355082,-378.127274,-88.023018,0.129291
-42.356150,-148.333084,-97.493507,0.234047
-34.848311,-133.610927,-73.753261,0.295114
-17.676158,-281.307272,-75.038134,0.637835
-47.287206,-158.907877,-86.019365,0.125414
-31.033717,-338.733353,-84.897291,0.505241
-32.215420,-160.310921,-85.230288,0.217998
-29.448984,-361.136421,-57.108799,0.200898
-38.201327,-202.346866,-94.545934,0.865244
-30.636894,-374.177999,-91.173914,0.156896
-24.177438,-381.049834,-90.872986,0.123014
-32.043880,-272.062504,-85.119319,0.815927
-33.250325,-223.523101,-90.591721,0.429744
-28.752374,-369.489935,-55.027798,0.121312
-43.488985,-152.572575,-88.811198,0.142400
-34.013236,-128.268123,-62.965810,0.193182
-33.993004,-366.408100,-93.915930,0.234570
-40.381511,-168.594296,-84.012663,0.185730
-15.366608,-350.681129,-81.372212,0.220608
-36.914990,-373.585391,-73.904129,0.251098
-28.015131,-360.877484,-70.041295,0.138608
-41.315867,-160.217495,-98.390219,0.148375
-30.165320,-195.531034,-92.138836,0.384856
-35.951857,-361.730023,-69.395313,0.271886
-22.432188,-245.210893,-85.257310,0.056501
-42.646156,-173.388650,-90.009588,0.040918
-19.763471,-372.891504,-86.094201,0.172025
-28.483815,-357.567491,-70.664282,0.109320
-30.029067,-316.776744,-82.362620,0.638862
-30.158529,-358.865621,-70.438376,0.158108
-38.073199,-212.882287,-94.120764,0.650434
-27.223211,-370.624263,-54.276555,0.079375
-31.068244,-373.547109,-53.471989,0.067267
-34.255157,-369.241904,-64.003537,0.202634
-22.996908,-345.136164,-84.385204,0.090710
-33.170931,-370.459420,-58.333757,0.199304
-27.362870,-365.621695,-74.800985,0.147339
-18.960510,-306.845404,-83.015467,0.030532
-25.545178,-306.443653,-80.422650,0.000001
-36.063708,-364.755386,-62.037150,0.266491
-37.426933,-380.102516,-64.971346,0.214361
-23.479236,-364.207321,-50.687622,0.192133
-45.457537,-144.015858,-102.570271,0.172073
-38.506730,-143.882924,-85.036354,0.182016
-38.740022,-197.674426,-83.841872,0.691294
-27.939075,-329.271036,-88.272831,0.572473
-33.023214,-246.725916,-83.633366,0.726479
-30.179800,-357.813831,-83.477602,0.172824
-38.079421,-180.569482,-89.224369,0.000001
-25.336830,-135.362968,-66.918117,0.299956
-24.303349,-365.568767,-73.117670,0.179914
-29.127319,-377.018117,-77.557247,0.168359
-54.977133,-147.813832,-91.673548,0.160155
-45.001749,-157.962656,-94.949975,0.092667
-36.764144,-156.991926,-89.146661,0.138050
-41.212269,-147.856660,-95.530502,0.226144
-31.848779,-365.049869,-82.809221,0.246964
-17.755153,-301.125706,-81.954624,0.161597
-34.535244,-363.483755,-66.386292,0.303156
-48.114833,-149.354976,-101.231316,0.205180
-38.686241,-206.303201,-88.664913,0.846745
-21.193823,-271.460161,-81.377506,0.000001
-24.909349,-305.709269,-77.870371,0.006528
-25.491925,-381.324316,-56.405589,0.167817
-24.114144,-229.353148,-88.179461,0.148004
-29.770107,-249.785842,-87.191037,0.313534
-20.699682,-308.268437,-68.648919,0.641234
-30.117543,-238.081676,-89.543505,0.327739
-31.643378,-369.121232,-89.111202,0.256072
-23.271836,-270.046627,-74.979048,0.747819
-30.195155,-352.913987,-65.872913,0.197862
-32.022196,-138.110968,-68.885964,0.358539
-36.553073,-164.693535,-90.531896,0.089311
-30.241370,-351.799345,-85.433571,0.209722
-25.707222,-355.687090,-71.229917,0.064192
-29.008888,-332.960266,-76.318920,0.335098
-20.816886,-369.346258,-83.921958,0.203797
-47.166369,-159.234744,-100.585488,0.228670
-21.471963,-344.408042,-72.629289,0.027240
-22.172616,-363.116059,-77.372332,0.222600
-35.596372,-363.822416,-69.645849,0.236527
-21.588247,-342.805838,-74.009211,0.006891
-19.846314,-300.514563,-86.382593,0.139360
-26.715455,-201.342436,-85.605937,0.700509
-51.801991,-164.992058,-84.680650,0.178902
-24.209917,-214.909099,-88.006309,0.703647
-26.651693,-295.242495,-79.522593,0.310098
-31.209161,-351.292856,-65.510348,0.278205
-24.310040,-355.537395,-69.737766,0.099961
-28.847363,-247.567496,-79.376680,0.812529
-39.917028,-174.856177,-84.915370,0.106533
-27.046576,-217.832743,-83.919715,0.451815
-29.016368,-236.387874,-91.035785,0.375816
-32.019777,-175.100330,-89.039584,0.364468
-22.785372,-370.696370,-51.482672,0.113985
-33.937742,-151.996429,-85.081160,0.138569
-35.047402,-177.197955,-84.978366,0.126630
-38.284386,-162.946584,-87.554411,0.111263
-36.326481,-148.916233,-97.043818,0.305015
-21.756472,-325.296541,-65.942899,0.393215
-22.976432,-267.517354,-79.021329,0.076288
-32.687431,-135.640684,-66.158092,0.259933
-24.887985,-364.427670,-52.549471,0.223268
-35.602867,-374.989322,-57.575554,0.103523
-26.611305,-359.685811,-71.268679,0.115492
-44.027174,-160.956700,-84.122015,0.209615
-23.332794,-349.230821,-84.750760,0.117721
-27.852478,-355.252653,-69.021904,0.098981
-29.672037,-369.783023,-78.427565,0.097417
-31.859665,-369.235606,-59.540009,0.279564
-27.399178,-367.241880,-73.032512,0.087779
-24.656280,-251.417132,-87.981237,0.000635
-26.901224,-128.304781,-65.936016,0.116231
-22.680562,-323.500184,-78.834653,0.000001
-35.415681,-190.084008,-94.308074,0.224695
-21.125938,-348.854417,-78.800633,0.049899
-21.356628,-354.999070,-90.157574,0.174094
-26.007427,-292.744301,-89.122849,0.576426
-27.732790,-362.188434,-57.079167,0.214342
-39.610356,-156.137726,-87.254798,0.149248
-27.824472,-360.560935,-87.720261,0.199104
-28.312657,-284.175777,-88.552519,0.636566
-19.429230,-362.539590,-68.770083,0.174741
-24.236454,-338.416800,-84.921991,0.093207
-43.524851,-163.449430,-81.180799,0.358984
-16.972561,-315.947960,-77.996284,0.297251
-34.041522,-138.162208,-73.954291,0.339881
-30.005986,-365.249011,-84.271091,0.263800
-29.041780,-376.084747,-84.447474,0.122765
-21.609383,-373.036012,-90.581861,0.133070
-16.574936,-272.348684,-85.360980,0.697022
-33.200048,-155.242049,-79.700845,0.332595
-47.169645,-166.279044,-81.451073,0.243144
-39.163155,-363.612246,-50.927746,0.150703
-30.561690,-360.503019,-55.867609,0.200855
-24.373537,-360.326648,-72.971144,0.139252
-26.166214,-369.237275,-86.570640,0.262632
-27.944679,-358.229163,-67.247747,0.142613
-35.844891,-356.903578,-63.781209,0.259094
-26.491876,-374.388920,-50.257399,0.046351
-35.058546,-361.556331,-72.699319,0.320631
-26.874311,-375.911638,-75.887756,0.118632
-30.570042,-127.280363,-78.243158,0.210867
-26.117232,-355.340086,-65.160185,0.128332
-21.605227,-136.599052,-72.636689,0.286628
-17.560993,-330.252427,-81.793066,0.139688
-24.738890,-266.796046,-89.707647,0.481286
-25.311659,-376.057080,-59.611952,0.095642
-22.909120,-380.206420,-76.002459,0.202054
-37.957980,-143.813355,-83.009366,0.165067
-47.622950,-151.236059,-90.316905,0.156179
-47.941142,-163.498432,-99.111982,0.192117
-29.128863,-138.389227,-77.842660,0.271947
-27.675546,-350.165469,-62.093269,0.135330
-40.387214,-142.612108,-78.717690,0.234423
-22.651493,-361.342675,-72.344147,0.185099
-19.610747,-254.427657,-87.902282,0.677134
-24.961537,-283.262823,-77.277484,0.404707
-33.561645,-363.563748,-49.599487,0.182856
-26.271797,-343.573167,-63.882591,0.113279
-35.636146,-152.357834,-75.173476,0.429383
-41.367410,-141.366492,-100.149968,0.163274
-20.951421,-338.607581,-89.548253,0.342612
-34.479269,-141.690369,-77.177535,0.288379
-30.587175,-234.306159,-89.830075,0.294563
-40.692369,-154.515816,-88.170240,0.156992
-22.790731,-352.005176,-86.044146,0.141570
-36.316096,-164.329732,-92.756662,0.107938
-35.744771,-138.946693,-74.241516,0.315933
-21.347181,-362.870529,-80.848721,0.223039
-31.027845,-369.864557,-86.722704,0.236259
-41.027487,-371.923257,-60.697068,0.201684
-39.514525,-162.933827,-81.181270,0.340911
-31.412242,-149.675730,-78.346034,0.372086
-31.564901,-357.696163,-77.286619,0.152212
-39.810695,-187.373930,-83.282701,0.736551
-45.055394,-147.544974,-92.202389,0.221628
-28.967163,-274.866649,-86.827795,0.721319
-21.840261,-379.174684,-86.928132,0.140083
-28.932478,-160.728704,-84.942105,0.495015
-16.910356,-260.896167,-83.416514,0.680595
-29.241149,-370.363077,-88.906623,0.257443
-38.692103,-196.539461,-95.209725,0.848035
-21.790861,-309.481425,-82.104533,0.000001
-32.857518,-372.790139,-57.635208,0.078731
-21.035236,-358.750824,-88.997934,0.183196
-28.510319,-302.596045,-82.544683,0.441997
-50.185435,-152.895581,-92.013694,0.144343
-37.082738,-167.496706,-91.263692,0.075211
-22.999849,-258.700532,-86.182830,0.000001
-43.267571,-154.180525,-86.937972,0.132092
-25.309675,-350.087801,-71.758831,0.028955
-30.840143,-352.402743,-63.787882,0.221281
-23.096376,-378.893379,-74.648626,0.226950
-27.264534,-375.947529,-82.910146,0.130679
-25.872935,-353.290334,-72.964606,0.029749
-26.495031,-148.352004,-81.182354,0.342221
-27.816027,-214.205833,-85.122997,0.148718
-23.254003,-332.979307,-88.459439,0.292757
-15.555344,-275.547564,-84.117502,0.675410
-35.672680,-162.954417,-91.312729,0.103216
-30.007980,-231.108157,-82.578634,0.889840
-22.821438,-346.747291,-77.362566,0.008275
-19.913613,-333.873960,-64.712652,0.406751
-19.402698,-356.251410,-80.693657,0.143120
-31.908269,-359.829158,-86.137529,0.214394
-40.475195,-154.985338,-98.539910,0.197969
-45.219634,-369.797887,-55.077510,0.158488
-26.976082,-363.431577,-55.413293,0.238554
-28.201011,-267.022769,-78.707459,0.828737
-26.684380,-357.169412,-88.630002,0.187616
-19.825657,-365.128676,-79.696722,0.267291
-29.665406,-358.640619,-72.373168,0.112953
-35.166770,-132.448472,-75.281661,0.277930
-19.739072,-365.452009,-67.758710,0.202310
-44.552899,-156.290000,-93.658299,0.085027
-20.501477,-302.288417,-84.221749,0.000001
-28.233507,-293.996852,-76.944453,0.768248
-51.212728,-149.719682,-90.849206,0.202568
-37.969369,-206.751451,-85.852467,0.825513
-24.257690,-363.469178,-92.968849,0.179559
-23.546855,-372.774779,-51.821153,0.084947
-32.941264,-151.874806,-95.435627,0.377995
-47.357196,-156.760842,-86.023915,0.119178
-35.740847,-166.995769,-97.753282,0.492439
-28.706304,-181.333091,-84.567574,0.750331
-41.024461,-148.311686,-85.822434,0.131915
-23.838703,-357.103080,-68.340622,0.135523
-30.154273,-347.470910,-63.052894,0.254382
-40.557781,-371.515169,-62.559681,0.188403
-41.310012,-169.989590,-92.293080,0.043201
-25.691880,-373.208184,-85.878412,0.115532
-20.896311,-361.657477,-70.070681,0.183188
-20.965133,-329.396451,-74.178004,0.000201
-28.398452,-125.065027,-72.610880,0.228714
-33.981266,-355.159309,-58.811205,0.249916
-18.628169,-351.688416,-70.698216,0.165722
-41.629631,-152.055212,-87.114159,0.148720
-32.098175,-368.221860,-92.866995,0.225696
-37.563122,-170.855532,-97.343355,0.299119
-21.684764,-367.543423,-68.124116,0.196719
-27.195878,-378.017284,-85.815353,0.127087
-39.416365,-154.457894,-90.228037,0.142492
-36.505946,-371.259355,-87.526276,0.195737
-44.717353,-373.502377,-53.719634,0.185122
-55.561246,-151.333857,-91.299490,0.206895
-33.792758,-161.305068,-89.159200,0.193338
-33.868009,-356.126771,-60.757734,0.248354
-24.863751,-362.222552,-65.463209,0.181359
-27.275926,-366.964194,-70.678878,0.110773
-33.267950,-132.172278,-72.130051,0.299279
-22.788749,-355.497270,-65.203070,0.145090
-29.462996,-350.574620,-71.686835,0.091163
-46.999144,-376.652414,-50.913706,0.140254
-30.626618,-237.397594,-93.887559,0.660410
-49.949991,-172.791568,-96.614191,0.390780
-26.344985,-323.861143,-71.079582,0.251020
-42.118303,-186.069197,-86.895384,0.539665
-49.237608,-162.857346,-84.922934,0.146775
-18.942667,-279.186166,-77.508375,0.395356
-17.730070,-380.922604,-86.292837,0.181034
-27.765052,-349.454075,-82.698626,0.107701
-35.651549,-154.563517,-81.184636,0.166019
-25.034508,-383.054481,-63.624587,0.183309
-24.301192,-367.841202,-78.696823,0.190439
-26.563779,-146.838262,-82.561297,0.289176
-23.393481,-139.378840,-69.726165,0.215685
-23.965282,-261.439357,-85.972292,0.000001
-32.690355,-188.580937,-94.396713,0.600683
-29.109179,-371.515166,-76.214538,0.064148
-27.171021,-349.710842,-84.947577,0.151969
-17.414998,-306.012954,-75.616658,0.452658
-21.667171,-123.711525,-68.537364,0.209191
-27.359163,-241.977313,-89.404220,0.125432
-21.512841,-303.317252,-77.917930,0.000001
-37.934439,-174.290636,-89.073050,0.019110
-20.516207,-322.760457,-75.515299,0.000024
-26.980143,-263.365143,-80.194793,0.623089
-23.690236,-336.511013,-82.081634,0.023671
-45.946921,-146.014702,-103.076120,0.197043
-26.899371,-213.586756,-86.838464,0.063063
-29.749706,-349.420329,-82.704649,0.152294
-37.051387,-363.770322,-71.741770,0.184296
-20.180348,-305.483664,-72.304771,0.328798
-21.306090,-318.871999,-75.512170,0.000001
-23.071184,-372.718276,-83.866656,0.156292
-36.891397,-154.248196,-88.266757,0.154658
-21.657972,-372.289596,-52.579002,0.110771
-26.871413,-374.303581,-63.728858,0.079013
-32.055880,-156.777522,-82.802658,0.231457
-33.244235,-204.383943,-86.584775,0.262109
-42.802603,-377.329322,-95.521575,0.232243
-34.791283,-192.662876,-90.114011,0.000001
-22.891551,-359.552758,-54.929069,0.146489
-20.365239,-317.123602,-89.294000,0.523646
-42.879865,-147.609632,-92.313346,0.222990
-20.922048,-279.404193,-74.373535,0.787352
-22.937936,-346.288236,-81.753888,0.058182
-37.575017,-370.597337,-81.882041,0.171820
-26.050120,-364.539412,-50.946305,0.207123
-19.631758,-130.290909,-67.868747,0.190452
-31.764793,-368.054830,-75.278215,0.064650
-38.806019,-141.039668,-85.990075,0.223804
-19.505309,-308.671060,-72.345337,0.298755
-22.131873,-375.085270,-80.444202,0.165777
-32.150524,-380.573420,-86.807806,0.174363
-23.997921,-358.408328,-81.890570,0.134202
-17.082370,-350.716099,-83.752802,0.162861
-21.133048,-356.359566,-76.708602,0.096767
-38.909666,-181.652141,-85.423877,0.072817
-36.777993,-162.823646,-89.428008,0.106339
-24.669929,-373.979304,-53.086770,0.042786
-28.716560,-252.259761,-85.917183,0.205914
-24.478138,-358.599380,-69.680961,0.136556
-47.329725,-167.378009,-92.228902,0.082042
-37.831175,-153.338179,-98.655439,0.266670
-37.174535,-358.059623,-62.904333,0.246001
-33.215301,-375.584244,-82.883176,0.122071
-44.378957,-382.370143,-51.741298,0.157787
-36.840084,-182.330135,-85.815437,0.015581
-54.506158,-153.031663,-90.271427,0.167833
-20.952631,-377.604064,-75.707841,0.239717
-27.312013,-371.949372,-88.934697,0.146723
-38.097299,-154.326220,-92.067798,0.125300
-20.953187,-264.343413,-86.759474,0.080619
-20.946269,-357.412492,-92.952526,0.206977
-25.481548,-370.412244,-70.976182,0.098712
-47.021904,-160.023158,-88.270002,0.095190
-29.187273,-373.435001,-91.754321,0.139568
-26.439463,-125.261929,-72.563053,0.217078
-24.616644,-290.317317,-78.596658,0.062023
-58.244079,-147.098090,-93.765978,0.126922
-40.167651,-163.031252,-84.467299,0.135438
-14.154958,-350.168841,-84.975535,0.244365
-27.905197,-371.786490,-92.838553,0.133032
-37.603440,-371.728568,-86.348766,0.156457
-34.679866,-367.418207,-90.410522,0.235669
-18.187826,-279.695973,-79.173175,0.320723
-16.653447,-368.723206,-84.412099,0.217594
-46.712545,-170.815475,-81.988984,0.277674
-45.834247,-151.323846,-89.723529,0.150615
-43.940659,-153.682017,-92.112402,0.095770
-16.962567,-355.722429,-78.662478,0.190322
-45.716928,-163.726598,-86.325396,0.120681
-28.160595,-380.077663,-73.545323,0.234520
-26.907633,-375.170473,-60.745715,0.080142
-16.811074,-284.182422,-82.254840,0.534538
-33.170846,-357.478208,-64.557807,0.233445
-42.722297,-368.827055,-63.803682,0.157970
-20.778729,-322.489551,-72.034133,0.029864
-24.636640,-237.880521,-82.117514,0.500196
-32.058775,-352.881237,-59.915893,0.226693
-27.821890,-373.312937,-79.363933,0.082078
-22.540821,-342.260634,-81.892019,0.044097
-33.909438,-367.719099,-65.672717,0.199984
-35.602177,-364.693979,-96.073486,0.236567
-22.304834,-234.493084,-82.329481,0.820363
-23.786382,-278.477688,-87.739554,0.133494
-31.090526,-205.199935,-89.251707,0.000109
-24.184423,-310.898227,-75.123251,0.009350
-32.928189,-372.212266,-53.031693,0.102592
-27.323626,-352.767909,-85.576901,0.165989
-44.986175,-169.124305,-95.745063,0.073944
-42.540386,-371.340039,-54.719089,0.169399
-33.036152,-351.016495,-60.449323,0.316839
-29.057873,-191.881516,-91.293021,0.583178
-20.920614,-265.302095,-80.431159,0.083365
-18.416979,-348.223647,-82.212433,0.138380
-28.557331,-326.558205,-87.117184,0.569488
-21.698443,-317.801753,-66.942988,0.508250
-24.216985,-121.171987,-76.151874,0.185512
-36.877361,-147.900705,-83.221146,0.117321
-17.663622,-375.874395,-68.109641,0.203282
-20.763726,-134.955638,-66.531811,0.198784
-29.328692,-333.286377,-84.900742,0.509218
-18.896028,-320.237962,-88.555420,0.543994
-23.092660,-345.995432,-86.062926,0.119660
-18.909159,-303.345848,-83.921666,0.091169
-30.672805,-375.470186,-53.603249,0.066008
-26.804585,-135.642644,-67.966311,0.332725
-47.941637,-152.414596,-101.518355,0.188048
-19.829132,-361.487964,-53.558365,0.165029
-46.420661,-167.028211,-93.601511,0.068464
-20.906603,-364.105207,-61.906812,0.191489
-31.738643,-135.604668,-71.779807,0.367916
-46.672298,-160.579661,-97.681930,0.098439
-27.172993,-362.857754,-72.822123,0.198138
-23.672366,-255.054718,-84.229884,0.000001
-28.939025,-259.642732,-88.337998,0.652844
-22.656550,-364.576990,-58.461490,0.209332
-37.831705,-376.736245,-53.470263,0.132065
-31.748976,-376.469402,-87.427364,0.146029
-28.422693,-347.999611,-84.136934,0.158562
-27.028363,-349.930018,-86.987732,0.165948
-26.264438,-237.577078,-90.510311,0.241772
-38.243408,-177.767148,-88.081987,0.001200
-21.859306,-313.989992,-77.723669,0.000001
-17.186126,-283.047551,-75.492395,0.660553
-29.581069,-379.421321,-97.870946,0.148194
-48.121481,-176.060005,-94.793184,0.422584
-22.925534,-343.288966,-85.203888,0.101940
-28.634896,-240.393438,-89.599745,0.200293
-41.305894,-172.702450,-91.364019,0.020533
-27.214716,-361.540656,-55.214194,0.182038
-34.274037,-217.591034,-92.965257,0.790945
-29.979047,-338.645322,-86.610490,0.489054
-38.834834,-363.640830,-59.021933,0.222787
-23.657685,-339.906653,-88.400295,0.194604
-28.276178,-272.122469,-77.952422,0.764495
-17.676444,-277.603923,-84.483631,0.414897
-26.886800,-372.242072,-76.116102,0.087673
-42.388504,-167.108015,-84.476833,0.196140
-30.192688,-369.552939,-51.605240,0.107328
-23.199655,-378.342919,-86.340101,0.130883
-30.633474,-366.746420,-90.811474,0.260286
-40.537422,-195.413292,-96.386096,0.657728
-34.154182,-139.730090,-74.760257,0.314905
-32.158403,-157.625916,-80.793625,0.399847
-33.147541,-219.852738,-89.084066,0.339895
-26.057141,-365.774246,-53.596175,0.197117
-32.390464,-361.414196,-64.712803,0.240886
-18.629474,-294.052217,-72.121598,0.658779
-21.822839,-360.757753,-74.197297,0.171833
-30.855614,-352.781188,-54.930942,0.211377
-25.648836,-344.435637,-74.568583,0.000001
-17.453966,-253.755030,-85.450281,0.746776
-28.675248,-374.113695,-55.228962,0.072876
-33.438982,-182.474055,-91.696878,0.050371
-18.376460,-267.001936,-82.319923,0.454488
-33.608654,-172.321818,-95.553362,0.598204
-35.739607,-164.405874,-88.698043,0.097640
-25.200441,-375.637669,-54.444416,0.046087
-20.896842,-340.747211,-83.049893,0.059715
-37.504756,-172.403121,-89.512212,0.039362
-30.722862,-214.556565,-90.726134,0.089220
-36.339396,-191.463673,-84.313439,0.557070
-22.195185,-337.143953,-89.999204,0.382333
-31.920442,-118.961337,-72.137131,0.197824
-14.632542,-352.519292,-82.342907,0.224747
-31.962882,-374.118123,-86.319977,0.135109
-31.508481,-250.235157,-86.416660,0.811314
-37.214241,-204.518050,-90.848592,0.588068
-38.508264,-192.071109,-82.770323,0.700577
-40.387093,-169.104040,-85.863644,0.095588
-38.293362,-126.944944,-64.916363,0.223411
-36.425591,-153.866582,-83.736319,0.135539
-30.351918,-180.287463,-91.578835,0.568175
-18.429240,-250.921129,-82.964636,0.748112
-21.425877,-367.261949,-85.011241,0.216676
-18.631677,-274.217849,-82.799205,0.135797
-28.000296,-378.671919,-77.802265,0.223769
-22.399743,-277.437515,-80.462766,0.000001
-29.786399,-145.480768,-81.054113,0.306817
-17.201829,-353.398240,-65.297483,0.273641
-40.367621,-178.615894,-86.481243,0.038198
-19.019800,-304.850772,-75.262147,0.113384
-34.202921,-153.843830,-88.370512,0.141028
-33.658777,-149.499287,-80.651400,0.214631
-45.156691,-170.234762,-78.755447,0.325975
-28.426059,-354.603039,-65.415939,0.144066
-37.826193,-194.934070,-87.512131,0.330345
-24.574158,-365.153324,-67.261047,0.254859
-16.285969,-362.151730,-89.672519,0.192910
-28.671105,-368.568441,-86.171976,0.258008
-26.844011,-372.254101,-50.075366,0.048866
-28.827084,-319.296076,-82.438814,0.361452
-39.422815,-177.507089,-82.747101,0.444021
-31.145635,-379.743075,-60.926164,0.159004
-46.991830,-154.801422,-93.787014,0.111233
-14.535842,-363.434055,-88.783428,0.222277
-25.658101,-230.319796,-88.805841,0.025917
-24.757600,-372.237442,-82.485140,0.138906
-38.300301,-169.971910,-91.957357,0.048771
-29.443151,-361.787313,-73.035684,0.172191
-37.306424,-123.157714,-76.126120,0.149798
-31.373929,-375.337675,-77.836555,0.104724
-21.226020,-359.982860,-94.494673,0.187792
-33.782990,-374.496009,-59.270713,0.081397
-41.265388,-151.292807,-85.413185,0.124083
-40.093558,-142.809536,-100.116424,0.174435
-33.112721,-155.199537,-89.311804,0.217742
-27.365694,-357.125425,-80.796358,0.110900
-40.730997,-149.478293,-92.339567,0.174065
-32.129832,-377.330950,-51.114108,0.041697
-34.499959,-373.551387,-57.876806,0.086782
-21.851765,-126.572837,-68.460782,0.204421
-19.434571,-373.433555,-94.445574,0.085063
-48.578685,-154.665144,-91.877104,0.093662
-30.552845,-382.534335,-85.941732,0.174691
-28.277071,-375.671449,-55.794632,0.084686
-49.722599,-160.209301,-91.599804,0.060551
-36.122641,-123.386120,-66.005571,0.229755
-24.525920,-295.496448,-84.029464,0.000001
-33.552138,-132.137941,-79.777555,0.255040
-38.702733,-156.929575,-92.507674,0.123827
-33.300691,-122.754196,-63.021193,0.235050
-22.621523,-346.804826,-74.324608,0.004170
-34.885002,-174.229013,-80.496357,0.585588
-26.296318,-337.259891,-75.534922,0.000001
-31.278709,-371.618518,-92.079879,0.183480
-36.749797,-160.476344,-88.465108,0.133007
-19.648535,-365.601343,-85.529136,0.247483
-21.724660,-288.332320,-77.045605,0.014468
-50.139269,-158.231071,-98.799288,0.162178
-37.403465,-359.799896,-70.024296,0.222854
-23.679869,-329.295644,-75.819146,0.000001
-39.260102,-156.852580,-99.591870,0.236139
-51.377262,-163.142854,-85.178997,0.133357
-36.515390,-374.953260,-82.582226,0.106461
-22.759012,-363.677211,-69.586085,0.234816
-28.303432,-357.910129,-86.896144,0.193141
-25.107878,-362.379356,-76.085324,0.200187
-26.927418,-357.839981,-83.272554,0.155178
-22.050736,-312.680624,-82.835621,0.000001
-28.115712,-286.282517,-83.881746,0.373603
-27.900917,-358.243505,-65.471262,0.162384
-35.592367,-170.577760,-98.042228,0.603283
-42.422711,-134.564722,-70.987015,0.226935
-28.272415,-373.766290,-76.063585,0.066901
-36.532398,-196.064444,-86.117017,0.362121
-17.528106,-309.311435,-83.194981,0.228148
-27.131825,-143.952855,-66.279504,0.181503
-54.640536,-151.015633,-93.703312,0.166286
-24.773801,-337.247054,-68.198033,0.062659
-34.445908,-165.526659,-89.108556,0.104569
-25.451044,-343.037550,-61.923445,0.126439
-34.253043,-223.561145,-83.228181,0.834888
-16.658713,-363.504203,-64.810012,0.169264
-33.084873,-143.280313,-72.585380,0.311941
-21.830686,-274.304516,-87.097622,0.042951
-45.725510,-139.196146,-98.106305,0.173331
-29.188779,-214.235934,-93.508639,0.743085
-20.437193,-353.300652,-76.730250,0.091355
-33.138694,-221.897485,-91.234058,0.496409
-30.782154,-373.391702,-89.252921,0.141284
-20.248419,-335.571662,-84.007817,0.041339
-26.645136,-295.566282,-81.597930,0.025507
-26.052826,-340.887570,-79.684270,0.004153
-24.291797,-313.787236,-89.204665,0.487603
-18.206253,-340.440833,-66.372553,0.362427
-27.836331,-380.836198,-86.382895,0.148462
-30.063047,-290.644093,-81.025506,0.797184
-42.362574,-177.137858,-87.574936,0.066547
-28.781059,-152.429758,-86.009326,0.411805
-34.646799,-144.694802,-92.673396,0.393905
-26.061030,-362.422732,-78.169633,0.202657
-20.951355,-366.393221,-86.575452,0.204721
-21.761619,-375.997253,-75.215512,0.188867
-20.112599,-277.715063,-74.161170,0.704697
-17.571373,-272.365421,-86.997126,0.736276
-31.734795,-354.062978,-61.690920,0.203545
-24.343224,-237.631734,-84.194631,0.070681
-34.685073,-166.293034,-81.679734,0.580909
-44.095263,-151.226032,-78.459524,0.533843
-20.603373,-338.038875,-71.114231,0.020905
-19.541608,-348.552930,-60.597922,0.295121
-34.373678,-149.799392,-82.655366,0.139290
-21.300622,-319.332439,-66.134934,0.585587
-29.244630,-369.063988,-49.815619,0.073642
-27.402571,-350.688441,-60.352560,0.142521
-49.017658,-162.032550,-99.368341,0.178262
-35.186117,-148.853632,-76.857673,0.269721
-33.485376,-364.167593,-60.064434,0.360928
-29.563207,-147.151465,-81.188342,0.327638
-21.383883,-276.098931,-86.450339,0.006648
-25.774101,-355.985336,-77.834131,0.065319
-30.305920,-352.461196,-83.729362,0.171782
-31.575757,-130.484875,-61.378145,0.134200
-23.357792,-236.144167,-83.513810,0.347700
-33.499161,-134.456212,-70.950466,0.320824
-28.230855,-347.647520,-82.268407,0.108144
-36.870494,-378.493082,-88.825627,0.186200
-33.092755,-142.543733,-83.048086,0.247428
-29.533876,-208.133214,-95.837183,0.761276
-49.943813,-162.076465,-88.498882,0.102955
-28.630493,-371.977769,-66.330999,0.051734
-36.214700,-372.827810,-84.052952,0.119908
-21.302618,-368.292843,-80.866866,0.214577
-18.179101,-370.182997,-65.970736,0.166621
-34.342977,-133.597371,-67.888139,0.287561
-19.700302,-291.676119,-84.555951,0.000001
-16.204747,-366.614032,-85.131854,0.224770
-40.509671,-163.812141,-98.012139,0.137436
-34.823895,-141.714210,-91.803879,0.244901
-39.535596,-367.291215,-52.110580,0.264882
-37.596600,-127.241776,-62.048718,0.231566
-36.930041,-378.214208,-59.207399,0.185869
-35.357300,-134.370952,-61.126120,0.220770
-31.988476,-133.327775,-71.301832,0.320814
-21.336524,-341.641403,-75.562495,0.004900
-36.827059,-139.980681,-75.752393,0.289626
-31.011661,-304.631955,-83.728211,0.774876
-18.698772,-272.470869,-84.673824,0.311249
-28.988182,-369.735615,-75.856056,0.056631
-34.914950,-143.082194,-74.904128,0.282649
-25.010300,-314.318353,-74.506486,0.059607
-29.143962,-214.171003,-89.275191,0.015042
-15.112589,-291.543320,-80.721731,0.656891
-20.788926,-330.185394,-86.451401,0.091670
-20.736188,-337.168045,-63.075627,0.344051
-23.197677,-124.268642,-79.881265,0.172682
-33.532365,-357.874723,-55.967558,0.211648
-54.908092,-149.223028,-93.094207,0.143887
-23.533627,-373.857759,-89.868224,0.123087
-36.839903,-358.052989,-64.701468,0.238973
-22.996533,-234.053408,-84.534840,0.297083
-25.202578,-356.276429,-88.338880,0.168826
-19.712778,-355.997975,-56.669406,0.212226
-28.577566,-207.229278,-87.197105,0.016059
-29.288286,-278.063949,-86.036012,0.737820
-43.133645,-374.404788,-96.559386,0.216703
-25.416469,-265.325560,-91.061595,0.687673
-34.306669,-202.377448,-94.757888,0.657920
-32.254104,-136.078950,-73.933971,0.375133
-33.857569,-360.972811,-69.664924,0.236419
-23.399690,-358.268734,-72.442072,0.132366
-36.239105,-374.717416,-63.811737,0.080537
-21.189886,-346.601320,-85.047932,0.122184
-24.152467,-228.422479,-91.202091,0.769869
-45.195507,-147.336307,-102.074452,0.219864
-35.279037,-142.778403,-93.165316,0.256190
-28.847414,-355.187634,-88.993811,0.201062
-26.056207,-241.483157,-87.333735,0.000001
-19.402120,-367.099073,-93.640908,0.146228
-27.085029,-119.815746,-76.828646,0.171062
-34.844352,-220.900342,-87.893676,0.820279
-26.857882,-356.763593,-85.957530,0.173885
-16.870671,-349.319490,-82.394331,0.155076
-42.943326,-150.173061,-86.443350,0.135732
-31.516600,-146.413366,-77.735246,0.315131
-31.857307,-374.119072,-58.777527,0.063009
-43.592860,-177.451020,-92.715063,0.047066
-17.216869,-368.461135,-65.937954,0.143741
-38.944092,-133.379792,-71.964802,0.262349
-27.063145,-232.481508,-86.297963,0.006715
-28.173329,-368.956059,-58.725035,0.179659
-28.949828,-361.573329,-82.808844,0.179441
-35.992350,-144.888334,-84.147763,0.166180
-39.915763,-177.928362,-91.443922,0.000001
-45.022901,-149.082574,-89.979109,0.185733
-32.332305,-383.797977,-92.639885,0.174755
-23.716673,-295.057026,-85.804073,0.024774
-25.763046,-371.346191,-84.059971,0.129845
-27.206093,-379.259510,-90.807564,0.123515
-40.507791,-176.259217,-87.111308,0.032308
-19.247787,-353.030035,-80.679455,0.135357
-29.462253,-212.364329,-90.412802,0.047215
-17.090034,-344.169043,-85.237609,0.173066
-26.655591,-362.534563,-64.596468,0.201370
-28.639362,-355.114121,-63.413125,0.145597
-20.272103,-303.239926,-82.584028,0.000001
-28.042899,-380.413592,-71.531029,0.251609
-27.008661,-205.393038,-93.671700,0.785012
-28.558596,-176.360462,-88.011397,0.582670
-28.649519,-373.660954,-88.913230,0.126135
-34.567894,-179.115616,-84.228925,0.221894
-28.713564,-353.752549,-75.428917,0.016614
-20.557896,-257.894135,-90.428367,0.858426
-23.617475,-364.141428,-81.163730,0.236009
-41.399652,-138.867921,-66.340470,0.254987
-37.598018,-137.395845,-74.943486,0.309409
-56.961956,-154.103872,-91.702757,0.148172
-26.782087,-364.421398,-73.273357,0.191577
-28.221802,-296.273971,-81.182781,0.511378
-48.262857,-149.037607,-85.316019,0.259178
-24.712051,-347.933332,-64.474376,0.087067
-19.211328,-252.859915,-84.893502,0.640396
-24.932260,-314.529386,-76.936723,0.015725
-25.373332,-263.292797,-78.950268,0.660177
-25.626293,-297.517966,-87.246735,0.447819
-34.184695,-365.004514,-61.665694,0.309268
-34.454741,-137.228864,-67.750081,0.326817
-36.230370,-176.515644,-83.872446,0.178619
-50.914919,-142.218673,-96.264497,0.199509
-37.918283,-128.870015,-62.960029,0.217689
-26.441981,-363.843732,-71.717313,0.220068
-23.208467,-228.837293,-89.685300,0.651531
-21.541229,-330.687471,-82.573444,0.011304
-40.463595,-153.355175,-91.581650,0.130481
-19.212328,-364.886077,-92.717833,0.200038
-46.934774,-152.370257,-86.440216,0.139984
-28.203549,-225.591830,-86.461740,0.017292
-18.134380,-315.667370,-81.084190,0.107340
-21.875488,-293.548996,-79.736913,0.000001
-28.750080,-167.811427,-84.160437,0.599915
-30.918087,-357.590246,-68.787820,0.184158
-31.568872,-221.351844,-89.908227,0.164915
-18.156678,-358.744301,-67.356554,0.194414
-30.857609,-369.725775,-66.169264,0.115810
-22.667905,-365.889472,-85.166398,0.203190
-19.118634,-374.904791,-60.783121,0.136270
-25.797347,-371.106901,-86.032689,0.147288
-26.259666,-260.034514,-90.320985,0.643199
-30.273407,-207.668407,-93.959929,0.623594
-52.446583,-148.232470,-93.255406,0.160377
-22.159339,-271.560066,-76.554495,0.592360
-39.258882,-128.169792,-61.534985,0.228779
-19.223040,-369.165892,-87.442517,0.208212
-33.286671,-136.109062,-69.625892,0.365804
-29.332328,-380.883604,-59.635106,0.174992
-35.960165,-208.528279,-90.412522,0.443824
-21.463223,-350.370110,-81.238041,0.095221
-28.677347,-356.108672,-85.338468,0.182412
-36.871605,-141.460679,-71.533343,0.327659
-51.361619,-154.429498,-97.106172,0.217852
-41.026631,-151.343457,-81.976861,0.119366
-31.785489,-355.666861,-66.908027,0.203506
-21.422229,-232.664074,-90.028745,0.824081
-17.937695,-308.013343,-81.486540,0.130370
-23.143974,-363.157391,-79.628416,0.223911
-52.031656,-145.327797,-89.769904,0.115169
-35.983674,-375.288217,-52.473542,0.093804
-23.140579,-367.605688,-84.628269,0.215907
-36.792404,-143.078747,-85.370880,0.199888
-21.080636,-329.986845,-68.486299,0.094918
-37.769591,-137.913602,-82.092459,0.218011
-38.158537,-359.897300,-61.988012,0.274394
-39.132836,-363.808676,-68.388054,0.122932
-28.085725,-368.579533,-53.531548,0.123507
-22.757190,-348.881089,-73.099361,0.027645
-21.158551,-333.298884,-78.596650,0.000224
-26.358591,-250.917254,-90.512781,0.516278
-25.982288,-287.273154,-83.608973,0.000001
-21.235010,-289.854027,-79.507891,0.000001
-20.490845,-331.044857,-70.443232,0.045570
-38.177837,-369.902559,-51.976634,0.197408
-16.807697,-285.887697,-75.375204,0.645816
-34.255399,-376.659740,-99.593914,0.175583
-31.248818,-359.148124,-59.110325,0.195323
-25.163069,-136.807990,-75.791493,0.276565
-36.008259,-131.540562,-72.329837,0.285914
-21.406850,-327.068146,-89.683504,0.441571
-20.670167,-370.722489,-61.608934,0.192417
-32.175871,-204.004680,-81.006998,0.710481
-30.996066,-357.651731,-73.774441,0.126051
-39.291346,-194.279486,-90.666849,0.343251
-37.475954,-145.346541,-87.976411,0.190554
-17.296954,-370.485950,-83.954417,0.190980
-34.134040,-364.634471,-51.459250,0.191436
-24.867769,-365.397148,-84.693906,0.246540
-25.715371,-366.179195,-81.627001,0.231334
-21.163552,-346.373592,-81.389066,0.067845
-16.050039,-299.778082,-76.330132,0.623906
-16.668049,-302.756605,-75.057046,0.568535
-30.189856,-352.680222,-86.816037,0.234640
-49.888426,-169.141575,-80.889384,0.250621
-20.547913,-341.514635,-80.135248,0.035435
-35.169749,-172.077448,-94.545584,0.320221
-26.324851,-346.418498,-74.627204,0.000001
-17.828726,-305.306768,-88.228503,0.697747
-36.022225,-363.250551,-47.773094,0.136679
-26.482176,-321.300220,-87.486954,0.413712
-26.304492,-325.337582,-86.502815,0.257421
-20.442964,-365.124252,-60.147034,0.207551
-18.228912,-332.428376,-87.049187,0.343494
-17.704457,-357.341144,-91.647964,0.209898
-24.660855,-314.977207,-86.874992,0.256518
-33.145720,-128.702792,-68.454302,0.234820
-35.332116,-168.525930,-93.425970,0.176071
-40.976143,-367.912416,-53.058198,0.206020
-22.706728,-290.123792,-76.979103,0.000001
-49.488476,-147.958582,-98.103153,0.133142
-30.136284,-306.968086,-79.817602,0.718744
-38.616563,-371.743502,-57.230487,0.156950
-28.847846,-332.255256,-83.601519,0.254766
-30.225173,-363.539587,-73.780703,0.249393
-40.427003,-121.433184,-72.977712,0.182297
-39.555663,-373.375132,-64.341410,0.193589
-31.171777,-372.507074,-65.504626,0.039760
-39.498032,-370.123363,-86.659720,0.160086
-22.475592,-363.200796,-82.281252,0.224125
-28.305685,-237.478443,-94.178265,0.682438
-18.358228,-375.790817,-80.575538,0.196934
-32.468005,-366.492530,-93.018430,0.261941
-32.779337,-359.430765,-82.163219,0.206255
-20.371063,-260.162588,-91.237892,0.751371
-23.895310,-377.144967,-69.098655,0.159347
-17.930012,-372.600268,-73.051817,0.209570
-15.644867,-312.639655,-78.070608,0.601077
-37.259326,-127.954276,-67.963774,0.228780
-22.119338,-298.125120,-74.809312,0.025287
-37.540993,-370.548385,-91.097766,0.213285
-30.066336,-332.830707,-86.720383,0.590403
-16.704903,-358.382118,-84.493148,0.190053
-23.458148,-242.757566,-92.933010,0.760664
-26.136188,-269.280934,-83.386818,0.017529
-20.944879,-353.401541,-74.719679,0.088937
-18.695926,-366.226471,-89.209155,0.245471
-36.779300,-214.948185,-95.106609,0.557579
-50.420019,-170.593190,-83.492529,0.295417
-20.210813,-293.011476,-79.024465,0.000001
-27.735276,-373.592372,-67.540850,0.065401
-24.534369,-269.935339,-84.053534,0.000001
-28.010852,-348.413411,-80.617753,0.068304
-35.030392,-138.338353,-72.199102,0.374391
-20.783704,-359.695986,-75.410705,0.157193
-21.798893,-357.264093,-56.504126,0.146892
-34.829025,-381.568177,-48.963877,0.094711
-26.978121,-134.563076,-73.942401,0.319366
-41.185595,-367.211578,-55.656693,0.212709
-25.265573,-225.909896,-93.966985,0.799915
-20.076670,-343.209669,-80.769279,0.047783
-27.601788,-370.820961,-74.955866,0.063733
-18.728033,-341.337811,-79.179244,0.067562
-48.120655,-155.306649,-98.206515,0.222158
-35.251445,-150.268428,-90.344481,0.154309
-19.992586,-127.087072,-66.437457,0.194305
-38.309706,-163.291815,-83.950653,0.150539
-27.824638,-351.644441,-81.590013,0.091556
-31.311369,-131.500597,-70.816263,0.326227
-36.842296,-381.425981,-49.202580,0.087209
-31.624453,-351.853851,-53.452996,0.301223
-26.245496,-344.576794,-72.682414,0.005764
-29.623098,-384.841054,-54.579664,0.170047
-32.669365,-362.450815,-47.691255,0.168408
-22.589559,-303.257956,-82.787071,0.000001
-21.281014,-325.735203,-84.889470,0.025221
-21.791319,-328.294255,-75.712872,0.000001
-25.207775,-342.318083,-89.761172,0.240630
-34.919671,-158.197468,-92.036832,0.212341
-25.730885,-368.610083,-90.444879,0.225213
-25.877896,-327.268621,-82.805136,0.038373
-26.529595,-368.396958,-78.009116,0.134131
-43.983277,-185.079319,-93.338515,0.523824
-31.893214,-346.302563,-86.714424,0.440082
-16.846776,-343.337577,-78.784195,0.183965
-55.359605,-158.532414,-85.269737,0.182088
-49.064883,-152.474781,-86.513563,0.142186
-17.368401,-331.988330,-81.958618,0.145017
-31.520477,-374.616272,-55.047926,0.073874
-25.787648,-199.787585,-83.256619,0.619577
-36.865311,-123.710256,-80.077732,0.124975
-20.332763,-349.673403,-63.198444,0.167527
-28.397066,-215.590950,-84.054212,0.398586
-21.879804,-264.955237,-88.519267,0.267083
-36.583238,-366.451388,-61.175960,0.204874
-19.769399,-245.620988,-85.637371,0.695917
-42.061437,-379.810831,-63.315427,0.183725
-37.940418,-216.763951,-91.947652,0.673292
-44.781778,-377.651318,-49.606836,0.117242
-26.905923,-271.518483,-79.010443,0.782457
-18.435933,-376.903685,-90.894335,0.051316
-41.057132,-370.272974,-92.316699,0.208311
-30.590111,-255.216685,-84.013450,0.787566
-27.527217,-295.557011,-88.143316,0.584990
-24.147929,-341.696825,-85.770749,0.114276
-36.369262,-382.376523,-91.191295,0.201424
-20.911133,-262.978566,-91.555009,0.770432
-33.563199,-194.772574,-90.526016,0.000001
-25.684067,-144.146904,-81.135826,0.296369
-40.092102,-187.666938,-94.356114,0.280124
-25.482557,-138.554238,-78.057483,0.259326
-35.910196,-363.093842,-81.512683,0.237578
-49.704438,-156.648318,-86.573986,0.104716
-23.211353,-328.709534,-79.267689,0.000001
-26.120628,-234.098697,-85.125849,0.023170
-30.205224,-260.707115,-80.168746,0.786421
-46.803632,-149.259928,-88.925860,0.181300
-28.409531,-364.412308,-68.700552,0.239996
-22.355350,-330.234139,-84.374140,0.030809
-18.242223,-264.701820,-89.369131,0.718294
-24.838997,-318.713680,-67.119131,0.493727
-24.554753,-292.304007,-78.128710,0.051052
-39.081287,-359.084590,-54.046143,0.266986
-38.157072,-197.038882,-86.934366,0.647011
-30.588904,-375.817652,-76.434917,0.159083
-31.010346,-367.005786,-60.811806,0.255371
-30.889634,-214.597401,-95.204872,0.864029
-34.592849,-146.288381,-89.749195,0.296142
-34.591390,-121.987497,-80.355244,0.131823
-30.873058,-359.774998,-90.843273,0.206400
-23.181272,-355.850154,-78.548160,0.083126
-30.079442,-344.611206,-69.127217,0.293162
-26.469489,-359.790784,-54.676798,0.154115
-33.079656,-153.289894,-93.487999,0.411948
-34.166295,-136.252369,-73.636411,0.377347
-28.120379,-342.779444,-66.709486,0.163408
-19.992804,-350.025818,-84.972840,0.153435
-17.455852,-299.114959,-85.043260,0.406761
-45.479323,-156.322309,-97.899183,0.154868
-40.001592,-145.213594,-85.100156,0.168150
-35.452990,-204.075400,-96.447202,0.721273
-33.824784,-190.281114,-91.092663,0.000001
-31.715916,-372.524736,-73.478609,0.059430
-32.006341,-368.115800,-72.860640,0.056841
-33.058085,-350.492174,-65.985986,0.337427
-34.112181,-188.049760,-83.809592,0.471086
-22.623639,-328.922358,-68.936841,0.042320
-30.644635,-146.944252,-70.030418,0.256070
-26.887246,-371.201327,-91.156516,0.155551
-26.293197,-198.973175,-86.513441,0.804491
-48.455447,-152.563820,-99.661779,0.161860
-41.062095,-368.908708,-66.385958,0.200893
-47.293575,-148.453840,-98.450679,0.171334
-31.225620,-351.100041,-60.501874,0.227278
-22.304951,-234.339579,-91.694267,0.840683
-40.115006,-372.493513,-82.439186,0.187502
-33.889070,-233.033578,-91.969599,0.738656
-25.189903,-358.895546,-48.741299,0.136181
-28.230064,-356.985038,-60.978150,0.148370
-34.323528,-126.188063,-79.318309,0.135983
-19.882175,-266.103511,-83.651708,0.079924
-50.908545,-167.672797,-81.178245,0.250751
-24.429880,-291.568362,-79.667420,0.000001
-48.162524,-154.705103,-87.222912,0.112856
-26.104398,-276.758254,-79.218711,0.526660
-31.935420,-363.712709,-52.627364,0.246026
-29.727065,-136.354511,-64.211846,0.280186
-17.931555,-283.048528,-77.350366,0.634269
-24.669662,-353.200880,-62.381399,0.118596
-25.582031,-293.836513,-79.862351,0.036743
-32.085473,-380.727025,-88.520279,0.148691
-26.492016,-379.467687,-72.098401,0.205015
-16.698263,-372.485230,-92.368018,0.121727
-35.488034,-376.665353,-58.271101,0.141006
-30.984780,-373.452590,-77.077195,0.060467
-43.390537,-184.984001,-96.738956,0.607466
-17.077904,-277.714507,-77.556408,0.672403
-30.286172,-271.115067,-85.778640,0.875834
-28.320202,-362.906768,-84.807289,0.220892
-18.153280,-334.432129,-88.252712,0.413558
-57.355166,-158.682915,-96.038954,0.208477
-15.718453,-347.304811,-86.732926,0.288712
-18.220446,-370.698925,-87.963415,0.207297
-47.237717,-150.862078,-100.766562,0.184615
-39.743911,-366.454699,-59.004935,0.255967
-17.668487,-264.310956,-78.367580,0.668267
-29.319609,-124.857472,-80.285135,0.145383
-38.028442,-149.090865,-101.956200,0.286063
-33.433141,-353.532148,-65.477202,0.281061
-25.976071,-294.608511,-88.733800,0.579828
-29.150344,-363.455651,-50.069640,0.183495
-23.428975,-370.074018,-76.274599,0.132296
-19.255342,-323.785479,-88.798242,0.492380
-28.056801,-153.418656,-79.855761,0.371018
-24.295082,-313.145523,-76.440064,0.004029
-20.249048,-232.000063,-88.441107,0.767889
-30.815076,-376.318454,-99.043662,0.153458
-22.168169,-286.950637,-84.103442,0.000001
-20.581489,-247.548231,-82.033446,0.694899
-44.843624,-150.103287,-88.390148,0.160080
-37.307144,-172.976714,-96.110694,0.159311
-20.691818,-365.607496,-93.822392,0.156832
-29.963907,-147.856149,-74.267202,0.411081
-21.985053,-372.300770,-81.347631,0.157507
-46.009548,-156.371598,-95.639982,0.113271
-28.212647,-149.715246,-75.682088,0.363715
-27.070988,-378.440457,-49.318314,0.088526
-30.023730,-266.327549,-81.881201,0.867624
-31.085579,-202.034404,-81.166015,0.902570
-39.123573,-152.435772,-92.997103,0.128588
-47.626637,-155.120382,-89.407623,0.097940
-32.854967,-127.357620,-67.414987,0.218880
-19.912178,-351.934476,-66.595519,0.180587
-36.298564,-210.944074,-96.122874,0.639777
-23.860928,-221.900123,-82.673270,0.854586
-23.637205,-371.173363,-84.665938,0.162073
-19.956098,-290.711532,-81.123157,0.000001
-41.116302,-153.291897,-82.407563,0.131214
-22.106111,-349.984461,-74.650808,0.024283
-19.810660,-287.360026,-84.954946,0.004918
-27.749099,-355.103869,-90.611139,0.192870
-35.003893,-357.451789,-56.668782,0.236249
-22.552367,-352.772161,-79.620368,0.067022
-38.924630,-179.259044,-94.438667,0.016012
-28.569895,-381.131695,-64.408307,0.180258
-22.630123,-370.543278,-58.695736,0.181157
-16.254924,-361.026249,-72.656745,0.188707
-23.864939,-290.129912,-74.210032,0.597021
-35.790466,-219.606762,-94.349290,0.745895
-25.331557,-240.472916,-88.583728,0.019307
-42.157912,-154.138997,-91.480840,0.096759
-43.160689,-149.154838,-91.158956,0.203134
-22.121796,-339.891518,-79.995893,0.004338
-28.953943,-363.816750,-58.977511,0.258025
-44.673779,-368.670337,-58.640019,0.169656
-31.247481,-368.186550,-63.099596,0.253555
-39.701766,-158.394672,-90.556903,0.097835
-24.083038,-376.815070,-73.191655,0.166583
-40.536026,-199.321468,-94.484807,0.645731
-26.634991,-256.438222,-88.798290,0.170285
-27.079346,-273.210947,-79.638516,0.751261
-33.163551,-383.578946,-58.007680,0.193348
-27.451163,-345.034382,-59.197464,0.211339
-21.388592,-368.850500,-74.663176,0.138636
-31.965868,-183.647085,-95.012568,0.656863
-28.656148,-122.157969,-77.611943,0.151745
-15.401938,-289.567093,-80.279532,0.697891
-35.074742,-200.700296,-97.381298,0.651627
-26.385441,-204.069741,-92.226188,0.757579
-19.330602,-306.473034,-80.608456,0.007430
-19.130184,-377.291823,-82.043300,0.184281
-37.911358,-359.558607,-63.871247,0.259399
-34.406740,-210.629605,-87.056961,0.512310
-35.508331,-365.365954,-72.766103,0.188986
-47.656281,-176.753322,-86.071280,0.437925
-33.920546,-147.442053,-76.547765,0.287160
-30.291567,-190.382250,-89.817285,0.202685
-50.323329,-168.690247,-88.441155,0.147484
-29.183739,-214.892181,-91.751820,0.207100
-21.442630,-348.340988,-80.787013,0.083771
-14.588942,-372.618268,-86.223427,0.198224
-32.906967,-214.847762,-94.261708,0.854492
-31.985382,-367.123223,-88.962751,0.273594
-31.693543,-125.049799,-61.701440,0.208767
-37.257382,-208.523988,-92.128717,0.810667
-32.715863,-214.574379,-85.340617,0.636194
-21.739605,-367.344277,-94.019116,0.138864
-21.941782,-370.728068,-80.192824,0.158922
-25.521908,-221.857253,-81.456890,0.932975
-39.050928,-129.287642,-73.398228,0.205036
-34.652675,-375.982639,-54.320488,0.100375
-27.307406,-135.256245,-78.714766,0.255749
-37.437240,-365.974511,-62.725387,0.197996
-36.612578,-173.817249,-92.079563,0.023823
-39.533670,-132.343201,-68.721452,0.261753
-33.251721,-189.287715,-85.331020,0.154135
-26.939261,-232.946950,-88.012612,0.000001
-37.812933,-206.790448,-91.502658,0.805838
-37.181024,-360.320109,-92.362192,0.193672
-25.388312,-370.132830,-95.982547,0.102474
-33.281380,-373.379589,-60.755788,0.080861
-24.223452,-366.981534,-49.228982,0.123809
-46.342078,-165.570481,-89.230331,0.090302
-20.505763,-380.452969,-80.199461,0.197755
-29.622300,-350.609494,-61.655452,0.179533
-38.814595,-177.180002,-89.989459,0.000011
-30.050905,-362.772840,-69.643166,0.234212
-26.672196,-359.115514,-77.915029,0.103371
-26.839583,-285.223779,-88.750297,0.631205
-29.222686,-135.148154,-61.858845,0.237424
-31.643778,-189.027202,-86.168383,0.038759
-39.191237,-174.592870,-80.358976,0.524237
-49.059681,-150.307522,-87.339403,0.184809
-26.425609,-358.893415,-52.332588,0.147365
-25.675975,-363.171220,-80.761980,0.221544
-27.771733,-376.580499,-48.416430,0.075971
-32.547635,-187.282019,-84.325311,0.351513
-19.750830,-327.502522,-88.472662,0.413177
-26.410931,-257.862228,-85.384448,0.012313
-31.110116,-360.853006,-73.850312,0.183401
-36.478981,-374.601862,-100.052416,0.171190
-19.468661,-375.858944,-89.867734,0.099635
-33.390467,-189.879424,-83.418694,0.629224
-34.117981,-362.930741,-80.931556,0.240076
-20.994308,-335.658761,-63.959241,0.299823
-33.796854,-375.310861,-78.136186,0.145843
-22.628911,-357.184411,-92.339624,0.175027
-23.130350,-365.778186,-79.190482,0.222063
-16.602252,-310.191019,-74.126504,0.644407
-47.577895,-160.186955,-91.225712,0.072674
-25.806757,-360.515003,-90.311659,0.190645
-33.434610,-369.996467,-84.896976,0.206206
-24.659396,-357.711586,-74.434679,0.078291
-29.695870,-277.874364,-81.808574,0.918557
-42.862604,-178.969925,-91.818803,0.028794
-24.942586,-372.195423,-72.130546,0.100847
-20.121822,-327.975893,-74.076376,0.001666
-35.525734,-161.627230,-89.021870,0.120915
-18.844504,-377.885693,-59.042662,0.111011
-24.439801,-335.646498,-76.168693,0.000001
-18.218541,-368.392806,-89.786638,0.217730
-23.165359,-232.064949,-89.635780,0.545488
-30.447616,-377.110774,-61.039895,0.084402
-26.819493,-359.300623,-67.698422,0.142585
-29.741765,-380.003799,-56.808581,0.164803
-24.757086,-259.649660,-86.431316,0.000001
-45.968278,-141.603116,-91.634903,0.147224
-23.536936,-373.804515,-86.162706,0.126266
-40.001149,-153.073350,-87.105464,0.168160
-21.833611,-376.729685,-66.254577,0.173621
-41.694455,-134.562033,-64.799266,0.170183
-26.852813,-381.945891,-82.534577,0.178199
-20.453561,-344.936534,-60.915656,0.259598
-28.190861,-350.628014,-88.441604,0.187575
-49.955873,-161.083936,-97.101990,0.115720
-36.440618,-129.662608,-67.215143,0.229253
-22.250027,-353.412452,-58.608120,0.150038
-35.402618,-164.963914,-97.756432,0.447599
-23.177654,-335.336721,-64.485181,0.136154
-28.342703,-331.155781,-67.167515,0.512395
-17.410478,-364.803256,-62.609093,0.164823
-33.624767,-142.853715,-70.811703,0.289347
-28.775562,-265.249437,-81.847382,0.787664
-18.260710,-353.636218,-76.941672,0.150241
-40.758863,-137.919760,-86.020144,0.210438
-35.295050,-372.716974,-46.804554,0.142269
-18.944673,-368.021310,-91.483359,0.182706
-48.343183,-175.552949,-87.242283,0.420983
-30.538974,-364.745770,-88.256493,0.252221
-41.917024,-128.763016,-77.340394,0.131419
-24.045591,-380.922865,-69.771620,0.180545
-33.135444,-255.559725,-86.720350,0.754019
-27.552296,-243.846547,-90.162240,0.269870
-31.488621,-164.978684,-85.170478,0.309374
-26.140957,-142.904582,-65.028111,0.228929
-46.963145,-147.166587,-92.165402,0.243283
-34.396898,-361.123035,-65.971509,0.245686
-25.324713,-362.310533,-54.968547,0.180056
-46.753287,-150.429706,-97.403312,0.204891
-25.860451,-377.715964,-60.807020,0.117488
-34.235687,-126.606207,-68.803340,0.236475
-41.439810,-183.032117,-98.125918,0.629027
-29.061318,-372.891308,-81.378777,0.081634
-32.283490,-370.205058,-63.356489,0.179728
-29.203085,-372.696197,-86.736448,0.129375
-22.240172,-138.800678,-64.409965,0.223613
-22.597593,-352.069256,-56.686475,0.182824
-49.102676,-161.679647,-83.045233,0.185535
-20.550957,-286.335341,-83.365754,0.000001
-20.505915,-356.601065,-66.994526,0.180319
-32.069033,-143.402613,-86.041960,0.353201
-29.996800,-370.738239,-60.098474,0.111328
-30.702169,-367.864102,-87.418691,0.245782
-39.361274,-125.232968,-65.641253,0.224628
-26.208580,-376.222124,-55.779147,0.065220
-27.006766,-373.583742,-91.975311,0.118529
-41.770191,-178.651589,-88.801550,0.022890
-32.281464,-356.874164,-69.903741,0.197190
-33.850359,-121.348535,-73.669394,0.183483
-31.913772,-365.599904,-57.345522,0.250656
-34.997924,-362.765307,-74.945887,0.306136
-40.562603,-143.716321,-73.372728,0.362329
-25.243366,-343.957043,-77.092730,0.000001
-28.634604,-334.419570,-73.578732,0.246236
-30.639595,-372.848952,-58.847603,0.068109
-27.584290,-377.165413,-93.865170,0.110866
-41.060366,-177.646563,-99.004893,0.564537
-33.246688,-377.518204,-75.672672,0.254078
-22.539451,-341.694317,-83.890942,0.064247
-28.956644,-368.808305,-63.161190,0.204989
-34.842362,-355.356140,-68.448062,0.246364
-30.277407,-213.163555,-88.213530,0.025710
-21.600181,-366.189637,-73.411131,0.179948
-19.733530,-235.398557,-87.496893,0.716935
-26.696605,-382.817915,-84.307358,0.169652
-27.410481,-370.733006,-87.272994,0.210726
-37.068018,-151.564704,-96.702172,0.253444
-25.036667,-298.533156,-89.236138,0.581883
-32.736026,-168.227493,-82.123895,0.577601
-25.221364,-352.423578,-64.140059,0.101618
-25.262874,-218.763934,-90.834951,0.528920
-26.024267,-356.238284,-69.470927,0.097704
-30.188476,-340.801625,-72.008127,0.317779
-27.088176,-134.237707,-76.934762,0.285152
-50.575494,-145.266329,-102.277411,0.166354
-38.423214,-157.627548,-94.216876,0.138445
-21.674803,-343.549941,-77.767953,0.011639
-22.952371,-250.032376,-88.224451,0.088696
-20.781746,-366.425406,-53.411709,0.156137
-29.824466,-133.336573,-63.531776,0.257849
-34.707911,-145.961477,-83.391655,0.154009
-24.725145,-341.400042,-87.644897,0.153179
-39.324516,-168.720339,-93.183073,0.055505
-34.817549,-125.044875,-65.437376,0.219993
-36.203016,-171.488122,-86.138486,0.093921
-27.238473,-383.744198,-89.232946,0.158259
-33.633045,-240.175097,-88.696949,0.839217
-38.544784,-372.829423,-49.793799,0.137289
-41.349618,-152.071698,-104.165126,0.277915
-21.011520,-365.877368,-58.279093,0.227250
-20.585898,-263.988829,-76.181724,0.717800
-35.837121,-374.742455,-85.906190,0.155424
-29.762405,-260.971581,-83.503448,0.696246
-38.240592,-164.499480,-90.525754,0.079593
-40.754335,-168.949978,-95.953215,0.066545
-23.257236,-210.247117,-88.672467,0.670480
-32.642445,-221.104125,-84.637315,0.794259
-35.844112,-360.688376,-75.558401,0.294879
-19.609445,-348.122000,-67.968863,0.163550
-33.234375,-359.649604,-59.490542,0.228284
-15.784740,-293.766746,-83.254718,0.697133
-30.178509,-259.720926,-84.745640,0.676250
-29.224231,-362.257228,-60.887958,0.220511
-37.254844,-194.203183,-85.692218,0.573524
-35.949542,-370.259941,-97.773180,0.171684
-23.416055,-257.807274,-78.439821,0.685199
-34.511898,-160.527120,-79.171100,0.516697
-29.428835,-119.757125,-67.181266,0.207555
-27.052492,-342.337454,-61.270437,0.169418
-30.439070,-333.687309,-77.263145,0.542217
-21.970000,-363.498345,-64.478475,0.185779
-16.790431,-262.609801,-86.101105,0.692179
-33.151477,-214.218233,-96.113196,0.724967
-34.181836,-353.219297,-72.518831,0.269240
-29.297642,-371.050530,-81.849659,0.117291
-18.151738,-291.595696,-80.394789,0.143870
-31.102083,-353.753125,-80.731577,0.180095
-14.049696,-376.179234,-82.855653,0.213378
-18.982856,-369.507925,-85.874940,0.214131
-25.332980,-233.638054,-83.366799,0.289756
-23.706755,-382.085349,-65.324319,0.178210
-31.766187,-209.220058,-94.003985,0.685088
-23.997125,-375.193775,-80.410460,0.149197
-36.308499,-381.288664,-97.607880,0.199006
-28.715488,-344.002116,-81.383462,0.106689
-22.927186,-333.704011,-73.814614,0.000001
-41.313664,-146.802568,-91.863503,0.230723
-49.639760,-146.540857,-94.364904,0.200547
-21.952219,-376.044982,-78.818597,0.176083
-22.845038,-340.187018,-82.351190,0.038734
-31.390758,-340.378346,-76.554613,0.394410
-33.959618,-140.758540,-64.936164,0.228650
-19.549645,-263.766501,-88.348135,0.611701
-26.341128,-144.020147,-73.439085,0.287414
-26.839496,-329.340088,-64.803978,0.505772
-33.984363,-247.322549,-87.636723,0.781787
-40.258664,-132.000507,-74.252633,0.256027
-29.670089,-370.986072,-87.228106,0.215262
-24.636971,-238.794802,-89.761638,0.238827
-34.807541,-164.788331,-91.560178,0.168100
-30.216296,-360.790990,-61.908437,0.201349
-30.579915,-230.205765,-94.890082,0.663163
-29.427485,-154.190285,-86.879147,0.412045
-22.287614,-310.565971,-70.841273,0.096533
-22.491058,-296.940768,-78.106111,0.000001
-24.925144,-321.505790,-81.750980,0.006880
-43.238104,-158.225670,-93.407056,0.080899
-40.355305,-143.609312,-75.417694,0.321134
-31.038111,-338.991117,-79.229902,0.470384
-32.953189,-355.732487,-63.769297,0.255991
-24.686143,-338.930140,-82.760325,0.055264
-34.218914,-162.301940,-86.286819,0.141654
-35.814615,-360.637143,-65.020311,0.275298
-33.731911,-352.348187,-83.698416,0.314368
-42.188294,-149.504906,-102.464885,0.214526
-17.725177,-356.310824,-75.308435,0.175933
-30.096851,-366.354872,-58.568440,0.226584
-29.097907,-158.378962,-80.228996,0.454433
-20.345898,-367.678735,-90.032259,0.185817
-24.128828,-298.366695,-79.710193,0.000001
-34.103251,-360.533131,-97.447850,0.180303
-20.263887,-374.465405,-70.412303,0.199506
-35.072356,-167.426621,-80.170073,0.502991
-50.895226,-151.287193,-98.347565,0.154504
-47.029351,-156.534018,-91.661056,0.087711
-28.119973,-216.763461,-91.969435,0.515463
-33.317720,-372.072827,-59.351435,0.096514
-28.566773,-366.814174,-63.677223,0.212791
-24.506981,-339.348818,-76.037741,0.000001
-25.695515,-363.941152,-54.156769,0.228929
-17.248194,-283.806345,-86.126320,0.656284
-34.638923,-150.335431,-78.062547,0.264975
-38.772537,-361.762147,-66.021958,0.249039
-41.802337,-147.729050,-102.704814,0.170708
-25.800566,-365.585743,-69.992205,0.209966
-47.362478,-143.468446,-90.185709,0.189853
-38.443015,-360.554150,-51.018725,0.236297
-39.607196,-175.103720,-88.437815,0.010510
-41.482313,-165.666053,-97.467522,0.104418
-36.967692,-158.012135,-95.082967,0.177241
-28.027228,-328.144192,-83.082478,0.169719
-27.111208,-348.377244,-92.242779,0.280029
-21.421989,-354.720038,-75.918047,0.092251
-38.795201,-367.758555,-84.351855,0.187582
-24.165510,-379.440701,-54.849781,0.118916
-31.279446,-216.381988,-94.399860,0.810400
-27.809096,-244.626714,-81.282118,0.815520
-43.345673,-380.103750,-59.515016,0.196046
-21.638937,-354.951064,-66.765924,0.168559
-27.725442,-363.607350,-53.864870,0.227208
-36.434959,-200.171326,-84.662748,0.917984
-27.912808,-187.891772,-86.738853,0.678656
-20.878414,-306.533022,-82.100480,0.000001
-27.803234,-129.927806,-80.159496,0.208990
-43.478123,-130.510382,-66.682568,0.197683
-26.713844,-137.628558,-68.223285,0.283464
-34.909778,-362.322573,-88.038050,0.236295
-50.729939,-153.474696,-99.469466,0.185708
-26.069739,-363.844429,-76.647838,0.233230
-30.914780,-240.686814,-83.903181,0.804171
-43.339507,-149.262688,-83.525322,0.148910
-26.932319,-262.156049,-78.753736,0.877462
-23.656626,-338.904627,-81.017457,0.011089
-14.285815,-357.937128,-89.711338,0.182192
-22.845364,-298.867693,-87.550328,0.271068
-26.197756,-376.539312,-72.650473,0.106655
-28.690287,-229.112482,-92.194265,0.631445
-20.779925,-317.038078,-74.964243,0.000001
-35.287328,-365.249302,-59.500111,0.283992
-35.652537,-356.458566,-65.649379,0.240136
-41.239693,-174.770124,-96.145731,0.056711
-26.475432,-347.196590,-79.341883,0.018105
-47.875983,-369.718679,-62.098323,0.200253
-39.259700,-368.262494,-91.664338,0.198362
-33.708763,-165.753820,-90.645909,0.292406
-34.254065,-124.698764,-69.251385,0.223165
-30.357523,-374.600311,-99.174102,0.150508
-48.300586,-142.288318,-101.822504,0.159724
-27.508522,-373.917032,-81.108498,0.097029
-24.067386,-340.715784,-63.121594,0.117982
-32.159440,-190.083104,-92.110974,0.137346
-31.696339,-129.919658,-67.284882,0.216214
-33.703958,-187.753427,-92.870250,0.060709
-20.652306,-340.891944,-68.916034,0.053863
-14.552620,-370.125996,-76.204804,0.187712
-28.898686,-324.993814,-83.832422,0.433120
-41.314005,-190.463954,-84.931043,0.730051
-28.852733,-364.903602,-62.806987,0.250129
-24.528217,-218.424890,-83.482924,0.832689
-29.200541,-382.342105,-96.148017,0.151689
-36.748412,-359.393489,-49.639258,0.205040
-28.473042,-370.141909,-72.877473,0.046768
-35.644109,-144.758589,-86.408085,0.196669
-19.647283,-361.327839,-65.346906,0.178258
-13.587767,-357.014979,-84.833089,0.195053
-17.182220,-360.223326,-60.195790,0.197445
-42.267558,-177.795064,-97.746060,0.574083
-25.741259,-373.870360,-55.980479,0.061276
-20.959983,-312.666155,-84.843166,0.006112
-30.834341,-243.057950,-86.413336,0.503902
-24.709264,-300.420253,-89.444381,0.530755
-45.299563,-373.442727,-65.088794,0.184479
-39.075287,-184.537845,-93.146486,0.012589
-39.322242,-208.706300,-90.785796,0.679056
-22.406456,-263.292718,-87.893271,0.051611
-30.766878,-264.466120,-81.699874,0.803346
-18.528890,-336.992936,-88.047564,0.363343
-32.404145,-379.024951,-86.275136,0.171594
-49.002305,-140.989476,-94.726049,0.210224
-29.521022,-142.408691,-66.377254,0.190445
-32.575314,-200.699264,-96.990056,0.698500
-24.642076,-371.889169,-70.398324,0.118887
-28.573975,-369.324124,-60.763607,0.169294
-22.039890,-358.047970,-76.287793,0.119892
-33.123592,-362.329669,-54.232243,0.317413
-17.328532,-350.717554,-66.250212,0.292159
-28.713115,-247.204681,-89.273730,0.319801
-36.827820,-376.411164,-55.401342,0.140768
-21.127027,-226.367526,-88.615493,0.729197
-24.846877,-364.838712,-74.673232,0.199696
-36.399637,-362.753861,-62.172152,0.364134
-31.240975,-268.554512,-87.849039,0.687146
-34.242645,-153.601116,-90.112675,0.162841
-33.011528,-191.004940,-95.161456,0.708301
-31.299527,-379.044679,-87.889201,0.146435
-26.653721,-378.559046,-94.931645,0.089662
-33.663601,-368.449078,-88.829385,0.243650
-37.750497,-368.606889,-68.629994,0.103732
-16.562403,-332.527703,-85.685123,0.418207
-36.999648,-223.330042,-89.243634,0.725568
-22.790481,-382.171176,-62.319982,0.166808
-34.151413,-381.020123,-93.278978,0.188970
-49.089901,-145.479898,-97.449430,0.125341
-49.234745,-156.259993,-84.554709,0.154405
-15.458763,-311.299573,-79.512784,0.582888
-22.679624,-320.579199,-77.874454,0.002372
-24.236009,-303.055722,-82.411069,0.000001
-24.911028,-351.330613,-65.949403,0.099195
-26.428622,-195.036219,-83.801558,0.658422
-29.459382,-359.073932,-52.169082,0.169267
-26.171914,-282.854968,-78.519555,0.468191
-20.491532,-260.531116,-76.836340,0.711918
-21.879454,-337.876335,-86.030534,0.088321
-23.300976,-338.441987,-74.865096,0.000001
-25.333758,-367.496608,-70.456930,0.126825
-27.842100,-371.077842,-63.741921,0.114864
-20.287454,-293.575319,-72.700502,0.681289
-24.061741,-355.082457,-86.653091,0.148581
-31.274611,-175.579186,-86.287801,0.329260
-34.764263,-190.891260,-92.852979,0.034862
-19.031817,-309.565665,-69.345866,0.595035
-18.563804,-288.852123,-85.349264,0.293248
-23.395877,-299.115795,-89.877955,0.585772
-30.288456,-200.356298,-81.017763,0.754461
-21.419554,-296.651925,-88.081175,0.389075
-36.427821,-140.460538,-65.974213,0.272695
-15.802320,-300.067611,-78.165090,0.619611
-24.156905,-235.469264,-79.055424,0.746722
-37.961753,-361.696791,-62.868619,0.332589
-35.814851,-370.248660,-82.166671,0.164719
-25.572892,-337.033432,-82.798443,0.060069
-22.863509,-249.246968,-82.983615,0.028866
-16.025861,-288.746286,-85.848363,0.739173
-23.413198,-334.353843,-77.485364,0.000001
-24.995056,-323.814436,-77.600245,0.000001
-20.264075,-130.085822,-76.137679,0.197170
-32.708490,-361.185250,-60.445947,0.251451
-20.230604,-297.407436,-76.212101,0.002358
-23.542205,-280.330750,-73.932677,0.760623
-39.665589,-369.312576,-80.668923,0.266657
-30.817612,-362.821989,-89.158478,0.206208
-43.511138,-162.209104,-87.549470,0.108958
-24.758489,-376.490780,-88.835474,0.109687
-16.570559,-319.904303,-86.445123,0.626603
-20.891038,-324.053357,-73.344753,0.006417
-42.801181,-139.334177,-98.373857,0.171143
-21.412079,-270.246811,-74.779457,0.673888
-24.942188,-215.794555,-92.892833,0.783733
-28.483787,-213.149068,-92.103666,0.434170
-20.196856,-308.013544,-81.194664,0.000017
-28.772878,-228.200295,-84.960572,0.194887
-47.032442,-146.835389,-88.429907,0.229929
-18.246453,-251.758095,-81.393042,0.693100
-39.875634,-146.157384,-90.863294,0.220023
-31.775370,-374.294851,-64.300865,0.021265
-26.431210,-342.123771,-65.506849,0.112612
-43.193284,-135.101551,-67.175767,0.137681
-19.747303,-364.030448,-63.419921,0.186636
-44.720815,-379.253921,-50.002037,0.127602
-26.894564,-133.411467,-84.304017,0.188176
-36.446054,-131.430390,-59.609209,0.204914
-39.623595,-190.200531,-95.664564,0.758086
-34.535969,-129.779639,-76.330275,0.242326
-31.313137,-162.424430,-85.793424,0.316042
-43.500801,-157.404838,-91.574744,0.082526
-16.721885,-358.888576,-91.955988,0.196011
-38.523536,-205.087417,-85.841457,0.728841
-37.145657,-138.468307,-84.345657,0.221099
-21.182098,-236.504905,-86.266557,0.623252
-32.529150,-349.451314,-69.186150,0.341128
-38.724773,-161.812547,-80.094204,0.484448
-38.341040,-145.110994,-79.276679,0.188195
-26.588050,-338.417663,-82.261452,0.072293
-45.696920,-165.303786,-87.590547,0.105797
-24.178163,-222.183329,-88.306630,0.321150
-33.341822,-212.475343,-96.614857,0.595137
-44.181567,-140.065301,-73.548645,0.256981
-41.350510,-165.962169,-90.571619,0.078070
-25.844650,-341.384690,-75.453943,0.000001
-23.854134,-301.953739,-72.656916,0.343387
-28.944717,-342.558351,-72.012299,0.121151
-21.007256,-341.178885,-84.904322,0.082302
-27.979285,-276.136252,-79.375505,0.874639
-44.142923,-150.535959,-96.391360,0.232743
-25.575035,-302.282521,-79.040285,0.025408
-26.285671,-340.545592,-82.752179,0.080884
-44.345481,-382.897397,-55.670062,0.205259
-31.162542,-373.336791,-67.696811,0.023639
-27.939037,-362.511222,-77.438807,0.227966
-30.814448,-375.199601,-86.881011,0.128448
-22.880384,-344.305821,-80.796003,0.032460
-20.193456,-322.837501,-87.270206,0.275658
-27.011044,-354.020545,-94.627392,0.223665
-30.889557,-382.269341,-83.906640,0.188266
-22.383113,-352.667269,-77.692553,0.058665
-38.285564,-122.839982,-78.591485,0.136052
-32.213964,-346.039894,-78.744719,0.380023
-30.477062,-363.306651,-85.454318,0.217411
-35.296549,-380.355579,-52.424448,0.095635
-17.124959,-360.531870,-80.571753,0.184110
-38.815560,-194.846272,-83.555547,0.749776
-24.518796,-277.346214,-74.702770,0.797980
-49.696541,-153.208229,-98.066683,0.203676
-20.368871,-382.035719,-85.193373,0.168658
-47.732779,-145.024700,-101.207210,0.169096
-28.742253,-348.628542,-58.088179,0.215643
-45.065857,-369.804362,-60.434101,0.178517
-42.435553,-154.626699,-88.459057,0.126572
-28.721800,-170.614748,-84.339229,0.663781
-30.010947,-363.319081,-83.384949,0.211069
-33.396504,-366.283722,-80.713347,0.251470
-20.326826,-358.665210,-57.128055,0.169803
-34.309693,-360.990795,-93.475027,0.215509
-29.817722,-326.123005,-75.556725,0.581540
-22.844847,-360.731200,-69.087575,0.183632
-32.870472,-375.944632,-85.677353,0.147352
-25.006291,-216.166363,-85.126000,0.558175
-31.972837,-369.392476,-56.759868,0.205282
-52.073477,-163.444964,-98.810191,0.276635
-29.659047,-365.934887,-67.321921,0.217265
-22.128972,-232.993217,-86.121126,0.461644
-25.342181,-323.989618,-87.222840,0.263166
-37.001738,-360.891652,-78.546799,0.247697
-27.964639,-353.921782,-88.101525,0.190998
-21.100255,-268.498995,-91.177505,0.774637
-29.241919,-300.294941,-78.737159,0.774392
-26.980518,-358.134729,-74.960594,0.052841
-49.682635,-168.443339,-85.098883,0.188795
-18.903325,-369.476497,-83.946984,0.209424
-24.223980,-349.123852,-74.274101,0.001820
-19.986821,-322.310882,-73.706309,0.026698
-27.737261,-251.080307,-85.041876,0.078862
-19.587403,-282.842042,-74.945428,0.588820
-23.518784,-282.450191,-73.843033,0.765150
-43.593460,-374.704400,-64.135187,0.203825
-42.246041,-372.360714,-64.226413,0.205861
-28.458535,-208.006182,-90.937302,0.170486
-43.830841,-142.891934,-90.906912,0.256507
-27.130493,-286.874350,-85.872198,0.179536
-17.033067,-313.356401,-83.107009,0.303067
-26.817941,-371.215248,-68.775329,0.098299
-26.625134,-144.945129,-79.026001,0.342453
-47.673425,-153.257111,-97.923092,0.208614
-29.249504,-370.723120,-74.343586,0.039536
-42.602714,-160.954035,-89.502490,0.096466
-44.835757,-170.567650,-88.575051,0.105773
-15.830767,-283.102397,-85.089444,0.674825
-42.356523,-171.970284,-96.007010,0.058122
-35.315378,-123.500027,-80.829877,0.131862
-25.574053,-210.059352,-87.199876,0.445216
-31.466987,-192.719140,-83.519446,0.666815
-37.061961,-164.258013,-97.914253,0.367898
-33.964598,-192.115314,-97.226339,0.767846
-34.676044,-382.636731,-57.668951,0.201169
-39.462017,-382.099488,-55.618868,0.171585
-38.144643,-137.031643,-83.700657,0.214468
-27.368327,-358.636152,-85.166688,0.183727
-30.295821,-360.439236,-63.527654,0.195717
-43.532469,-180.087491,-87.994480,0.122506
-29.671435,-350.229594,-54.060184,0.292840
-30.272656,-193.115890,-84.797666,0.316127
-22.333060,-256.805594,-89.689726,0.540244
-30.877297,-322.605319,-83.335959,0.654032
-17.641921,-312.120023,-71.830765,0.614373
-24.804227,-374.706224,-49.117437,0.095811
-32.321575,-241.870034,-85.423315,0.891278
-21.362058,-380.375623,-65.557161,0.171648
-38.351233,-137.517146,-66.419641,0.230405
-46.475860,-176.389831,-93.933443,0.188675
-26.649129,-239.185161,-88.052821,0.003303
-32.334348,-376.166442,-89.668452,0.159410
-34.035896,-360.618026,-47.989608,0.197344
-30.917559,-126.908209,-63.797891,0.163471
-16.331231,-318.809700,-73.601902,0.507260
-33.043934,-373.118270,-65.809544,0.054254
-24.308096,-135.322011,-83.528462,0.187679
-29.012527,-306.407532,-84.479891,0.674391
-12.703572,-360.915300,-89.551596,0.178273
-30.004883,-125.460864,-73.101148,0.234260
-49.112729,-149.590544,-82.280997,0.321087
-25.564761,-368.644308,-68.615975,0.137826
-35.911461,-357.480700,-82.835310,0.235589
-50.258044,-151.309598,-85.625566,0.184035
-22.648574,-360.684759,-50.661409,0.150249
-27.343632,-214.255515,-93.116683,0.751214
-20.547156,-360.822721,-57.009351,0.159502
-43.340400,-177.167721,-84.128853,0.295932
-25.659228,-304.363709,-82.150194,0.000001
-31.906876,-238.272861,-82.612016,0.905009
-28.364170,-348.685393,-88.477095,0.198769
-24.711792,-364.072407,-78.371859,0.235321
-34.456505,-129.422609,-69.718673,0.249459
-29.777569,-369.567460,-94.336705,0.218532
-24.013998,-360.967115,-74.953262,0.153962
-45.129097,-151.670282,-98.475847,0.231549
-31.286788,-207.641618,-86.802841,0.085023
-32.164464,-379.843326,-48.026518,0.096305
-31.027027,-141.991319,-79.901124,0.295350
-25.946185,-355.122515,-84.166350,0.149246
-41.308624,-142.684927,-81.741768,0.198267
-35.631817,-221.653768,-90.706121,0.876100
-19.286592,-254.695259,-89.813700,0.827117
-35.182128,-138.773131,-77.086369,0.310255
-37.159413,-183.287275,-97.048989,0.504845
-23.785882,-249.888555,-80.825772,0.397655
-44.949232,-150.077443,-84.930415,0.154019
-26.992654,-348.519264,-61.819658,0.127164
-27.215390,-358.971190,-87.652943,0.190281
-29.163815,-367.873608,-67.335314,0.158649
-30.879895,-335.809846,-84.790503,0.582599
-28.128290,-369.070210,-87.986342,0.282421
-25.671102,-340.441618,-77.162408,0.000001
-20.467833,-269.688555,-83.889856,0.010220
-43.518985,-373.720206,-89.142338,0.185489
-32.187952,-139.626759,-75.901534,0.317412
-20.732192,-304.330624,-85.495144,0.028905
-27.113045,-308.360919,-73.635565,0.631658
-16.281155,-316.949252,-73.823741,0.548022
-30.739987,-370.199346,-88.285915,0.257544
-36.613326,-141.215898,-94.352807,0.173753
-39.028087,-372.384054,-47.315708,0.147850
-32.359785,-382.470293,-85.185798,0.180571
-27.306876,-239.752631,-78.808996,0.807510
-31.380939,-146.989379,-83.270389,0.240557
-38.606026,-173.121828,-82.565886,0.388919
-28.188455,-367.246922,-54.817176,0.202276
-42.493055,-192.923842,-88.386105,0.651184
-34.553908,-357.201166,-93.542714,0.221683
-25.443621,-239.196878,-86.605389,0.000001
-47.144613,-167.519001,-78.615163,0.236562
-36.553068,-371.875018,-66.492827,0.123253
-17.298082,-289.071478,-81.674554,0.399772
-30.196893,-250.853009,-80.314767,0.825996
-23.468608,-367.205134,-70.295604,0.154578
-57.913943,-156.990226,-95.622393,0.196901
-25.203174,-245.163183,-91.524446,0.778901
-24.281721,-288.826235,-81.808855,0.000001
-26.747290,-352.841150,-76.432200,0.009120
-39.815962,-146.921127,-101.790934,0.178375
-22.457650,-367.768268,-73.683541,0.133219
-32.016964,-348.071786,-61.583366,0.370898
-29.901133,-352.471725,-81.258594,0.132341
-30.153698,-122.287591,-73.036413,0.206379
-35.989660,-373.186490,-68.454029,0.181801
-40.576927,-122.641666,-68.679949,0.201578
-31.867404,-197.222547,-88.199156,0.000001
-28.251709,-374.893183,-82.177416,0.105136
-19.802286,-322.967429,-80.307762,0.004028
-31.218196,-370.728174,-82.094194,0.146884
-19.845688,-365.874792,-55.077661,0.159772
-35.825154,-119.587183,-69.954250,0.195643
-33.966334,-149.111050,-97.049858,0.338600
-28.580300,-184.431265,-90.363119,0.641480
-27.772046,-326.397358,-83.553637,0.166445
-20.892576,-294.104474,-76.938121,0.001693
-45.249374,-146.026872,-91.355113,0.264361
-41.764940,-147.969222,-75.242670,0.409112
-19.398413,-341.626640,-71.652667,0.075361
-18.059417,-313.151756,-70.515952,0.568305
-22.498172,-261.475585,-84.936157,0.000001
-38.129550,-128.731249,-79.106380,0.160086
-43.614536,-372.644476,-90.923628,0.213929
-33.358333,-141.096198,-75.787322,0.293552
-33.762231,-366.655263,-59.241556,0.251007
-33.534296,-155.710651,-77.980873,0.500203
-35.259991,-155.357152,-86.060490,0.139270
-23.600486,-282.736881,-90.796938,0.665769
-24.142839,-376.950845,-77.011848,0.169969
-23.419028,-208.749829,-87.417366,0.715076
-23.419138,-369.817093,-70.344520,0.125891
-16.403895,-327.243849,-85.905087,0.500688
-32.181943,-375.847535,-63.326301,0.031167
-27.392906,-371.789522,-95.893676,0.105972
-34.063304,-143.763958,-86.150019,0.239527
-23.489438,-376.886420,-78.638380,0.171990
-30.976026,-371.462609,-61.998762,0.109910
-30.050855,-374.002363,-85.301605,0.116506
-27.805231,-278.746036,-86.914973,0.509245
-37.061742,-210.371513,-92.143663,0.833072
-35.165442,-363.873842,-87.159576,0.255124
-39.967658,-375.954411,-89.032630,0.183542
-37.481769,-184.088150,-81.095240,0.650537
-40.548236,-364.769348,-62.014912,0.148279
-21.862304,-364.756508,-83.238111,0.226964
-44.553627,-148.119039,-84.414529,0.167287
-15.825475,-347.949030,-76.202016,0.324492
-35.599238,-373.074567,-65.012529,0.087561
-29.950710,-345.617947,-58.599178,0.417165
-43.569611,-152.664666,-102.162068,0.266292
-24.838894,-347.366009,-80.257091,0.042682
-29.048713,-350.724710,-73.932329,0.039741
-28.004512,-213.932314,-90.602741,0.177241
-23.077976,-358.052399,-51.483050,0.157593
-31.397463,-255.587252,-87.033458,0.936861
-26.640260,-354.130996,-51.101460,0.174826
-31.709664,-141.111558,-63.637842,0.245183
-37.840768,-165.548710,-92.211786,0.076406
-43.069349,-367.844714,-61.848817,0.164360
-26.718871,-132.348944,-71.391988,0.342860
-33.667259,-151.992437,-81.559827,0.178478
-28.569839,-254.687432,-88.272409,0.374324
-31.891195,-190.944387,-83.216437,0.692925
-22.288199,-283.011838,-76.517633,0.144122
-38.011118,-184.436137,-94.868404,0.094626
-36.099432,-221.282947,-93.949427,0.650757
-25.130842,-335.460971,-68.240342,0.066934
-32.206418,-137.969588,-63.269627,0.262391
-33.471055,-157.642792,-88.012652,0.180774
-20.825652,-332.753412,-86.132941,0.087447
-19.395999,-376.710789,-56.430555,0.108883
-30.584301,-156.514997,-89.045671,0.435435
-29.485455,-359.916979,-88.284870,0.195966
-37.566491,-131.788733,-67.408599,0.261075
-45.485298,-157.633777,-92.437468,0.084752
-25.667965,-350.439374,-78.411755,0.019308
-22.674458,-297.665111,-83.710153,0.000001
-35.865292,-373.431048,-76.479296,0.219291
-21.417855,-349.227253,-84.044328,0.124471
-34.001708,-363.745884,-55.033284,0.319491
-34.525608,-356.136244,-86.179542,0.274186
-45.663704,-166.941015,-80.167927,0.296704
-25.597905,-351.359840,-76.750640,0.011578
-29.432058,-361.115412,-98.051282,0.182179
-25.618776,-331.734663,-83.509638,0.057622
-24.421718,-347.192141,-67.288012,0.081042
-34.687885,-383.535146,-62.806352,0.185093
-25.411252,-374.808330,-88.309467,0.100435
-15.570098,-333.223753,-84.468822,0.499780
-26.525159,-368.710432,-71.748128,0.073907
-50.338815,-154.680540,-87.273130,0.108792
-19.710655,-318.917606,-84.899547,0.038428
-33.162789,-119.436855,-76.044574,0.168863
-40.376347,-370.262475,-56.347512,0.170563
-30.842218,-367.657752,-78.615510,0.199045
-26.982096,-131.546806,-83.954336,0.152822
-31.654448,-142.291297,-74.915553,0.308791
-28.446093,-371.493696,-80.145110,0.094783
-33.157599,-370.048502,-87.360561,0.241926
-40.326650,-163.823057,-92.584399,0.072171
-19.994834,-285.776059,-74.000705,0.595889
-26.007416,-258.134257,-78.912732,0.812515
-18.948669,-373.520255,-62.998388,0.174276
-39.242681,-373.247267,-80.856363,0.181645
-21.333089,-237.180809,-79.743367,0.555178
-29.167557,-140.666345,-69.123693,0.248528
-29.687612,-128.908097,-80.503972,0.202120
-33.436118,-163.709204,-94.295581,0.488413
-43.515644,-149.526280,-100.569395,0.203230
-22.884528,-285.861932,-85.331956,0.000001
-42.936585,-159.438355,-88.847752,0.101428
-24.180237,-309.682092,-71.176618,0.352229
-17.090849,-378.668841,-80.796400,0.208922
-23.226516,-352.048005,-68.549693,0.091587
-24.925860,-212.803198,-88.652616,0.449733
-36.293620,-184.439353,-85.956980,0.008754
-23.745815,-368.538976,-69.021662,0.160617
-25.403177,-373.040235,-92.186894,0.106787
-37.900295,-360.459562,-54.610612,0.336651
-26.103548,-377.918523,-91.375606,0.101285
-29.175277,-361.289821,-92.171814,0.202401
-35.086247,-359.103719,-74.866584,0.241756
-25.382320,-358.973095,-80.908006,0.119483
-22.879356,-296.904233,-80.040650,0.000001
-27.551777,-366.973749,-90.251555,0.218344
-36.456193,-211.986988,-93.715166,0.915246
-41.140411,-374.693598,-51.534519,0.130836
-33.061943,-173.639300,-86.447107,0.130390
-18.325343,-354.911791,-67.136609,0.204543
-30.865599,-151.407916,-82.735929,0.238473
-18.860363,-373.008773,-81.189138,0.168598
-44.222130,-129.966596,-75.222143,0.192217
-38.409164,-174.300987,-90.784276,0.008371
-41.948040,-150.232267,-91.500426,0.183952
-38.864751,-138.698947,-86.350193,0.223755
-26.108612,-358.460404,-72.996645,0.083790
-19.870346,-334.370291,-85.523127,0.074814
-29.169088,-367.878492,-70.206763,0.097884
-19.581454,-342.950241,-84.100995,0.111462
-55.826768,-153.585185,-88.105575,0.129956
-35.696413,-156.879095,-98.969664,0.354635
-22.473178,-138.412421,-67.319347,0.243561
-53.581760,-142.406456,-94.137230,0.186414
-23.981048,-280.870900,-81.931713,0.000001
-37.032856,-364.051208,-80.545967,0.223592
-29.825274,-130.372395,-72.184031,0.301462
-29.766165,-129.981651,-59.678130,0.128767
-31.898316,-355.566875,-57.914976,0.194096
-30.672448,-203.432471,-83.535136,0.694061
-39.903774,-168.252227,-97.464988,0.116069
-21.963984,-301.355859,-82.531125,0.000001
-15.728322,-287.259232,-84.076151,0.688451
-18.244019,-249.977710,-86.673537,0.765157
-31.050063,-368.328666,-80.397621,0.198000
-45.827281,-144.865436,-83.621835,0.322639
-18.228560,-258.491250,-81.131526,0.736562
-33.310358,-248.684717,-84.940873,0.780567
-25.318245,-133.041599,-60.368016,0.214636
-29.753985,-192.641756,-88.027025,0.145872
-21.755559,-332.514019,-62.624529,0.451564
-25.547346,-361.796657,-73.837733,0.167491
-26.215097,-342.692145,-70.428904,0.022100
-30.769179,-145.323763,-86.718942,0.389207
-33.008266,-373.341778,-82.230691,0.096058
-37.292915,-379.977975,-84.231467,0.187042
-30.031880,-202.723689,-84.985865,0.144816
-49.932129,-171.685068,-90.020724,0.178044
-23.976953,-305.079470,-82.770972,0.000001
-20.301289,-377.566457,-55.251472,0.107739
-31.102532,-364.938429,-60.805683,0.290442
-32.771041,-222.114020,-86.957170,0.570258
-36.722603,-150.459530,-85.152241,0.144199
-33.107232,-371.637003,-61.988671,0.118400
-55.132099,-156.253692,-92.293931,0.087744
-21.138830,-350.707847,-79.360544,0.068386
-26.466060,-346.601134,-57.570788,0.173104
-31.280118,-346.808071,-81.518488,0.301229
-27.149832,-331.570992,-75.293923,0.029658
-32.840900,-373.821843,-80.414777,0.080241
-26.299492,-375.782653,-51.439275,0.045200
-26.530975,-381.137694,-85.052801,0.160659
-21.229124,-242.676807,-87.517637,0.528107
-18.765451,-334.532600,-80.936954,0.033750
-30.356258,-370.129741,-63.246844,0.166210
-41.698324,-143.999271,-78.924453,0.242091
-19.357135,-249.181933,-87.742115,0.811584
-30.317490,-368.918787,-82.153984,0.212607
-27.031362,-366.678012,-88.513753,0.258972
-26.737063,-327.371221,-77.183153,0.004359
-26.321847,-352.010820,-91.275907,0.197282
-24.392305,-368.902720,-91.727023,0.192281
-24.932051,-381.880902,-80.779933,0.176694
-30.895890,-173.793300,-81.664073,0.615815
-41.013626,-190.116628,-88.076839,0.447970
-23.635151,-242.083968,-80.582800,0.746280
-23.183164,-282.205526,-84.039877,0.000001
-23.185981,-260.692750,-82.506674,0.000001
-37.346925,-364.193606,-75.556032,0.155387
-29.748524,-365.909294,-61.194208,0.230265
-28.413325,-348.085739,-60.224802,0.164959
-26.862259,-362.582945,-79.670437,0.226862
-38.617129,-140.012555,-77.854457,0.262659
-20.301105,-349.207927,-82.379358,0.125773
-35.875806,-174.835092,-98.596036,0.592585
-32.837959,-183.828891,-90.588656,0.034502
-32.588597,-125.461046,-79.631714,0.144259
-39.929475,-136.877535,-76.013042,0.307179
-30.958071,-249.905425,-84.409168,0.815273
-57.464193,-162.096223,-91.394144,0.219234
-22.036842,-244.011503,-92.261034,0.774630
-24.256382,-278.698330,-81.216447,0.000001
-24.665376,-231.453343,-81.515347,0.931706
-28.409010,-372.557831,-69.297259,0.046455
-30.295664,-379.870592,-67.040410,0.216971
-44.879603,-136.817495,-75.004369,0.255934
-24.958954,-354.777060,-81.666614,0.105032
-24.348849,-231.302273,-87.569859,0.046078
-39.418086,-360.767500,-53.443169,0.246388
-31.068284,-278.241528,-87.245988,0.621626
-34.063039,-375.667828,-72.534980,0.274899
-20.811370,-270.029147,-78.597833,0.213861
-20.141314,-300.250616,-77.039587,0.004743
-30.982712,-377.040490,-81.152469,0.148191
-24.914858,-369.090821,-70.106076,0.113251
-55.739627,-143.440191,-94.144793,0.165877
-25.331163,-376.283332,-90.679084,0.095715
-23.779815,-133.885031,-71.007314,0.286496
-15.441909,-309.897452,-83.205934,0.664979
-32.043640,-375.948227,-66.197480,0.025476
-21.351796,-355.857887,-70.525631,0.142592
-25.245575,-309.534756,-87.625745,0.506718
-18.913535,-272.400392,-75.630123,0.701613
-21.125829,-273.958458,-74.601688,0.737894
-17.770297,-340.326049,-88.445386,0.365142
-34.530351,-199.423598,-92.613210,0.105960
-25.886513,-380.836861,-70.471724,0.194514
-21.533108,-354.021059,-92.566091,0.226925
-25.619129,-329.614369,-84.989183,0.092652
-27.845318,-262.346903,-85.470283,0.110397
-15.070471,-345.781172,-86.075477,0.318267
-32.508277,-220.082181,-86.332963,0.467740
-34.787327,-377.771008,-65.788050,0.147836
-22.661831,-376.136033,-88.474362,0.130036
-27.394162,-345.014808,-56.670707,0.356459
-37.796310,-145.940283,-81.845847,0.127987
-50.481241,-148.767837,-87.309272,0.245283
-18.338378,-361.543880,-79.745313,0.184048
-46.487603,-162.394449,-78.999764,0.246487
-28.295471,-136.682551,-66.331809,0.304357
-43.708481,-182.066124,-97.301595,0.592423
-44.570625,-371.499918,-57.671279,0.188629
-30.825189,-268.902265,-81.059647,0.742956
-31.825523,-146.869561,-93.450109,0.370153
-40.582404,-384.242218,-60.905800,0.197740
-27.456460,-311.910843,-79.955938,0.153059
-33.883140,-366.640998,-95.886470,0.181974
-26.305022,-282.336737,-89.940108,0.649689
-25.259894,-286.800048,-73.768384,0.765703
-31.785800,-243.856173,-87.759970,0.631652
-33.559517,-373.505115,-85.608967,0.136429
-49.814104,-167.745378,-95.704118,0.148214
-18.762969,-313.214802,-87.547215,0.584441
-45.078842,-164.033076,-101.871835,0.338816
-37.809408,-365.095257,-77.041689,0.141409
-24.441479,-233.092964,-84.771101,0.079227
-32.052202,-202.760651,-96.674060,0.743128
-41.447743,-168.699613,-89.746229,0.053081
-49.274783,-154.774706,-85.710491,0.130442
-29.929621,-371.822247,-89.979643,0.186800
-45.592957,-145.503976,-88.791561,0.250773
-31.500012,-360.022977,-70.995407,0.179348
-23.463829,-375.460839,-53.803425,0.049561
-35.418908,-137.623525,-83.883619,0.240905
-36.671141,-147.103136,-96.896954,0.326222
-19.713888,-283.343797,-86.935192,0.183604
-33.983844,-358.579205,-89.267417,0.261937
-26.201394,-377.341587,-77.863495,0.172258
-27.898499,-131.922400,-69.954326,0.337907
-25.890167,-362.414450,-51.896565,0.195461
-23.658328,-245.996158,-88.938662,0.096715
-44.321030,-155.701032,-104.957659,0.286320
-21.556769,-313.900420,-71.152602,0.054918
-48.321598,-143.862544,-96.663315,0.132739
-30.545791,-152.149223,-78.214935,0.471302
-24.108522,-354.130435,-93.219787,0.210700
-33.782988,-366.578030,-88.988589,0.280564
-30.764487,-142.188502,-70.068593,0.271659
-43.415937,-174.285590,-86.252252,0.137039
-41.803107,-374.577987,-65.920803,0.219128
-43.035156,-373.768349,-58.977838,0.213322
-22.336256,-381.541235,-92.975600,0.121501
-30.269941,-349.655021,-58.480044,0.277296
-45.257081,-154.930329,-101.929777,0.260477
-48.895593,-172.175927,-81.865557,0.314544
-37.431842,-134.819488,-79.252821,0.273018
-22.188788,-354.336534,-70.511035,0.121417
-26.936095,-329.247410,-81.766558,0.053095
-24.043551,-353.394681,-77.009292,0.036748
-22.743604,-125.365993,-64.850426,0.188874
-21.384488,-366.727338,-83.468851,0.199002
-16.067669,-269.313922,-80.789646,0.569932
-42.890970,-370.825468,-91.253641,0.217655
-34.366993,-368.299759,-85.432793,0.226341
-29.115750,-366.362175,-46.842829,0.130923
-36.272038,-376.423301,-68.580456,0.267544
-15.171153,-373.448409,-82.678078,0.210654
-21.185194,-266.131609,-82.437130,0.000001
-28.129618,-370.945032,-89.950075,0.214058
-25.501764,-375.023739,-57.376347,0.074955
-25.242301,-363.453814,-73.127035,0.212685
-40.958718,-143.371902,-69.512651,0.232390
-38.103352,-371.869249,-77.714071,0.227225
-47.988815,-151.675128,-97.212057,0.178345
-21.992766,-283.679925,-89.279654,0.503247
-21.045285,-306.912819,-86.522904,0.142198
-27.081942,-352.567005,-67.041127,0.105432
-38.559507,-362.187295,-85.809329,0.224335
-18.908658,-364.646727,-70.117964,0.206089
-27.675544,-217.043164,-95.323305,0.703297
-38.971428,-175.446186,-83.214384,0.255341
-31.934970,-371.042697,-60.324298,0.142857
-37.007555,-129.222760,-72.989958,0.219938
-41.815876,-370.223568,-88.157413,0.174101
-32.298891,-136.856059,-85.276691,0.256969
-37.288282,-162.981540,-79.410198,0.508600
-31.379233,-365.032486,-66.978302,0.271679
-28.897145,-372.996605,-84.241204,0.106933
-31.583304,-376.357282,-48.121612,0.057324
-25.289671,-369.422501,-48.366986,0.103498
-30.472768,-377.861086,-84.510480,0.162804
-26.180214,-303.813212,-75.927572,0.387419
-26.785466,-262.921177,-77.208606,0.737394
-20.304601,-318.003696,-79.287941,0.000001
-32.034998,-361.474305,-71.865509,0.236450
-32.346659,-347.898392,-70.675997,0.338708
-18.381647,-370.110748,-76.693551,0.171059
-27.516005,-362.031426,-60.395745,0.190322
-24.529858,-350.050337,-69.019421,0.067590
-38.700505,-372.090658,-94.917803,0.190537
-18.098209,-349.370921,-63.785634,0.297903
-19.539791,-328.996740,-89.360580,0.441122
-43.305027,-162.233737,-92.605364,0.090626
-27.300813,-150.264525,-77.076769,0.338906
-26.999345,-354.556630,-66.585264,0.119744
-25.448356,-133.918297,-64.063552,0.257502
-18.150020,-357.043239,-88.138088,0.199995
-36.952905,-124.893789,-73.392513,0.186566
-33.138264,-136.911144,-71.400625,0.385822
-17.047528,-296.175801,-74.141388,0.656938
-26.080916,-129.798877,-83.280423,0.146412
-37.365755,-157.546435,-77.699446,0.446224
-17.877470,-279.014725,-88.999409,0.795933
-32.676379,-378.359533,-91.059999,0.169079
-22.291015,-369.007756,-78.591547,0.186761
-30.216820,-131.897196,-74.590960,0.300820
-23.769163,-346.221130,-69.020115,0.055315
-30.161280,-246.282059,-87.235795,0.313790
-28.644937,-374.790523,-59.313654,0.069152
-41.060326,-144.195258,-95.701676,0.219055
-28.450466,-355.937565,-83.508237,0.152032
-31.063718,-371.918085,-63.766246,0.071377
-17.543615,-365.918964,-87.170572,0.285740
-26.317017,-222.249630,-92.328371,0.686705
-21.392619,-317.104511,-84.501316,0.002729
-22.914019,-261.609140,-87.437649,0.010048
-36.121303,-187.155881,-85.934212,0.012053
-44.881623,-178.642863,-92.665112,0.120169
-27.530501,-250.470455,-93.113010,0.651867
-29.333334,-351.033117,-65.533476,0.161707
-35.091103,-176.481308,-87.357719,0.047223
-43.051016,-158.050938,-95.273620,0.103816
-34.466930,-140.797186,-84.181622,0.262827
-41.631726,-162.709566,-89.516698,0.089355
-28.006527,-213.132103,-83.646180,0.597959
-30.201075,-353.459550,-60.544982,0.162814
-32.119335,-364.157520,-68.451042,0.292469
-23.894631,-336.253806,-74.462260,0.000001
-45.902153,-177.701271,-82.965946,0.465942
-29.813708,-366.461406,-94.788529,0.241310
-22.896451,-339.140095,-90.232556,0.352610
-17.331375,-376.736330,-81.781235,0.209815
-30.427296,-211.835516,-84.140265,0.574187
-28.527982,-358.358980,-83.848798,0.167384
-20.067628,-247.570812,-84.668488,0.557320
-31.714781,-140.667511,-67.825286,0.275600
-25.693380,-377.823989,-71.079602,0.155140
-44.498678,-159.058703,-92.553124,0.080926
-22.041861,-254.189703,-86.537205,0.030507
-26.688115,-343.631705,-87.047015,0.165962
-23.714938,-361.473720,-52.007900,0.146721
-38.869210,-160.566948,-85.871415,0.134740
-28.390258,-360.326647,-61.718092,0.168140
-22.863680,-329.961537,-74.141528,0.000108
-32.840543,-370.368879,-65.931324,0.087426
-23.099487,-357.217651,-70.205239,0.141112
-21.445068,-319.670949,-88.868345,0.468357
-34.558645,-215.033291,-82.965525,0.825388
-20.836737,-368.928929,-85.817223,0.207800
-31.394899,-338.436486,-80.935066,0.531672
-28.448318,-373.058915,-60.994924,0.065311
-36.239222,-148.146270,-87.504283,0.171955
-31.741939,-142.654827,-68.336849,0.246579
-26.215127,-356.785795,-73.869552,0.034755
-30.586664,-369.409071,-55.501732,0.160516
-32.354577,-263.725634,-84.005758,0.788995
-24.184603,-369.763747,-67.594901,0.143250
-27.472448,-136.566706,-77.166771,0.272949
-27.127480,-371.737563,-61.499186,0.097378
-18.556651,-371.320957,-81.575345,0.167251
-17.450746,-354.749578,-75.939600,0.174882
-42.967584,-177.896097,-94.237650,0.057708
-37.155063,-364.358962,-54.801047,0.204568
-22.987447,-325.757297,-75.092165,0.000494
-56.115376,-149.515043,-91.615538,0.140847
-34.199745,-211.961189,-85.231572,0.861838
-35.707133,-190.196132,-81.462090,0.728455
-32.258973,-355.299391,-78.126654,0.190486
-22.295335,-315.676261,-68.880963,0.227122
-23.273584,-368.963397,-61.306576,0.222182
-39.439056,-378.678279,-91.580507,0.219102
-40.982746,-145.166073,-76.076965,0.399663
-25.120206,-321.577452,-71.443998,0.082687
-40.043519,-156.329468,-97.048349,0.168922
-30.233069,-361.781875,-71.275405,0.219663
-44.422143,-127.256281,-73.141245,0.184552
-26.719829,-366.648631,-64.302079,0.193535
-37.196439,-122.252736,-64.723363,0.224438
-22.753043,-361.248070,-83.046525,0.181567
-48.404629,-165.028580,-94.505227,0.074195
-29.128697,-141.587147,-79.578719,0.276389
-24.116393,-352.577215,-67.033745,0.113060
-33.670151,-135.186672,-63.291384,0.220070
-26.317730,-127.972558,-71.945965,0.223100
-21.375982,-335.778303,-86.204173,0.092867
-25.980461,-214.448661,-84.838951,0.450766
-16.039017,-378.381937,-86.039475,0.190627
-35.947668,-361.402505,-89.302766,0.226986
-25.447748,-134.829770,-81.120845,0.212802
-22.841415,-351.830485,-82.941151,0.108789
-51.870162,-157.427037,-102.144571,0.276937
-30.179834,-245.536169,-92.743390,0.667184
-45.922137,-163.943250,-93.487489,0.086021
-23.662493,-375.692493,-90.115183,0.098526
-20.031040,-314.354276,-84.572032,0.004135
-47.268545,-160.838539,-93.155729,0.080699
-26.148449,-372.257265,-67.044807,0.094938
-31.479082,-144.567074,-70.098498,0.274075
-15.536010,-313.123355,-76.409818,0.617084
-30.259692,-141.597736,-73.853773,0.317185
-41.295725,-173.404959,-94.107780,0.013285
-46.509918,-159.240418,-92.469106,0.087327
-35.713027,-149.279876,-72.940555,0.348613
-27.468430,-362.866341,-67.072815,0.192036
-35.398296,-142.577840,-86.402929,0.265992
-39.635330,-376.322986,-57.159631,0.203205
-24.917834,-375.743024,-52.640059,0.052669
-27.978401,-268.764190,-87.199567,0.331028
-31.571962,-351.726311,-80.002784,0.222834
-29.437050,-361.260922,-85.649125,0.202472
-40.820513,-125.893907,-64.606997,0.225065
-21.872519,-367.471918,-76.354742,0.178652
-33.601520,-186.336190,-97.211432,0.704332
-49.891360,-377.691765,-57.000652,0.215172
-35.460771,-154.830316,-89.205349,0.133093
-28.279141,-368.165751,-81.033617,0.216871
-29.451255,-383.055283,-50.826836,0.145464
-23.862470,-326.115927,-86.941200,0.138132
-25.521606,-133.035087,-76.688216,0.273184
-26.567920,-245.139372,-88.280700,0.027841
-27.022133,-136.274670,-72.634763,0.326044
-27.401499,-359.911900,-83.735790,0.170246
-42.714002,-194.722887,-90.287677,0.623552
-19.209300,-367.435823,-83.109073,0.227783
-19.945653,-331.506592,-68.673321,0.181944
-34.695091,-380.413830,-98.708862,0.185464
-43.812161,-372.851271,-51.320670,0.156867
-33.422460,-137.791963,-65.494805,0.300688
-34.441493,-143.901957,-83.470218,0.195701
-30.234676,-158.173595,-82.509135,0.407629
-34.882585,-159.064241,-90.603307,0.196944
-48.039451,-169.002320,-93.496859,0.070172
-22.143479,-122.314373,-69.710413,0.211540
-26.200039,-203.963017,-86.645712,0.523270
-38.623681,-187.246874,-88.064777,0.012238
-28.214628,-139.330414,-71.839652,0.283175
-24.355668,-306.918061,-83.716364,0.002787
-29.807330,-274.695159,-80.213391,0.766019
-30.287552,-228.376035,-91.252451,0.361061
-32.006378,-136.539007,-83.242201,0.233789
-45.636644,-167.430252,-95.978208,0.076260
-47.265724,-157.832010,-84.484614,0.160637
-13.363236,-364.784299,-84.459692,0.173487
-20.663284,-351.195427,-75.918409,0.059253
-26.383253,-132.752921,-66.702579,0.304554
-38.245882,-157.540287,-83.237170,0.148416
-25.405380,-356.508583,-61.525497,0.131535
-48.859737,-156.646909,-93.248294,0.103253
-28.146340,-143.391362,-76.513030,0.287689
-39.685539,-368.321037,-61.034570,0.199554
-24.368309,-355.139371,-91.704732,0.164828
-21.474908,-232.007706,-84.832829,0.635159
-45.479594,-161.164398,-95.365480,0.086100
-34.626732,-224.185388,-91.561886,0.824919
-28.879801,-357.793621,-68.828313,0.139407
-33.920968,-185.728356,-83.518613,0.540612
-31.092143,-366.396437,-76.457747,0.173786
-19.977877,-372.247315,-69.759399,0.174850
-47.059129,-165.358994,-98.891516,0.198562
-38.911947,-374.774632,-55.602935,0.151110
-24.924394,-286.060516,-84.949135,0.000001
-32.759508,-382.785437,-87.082915,0.173204
-28.863934,-221.570346,-81.906891,0.957600
-19.762148,-315.109616,-68.198011,0.627543
-29.764333,-369.583424,-71.694705,0.039035
-34.543454,-366.798235,-49.217195,0.174503
-41.507900,-184.341622,-85.700005,0.291224
-25.659021,-194.141443,-86.243742,0.598476
-53.073516,-169.404025,-94.956613,0.259443
-33.449556,-366.522882,-52.496405,0.227681
-29.892440,-371.511194,-93.188904,0.168982
-25.459452,-210.734521,-90.928185,0.701288
-22.681965,-348.606619,-56.661346,0.270869
-37.483982,-143.932556,-77.962058,0.241021
-35.078352,-154.884755,-82.830688,0.145955
-35.585991,-357.001548,-50.724197,0.197073
-41.376972,-170.913480,-97.685329,0.133982
-31.499102,-138.157072,-60.908781,0.181107
-25.667351,-358.212985,-60.491861,0.142798
-21.233840,-351.267405,-64.924424,0.142844
-28.508051,-171.491945,-85.937669,0.632190
-20.784170,-344.819007,-84.988290,0.117350
-29.084950,-229.990364,-85.766827,0.126604
-30.140025,-223.099898,-88.046018,0.099593
-54.990526,-162.121380,-97.309989,0.231620
-34.927328,-192.990924,-84.464918,0.400175
-21.075906,-350.530462,-72.342823,0.076315
-40.945425,-201.220778,-91.004784,0.615717
-15.831492,-349.377534,-74.370838,0.336468
-38.747748,-377.395165,-92.714526,0.206369
-22.171585,-368.585506,-87.140530,0.200349
-27.192241,-376.788078,-92.177025,0.100878
-40.037429,-172.917458,-79.982668,0.523702
-25.637560,-359.781965,-74.170294,0.104532
-21.746239,-374.646240,-95.768481,0.083402
-32.261080,-362.730320,-85.653067,0.214645
-27.650839,-361.976195,-52.251158,0.218713
-36.990928,-140.354167,-73.517776,0.304393
-38.760387,-141.873599,-68.741733,0.269123
-21.065982,-298.810433,-85.751051,0.002780
-19.265623,-285.723408,-84.545006,0.013146
-28.538858,-375.173729,-79.097732,0.104102
-24.986780,-367.321194,-88.555231,0.223607
-31.227294,-132.950491,-77.634550,0.284143
-29.799749,-275.875673,-82.300383,0.953498
-27.711056,-280.659029,-80.767135,0.625704
-42.980196,-173.785245,-88.098879,0.070847
-33.118680,-212.230917,-94.773147,0.868777
-34.070618,-364.025422,-64.358055,0.337133
-31.798612,-377.173796,-79.446222,0.156754
-47.446317,-166.387598,-100.332738,0.333187
-26.708579,-374.863692,-89.962483,0.106857
-16.197296,-359.495160,-71.224766,0.199798
-16.431242,-366.803942,-75.447033,0.130925
-25.018638,-361.117333,-77.410612,0.143864
-49.150034,-154.630194,-93.969362,0.139885
-49.599348,-142.017936,-93.141043,0.184202
-32.208268,-258.774361,-83.033092,0.706674
-21.586908,-264.198711,-79.197283,0.273274
-26.884105,-326.226479,-70.054407,0.318725
-30.687008,-172.382675,-83.614427,0.638846
-31.652471,-171.454446,-86.744677,0.302538
-42.121643,-381.275324,-55.395455,0.178816
-55.317106,-166.152658,-92.445802,0.242759
-19.172673,-348.414600,-76.222986,0.078362
-30.384476,-228.353481,-89.265076,0.120284
-17.667189,-348.968475,-65.588303,0.295236
-21.798432,-273.480844,-76.387080,0.565700
-20.448101,-375.413475,-58.940710,0.095938
-31.958425,-367.703934,-84.685916,0.226777
-36.890821,-220.647037,-86.843247,0.710324
-27.225696,-363.849666,-81.529743,0.255473
-16.450863,-375.128187,-83.993613,0.189426
-41.743029,-141.331361,-95.790339,0.205431
-33.048159,-149.176241,-84.286512,0.159119
-32.662791,-156.557020,-92.826120,0.461752
-29.803090,-290.456833,-87.214849,0.574885
-24.163399,-214.086369,-85.736472,0.778465
-35.125585,-181.320461,-97.860853,0.664069
-30.945990,-371.338138,-66.710557,0.042538
-58.482110,-151.947645,-88.207269,0.194094
-21.412003,-361.312980,-59.511652,0.173995
-18.388053,-335.739139,-86.712955,0.206403
-18.023934,-343.268131,-65.369123,0.374237
-37.074200,-133.301916,-69.074101,0.301354
-28.940441,-142.660105,-69.336668,0.220025
-24.987048,-357.639396,-71.822792,0.102185
-27.386459,-220.659459,-86.221329,0.019164
-15.549856,-297.952502,-83.585966,0.693173
-46.755099,-379.859790,-58.560592,0.227977
-30.483886,-357.968240,-50.598223,0.150433
-36.267152,-363.957181,-50.187219,0.177067
-33.803865,-376.923849,-80.202484,0.142089
-41.133026,-375.965078,-60.150482,0.218419
-19.805849,-296.765021,-72.950181,0.519677
-39.270132,-143.280853,-96.276453,0.230998
-37.870071,-373.474702,-89.913521,0.193925
-51.833198,-149.549281,-88.790632,0.221568
-32.381368,-371.652637,-71.226621,0.059556
-41.792272,-125.330573,-66.268522,0.219840
-35.535012,-171.233843,-90.594933,0.070061
-25.730017,-361.966000,-49.645495,0.163876
-40.329041,-167.100341,-92.937811,0.071347
-33.651243,-189.008992,-95.849560,0.702721
-25.933340,-368.863706,-83.203890,0.203930
-49.813712,-163.999293,-95.129322,0.065133
-34.419843,-223.143467,-86.857668,0.871009
-17.277409,-312.059621,-87.724671,0.696094
-26.807322,-344.324411,-81.836631,0.061387
-30.512611,-364.878005,-55.762026,0.228067
-36.725325,-138.658437,-71.505956,0.367369
-39.694899,-151.381498,-96.165719,0.197304
-24.332995,-370.778110,-73.344781,0.097757
-27.472046,-373.635083,-56.979772,0.077072
-35.049019,-372.537325,-55.586550,0.127098
-31.304777,-374.841564,-81.810465,0.104737
-22.748739,-284.138311,-73.892780,0.706750
-31.326469,-131.715469,-81.035794,0.237633
-23.890387,-133.038313,-69.299989,0.302821
-49.164793,-172.103547,-83.835429,0.333389
-28.328752,-371.518802,-59.977756,0.082717
-25.701094,-304.819905,-89.206497,0.513464
-37.344324,-192.064306,-86.252598,0.230161
-22.664745,-338.216203,-60.730133,0.326531
-35.914018,-162.158354,-85.629737,0.143486
-31.539522,-367.625155,-56.283486,0.265434
-31.532611,-362.479879,-76.234799,0.279441
-35.433370,-195.565509,-91.078980,0.014667
-18.750072,-256.795194,-84.496828,0.589184
-23.423896,-375.968828,-50.977127,0.111373
-36.559633,-370.495641,-62.697300,0.179263
-22.062883,-377.472943,-71.502821,0.203203
-25.714896,-308.912715,-75.065909,0.243120
-22.557608,-137.216178,-63.389658,0.166072
-33.250469,-368.791536,-71.484769,0.048280
-37.933910,-373.971275,-79.273368,0.202034
-25.980964,-230.266317,-81.329283,0.949184
-29.327395,-358.619913,-61.881639,0.175003
-47.929986,-153.070181,-87.630195,0.119907
-30.993379,-248.852374,-81.709273,0.826839
-17.930876,-321.594902,-77.779610,0.096007
-26.281008,-251.284070,-79.722643,0.885838
-27.767248,-260.705263,-86.174917,0.117722
-34.904193,-191.673299,-94.870407,0.416171
-50.495245,-157.320802,-91.980568,0.075308
-32.749079,-252.817038,-88.912515,0.718856
-43.612147,-371.085671,-59.265942,0.198215
-15.445930,-333.301259,-77.802519,0.511750
-40.397004,-158.520058,-102.258939,0.338323
-17.822317,-367.017107,-82.222686,0.222436
-23.495056,-351.114505,-73.152604,0.029239
-36.470262,-149.726176,-75.788144,0.383841
-34.210039,-374.287146,-89.098950,0.176746
-43.137062,-155.798133,-95.342503,0.115369
-23.086204,-381.494458,-80.519617,0.181413
-29.884288,-348.882246,-61.072107,0.224487
-17.307596,-354.096672,-81.945849,0.155517
-25.953614,-357.092952,-66.836686,0.136575
-23.021338,-339.673815,-73.085907,0.000709
-30.962526,-151.577433,-75.093956,0.395669
-21.242170,-260.161013,-89.277272,0.552417
-38.645319,-366.787671,-93.339630,0.176164
-16.338940,-332.705441,-71.964686,0.467552
-24.850430,-333.764157,-81.686916,0.014563
-32.843924,-158.514998,-82.393709,0.245067
-47.117802,-162.334141,-85.772974,0.140160
-27.395018,-380.359774,-75.212256,0.205806
-30.146671,-367.653256,-57.363660,0.262133
-38.213703,-160.176670,-83.393055,0.160207
-32.484892,-154.141419,-88.025694,0.194060
-23.645032,-331.778996,-70.929347,0.011620
-21.712806,-239.971531,-85.563768,0.328113
-32.535793,-385.733056,-55.381486,0.170676
-26.800140,-345.208791,-64.294941,0.122822
-37.359894,-125.408858,-62.075551,0.238134
-27.496471,-367.545499,-75.940366,0.094392
-26.561318,-316.085842,-72.181693,0.492025
-22.598026,-370.035631,-68.849843,0.156146
-23.113254,-124.491709,-76.383340,0.182274
-38.526054,-375.432682,-47.073809,0.132039
-27.879259,-155.996565,-81.389132,0.382298
-36.706142,-144.876910,-82.607769,0.141989
-25.763917,-230.944571,-86.350944,0.000093
-26.291412,-289.207500,-74.471147,0.771133
-23.510074,-347.141217,-72.610618,0.016844
-15.533575,-360.718371,-84.948496,0.185382
-16.526537,-374.466519,-81.870821,0.198351
-28.741440,-219.652601,-92.838190,0.610959
-34.274682,-357.119050,-91.602721,0.250757
-31.848483,-250.169274,-90.571683,0.643109
-53.815375,-163.655502,-90.358997,0.104510
-24.991528,-136.699534,-70.338447,0.300153
-48.157399,-373.026151,-58.084817,0.209989
-22.120049,-268.620077,-89.179247,0.457492
-43.419911,-160.447193,-93.128194,0.086142
-29.737652,-367.385251,-77.195247,0.153144
-37.162879,-149.755542,-78.712146,0.207475
-31.223795,-366.210658,-68.783857,0.205296
-23.013027,-239.518547,-90.445929,0.673146
-21.179882,-356.414259,-65.213203,0.167655
-24.541782,-334.765509,-84.947534,0.080026
-31.405589,-161.925634,-83.909186,0.327855
-28.584090,-192.930779,-84.888550,0.658532
-26.634145,-381.032522,-60.509723,0.162823
-23.816254,-131.576435,-64.441880,0.183420
-28.604603,-376.554130,-58.286322,0.086692
-30.785905,-262.411304,-86.795281,0.924041
-51.510518,-165.677706,-95.516309,0.108782
-24.566365,-372.893658,-80.883399,0.135834
-24.081006,-382.338190,-92.403513,0.139068
-37.830085,-382.819941,-59.880323,0.195942
-32.863432,-362.425862,-89.956081,0.226601
-34.676557,-205.680387,-89.411347,0.186728
-29.978762,-340.119476,-88.985537,0.488991
-20.592932,-229.122410,-83.626225,0.681384
-19.980703,-313.994419,-70.603984,0.290096
-26.988646,-215.275693,-86.088857,0.075901
-28.735867,-350.346278,-68.813522,0.097914
-34.354234,-370.519867,-89.154967,0.235138
-44.690479,-171.126798,-80.690169,0.367570
-34.985742,-365.448738,-52.989300,0.223933
-33.793402,-219.473898,-95.339226,0.751209
-30.556181,-365.342264,-46.607116,0.125219
-44.077042,-154.490066,-79.795611,0.529017
-21.310564,-266.565785,-91.423749,0.725207
-23.785226,-287.279108,-74.748989,0.503294
-32.365136,-227.059284,-94.892125,0.691126
-27.750541,-142.455318,-74.118255,0.287553
-29.696934,-368.520990,-88.892319,0.245008
-23.616701,-321.436914,-66.300021,0.414141
-34.270914,-150.173008,-85.721118,0.148494
-19.265141,-140.019268,-72.640298,0.194092
-18.561367,-365.447971,-84.067299,0.277778
-27.429240,-252.938570,-89.904809,0.535154
-26.485463,-236.575740,-88.366692,0.007003
-28.675380,-378.511367,-62.709522,0.125412
-37.412145,-375.735780,-88.734981,0.188065
-19.746294,-310.909441,-80.230048,0.000001
-36.396699,-372.727366,-71.028107,0.214170
-13.518653,-359.394376,-86.485585,0.190302
-24.088167,-368.170812,-94.067399,0.162447
-30.985628,-152.132451,-90.809022,0.400832
-39.171144,-135.892402,-68.710993,0.235231
-34.002426,-370.629385,-71.124319,0.057053
-46.333379,-374.316412,-50.882895,0.129966
-30.578158,-279.325646,-85.882149,0.891294
-34.475863,-234.764100,-84.757590,0.714984
-34.016223,-370.379463,-97.347975,0.182207
-20.750811,-299.119701,-78.598592,0.000001
-25.260797,-377.608300,-86.926989,0.118290
-25.979378,-347.488867,-90.530032,0.219198
-27.084730,-334.918877,-80.739293,0.044813
-25.950471,-332.551342,-90.014523,0.434927
-26.367469,-363.673387,-65.935128,0.236865
-18.296091,-291.083765,-87.707174,0.737388
-20.641021,-370.618630,-87.004263,0.166928
-26.589077,-138.922701,-72.647833,0.290273
-32.926943,-185.575680,-85.606817,0.071637
-25.928800,-372.104584,-79.032791,0.112445
-25.942859,-334.468598,-62.498089,0.336865
-36.948911,-168.230342,-84.257326,0.170065
-45.086701,-375.930679,-63.997872,0.200758
-15.467026,-343.388623,-76.244452,0.392756
-50.919502,-156.426957,-85.237519,0.139189
-20.583353,-315.405281,-74.424642,0.004917
-28.862251,-172.286766,-82.963974,0.636538
-41.210536,-137.585442,-70.838979,0.359501
-38.078886,-362.391298,-83.105693,0.216618
-26.570987,-348.920891,-67.814546,0.083097
-25.791563,-127.284653,-70.159002,0.205093
-18.168173,-286.033932,-79.634824,0.241286
-22.179287,-246.942281,-80.997711,0.621456
-38.347536,-134.971341,-77.557433,0.281984
-29.000175,-153.917100,-83.899938,0.433812
-23.005227,-289.661199,-86.441549,0.006303
-31.185131,-372.989655,-82.007383,0.092068
-28.996373,-124.251505,-71.028626,0.233861
-26.696321,-281.412642,-77.853597,0.796024
-19.075730,-332.260066,-79.690293,0.014612
-20.492740,-323.270421,-85.277243,0.040952
-30.576651,-143.998629,-82.232402,0.287484
-40.427020,-371.923800,-85.640782,0.125730
-27.940790,-367.159553,-94.775882,0.200627
-41.310111,-126.734742,-68.631779,0.205785
-44.036812,-165.721621,-82.228455,0.303464
-16.391365,-361.100084,-70.632736,0.189155
-29.050799,-312.186958,-84.238561,0.652789
-32.964311,-215.550168,-92.491817,0.468163
-34.298096,-354.066115,-54.372375,0.252891
-22.260155,-365.620691,-81.452587,0.216047
-19.163556,-280.312234,-75.903596,0.653922
-25.630235,-291.383909,-76.058163,0.628207
-42.094174,-127.602628,-71.662927,0.186162
-15.131703,-298.255972,-81.383724,0.675034
-29.403727,-374.747506,-61.209675,0.050393
-25.563662,-268.752534,-80.993265,0.138597
-24.064086,-134.219367,-79.734874,0.243888
-38.704758,-147.018554,-76.692690,0.275150
-27.217310,-346.912991,-65.196435,0.123602
-47.543549,-180.944159,-88.531722,0.501517
-18.470465,-370.464189,-58.262868,0.156318
-26.051246,-124.774190,-82.112515,0.155092
-52.917528,-159.499723,-96.924065,0.143672
-34.850777,-146.732321,-86.696688,0.177227
-42.508592,-145.651019,-83.361782,0.155767
-28.372468,-143.600157,-78.278105,0.291489
-23.744989,-370.419538,-90.724083,0.168793
-15.595226,-290.323059,-83.132625,0.732757
-28.411764,-344.728265,-67.390606,0.164332
-39.381670,-137.058007,-78.525820,0.267699
-23.857707,-349.007801,-71.651694,0.035293
-24.672210,-363.333288,-88.864880,0.212157
-29.000527,-264.617808,-78.910527,0.796969
-35.183282,-375.695097,-59.953474,0.109812
-23.117328,-125.998796,-66.432672,0.194978
-21.995566,-380.979330,-79.232703,0.185977
-25.905618,-349.185821,-82.372783,0.088446
-19.152665,-255.424354,-85.795218,0.540313
-36.170339,-145.993608,-88.980230,0.229392
-22.537988,-340.812342,-63.990260,0.121039
-19.058826,-240.463087,-83.078415,0.672497
-33.353359,-374.741835,-45.595856,0.120578
-26.748822,-219.644636,-90.997021,0.325711
-22.642617,-309.859288,-73.843924,0.003448
-15.814388,-279.008292,-84.176561,0.690064
-24.654121,-129.735163,-78.331488,0.223098
-33.720233,-353.035922,-86.465192,0.314929
-15.483584,-304.592432,-82.913632,0.670657
-15.399013,-377.617486,-89.673439,0.151645
-24.018849,-338.763775,-61.976035,0.148247
-27.163746,-256.576949,-92.324740,0.726673
-45.010000,-140.583904,-100.346588,0.169464
-31.946415,-126.780139,-82.061252,0.155385
-27.031273,-129.606902,-69.122179,0.203581
-26.328591,-249.540287,-86.812251,0.004897
-44.593257,-144.214092,-84.638784,0.241666
-28.513609,-147.966993,-77.251207,0.417846
-36.420453,-378.574168,-81.450298,0.165737
-20.854441,-290.518113,-71.814613,0.683967
-48.897265,-377.822726,-59.787798,0.211483
-32.438494,-363.147634,-58.957234,0.345975
-31.867418,-130.023795,-75.854256,0.268228
-18.268538,-379.607062,-79.723899,0.197746
-31.097150,-143.556243,-89.716397,0.397888
-22.948456,-130.269863,-81.022675,0.192491
-28.897188,-229.411859,-82.642109,0.762517
-34.447477,-206.974348,-86.965055,0.346366
-23.089831,-221.122679,-91.691509,0.796840
-32.229610,-376.772581,-84.041508,0.143417
-47.731170,-180.069632,-94.087213,0.435457
-13.313520,-351.783099,-85.068443,0.242710
-45.246670,-149.804138,-98.842995,0.208277
-24.945113,-338.570682,-63.783535,0.130165
-29.641291,-227.567743,-92.950189,0.771772
-29.949028,-226.543598,-91.385793,0.279623
-40.229130,-131.506987,-66.356778,0.243164
-47.268340,-148.161316,-96.780436,0.185423
-51.222969,-157.510874,-86.712859,0.113188
-32.118911,-214.775495,-81.049336,0.729433
-33.729794,-212.927346,-81.862861,0.791766
-33.515298,-211.757038,-83.037208,0.929275
-34.367534,-357.835281,-48.949770,0.194102
-25.540105,-122.000968,-79.388370,0.165467
-33.602550,-227.397655,-92.396395,0.831761
-44.678732,-165.803799,-100.245957,0.287112
-31.384619,-216.104726,-96.319319,0.673731
-17.205024,-371.532027,-60.892055,0.152427
-35.206398,-377.311882,-56.005964,0.138390
-19.564370,-265.348146,-81.800771,0.112392
-30.620819,-336.452915,-76.906920,0.478226
-17.772407,-344.976217,-65.976048,0.343743
-27.849136,-304.197681,-75.398058,0.810653
-23.410796,-347.907917,-82.122902,0.081900
-17.790318,-355.845762,-85.733016,0.187784
-15.330400,-323.982593,-82.152054,0.590777
-18.262856,-322.305966,-85.514797,0.237094
-14.876185,-365.850184,-78.153680,0.121989
-22.821906,-243.049014,-84.339604,0.078059
-20.439844,-254.134854,-85.669889,0.163761
-30.203715,-301.367357,-80.382727,0.669282
-22.047449,-378.817492,-81.193993,0.178003
-46.663817,-379.379254,-54.392882,0.196456
-40.481273,-149.853156,-94.608996,0.184277
-31.396416,-358.032640,-71.613163,0.168444
-15.977591,-369.905768,-70.299593,0.181948
-42.728451,-156.485483,-93.688768,0.081184
-21.353660,-339.029911,-83.442758,0.052842
-29.055946,-129.146410,-62.258007,0.118232
-37.704603,-132.953772,-62.351784,0.237832
-23.635243,-374.653277,-88.262920,0.114505
-25.304094,-346.570589,-73.168985,0.001360
-19.553000,-378.500432,-74.779062,0.210527
-24.882015,-299.678137,-74.922999,0.395942
-49.892599,-149.573047,-85.820584,0.254724
-30.482396,-328.506155,-79.288704,0.602637
-15.666001,-371.759535,-88.453444,0.182842
-41.131865,-170.199700,-82.582071,0.322143
-36.243741,-138.693925,-79.689132,0.261300
-14.558489,-343.773402,-81.195502,0.375565
-17.362365,-378.988916,-87.098669,0.162951
-31.370071,-381.812902,-81.968326,0.202463
-38.445770,-156.593236,-97.945518,0.221600
-31.966344,-207.805553,-88.991771,0.035804
-38.743817,-172.971111,-97.447885,0.265065
-31.425512,-354.554746,-82.811711,0.181266
-26.567094,-267.167604,-90.840546,0.673176
-22.518033,-379.516397,-64.050031,0.170828
-30.604543,-347.403279,-75.076994,0.146773
-22.771889,-329.359636,-77.646044,0.000001
-15.324469,-308.388987,-81.171630,0.639517
-34.878242,-166.884517,-94.202245,0.367632
-29.678084,-130.398310,-67.797721,0.215983
-33.586496,-367.020588,-84.474465,0.243070
-36.024558,-373.318645,-82.427658,0.091725
-35.980070,-198.996104,-90.477494,0.105138
-24.140553,-141.411308,-76.155493,0.238089
-29.284027,-381.491786,-79.913978,0.198083
-26.087010,-241.965870,-84.517499,0.023114
-25.814676,-354.443981,-88.099801,0.169464
-27.402945,-346.414014,-85.844901,0.166129
-15.893541,-362.396416,-75.559270,0.196653
-33.327595,-127.097925,-74.080128,0.199389
-26.751856,-356.018788,-82.752091,0.130699
-30.972938,-379.265778,-81.868656,0.208928
-32.140639,-127.906880,-71.967230,0.254499
-26.908917,-297.880259,-88.612576,0.511306
-28.854196,-366.026039,-89.889195,0.261778
-24.275650,-332.775627,-75.232522,0.000001
-28.678936,-359.657999,-86.295049,0.195209
-26.926978,-148.573206,-79.330147,0.376428
-23.878461,-358.670257,-66.664001,0.165262
-31.064994,-266.716967,-88.318594,0.709590
-19.447814,-312.242365,-72.703905,0.201103
-23.090967,-363.888137,-90.862299,0.195904
-21.531845,-123.422793,-76.451744,0.194454
-26.226728,-351.349004,-86.078880,0.158208
-27.263786,-358.490676,-59.235997,0.160427
-20.906316,-365.131830,-92.099163,0.186279
-35.399923,-222.671829,-84.681633,0.812030
-40.480414,-170.707824,-96.155934,0.060309
-31.733656,-198.349888,-84.525412,0.329168
-46.073687,-372.379486,-57.938896,0.190176
-49.034017,-159.476332,-86.626961,0.102186
-37.358399,-144.262207,-98.805560,0.186028
-29.530136,-346.650727,-80.366030,0.126368
-29.596331,-218.649026,-95.265104,0.827791
-29.408558,-376.316707,-48.711870,0.043657
-31.061568,-246.534257,-83.906578,0.852536
-39.484404,-148.647180,-95.689278,0.237943
-39.200763,-150.842193,-94.533297,0.157987
-41.543879,-139.227761,-93.583486,0.205713
-28.229467,-242.980757,-83.284470,0.357632
-45.029013,-141.125420,-76.390091,0.258315
-34.204959,-358.361878,-70.209593,0.234662
-33.220258,-136.757843,-60.456621,0.155194
-33.649882,-186.879508,-89.627941,0.000126
-38.607732,-126.296608,-75.144957,0.160822
-28.913679,-363.430563,-72.165358,0.235742
-21.416010,-299.601758,-80.279576,0.000001
-20.804542,-358.707735,-73.642442,0.154597
-42.208564,-143.285096,-85.994319,0.210399
-34.781112,-142.822779,-72.159054,0.316661
-31.262818,-286.608863,-85.497649,0.701549
-36.769605,-203.625339,-87.578424,0.664423
-42.234805,-373.963566,-48.360259,0.123281
-20.876136,-238.530058,-87.029078,0.595352
-53.578087,-160.737757,-91.277405,0.066721
-40.214519,-140.205437,-65.346340,0.246027
-35.559940,-375.356721,-55.889735,0.110287
-39.935695,-127.563528,-65.641435,0.212178
-18.762627,-355.368330,-82.376458,0.149534
-35.023711,-141.395669,-70.858467,0.326891
-28.892524,-341.196515,-73.761719,0.095001
-55.321235,-165.004013,-87.488477,0.286304
-39.797077,-138.807681,-78.505728,0.262841
-18.060292,-294.116084,-83.150665,0.178721
-33.955877,-162.190607,-92.637950,0.369649
-38.217078,-371.719533,-63.430833,0.165827
-28.560962,-368.958220,-95.861360,0.172331
-29.899424,-231.102159,-80.806247,0.812154
-35.641659,-355.629754,-61.957132,0.268548
-31.030964,-196.240362,-85.335722,0.144464
-23.146407,-325.494091,-80.906785,0.000001
-45.621122,-151.617088,-101.032254,0.201127
-31.988389,-353.979487,-74.555913,0.180154
-27.547190,-365.713799,-96.075890,0.205115
-24.643027,-363.864640,-86.527858,0.244094
-28.620256,-372.425659,-46.242987,0.107262
-22.083972,-266.560658,-76.544715,0.905447
-36.427375,-209.060084,-93.906925,0.891333
-17.806427,-367.123364,-71.107228,0.122363
-34.428130,-168.543569,-96.958893,0.530781
-38.845542,-363.320832,-93.602774,0.211144
-30.594091,-194.761599,-87.140562,0.024654
-25.870438,-349.987134,-91.051577,0.210957
-33.880410,-146.774763,-71.043720,0.307353
-22.521194,-281.552476,-87.565842,0.115233
-40.375155,-178.280000,-84.530421,0.163736
-48.112788,-161.440412,-102.011807,0.297144
-29.127710,-253.209224,-91.416236,0.709916
-31.117628,-372.484689,-86.893456,0.156895
-32.497782,-194.417250,-80.947562,0.786345
-20.498160,-350.821259,-86.523885,0.156300
-44.673206,-150.366330,-86.651282,0.138808
-25.076975,-363.364440,-84.588097,0.240454
-31.513965,-369.304525,-91.385896,0.259276
-16.308525,-372.613746,-67.713724,0.201542
-14.959808,-351.633649,-87.014333,0.209475
-38.644604,-146.583079,-87.770104,0.179655
-32.660516,-370.479837,-89.136881,0.246811
-17.402432,-369.674555,-92.614871,0.135684
-41.499425,-136.533454,-83.786837,0.185885
-35.358900,-162.967336,-93.522883,0.248020
-23.247238,-268.543117,-91.013389,0.769641
-24.337557,-335.071134,-83.117950,0.049988
-35.955530,-365.614354,-78.299874,0.207008
-35.166270,-157.731458,-88.365845,0.131988
-26.774549,-314.717786,-78.913542,0.069767
-28.259343,-354.803849,-79.788488,0.090914
-37.460404,-181.865794,-95.467957,0.091288
-39.475393,-184.653723,-96.162493,0.544331
-24.377355,-352.352654,-71.361750,0.058254
-32.598450,-366.395553,-65.553418,0.234804
-21.149938,-370.223418,-88.902358,0.158475
-18.584929,-346.368601,-66.911706,0.277963
-30.527827,-138.780046,-75.957264,0.318612
-29.918606,-356.695113,-71.743430,0.127896
-48.853950,-153.630787,-103.159181,0.190087
-26.792239,-336.363015,-81.695888,0.052559
-29.706367,-381.035047,-85.004880,0.176042
-26.140671,-353.906797,-54.023570,0.152087
-38.847752,-169.466509,-100.190063,0.525569
-28.533424,-342.203241,-68.406008,0.180756
-26.295045,-352.429229,-69.714351,0.067778
-29.685975,-356.280025,-91.114350,0.205204
-25.605359,-355.471400,-59.616219,0.127969
-35.899356,-151.359063,-82.888939,0.125183
-24.450894,-371.451319,-77.890128,0.135306
-35.500185,-139.847190,-63.612388,0.240459
-21.834369,-381.271864,-63.712750,0.167054
-18.157314,-292.627231,-78.488751,0.195437
-46.059311,-151.801435,-84.658262,0.172343
-41.922336,-161.554012,-86.750640,0.108478
-24.797310,-268.544161,-86.340412,0.000001
-21.415904,-363.257634,-89.342040,0.207884
-27.518345,-219.558066,-79.980976,0.695381
-28.061167,-343.008428,-73.744156,0.029996
-24.115738,-345.879132,-66.033174,0.081783
-36.002970,-380.139702,-55.493780,0.175512
-32.091415,-365.785743,-62.513657,0.278930
-21.581645,-359.284042,-66.863092,0.185420
-47.871592,-166.571387,-88.957214,0.104022
-25.052208,-202.196295,-86.598753,0.679524
-27.886968,-273.285630,-81.791562,0.551680
-22.994856,-271.547325,-84.924686,0.000001
-33.328421,-227.349971,-84.394177,0.955410
-15.826476,-365.511910,-79.484636,0.183053
-25.458602,-256.481828,-90.440729,0.591137
-39.605340,-141.138479,-73.440010,0.279678
-21.925025,-132.761361,-73.687370,0.273976
-16.544898,-312.567639,-73.574369,0.612712
-26.235915,-272.462697,-83.989153,0.016678
-39.761195,-144.461298,-83.328421,0.163274
-37.480321,-128.266317,-75.182070,0.186841
-25.275230,-374.822238,-93.394273,0.075159
-33.589927,-364.191347,-88.530097,0.269314
-33.752872,-352.170728,-57.110593,0.302785
-28.506608,-365.468420,-58.337212,0.233267
-41.913053,-375.700095,-56.663547,0.214290
-21.616723,-342.552835,-68.120147,0.060542
-20.737007,-351.789309,-77.566550,0.070699
-26.903256,-127.847118,-68.880093,0.183280
-19.008217,-264.834385,-80.197441,0.561021
-25.760274,-268.961428,-88.329404,0.228805
-30.597810,-174.426267,-91.169773,0.604095
-35.312685,-162.758613,-83.969116,0.181509
-23.693851,-374.158916,-83.302830,0.143262
-39.050724,-149.830818,-87.715654,0.174629
-39.451008,-376.983235,-99.707792,0.186453
-19.929516,-304.867691,-87.130031,0.331784
-40.365747,-147.324336,-82.279703,0.107253
-38.031810,-384.297364,-51.448992,0.124384
-21.792784,-276.313438,-76.757684,0.284181
-24.697501,-211.122761,-88.255044,0.648906
-23.338445,-348.206974,-68.920727,0.077816
-28.228703,-244.208777,-84.770432,0.090168
-46.923631,-152.087565,-103.414798,0.137812
-33.685412,-372.126880,-87.919568,0.175829
-49.864458,-158.177470,-94.030309,0.090855
-33.593511,-147.693559,-85.630550,0.174383
-32.225060,-238.050278,-93.138550,0.670658
-18.133055,-277.249575,-81.233682,0.225474
-41.347053,-138.049185,-82.756283,0.230790
-27.341493,-333.547798,-75.411862,0.049989
-30.960422,-348.263952,-57.086407,0.407002
-45.522043,-167.912849,-98.688978,0.217184
-20.005935,-380.165070,-60.610964,0.126145
-38.207099,-367.799929,-82.625503,0.207367
-48.921448,-159.932926,-102.512190,0.280820
-13.107288,-374.852763,-88.240802,0.204492
-30.896906,-382.515465,-60.735164,0.185432
-36.324789,-164.968337,-86.555658,0.122458
-21.671531,-224.081048,-83.971665,0.735174
-26.889108,-379.440685,-61.866704,0.150075
-42.803094,-381.486484,-62.745973,0.194870
-27.399206,-252.244030,-78.345218,0.805931
-33.195702,-148.154223,-74.669423,0.394811
-44.466724,-186.947293,-88.846099,0.617293
-32.852397,-209.980079,-92.017716,0.238284
-24.536286,-239.347719,-78.781526,0.755830
-20.630191,-359.594459,-69.797677,0.186184
-23.466177,-238.395021,-81.038419,0.899260
-18.939167,-131.602640,-72.363257,0.194112
-38.072792,-149.886189,-83.138043,0.126741
-25.700038,-372.317037,-59.431167,0.084710
-39.125223,-382.625521,-61.608317,0.197423
-20.150180,-375.228476,-54.696832,0.110276
-31.284753,-358.266322,-62.720387,0.201031
-17.577868,-347.654106,-74.901408,0.191820
-39.455259,-167.946318,-80.856291,0.541196
-20.595817,-349.498512,-89.512521,0.191620
-18.243435,-309.590933,-88.329935,0.652990
-22.708140,-327.295143,-68.293934,0.071078
-30.424204,-380.725264,-51.039540,0.099728
-22.319298,-317.371236,-87.102938,0.242858
-38.440378,-188.636494,-98.117733,0.703569
-29.793766,-339.694559,-69.798010,0.369675
-17.424787,-363.641555,-91.062345,0.204341
-22.892786,-280.213558,-83.639149,0.000001
-33.808522,-358.480454,-75.910803,0.209765
-37.671913,-214.279979,-87.405574,0.690558
-29.097905,-320.869629,-74.827348,0.616300
-25.149431,-287.717554,-85.532754,0.004985
-44.443208,-370.696234,-62.443609,0.184790
-27.956477,-356.668121,-92.168878,0.189490
-28.385829,-211.972250,-85.831209,0.114085
-36.819445,-372.849271,-96.938451,0.192282
-28.281574,-361.491943,-64.693813,0.188292
-34.504893,-180.094408,-91.793496,0.013758
-23.543361,-337.995087,-64.764478,0.112364
-17.594610,-346.503038,-76.358998,0.147375
-21.071870,-353.331480,-63.634486,0.149202
-19.536667,-249.440476,-81.933402,0.806239
-41.475375,-146.615295,-97.859363,0.204585
-28.048980,-362.048217,-86.614647,0.203151
-33.035595,-205.289598,-93.008666,0.259318
-24.621713,-376.502047,-94.275164,0.053600
-50.471562,-150.897054,-88.529260,0.168062
-25.570287,-141.386179,-71.428172,0.229414
-41.424516,-186.835940,-83.614705,0.657103
-33.238902,-353.559911,-91.316570,0.294953
-41.736486,-141.899662,-91.812937,0.273218
-26.225505,-302.818048,-80.990424,0.067583
-21.262101,-239.000255,-84.084107,0.560499
-40.220894,-166.673463,-95.954013,0.074284
-27.782731,-324.559561,-77.098567,0.162574
-23.337751,-311.441079,-81.794398,0.000001
-42.409013,-148.933488,-94.015778,0.201237
-29.243613,-371.743812,-72.694648,0.037452
-34.737514,-140.167816,-79.664338,0.264114
-15.642770,-298.116075,-79.192536,0.640821
-30.939511,-362.569095,-66.380526,0.255491
-22.108994,-320.581072,-70.753669,0.031577
-38.215918,-378.240406,-65.891523,0.219409
-16.002522,-348.752862,-85.729783,0.195049
-33.825901,-359.157000,-63.501537,0.243570
-27.762006,-373.326807,-97.118152,0.109314
-20.568362,-370.386852,-59.362521,0.185735
-24.559021,-365.169078,-90.152757,0.218937
-21.660575,-309.613957,-76.905816,0.000001
-36.174838,-381.757309,-50.899017,0.087248
-18.232874,-251.868094,-87.068825,0.799132
-17.819598,-287.829374,-83.177778,0.122811
-33.036549,-201.232253,-83.473616,0.868086
-23.691754,-364.130286,-72.202679,0.230135
-27.872622,-213.184936,-88.357707,0.014454
-25.848710,-272.850838,-88.551953,0.416383
-56.499263,-152.518222,-92.003470,0.211066
-19.089463,-324.253334,-83.690273,0.026821
-31.311300,-356.692844,-88.395382,0.227325
-26.811053,-371.916670,-71.357575,0.070852
-37.758944,-179.334610,-84.375753,0.153268
-42.006067,-150.761818,-94.023866,0.167991
-32.087089,-125.318375,-69.136486,0.239351
-29.259680,-255.666458,-90.466095,0.767248
-31.452856,-120.650078,-73.228040,0.192370
-34.858243,-357.399310,-54.553614,0.213516
-40.941317,-161.386343,-95.146943,0.088558
-29.151728,-357.283846,-88.485236,0.201423
-16.552896,-294.293350,-80.385035,0.614782
-17.714550,-329.167919,-68.829451,0.512807
-33.839285,-352.254364,-64.290347,0.323822
-55.788284,-152.071829,-99.061355,0.140927
-15.745311,-342.222030,-84.394585,0.301007
-25.098916,-275.606640,-84.414693,0.000001
-23.304443,-363.739382,-87.747098,0.223830
-31.089263,-374.190949,-61.788477,0.039724
-47.026952,-382.004409,-53.972735,0.193082
-30.321630,-177.824257,-81.902359,0.634587
-26.879266,-316.671635,-84.273659,0.103695
-25.823478,-325.222446,-80.810385,0.001712
-19.607491,-298.333315,-89.852517,0.643417
-23.084006,-291.789428,-86.783555,0.058483
-18.654466,-293.572287,-80.232421,0.065676
-41.677500,-370.666339,-64.584990,0.180079
-30.435799,-360.474023,-86.889836,0.204640
-28.958104,-267.341460,-89.777078,0.676493
-26.388060,-361.988086,-84.418763,0.193150
-50.080903,-160.593726,-93.420022,0.061224
-43.172881,-377.209887,-61.504390,0.190684
-22.937178,-360.485770,-65.304995,0.173533
-34.307819,-184.484564,-92.011825,0.001349
-27.895892,-199.676197,-93.579141,0.767906
-52.065230,-141.468594,-94.555338,0.193427
-19.735969,-278.001333,-81.844988,0.004353
-31.839152,-192.842025,-85.518394,0.099158
-31.495679,-370.505609,-84.883335,0.199364
-25.905477,-337.686169,-60.273568,0.390709
-36.852671,-376.304103,-63.886399,0.123915
-39.278780,-158.978500,-99.888439,0.262257
-33.211732,-239.173971,-83.428714,0.799791
-29.029763,-126.710134,-83.138226,0.158457
-34.263634,-386.072450,-55.304281,0.169074
-23.355257,-309.624704,-80.624759,0.000001
-21.520970,-371.611314,-84.284221,0.165378
-22.417983,-321.826334,-87.322427,0.217904
-32.004215,-361.475684,-87.013993,0.213757
-38.866804,-191.211006,-94.497170,0.378843
-24.475530,-120.508917,-70.524524,0.214667
-23.259617,-364.399672,-94.118335,0.173751
-49.389713,-154.544352,-88.929618,0.089319
-31.466511,-185.359072,-95.270292,0.640057
-29.166753,-290.024585,-83.886808,0.711065
-23.985616,-323.598783,-71.695044,0.021631
-45.407163,-174.117212,-85.772694,0.180227
-33.282048,-150.960617,-75.173877,0.460373
-23.389897,-351.458390,-65.131824,0.111955
-31.714014,-132.195101,-59.343832,0.146107
-21.697382,-245.904862,-86.608733,0.126171
-35.332298,-134.453202,-72.077772,0.317434
-19.640284,-316.607408,-71.733696,0.170441
-13.546480,-360.181946,-80.512038,0.221166
-47.995370,-156.005817,-94.829255,0.120325
-39.307964,-157.930040,-96.400496,0.162076
-24.414721,-372.591455,-67.579713,0.125085
-31.139277,-374.894005,-83.643203,0.118079
-33.637518,-369.249930,-90.716943,0.264492
-25.014278,-237.604733,-85.864720,0.000001
-35.990183,-180.372070,-93.063373,0.002750
-33.782275,-371.685399,-81.867111,0.098277
-21.880266,-251.200377,-78.467533,0.851453
-44.173091,-383.503590,-53.577502,0.175896
-29.892987,-362.416823,-75.273760,0.250517
-49.911436,-166.407309,-86.155562,0.139529
-26.006755,-345.370925,-76.077843,0.000001
-28.897638,-205.000237,-80.919153,0.770072
-38.239728,-369.018090,-48.273885,0.179545
-21.499737,-299.386615,-83.872685,0.000001
-27.088668,-341.816460,-76.506140,0.002502
-23.965207,-359.638994,-71.219712,0.150855
-20.425127,-125.163220,-68.172138,0.195899
-33.297272,-161.312201,-93.967527,0.476898
-17.577835,-349.208928,-84.734410,0.161949
-46.077304,-168.516853,-91.190301,0.086044
-24.167774,-378.632943,-82.987915,0.161032
-42.855693,-151.035204,-101.752520,0.224271
-20.312444,-258.930109,-83.180531,0.184109
-20.400860,-289.544211,-86.212781,0.061785
-27.019536,-212.702865,-85.136729,0.262971
-34.904764,-184.422087,-94.178471,0.189862
-47.089443,-152.804756,-90.863138,0.117529
-25.183327,-266.131042,-76.511290,0.743238
-26.183848,-342.657786,-74.046820,0.000001
-33.846854,-364.363160,-96.745931,0.248096
-23.041598,-289.880321,-88.488748,0.358901
-18.345119,-137.699336,-75.245708,0.261339
-19.776977,-279.495369,-84.361008,0.004254
-35.205317,-376.347755,-91.875621,0.195478
-34.763522,-165.686690,-85.425429,0.153997
-18.774381,-272.084807,-81.502358,0.185872
-21.490231,-260.393774,-83.445403,0.029597
-37.598259,-149.528747,-94.397506,0.223871
-30.780466,-148.953723,-92.086591,0.354779
-21.116604,-278.316487,-83.933165,0.000001
-29.747138,-135.668390,-76.317704,0.318353
-25.319686,-382.699623,-65.266498,0.182810
-33.080869,-152.592915,-77.818579,0.397025
-40.788360,-161.313127,-93.374282,0.079827
-25.955047,-139.449704,-66.405752,0.278703
-15.000631,-364.801418,-82.959626,0.206235
-29.371611,-309.877598,-82.332413,0.679892
-34.429030,-359.699553,-80.847866,0.231031
-23.090198,-310.966280,-77.419548,0.000001
-42.788103,-380.291043,-53.981837,0.170511
-28.100662,-313.900821,-84.237016,0.219557
-36.810363,-171.237182,-83.320563,0.228561
-39.224266,-183.045590,-84.130841,0.296272
-25.953709,-360.125030,-50.166636,0.127030
-30.312457,-152.940775,-89.228872,0.448659
-34.128354,-137.058061,-85.404227,0.265741
-29.749351,-370.784739,-46.204390,0.116688
-32.502227,-376.080814,-81.298949,0.113932
-25.281543,-345.756320,-77.981422,0.001725
-33.840383,-141.180412,-72.087490,0.320668
-37.931533,-151.691648,-79.256210,0.191070
-21.938613,-255.237643,-85.084789,0.014452
-43.113071,-152.558820,-86.498046,0.138360
-28.260876,-283.644293,-79.613136,0.827014
-32.480570,-256.248383,-88.584810,0.654531
-32.813489,-258.835384,-86.183731,0.795136
-19.933478,-135.867732,-74.395682,0.264223
-33.885735,-372.331842,-79.854435,0.070006
-19.636132,-130.090950,-65.212938,0.184277
-22.388670,-284.282824,-78.980434,0.000001
-32.407420,-361.324225,-79.246235,0.222764
-43.528999,-376.167214,-92.754014,0.251831
-28.064429,-366.861275,-91.986218,0.230011
-22.786554,-268.777481,-82.941047,0.000001
-26.409019,-321.780695,-80.412821,0.014051
-25.280775,-346.668302,-92.124824,0.283994
-23.566529,-364.220069,-60.406379,0.213188
-27.343585,-334.030608,-72.127618,0.086810
-35.434737,-170.265698,-80.184703,0.491022
-33.140248,-124.218182,-72.447178,0.216948
-26.001096,-213.446661,-81.869062,0.807776
-45.882655,-141.402055,-84.886246,0.241942
-20.139414,-356.918459,-82.527576,0.156193
-38.110407,-163.859043,-92.953348,0.081893
-54.597793,-160.518866,-84.403100,0.211684
-24.670004,-242.384554,-87.854500,0.000001
-18.977670,-263.103479,-85.259638,0.376086
-29.645711,-363.353393,-64.859641,0.267521
-44.158103,-142.484789,-101.808737,0.166285
-34.024493,-354.075723,-89.684917,0.295038
-28.048655,-375.236165,-89.005686,0.099690
-28.934885,-364.868242,-51.667371,0.171477
-31.165240,-373.388932,-97.691158,0.156229
-23.251131,-250.151814,-91.156378,0.693003
-19.992905,-337.499206,-78.062089,0.008667
-29.127606,-380.512644,-77.476397,0.225312
-32.594200,-157.368768,-90.515827,0.391497
-36.844314,-133.958358,-75.736113,0.293281
-34.388609,-132.005858,-66.637895,0.239858
-31.777090,-355.675764,-65.065997,0.215653
-27.978422,-289.974733,-80.470071,0.614970
-42.607125,-374.955062,-62.027788,0.195591
-30.002409,-372.756102,-54.883211,0.070749
-40.412934,-202.181711,-92.981235,0.698786
-25.334291,-361.130954,-58.124442,0.166385
-15.838330,-360.696651,-81.675349,0.186194
-17.144157,-323.949279,-71.077499,0.544916
-20.465048,-377.755134,-80.633670,0.192847
-26.630904,-329.493726,-69.967209,0.104333
-19.878863,-277.080885,-88.574421,0.576832
-21.230590,-132.896035,-80.883788,0.174200
-19.832808,-331.535070,-65.296779,0.425470
-51.838644,-163.879075,-96.924016,0.133688
-31.465641,-145.482416,-72.187029,0.317033
-34.076622,-366.498895,-54.310770,0.235781
-31.602527,-363.353216,-78.012112,0.278123
-21.010360,-292.430896,-73.885673,0.307735
-23.432212,-357.171616,-64.997902,0.147399
-32.017520,-150.738433,-73.969992,0.390227
-22.802169,-303.401910,-81.106902,0.000001
-16.255607,-326.927722,-73.000012,0.563163
-44.402163,-156.203905,-86.784955,0.121152
-38.393895,-174.488972,-96.398158,0.122295
-31.859880,-178.791092,-94.448989,0.606805
-18.857742,-139.308162,-75.178664,0.260363
-22.798788,-213.852593,-88.440960,0.734122
-46.373903,-174.809965,-89.558464,0.109091
-45.817246,-177.425174,-97.589540,0.526737
-44.085947,-150.064004,-92.471459,0.174224
-31.443110,-359.994840,-97.829317,0.178822
-30.118357,-330.855889,-76.455646,0.591412
-26.510659,-273.148713,-90.620407,0.674461
-36.999126,-173.903559,-87.812113,0.041638
-40.472085,-135.976127,-79.664924,0.243515
-26.481495,-237.018256,-83.689862,0.161571
-19.562912,-348.611645,-64.321518,0.227004
-27.021308,-340.941552,-74.028363,0.004573
-19.725571,-346.279558,-84.087367,0.135503
-35.304138,-371.340135,-61.688831,0.154479
-24.124152,-325.105420,-83.597817,0.025008
-50.253287,-153.589514,-95.204070,0.200333
-35.134195,-149.928954,-79.728282,0.201622
-40.530091,-189.289487,-92.736434,0.258983
-30.806169,-349.223263,-69.330308,0.269393
-19.856975,-275.602551,-85.085875,0.030675
-32.570789,-363.582871,-74.446707,0.278289
-35.001423,-164.195823,-81.756351,0.429282
-33.021374,-164.383759,-82.787937,0.426971
-33.738565,-159.892532,-95.161490,0.472300
-29.108007,-335.023924,-67.963547,0.423972
-40.595267,-160.628954,-90.015431,0.092212
-25.909071,-316.481772,-80.387920,0.000591
-22.311626,-362.452466,-73.559017,0.212593
-24.785587,-374.679590,-72.096720,0.117764
-30.522425,-288.022191,-81.282140,0.744025
-33.139963,-371.026661,-47.863706,0.084202
-41.420071,-160.739337,-100.510268,0.237785
-27.826002,-322.473498,-79.498244,0.227431
-20.845533,-357.024426,-90.505937,0.181739
-57.383437,-153.146375,-94.066407,0.212834
-32.542303,-345.606683,-81.751472,0.443932
-30.158816,-347.317326,-83.079212,0.215115
-45.765729,-147.190636,-89.862632,0.224773
-23.954660,-121.902930,-67.801678,0.211316
-28.743483,-121.791473,-75.053824,0.185687
-19.351288,-288.968080,-79.110522,0.003169
-19.474211,-309.477165,-79.308052,0.000001
-31.283713,-341.631823,-70.793733,0.403587
-34.109595,-168.981550,-83.617482,0.353569
-19.577238,-139.746898,-69.872406,0.193540
-28.989006,-346.303704,-74.316275,0.058771
-24.336239,-296.105691,-87.278539,0.251669
-14.252254,-346.289353,-81.304702,0.318572
-39.589576,-175.367723,-97.467894,0.242314
-39.778092,-182.097968,-81.491168,0.612635
-31.635449,-195.501419,-95.070120,0.805336
-24.979857,-378.151181,-50.272786,0.102728
-31.625780,-363.376185,-91.292519,0.222617
-34.108988,-141.611699,-85.849412,0.299249
-36.019298,-191.053336,-91.234067,0.001696
-24.863819,-140.123782,-63.046262,0.214713
-22.260776,-356.842769,-74.126803,0.105874
-25.809396,-369.078129,-92.866053,0.195704
-18.899737,-264.590283,-83.984951,0.291629
-28.986588,-379.138409,-58.615058,0.149869
-37.672914,-188.449652,-85.973782,0.059119
-39.646140,-153.246711,-81.680465,0.116873
-29.526658,-310.487576,-78.413127,0.689585
-22.560856,-237.790457,-84.358179,0.285955
-42.032828,-132.287248,-74.013510,0.251667
-21.507347,-301.354411,-90.132434,0.569962
-26.350222,-365.933167,-90.642216,0.238148
-33.888769,-192.244296,-86.323875,0.012140
-32.692805,-195.029522,-88.373253,0.000001
-28.016412,-301.027882,-81.094407,0.511429
-19.043817,-331.787997,-81.395423,0.033217
-21.235915,-223.309282,-86.301691,0.739365
-29.367475,-309.889379,-80.689125,0.654508
-26.156069,-266.250641,-88.674659,0.279230
-29.805313,-319.711627,-83.964731,0.650679
-33.729245,-194.451189,-83.991949,0.599279
-19.442925,-124.840667,-73.173482,0.192201
-28.285294,-370.412057,-51.498833,0.055868
-43.557450,-140.071399,-96.259938,0.184944
-15.091620,-328.207944,-79.892496,0.567558
-24.047811,-351.823821,-55.854655,0.174707
-39.222001,-376.249893,-66.318952,0.235726
-33.989546,-197.814091,-84.298198,0.677591
-31.696379,-241.820733,-90.954711,0.924762
-49.231517,-149.325553,-95.626889,0.160815
-17.005699,-307.558611,-73.163069,0.595491
-28.229876,-353.280432,-71.143570,0.075805
-29.087610,-363.557223,-66.590055,0.238026
-41.994423,-140.519735,-70.758516,0.279647
-24.013058,-340.824749,-74.679942,0.000001
-25.138420,-251.252589,-84.999814,0.000001
-27.983152,-365.479907,-71.611737,0.171277
-36.917839,-138.548061,-65.918399,0.263424
-52.311390,-172.787007,-91.826262,0.385924
-37.661876,-149.565179,-90.938177,0.147370
-25.821077,-135.633032,-77.124505,0.275434
-26.415859,-205.680257,-92.079894,0.770466
-17.735424,-133.007344,-72.885052,0.172571
-44.321419,-138.009048,-80.759344,0.254244
-15.373322,-307.588279,-78.026288,0.600353
-16.072026,-357.300762,-82.117641,0.181537
-34.217247,-210.099604,-90.844998,0.275242
-20.479644,-328.551135,-79.971522,0.000001
-34.037811,-146.769244,-81.914767,0.189608
-35.359738,-169.892032,-86.506575,0.108362
-25.368944,-296.288100,-79.878271,0.001460
-30.989647,-358.088663,-85.595187,0.201892
-46.115909,-382.692966,-58.471967,0.217934
-29.379859,-281.800276,-88.278272,0.592052
-16.977462,-335.713545,-70.397845,0.383196
-30.839839,-120.667155,-69.717326,0.220629
-26.873494,-377.488733,-57.846520,0.103115
-24.301848,-236.043124,-85.847598,0.003974
-30.678906,-367.559906,-70.919854,0.093768
-29.139189,-376.929784,-65.749122,0.052609
-31.507859,-381.576958,-58.290167,0.188603
-18.272156,-327.133358,-68.568452,0.416294
-30.020662,-122.577550,-81.036482,0.139133
-30.690081,-261.817766,-89.823749,0.572123
-20.170925,-362.478995,-62.467057,0.175555
-24.442581,-127.456964,-68.151934,0.182647
-22.459505,-316.091537,-80.921740,0.000001
-36.349776,-147.349607,-85.876300,0.150222
-21.863053,-251.906416,-89.283719,0.500903
-34.671580,-182.364490,-84.834231,0.148863
-35.250861,-182.877074,-82.636212,0.684940
-35.342918,-366.822091,-92.140759,0.232102
-24.928235,-200.393926,-85.971723,0.695640
-44.037173,-137.024980,-69.516816,0.250592
-27.091810,-353.684204,-64.403583,0.120870
-36.140800,-152.481750,-80.854732,0.159218
-30.164732,-204.224124,-86.302262,0.016923
-13.796715,-369.939882,-82.824753,0.188686
-26.917227,-137.704695,-78.682330,0.257003
-21.945170,-328.075818,-65.421921,0.278904
-33.036998,-363.265204,-92.946816,0.241619
-28.924530,-173.606784,-87.374776,0.589180
-31.088289,-229.964483,-84.358138,0.627823
-30.920205,-298.883119,-82.970467,0.794955
-36.770284,-131.886592,-80.042844,0.255362
-37.242914,-140.985889,-63.865431,0.223731
-35.967150,-130.433707,-61.479936,0.198730
-33.289122,-366.469379,-46.203052,0.138538
-44.437126,-134.028156,-69.164434,0.143057
-45.318485,-176.200522,-85.723073,0.238244
-28.381974,-234.844846,-92.475078,0.737344
-23.973001,-268.262890,-88.675334,0.188015
-41.685776,-146.254668,-95.341171,0.222508
-38.212839,-177.491233,-84.733426,0.099476
-30.023967,-359.308002,-57.448478,0.180667
-23.390679,-335.850419,-80.597928,0.002274
-18.149481,-360.513930,-90.665947,0.190529
-20.634888,-300.663702,-73.385901,0.204262
-15.622168,-347.527048,-74.399284,0.400043
-25.212954,-320.407782,-66.356912,0.536259
-22.530583,-372.083955,-57.434024,0.090009
-23.544041,-363.201333,-75.867874,0.223104
-30.939222,-272.131402,-81.627470,0.810614
-41.747809,-371.785826,-58.790910,0.208386
-35.869849,-145.300209,-74.735793,0.289712
-19.719923,-379.969490,-78.476564,0.204567
-34.658867,-128.055493,-76.453463,0.165631
-48.148597,-151.189804,-92.643395,0.189636
-33.416538,-351.159152,-79.994245,0.319638
-42.946222,-159.289617,-100.850734,0.198858
-31.320011,-363.378048,-98.797586,0.181198
-32.726701,-364.571079,-76.822384,0.260251
-27.796356,-141.880698,-71.598351,0.251179
-29.100716,-377.146968,-69.259226,0.103759
-32.457018,-375.869369,-58.307404,0.075199
-30.736403,-290.433496,-82.826661,0.853243
-51.515860,-158.077076,-93.284025,0.074593
-23.523798,-347.953766,-58.247911,0.186872
-34.006339,-377.334650,-60.594311,0.115910
-19.765991,-361.820155,-77.840750,0.180740
-26.935163,-357.726607,-68.764767,0.114974
-23.658890,-322.122085,-69.547656,0.064019
-40.767025,-172.959377,-97.796237,0.239210
-24.944456,-126.627591,-64.871437,0.163346
-46.768500,-170.249166,-89.864096,0.103315
-27.687150,-277.853231,-76.776736,0.751699
-44.126544,-180.880784,-83.749734,0.565301
-24.752576,-338.955223,-90.763995,0.360130
-29.796646,-227.477589,-80.197144,0.754439
-36.053284,-375.668234,-46.399340,0.136517
-42.148001,-163.831332,-79.998221,0.494931
-14.649435,-343.450387,-83.354886,0.372315
-23.008628,-124.256087,-72.830319,0.216693
-37.374935,-364.072396,-52.394961,0.200312
-20.326290,-333.284611,-76.075454,0.002645
-23.209557,-142.353589,-80.022595,0.210821
-35.579782,-359.326413,-61.105123,0.265625
-30.721645,-362.065602,-59.456649,0.239928
-19.085964,-370.612165,-89.415337,0.181614
-21.563594,-373.150895,-83.235767,0.159832
-28.155487,-269.264791,-89.128801,0.744240
-30.483780,-380.513977,-86.436638,0.160585
-32.126232,-150.769832,-84.585106,0.174109
-30.498323,-336.357690,-86.880439,0.588201
-17.270042,-350.846846,-81.298904,0.149682
-29.246270,-281.854630,-79.314548,0.734933
-22.015651,-380.813407,-88.548610,0.122169
-25.691636,-249.856543,-77.866992,0.823303
-31.969669,-202.331847,-88.100322,0.005916
-44.329487,-161.672171,-78.088705,0.402688
-26.072935,-243.872769,-86.530756,0.000594
-20.099430,-298.507404,-88.117016,0.470022
-44.542757,-160.087791,-89.813184,0.094630
-25.866151,-318.360508,-77.951239,0.019992
-31.553968,-261.068235,-81.721408,0.690583
-33.106318,-377.322838,-72.384240,0.276541
-49.494906,-370.201831,-56.838804,0.192614
-35.782275,-231.032608,-89.509939,0.766408
-27.187000,-201.948668,-92.306430,0.768220
-25.025797,-253.860701,-77.562532,0.836168
-31.133497,-293.050234,-82.629662,0.713089
-30.420120,-161.892075,-88.715560,0.503774
-44.810350,-135.099091,-74.242632,0.203660
-34.785687,-133.122239,-78.000489,0.315606
-25.039987,-338.613489,-87.512946,0.158880
-28.685272,-361.922390,-94.718792,0.211448
-29.459326,-222.137159,-86.434571,0.069175
-18.431696,-242.683428,-85.463042,0.681215
-16.451248,-265.973322,-85.729060,0.682038
-29.289235,-379.958320,-61.354030,0.164106
-33.235582,-367.057700,-74.771387,0.124337
-34.023152,-384.238074,-51.368455,0.136291
-31.677982,-380.606323,-84.806980,0.193889
-20.609851,-241.991676,-90.607895,0.813407
-24.465371,-331.889209,-63.804682,0.194922
-24.971404,-257.426023,-92.336627,0.706986
-41.341033,-158.115550,-93.455001,0.084590
-42.235757,-143.940520,-93.125573,0.260190
-39.302014,-363.243864,-88.685636,0.224957
-22.796147,-369.859681,-73.273969,0.107347
-22.592419,-305.523153,-75.089200,0.012835
-28.678043,-366.598278,-82.244101,0.256709
-38.163072,-216.053213,-89.938447,0.714697
-15.975277,-363.466899,-92.995824,0.172296
-37.181783,-364.164331,-83.811820,0.239863
-17.470443,-350.176269,-89.595847,0.254876
-18.140071,-337.063662,-66.229875,0.400456
-21.126869,-252.195218,-87.590703,0.306661
-44.742801,-167.167816,-90.399660,0.084425
-46.557401,-162.670291,-96.153734,0.087578
-24.284669,-255.870771,-80.505701,0.204439
-29.190286,-376.537053,-71.142393,0.123879
-25.863657,-320.449125,-85.149525,0.114239
-20.047166,-318.293813,-67.372984,0.607260
-38.635904,-370.656478,-47.394478,0.148736
-25.179806,-305.386920,-72.323652,0.595819
-30.352667,-233.525237,-85.035817,0.386133
-41.437465,-159.815793,-80.234911,0.459493
-40.840629,-377.029741,-50.373411,0.085265
-46.571525,-156.188644,-79.740897,0.361028
-33.802688,-373.635103,-63.468186,0.057328
-19.120473,-322.960158,-67.449333,0.527269
-29.562310,-319.869477,-78.068871,0.648922
-20.504191,-369.104838,-64.035039,0.198831
-45.376351,-152.366182,-94.624527,0.154869
-23.142425,-361.933265,-49.132876,0.136122
-43.206391,-165.396619,-91.374125,0.077800
-31.708440,-139.410992,-83.607004,0.267042
-57.863901,-148.998965,-90.163050,0.158207
-32.566783,-347.510596,-74.407724,0.349687
-27.495766,-201.387661,-94.009645,0.728260
-42.645683,-159.991299,-86.769751,0.122324
-24.879523,-369.650456,-79.733239,0.146433
-19.785139,-372.088403,-64.274072,0.182593
-15.980679,-347.934267,-80.845028,0.215128
-45.962974,-152.959171,-92.993887,0.113209
-51.341432,-171.807412,-86.763279,0.355783
-19.575498,-283.377372,-89.110706,0.773883
-43.462649,-169.552119,-85.462200,0.179575
-24.595740,-327.552298,-71.433234,0.010878
-22.296871,-341.610274,-80.274559,0.015216
-29.525481,-378.333925,-55.257009,0.123939
-36.918133,-382.258674,-52.498506,0.113720
-38.250913,-378.983255,-51.716990,0.087176
-23.007869,-373.983350,-59.290608,0.105747
-30.564382,-166.697268,-89.881865,0.565084
-32.413206,-364.026728,-46.839587,0.127908
-37.551554,-152.064599,-101.707470,0.316403
-25.050137,-308.288896,-69.580642,0.693532
-30.461975,-132.168190,-72.845782,0.330480
-35.779111,-123.950403,-62.481723,0.238630
-29.362050,-181.506387,-91.096928,0.608113
-23.722147,-370.604916,-82.791589,0.164404
-43.622977,-137.661403,-79.184518,0.253242
-27.542758,-299.114797,-83.197649,0.142776
-23.832961,-361.816777,-87.827154,0.194341
-20.529442,-332.586520,-74.067552,0.001907
-25.630570,-331.191847,-88.736598,0.406885
-20.255338,-279.869204,-82.428831,0.000175
-32.387415,-241.938112,-82.853941,0.838706
-44.220311,-140.059781,-92.776554,0.196574
-34.443184,-139.882310,-86.874231,0.330248
-53.427002,-163.809887,-87.741282,0.122534
-30.476003,-349.144715,-71.660161,0.155928
-43.676118,-183.855037,-91.682891,0.256302
-50.641727,-155.826281,-89.197864,0.082919
-14.147960,-377.808349,-87.689948,0.201229
-49.949431,-157.195839,-101.612167,0.293217
-20.124684,-368.455485,-77.022473,0.191766
-13.199522,-368.094102,-88.041157,0.149511
-26.860649,-383.503568,-87.226792,0.165299
-44.339532,-167.780527,-93.359146,0.057941
-21.625850,-281.301685,-75.159706,0.535657
-40.213659,-368.441872,-82.238966,0.229749
-23.459071,-346.438301,-83.375339,0.090765
-23.483766,-279.569892,-76.319835,0.485879
-32.909748,-362.607393,-50.966877,0.255158
-43.076454,-381.942396,-58.540473,0.199748
-26.799461,-313.221658,-81.152918,0.039563
-26.644981,-280.047972,-75.635714,0.808235
-39.910588,-141.188940,-94.987901,0.231278
-46.934044,-163.607255,-88.746384,0.095378
-15.649632,-339.156265,-74.727404,0.435787
-21.414961,-307.341861,-83.999452,0.000439
-27.524120,-139.870556,-73.694033,0.288571
-22.209168,-279.826240,-77.403957,0.033075
-56.952506,-156.292515,-89.725082,0.108490
-36.157383,-188.702000,-90.934175,0.000001
-29.668256,-365.703635,-74.513510,0.161835
-36.773500,-372.836298,-63.366557,0.125752
-22.023300,-331.616805,-87.794279,0.183753
-27.199472,-137.649529,-62.203825,0.228577
-31.466478,-363.345955,-81.627622,0.215413
-36.509395,-154.755107,-92.256340,0.132208
-31.134730,-358.545428,-55.130000,0.186505
-35.063519,-377.559339,-68.620596,0.250396
-23.985302,-135.785568,-60.853071,0.204948
-20.567184,-350.899856,-74.250425,0.072630
-25.918994,-259.087442,-88.314915,0.065748
-42.134707,-178.549621,-84.136789,0.307552
-47.615555,-374.033382,-54.423077,0.191086
-46.044364,-179.597897,-87.921351,0.397786
-39.926428,-160.018053,-82.735118,0.168141
-31.651674,-364.249661,-86.623587,0.240450
-44.596847,-159.607688,-99.708918,0.158311
-27.302131,-285.408931,-80.661485,0.453954
-26.676332,-369.631616,-69.764201,0.086549
-16.380621,-275.383686,-86.409423,0.739076
-20.245758,-286.397016,-89.743546,0.771980
-31.510136,-163.487840,-82.100400,0.556464
-17.350204,-281.693794,-83.704691,0.421635
-41.246984,-165.680162,-88.678004,0.082233
-38.859470,-134.853175,-61.454414,0.200740
-24.273033,-371.447924,-57.598205,0.112588
-21.412939,-257.614317,-82.646368,0.034645
-30.775848,-134.974299,-63.425692,0.254161
-37.296048,-372.583719,-59.322283,0.147213
-39.670993,-129.665326,-76.513928,0.187255
-29.259609,-127.526768,-64.697571,0.127733
-21.206570,-342.203786,-78.728087,0.010883
-49.806392,-151.973813,-90.178846,0.132321
-30.299373,-366.252783,-72.910680,0.107455
-26.515883,-351.375937,-84.127523,0.131467
-30.089209,-340.260189,-85.791352,0.398337
-23.251175,-301.846663,-83.727205,0.000001
-36.835223,-176.442129,-98.842650,0.638474
-23.737004,-145.140385,-74.701502,0.192084
-42.829075,-169.659495,-96.877669,0.075511
-25.900021,-214.801716,-94.119987,0.732181
-38.767787,-191.206448,-92.100042,0.119366
-33.058760,-380.084750,-80.988220,0.206840
-39.400668,-144.492550,-100.377571,0.179786
-40.780363,-157.511192,-77.359839,0.451707
-33.618016,-362.185997,-86.822271,0.224965
-21.378021,-361.480750,-84.099599,0.192618
-28.332784,-369.640017,-68.403716,0.082050
-21.854885,-377.463622,-69.640461,0.198938
-28.202914,-352.695643,-78.105255,0.058351
-24.474619,-336.207310,-90.224852,0.389626
-40.577460,-366.139009,-89.893177,0.152711
-38.421127,-176.017681,-91.869582,0.000559
-32.233794,-358.755830,-50.737329,0.178141
-26.445739,-325.160381,-66.077606,0.543951
-40.415358,-126.658648,-75.020634,0.159398
-37.818369,-148.105752,-92.492251,0.200008
-24.035309,-350.285871,-89.453430,0.176700
-26.325143,-306.272888,-78.820638,0.162792
-27.520533,-373.647998,-58.697748,0.075573
-37.472992,-155.317247,-90.259291,0.135930
-25.634338,-323.031141,-72.869926,0.065134
-24.952810,-129.608661,-72.783448,0.233476
-21.424183,-346.165459,-83.348918,0.087048
-31.064120,-317.232021,-84.115052,0.688349
-29.791269,-316.105824,-78.725058,0.676797
-36.799364,-369.236102,-72.653507,0.132128
-43.090637,-180.710512,-95.773683,0.448961
-34.416858,-215.011923,-91.737608,0.487199
-27.744243,-282.246332,-87.045820,0.538631
-26.091684,-358.456650,-62.240674,0.147881
-44.430016,-188.849328,-89.955968,0.632354
-28.654365,-291.708233,-82.916946,0.518776
-15.872915,-273.581372,-83.556913,0.654570
-36.430781,-216.379106,-87.146979,0.861881
-19.604417,-360.269871,-84.971631,0.192261
-24.436177,-322.772364,-74.203567,0.019862
-30.814749,-368.923377,-85.248091,0.229056
-26.031035,-343.584926,-66.404181,0.092600
-53.531769,-154.432107,-85.446650,0.148862
-52.105978,-155.396843,-83.035855,0.185111
-37.513257,-359.457080,-66.969988,0.220751
-21.636581,-234.993567,-84.913066,0.629269
-34.675763,-367.890161,-67.303871,0.125010
-17.572952,-285.756433,-88.488603,0.751359
-26.523339,-376.467067,-86.387659,0.109030
-35.141022,-366.048816,-74.733183,0.171720
-27.190373,-350.888062,-56.290861,0.142026
-56.046618,-159.862278,-95.742265,0.182432
-20.213245,-315.101922,-82.789265,0.000001
-40.995053,-137.873333,-73.578754,0.386240
-20.430164,-257.995894,-84.655299,0.089947
-25.216099,-270.721435,-77.906916,0.512136
-16.804010,-317.429928,-79.850433,0.226967
-23.532753,-364.379239,-53.965654,0.203331
-43.500331,-177.606376,-90.434588,0.055643
-48.212132,-151.821356,-83.057254,0.284074
-33.574517,-228.410639,-82.570412,0.695415
-43.386652,-168.245995,-90.258878,0.070967
-22.553076,-369.657401,-66.192609,0.193866
-27.408212,-318.280299,-83.588583,0.152078
-36.331242,-381.104949,-62.398019,0.176860
-23.116337,-333.829005,-83.828350,0.039583
-37.294556,-361.693946,-73.236082,0.230386
-18.586858,-313.329416,-83.975816,0.050428
-44.411379,-175.723249,-88.845815,0.097906
-27.909725,-312.502230,-75.267609,0.665428
-18.064255,-281.262685,-88.915649,0.779565
-40.379350,-166.667489,-99.269972,0.303799
-29.397128,-224.916899,-94.098551,0.841501
-28.537551,-321.871310,-81.178513,0.314444
-33.023606,-134.690982,-61.592576,0.230888
-39.211722,-149.644879,-99.371354,0.280887
-25.704614,-329.715746,-79.260033,0.000449
-14.081252,-368.306501,-79.000615,0.170350
-31.838681,-145.479012,-92.036762,0.355423
-18.619888,-269.810319,-79.784795,0.506141
-39.773981,-204.681092,-89.337768,0.664615
-26.766882,-369.993026,-65.184435,0.115011
-15.273371,-351.578029,-84.312324,0.169721
-28.952055,-334.690006,-76.891834,0.196333
-27.101735,-344.344552,-71.098421,0.039482
-25.176425,-146.155218,-78.643223,0.299639
-35.197432,-136.788919,-69.876816,0.376019
-25.948988,-146.029991,-71.190267,0.212144
-43.321547,-147.125980,-79.030242,0.394175
-19.167196,-296.179855,-78.687562,0.003791
-43.276292,-161.273839,-101.196952,0.253605
-26.821741,-334.509316,-78.768241,0.003885
-32.924072,-134.493924,-83.492804,0.212813
-25.575195,-350.618996,-62.968471,0.105050
-24.095200,-372.947502,-79.030794,0.146942
-17.973067,-363.192499,-85.279004,0.240343
-22.616254,-356.471934,-75.792521,0.089514
-23.489661,-244.683305,-78.159424,0.794115
-24.665616,-203.574850,-89.591371,0.642307
-24.588849,-128.561683,-63.233615,0.155827
-34.542428,-145.662502,-85.211677,0.168808
-31.492490,-259.946329,-89.281384,0.661620
-41.150793,-144.861233,-90.802460,0.260976
-35.630795,-379.779938,-66.029677,0.237623
-26.448632,-278.349557,-83.051981,0.021272
-21.978773,-133.473795,-68.136195,0.280993
-21.784577,-130.636414,-67.182863,0.181434
-54.855543,-142.043948,-95.215639,0.177961
-26.651769,-143.159755,-78.767853,0.298322
-36.398185,-144.375879,-95.590815,0.249666
-28.951222,-156.534531,-79.113849,0.377419
-30.027780,-204.032295,-90.262856,0.013212
-26.704326,-373.758876,-93.753682,0.098590
-35.962963,-385.637562,-58.648900,0.191659
-49.347898,-372.990189,-61.475318,0.203311
-27.053458,-247.322254,-80.964274,0.785346
-36.086591,-362.448049,-94.084658,0.233806
-22.295282,-349.213674,-86.920927,0.135535
-35.553511,-381.565141,-64.978792,0.202276
-37.806501,-363.121986,-49.447982,0.134439
-27.343756,-368.159298,-63.570545,0.202055
-36.639312,-218.388797,-86.114152,0.666633
-35.877027,-220.928770,-84.799410,0.742847
-18.144412,-346.603034,-82.663072,0.139102
-17.409128,-326.923346,-70.182580,0.537888
-31.793433,-232.958342,-94.304930,0.613747
-23.387000,-375.524234,-93.279932,0.043782
-20.147429,-319.739946,-74.459118,0.000649
-27.988383,-157.883408,-81.517576,0.439077
-44.357863,-165.190633,-78.666586,0.368011
-44.482736,-167.210215,-77.814413,0.321765
-36.794595,-216.809281,-90.760810,0.899553
-27.611292,-263.986337,-83.145359,0.242854
-26.386730,-351.324712,-82.436706,0.094342
-31.380025,-198.165788,-92.927419,0.312235
-23.730950,-295.722046,-77.273021,0.002780
-36.988303,-164.753079,-79.561799,0.462058
-30.376904,-135.661711,-72.933938,0.366951
-24.044230,-365.517082,-86.974950,0.225100
-23.897483,-127.029176,-77.984133,0.165351
-31.535138,-131.058098,-65.799699,0.226776
-42.697792,-157.022565,-87.306139,0.116414
-21.300631,-286.969210,-85.481914,0.000104
-34.786806,-200.818214,-81.771661,0.782775
-42.782728,-366.474435,-52.717100,0.197415
-28.601369,-376.242293,-60.467496,0.071047
-31.066895,-139.669792,-71.882567,0.314963
-16.547800,-357.680216,-67.579170,0.236730
-30.472889,-321.426822,-86.375965,0.681710
-18.801580,-244.713588,-88.265749,0.742767
-15.860547,-360.285935,-90.872536,0.192598
-20.012963,-339.973106,-72.051575,0.029010
-50.864142,-149.649894,-103.118467,0.196107
-27.238228,-360.110333,-75.616793,0.098606
-28.346996,-357.127042,-74.561255,0.045261
-24.042130,-275.177138,-86.410448,0.001615
-14.289489,-355.934538,-79.703117,0.229351
-33.517924,-250.110933,-87.128194,0.778741
-19.667056,-324.066249,-76.312971,0.004563
-28.119910,-368.464375,-89.598341,0.256658
-34.767736,-147.993019,-80.710128,0.194263
-26.139332,-243.348920,-79.877243,0.963362
-39.456046,-164.968201,-95.520023,0.088577
-28.661674,-206.015548,-84.144015,0.407014
-51.150832,-166.242096,-89.184575,0.110986
-27.296883,-224.343685,-81.960192,0.880993
-30.295022,-378.411545,-78.589865,0.212436
-31.754618,-346.405712,-65.750211,0.387282
-18.507392,-319.932163,-69.815270,0.496535
-19.706486,-368.368820,-70.043586,0.151091
-46.142969,-172.649427,-88.768430,0.111635
-41.220005,-136.428876,-67.721232,0.211557
-38.152571,-141.281953,-91.311616,0.257846
-39.861960,-155.876734,-77.206604,0.445765
-18.859286,-350.658812,-61.917484,0.277925
-30.819061,-224.066713,-81.012960,0.767491
-29.030773,-136.136684,-74.400609,0.330514
-48.189281,-159.627239,-98.994001,0.140558
-35.564463,-191.240918,-86.510502,0.023775
-29.174549,-244.944131,-79.544921,0.781459
-29.025298,-311.146743,-75.541907,0.593899
-40.329388,-365.477054,-86.727048,0.152698
-29.399618,-337.827881,-65.773864,0.432810
-27.012833,-338.359960,-68.353074,0.116005
-28.596817,-143.485756,-70.875074,0.240121
-47.173929,-173.704855,-84.644596,0.306098
-35.276717,-178.392670,-88.244348,0.006215
-17.639996,-368.618297,-82.944729,0.222659
-29.793003,-348.450754,-89.830137,0.307344
-22.489184,-138.846477,-81.508052,0.203930
-29.399151,-356.655870,-55.331352,0.160194
-32.079831,-143.343791,-79.395312,0.275954
-45.797065,-166.248326,-84.112311,0.213127
-48.225241,-145.214799,-91.367647,0.180541
-41.628710,-149.320348,-96.305782,0.224743
-39.980704,-196.829102,-88.827499,0.712829
-25.338239,-285.412022,-77.093029,0.414215
-27.359638,-370.640864,-84.500307,0.175170
-23.660257,-234.687699,-90.258793,0.508110
-26.977841,-241.213138,-94.014420,0.614289
-24.365709,-230.688228,-92.579617,0.880677
-36.563004,-378.762875,-94.835534,0.216996
-33.998229,-372.830543,-72.880802,0.156202
-17.945751,-371.580115,-69.715292,0.191243
-46.261611,-145.895828,-79.992610,0.380859
-23.981609,-343.456732,-83.189681,0.069072
-53.436418,-150.087832,-95.218109,0.146426
-34.295046,-196.072704,-81.258081,0.698722
-28.036229,-355.650251,-72.542311,0.049699
-40.937677,-163.359249,-78.113260,0.490748
-39.095879,-359.625569,-56.348930,0.329993
-37.992784,-176.814288,-96.576569,0.273066
-31.761163,-253.421194,-84.071152,0.837047
-37.538923,-194.484893,-97.642719,0.572266
-38.642213,-168.445541,-88.444398,0.079519
-25.582305,-367.531597,-62.941194,0.205193
-30.335515,-357.809522,-91.750026,0.206778
-17.840905,-361.997582,-57.657000,0.164868
-25.611564,-206.212341,-82.735179,0.743504
-31.573093,-199.123664,-88.708928,0.000001
-17.020704,-356.747549,-64.404058,0.240401
-26.926527,-364.592997,-84.386103,0.279244
-45.381747,-149.987925,-82.330463,0.274305
-19.759756,-344.975218,-67.837628,0.170073
-33.366550,-197.507088,-86.277616,0.062175
-37.501791,-171.399761,-94.636712,0.069223
-43.347686,-372.368411,-53.311105,0.187608
-38.930346,-371.682123,-90.173892,0.201573
-52.079053,-158.805118,-90.314791,0.062364
-38.726371,-366.492921,-75.492790,0.230004
-30.957973,-375.227148,-80.053535,0.089971
-35.958377,-135.789941,-62.950201,0.209851
-27.997839,-258.145991,-83.461910,0.274618
-37.615206,-167.037965,-83.179243,0.190756
-36.006997,-133.944302,-70.125471,0.306874
-33.727996,-379.113180,-79.427978,0.201690
-48.861570,-156.476119,-88.758739,0.077576
-24.061327,-258.993360,-88.046220,0.021539
-18.319906,-352.337596,-62.469574,0.282491
-29.837019,-344.033220,-72.344196,0.181818
-30.547904,-330.796327,-78.985406,0.583989
-29.467019,-369.228768,-64.960024,0.180069
-37.407186,-379.217412,-87.064070,0.191315
-20.800126,-339.250162,-81.454939,0.042015
-20.426810,-262.228489,-83.950284,0.070669
-39.699336,-160.193046,-98.816122,0.186001
-23.885047,-302.230210,-77.019265,0.014379
-31.408203,-166.083544,-83.505805,0.478451
-24.892315,-382.685278,-61.863937,0.175403
-24.719051,-298.325559,-76.150513,0.104852
-29.419309,-242.929074,-93.162461,0.727611
-44.041347,-147.800985,-88.652726,0.193964
-32.666503,-370.300337,-53.017450,0.142772
-27.781658,-322.852108,-85.440694,0.348266
-20.180525,-346.541049,-70.097187,0.101157
-24.061214,-380.393584,-83.185371,0.174875
-23.644517,-233.072210,-91.041590,0.763555
-44.669056,-175.873741,-93.668175,0.065717
-24.824595,-263.228955,-85.213845,0.000001
-22.501697,-359.048252,-85.813758,0.175222
-15.874445,-350.843558,-78.567646,0.283720
-30.334373,-218.688412,-83.777421,0.608079
-33.821627,-129.077736,-59.442346,0.168909
-28.821505,-349.971346,-76.816400,0.025171
-21.844707,-353.549794,-65.884759,0.155546
-41.079636,-198.860082,-92.743869,0.676208
-27.515299,-337.439430,-61.208846,0.419934
-19.205062,-137.583842,-68.418413,0.188090
-43.731232,-149.236967,-87.548628,0.156574
-26.880623,-228.960014,-89.311608,0.008824
-41.145757,-194.847913,-86.318102,0.660309
-29.420332,-149.231296,-84.503704,0.365399
-30.711959,-138.256079,-79.303224,0.276496
-19.386194,-344.216028,-71.360440,0.105294
-22.144139,-261.516497,-79.463038,0.225670
-30.437812,-377.345930,-63.109972,0.079511
-14.194138,-353.138447,-80.400444,0.258414
-34.130529,-367.784572,-61.098491,0.264812
-58.418600,-147.946744,-92.186926,0.128189
-20.551887,-297.023808,-80.941603,0.000001
-17.946321,-320.320727,-75.039955,0.209810
-24.515112,-237.404082,-78.718983,0.823721
-29.937748,-248.034709,-84.016398,0.676689
-27.176933,-230.797064,-83.135597,0.486755
-43.624711,-149.909150,-79.821242,0.405617
-41.224410,-364.054125,-55.928763,0.125684
-30.241508,-324.082183,-78.721359,0.640406
-31.346211,-257.688140,-89.130806,0.706492
-25.397399,-232.154627,-93.459467,0.806504
-41.937684,-163.143615,-87.758590,0.096047
-24.488236,-369.479969,-65.057789,0.186699
-42.293231,-149.321531,-99.332430,0.235655
-28.894453,-134.664348,-77.747608,0.281942
-19.640139,-343.659538,-87.718583,0.170546
-40.483404,-178.585565,-93.251372,0.000001
-24.315109,-361.928841,-67.562744,0.177759
-42.338999,-165.619452,-100.596206,0.336889
-28.095833,-373.449509,-72.984394,0.047442
-19.162485,-372.766826,-91.356355,0.101953
-28.036328,-381.461906,-81.230303,0.199705
-23.374073,-137.328790,-81.207410,0.211376
-21.811118,-310.082248,-87.144731,0.180591
-27.251023,-145.504621,-76.487590,0.323174
-39.746693,-196.471216,-85.031836,0.716006
-29.386198,-331.406631,-85.232942,0.520636
-22.034549,-338.077088,-80.785985,0.013534
-17.251430,-320.788812,-70.706664,0.537327
-33.446138,-149.886791,-90.708423,0.251846
-33.452212,-128.786439,-75.059393,0.206066
-15.643713,-365.458365,-88.915687,0.273380
-47.321623,-163.502666,-94.658489,0.083515
-19.188897,-281.314812,-79.867290,0.049456
-48.081353,-151.062250,-81.384223,0.326738
-20.282445,-352.833662,-69.761032,0.138964
-21.436409,-351.449085,-69.333382,0.112474
-27.201408,-136.807848,-84.674647,0.218815
-42.542665,-157.052947,-89.616476,0.095898
-37.435103,-373.762302,-51.834381,0.121192
-35.252122,-377.991648,-79.648304,0.176469
-25.302377,-300.959692,-76.395909,0.244041
-37.007091,-366.747449,-71.960679,0.164716
-20.921519,-288.372940,-74.616532,0.365469
-31.952506,-128.735454,-62.295069,0.153791
-15.333585,-352.386819,-88.500459,0.203974
-14.034916,-353.194854,-87.412717,0.204950
-17.993875,-369.330779,-60.066989,0.143250
-18.564750,-344.329604,-78.397631,0.086749
-31.688660,-148.081202,-77.120662,0.346330
-25.659411,-362.285493,-60.796628,0.183584
-25.850337,-304.228934,-86.479569,0.307314
-24.603686,-356.366018,-73.296386,0.067112
-21.734321,-142.486358,-67.039970,0.207038
-40.428942,-129.531605,-65.852687,0.210922
-23.237776,-304.654685,-87.857415,0.383915
-27.961947,-181.870260,-86.608725,0.711297
-37.721892,-360.439407,-90.542352,0.203710
-29.899328,-373.344186,-75.215863,0.064676
-33.417675,-130.877421,-68.922726,0.255429
-25.648462,-290.924684,-89.592751,0.552591
-25.125140,-298.103114,-84.079355,0.000001
-34.322036,-214.614810,-86.475573,0.746209
-35.495919,-216.332179,-83.870212,0.759782
-26.397313,-269.093029,-76.902993,0.815331
-44.065662,-180.680379,-90.611117,0.109363
-20.885926,-343.087613,-71.247648,0.041336
-26.845559,-336.263236,-64.046209,0.214291
-17.377805,-342.572754,-81.514393,0.132516
-30.425993,-375.950198,-95.141543,0.170304
-26.726476,-128.751155,-77.510009,0.226095
-20.740612,-320.168065,-76.842548,0.002901
-28.680210,-359.186503,-74.165778,0.083067
-30.422922,-141.302511,-78.249279,0.286535
-44.371310,-150.877831,-103.614685,0.153089
-20.564935,-232.296804,-82.133315,0.625763
-33.969360,-370.457176,-74.524684,0.060251
-24.772852,-211.943559,-92.274591,0.796623
-35.086045,-237.242356,-89.240104,0.720780
-34.001993,-237.042895,-87.595441,0.895802
-34.443144,-238.626632,-86.148962,0.800077
-28.423443,-375.204131,-71.845092,0.060822
-40.550014,-362.918527,-54.642401,0.147732
-52.081160,-144.180748,-95.129576,0.190882
-28.282744,-329.942418,-75.139936,0.273699
-48.797467,-145.356676,-85.575152,0.276186
-39.447292,-196.517977,-93.204500,0.706504
-25.332815,-344.498974,-86.584296,0.135552
-27.262708,-131.620377,-78.520786,0.229064
-51.094585,-146.401289,-92.580993,0.206639
-26.897946,-356.831154,-52.969607,0.148712
-44.289144,-156.941907,-78.588943,0.496239
-32.076594,-176.696336,-81.192842,0.643968
-32.243882,-174.917281,-80.938350,0.516037
-19.184861,-252.277685,-89.149390,0.829119
-41.148485,-153.570543,-79.200573,0.318233
-20.352712,-328.119534,-77.946014,0.000001
-29.225741,-236.856821,-84.778951,0.308013
-46.757285,-367.906014,-56.590435,0.154371
-30.143422,-215.010761,-87.690277,0.032602
-23.113739,-359.952017,-92.829515,0.166999
-41.277644,-364.513872,-59.533248,0.149174
-40.036567,-170.303624,-84.204857,0.144799
-42.957653,-156.299653,-81.028497,0.337496
-24.295562,-376.231938,-87.211455,0.108195
-33.887214,-118.848365,-73.627649,0.183829
-21.245586,-336.134137,-65.998078,0.143782
-28.257646,-381.971517,-67.017233,0.192424
-35.759845,-364.484090,-57.573023,0.291378
-26.761304,-328.639803,-89.475147,0.509703
-20.173704,-253.585883,-79.060740,0.826049
-31.416685,-207.669202,-84.693548,0.473309
-26.065900,-354.667270,-79.329521,0.073089
-28.316741,-349.558985,-92.882147,0.291928
-26.776939,-295.107858,-77.543129,0.669182
-23.670536,-278.400756,-91.035710,0.727486
-22.325933,-342.273502,-76.821706,0.002817
-38.540024,-146.486404,-96.144770,0.253710
-41.996215,-375.466749,-93.454471,0.248534
-36.072463,-367.147668,-64.945761,0.216765
-39.015851,-136.995679,-64.262745,0.195896
-41.039384,-140.330642,-75.587839,0.309638
-34.049271,-160.703996,-91.714083,0.289258
-34.171316,-176.596207,-93.075885,0.186427
-24.818102,-344.064188,-81.414608,0.043109
-25.894511,-343.835859,-83.547767,0.085661
-19.328457,-370.192643,-56.526263,0.127080
-27.076937,-125.377235,-80.695578,0.157713
-24.821297,-356.209550,-79.491559,0.094163
-27.782817,-377.767563,-97.717910,0.129981
-19.424798,-259.713348,-84.640250,0.314242
-38.276355,-374.198535,-68.829978,0.251997
-20.831603,-378.316099,-78.198312,0.216644
-21.438913,-340.206984,-73.877614,0.003006
-22.130137,-329.553423,-70.694959,0.020529
-24.466282,-373.963548,-61.358560,0.093563
-41.850991,-142.201820,-75.403730,0.326739
-29.154511,-149.946926,-78.442326,0.439789
-21.341306,-308.228102,-89.935337,0.527222
-27.363220,-126.634083,-78.481858,0.185455
-28.878170,-317.878369,-76.407716,0.595159
-32.756309,-369.299112,-61.406627,0.267794
-32.732251,-239.891015,-90.434748,0.845418
-46.276566,-145.943320,-94.711199,0.249535
-34.488741,-170.395099,-82.353468,0.552887
-53.416296,-169.046699,-88.569410,0.313376
-39.115977,-190.403099,-97.486919,0.705816
-24.352797,-376.906536,-92.261074,0.072161
-15.652942,-321.850092,-81.161587,0.609195
-31.451072,-348.550073,-81.070958,0.229734
-29.715077,-134.717937,-69.001031,0.310910
-34.975193,-380.405198,-89.691062,0.181020
-45.610578,-381.116962,-59.158208,0.223704
-26.731990,-318.037645,-69.523819,0.605610
-19.852620,-355.583606,-77.789121,0.117928
-36.227330,-167.298843,-89.405496,0.089579
-18.366280,-301.695358,-77.110090,0.132355
-31.458363,-340.695772,-79.244568,0.498912
-43.413960,-168.972105,-87.120628,0.107334
-35.043232,-367.609823,-93.545204,0.202297
-21.102833,-365.810770,-75.136808,0.184931
-45.758210,-153.485040,-103.922026,0.195458
-17.890108,-356.498838,-77.199430,0.160585
-29.094411,-293.152797,-88.038219,0.431418
-32.314723,-225.461638,-81.731338,0.723527
-30.360104,-247.209764,-80.536271,0.821113
-46.640938,-173.451463,-96.781667,0.336785
-25.028351,-274.396082,-79.704306,0.151059
-20.077112,-334.512166,-67.505575,0.194167
-31.320747,-148.482606,-93.633756,0.354721
-35.708092,-361.294137,-86.195995,0.223773
-36.927598,-369.326041,-83.372081,0.232359
-27.553780,-232.193322,-94.496002,0.694532
-32.225182,-209.100769,-81.262803,0.815755
-36.272642,-184.489200,-91.651167,0.000001
-45.228893,-158.032312,-100.234811,0.185754
-22.354776,-247.889420,-77.847608,0.626810
-18.577853,-372.635542,-89.596855,0.168322
-18.419399,-295.966002,-82.780531,0.023483
-29.479608,-210.480063,-82.452174,0.943809
-32.143996,-229.173602,-94.847678,0.601858
-20.662655,-310.320399,-84.763483,0.001884
-34.676583,-150.672120,-91.983807,0.210768
-19.529977,-243.779843,-86.722625,0.793283
-22.516614,-273.109165,-85.837774,0.000001
-18.411270,-362.853675,-65.588280,0.172984
-35.240726,-194.717516,-85.949679,0.113979
-32.882467,-352.921196,-62.346608,0.303048
-20.682449,-305.323916,-88.702620,0.582746
-16.038849,-336.108474,-73.548384,0.437259
-23.744655,-377.283009,-84.449055,0.140015
-41.604787,-371.592686,-51.500113,0.184772
-34.894322,-198.028460,-95.833991,0.859575
-27.140685,-142.338271,-84.644371,0.302739
-37.141511,-189.142455,-82.846501,0.822700
-17.624174,-310.956182,-80.597189,0.143564
-30.004932,-240.562536,-87.555512,0.205067
-21.783229,-299.583256,-88.857315,0.625129
-39.173643,-371.618160,-52.209769,0.170712
-24.271080,-351.436455,-80.480481,0.060469
-37.318219,-125.881960,-70.379264,0.221350
-24.310138,-374.467125,-67.152696,0.126163
-26.945614,-268.156245,-78.274677,0.936532
-24.540284,-315.564228,-89.377490,0.481976
-33.557887,-224.373437,-94.609916,0.765595
-33.561734,-143.083197,-80.907487,0.234515
-26.490956,-312.011351,-74.340198,0.393894
-24.442955,-312.928628,-72.859249,0.103855
-35.465020,-379.426197,-93.213580,0.203534
-27.562320,-381.222048,-78.757490,0.203671
-21.612660,-351.310494,-63.213629,0.130578
-29.077396,-235.460408,-94.287933,0.650048
-31.771020,-213.194833,-89.956746,0.107160
-19.236016,-309.789004,-83.711487,0.026325
-21.772321,-126.344075,-72.635182,0.209718
-20.839009,-127.287003,-74.948623,0.186512
-43.320734,-175.699739,-92.500776,0.032247
-41.564536,-171.948286,-79.765498,0.491601
-22.389473,-351.241910,-58.777946,0.166578
-34.994485,-128.673674,-71.356787,0.245413
-16.121315,-369.539568,-68.367696,0.171256
-39.782767,-135.787422,-62.830556,0.175877
-26.510667,-339.050341,-73.879379,0.004966
-44.048269,-146.162231,-99.198499,0.169509
-26.655290,-274.875286,-78.806156,0.785595
-42.058819,-155.876051,-96.833798,0.158996
-35.462309,-360.796581,-49.177942,0.185878
-14.609202,-348.431827,-79.556690,0.314562
-26.951271,-209.393749,-81.385700,0.806260
-22.989933,-344.810001,-82.667111,0.060794
-21.248210,-358.552670,-91.675791,0.181774
-28.550851,-226.573580,-90.208635,0.078090
-32.462673,-239.422499,-85.502807,0.879570
-19.158637,-126.055098,-69.949599,0.192748
-41.792495,-144.612993,-97.406761,0.196540
-24.092573,-378.443946,-76.209087,0.206689
-25.242007,-348.212550,-69.552891,0.053433
-15.081591,-376.448182,-80.762331,0.219593
-34.425560,-190.886240,-84.864784,0.239997
-26.938990,-133.572369,-75.347730,0.284584
-40.774921,-132.478084,-62.081660,0.211959
-41.495632,-379.604295,-93.869521,0.251164
-34.360249,-377.148252,-93.508833,0.202621
-33.761496,-367.304374,-63.676524,0.250604
-36.046304,-153.711738,-95.428805,0.246318
-21.873472,-331.995184,-71.411799,0.013076
-21.750260,-251.929497,-80.299645,0.619836
-23.874631,-343.048210,-87.099553,0.133201
-32.995812,-376.237039,-95.584163,0.190155
-33.669044,-129.699648,-82.347560,0.169303
-36.207067,-368.788748,-96.478997,0.176376
-33.782039,-156.797163,-83.095978,0.162458
-22.634070,-267.436180,-81.203284,0.000001
-20.048407,-299.599823,-83.099618,0.000001
-31.932155,-130.745775,-77.479490,0.277969
-32.573932,-134.386824,-77.466726,0.318199
-24.100839,-319.889326,-73.096532,0.025029
-18.383101,-377.540244,-80.468952,0.223810
-38.551413,-188.189911,-82.301940,0.671782
-30.785138,-187.144415,-81.141822,0.634119
-40.325308,-379.137540,-58.761461,0.204106
-24.586641,-244.835965,-85.820023,0.000001
-19.761166,-364.001200,-85.024398,0.263300
-32.580840,-380.553225,-59.541329,0.178952
-28.395798,-238.557918,-87.264409,0.041382
-43.688829,-144.406595,-96.350621,0.205390
-34.655434,-362.534666,-64.969382,0.322035
-39.615852,-179.398329,-96.717847,0.327613
-16.247079,-270.799397,-81.854325,0.605610
-29.732044,-190.836145,-94.327968,0.682135
-19.092102,-349.851873,-87.790134,0.175190
-37.300055,-168.256944,-98.785615,0.514438
-47.926639,-375.565866,-56.195152,0.190644
-29.694577,-356.529408,-64.299763,0.175630
-22.215934,-374.107051,-72.744980,0.151184
-26.999340,-150.033479,-80.349369,0.341796
-34.772492,-160.150960,-87.587512,0.133189
-46.264294,-368.158725,-63.727717,0.169806
-25.368014,-134.896377,-70.337152,0.310277
-16.557660,-362.874784,-79.329735,0.212332
-33.307060,-145.768938,-86.731914,0.218177
-19.109682,-381.014191,-84.079841,0.182456
-49.852679,-155.582744,-95.383467,0.162832
-28.859808,-259.340681,-80.726415,0.958492
-52.379816,-159.727975,-82.721071,0.203810
-54.705465,-166.958353,-88.386704,0.301349
-54.561935,-149.951069,-89.534445,0.220995
-55.203639,-154.727902,-99.183039,0.211885
-33.463664,-373.077562,-56.023267,0.084584
-45.581033,-368.734186,-53.369486,0.162199
-38.734599,-372.586276,-60.999921,0.161768
-32.304540,-240.204805,-82.158240,0.857821
-59.440032,-150.161250,-93.430568,0.184023
-20.256362,-286.195261,-79.094808,0.000457
-26.216957,-208.340390,-91.640010,0.798566
-30.273280,-318.563431,-79.165507,0.628729
-24.387270,-336.325921,-85.649899,0.092721
-19.207741,-249.643261,-83.663408,0.739772
-26.960349,-298.276183,-85.062306,0.279718
-42.384119,-377.440564,-53.140726,0.171858
-21.732055,-355.235792,-60.152902,0.163831
-21.514984,-365.645884,-56.057228,0.197492
-21.062515,-285.039556,-79.986180,0.000001
-44.198271,-373.133875,-62.230297,0.198769
-38.491197,-152.615288,-77.869611,0.396250
-26.393962,-370.510068,-72.881172,0.069952
-24.159848,-207.987345,-83.973915,0.707857
-44.546278,-378.226276,-54.686237,0.197063
-37.243710,-213.214530,-85.939463,0.668423
-37.327186,-366.786363,-85.587649,0.214058
-46.388651,-150.979210,-93.858384,0.190662
-33.257198,-216.657387,-94.181503,0.847309
-22.881619,-369.690742,-54.177448,0.130400
-21.652066,-346.456543,-71.201244,0.052924
-25.815577,-224.535831,-89.075866,0.054505
-24.333089,-126.501764,-70.836630,0.209040
-14.661367,-354.398113,-88.730180,0.191242
-23.671518,-363.065374,-63.426894,0.188240
-35.222528,-189.156394,-85.381043,0.090557
-38.849139,-369.461651,-57.362375,0.188591
-37.381715,-145.269947,-73.322524,0.340014
-35.647831,-180.093008,-95.154020,0.243783
-27.725273,-273.440715,-84.003288,0.193776
-29.231027,-275.019971,-83.956355,0.634200
-25.701400,-359.718701,-84.943722,0.179061
-32.322604,-358.266822,-96.460722,0.198076
-48.946004,-156.471350,-80.995645,0.229646
-32.376948,-367.101697,-79.451224,0.224154
-41.858592,-163.390351,-101.644328,0.326666
-25.636948,-256.353135,-82.020909,0.146181
-36.731234,-141.615590,-78.077290,0.262291
-29.790102,-362.624139,-98.774633,0.186463
-29.573610,-219.832041,-87.088726,0.041944
-29.296168,-265.675434,-87.162908,0.700221
-23.928884,-141.256438,-78.256780,0.226416
-38.814084,-379.921379,-62.258742,0.179548
-35.187778,-379.206634,-62.061659,0.154282
-19.065846,-378.609306,-65.851118,0.182335
-21.773784,-279.840436,-88.544637,0.281773
-38.285637,-140.292509,-80.119439,0.227289
-29.292544,-373.382786,-68.113035,0.025920
-21.600314,-362.512935,-66.926743,0.180619
-32.466884,-173.278738,-89.198345,0.279575
-28.767478,-336.312266,-80.086761,0.162358
-30.229163,-344.545705,-79.865915,0.217507
-18.543585,-306.332253,-70.556002,0.648055
-26.101399,-131.245736,-80.081627,0.209761
-27.761285,-384.601956,-55.336000,0.175011
-43.863585,-158.304204,-86.831229,0.116913
-15.165381,-315.256246,-80.971534,0.619973
-34.233645,-369.478424,-55.637838,0.253109
-29.689937,-272.443685,-84.756055,0.750342
-37.914246,-151.731674,-91.502754,0.122742
-29.463389,-353.986586,-84.355695,0.172554
-36.690491,-186.023645,-92.471640,0.000001
-35.756091,-211.412244,-91.779334,0.566725
-29.059273,-359.292788,-76.446512,0.101210
-23.758195,-334.036229,-90.337418,0.418531
-22.683229,-324.659720,-85.463448,0.051043
-20.232731,-371.618530,-67.712561,0.168429
-24.247412,-341.154092,-65.188029,0.092059
-34.598219,-143.809614,-89.128066,0.370507
-28.072922,-362.122867,-74.470252,0.193967
-23.420347,-273.533308,-78.834204,0.055599
-19.648293,-347.901274,-78.877951,0.080035
-22.058869,-326.190089,-76.679888,0.000046
-20.472872,-357.525721,-78.098425,0.132634
-23.877018,-287.079639,-84.042408,0.000001
-39.015132,-373.557754,-53.624433,0.134829
-40.435804,-372.464263,-55.056331,0.159814
-31.018802,-139.469060,-87.770580,0.311748
-31.306826,-379.120961,-50.563344,0.051339
-32.492222,-141.594197,-73.724736,0.303941
-18.410668,-322.315561,-74.380572,0.125378
-43.434516,-162.706766,-102.353068,0.353514
-31.360478,-356.264143,-59.590051,0.185441
-29.625525,-348.815617,-73.585443,0.071183
-16.735928,-307.942785,-80.153058,0.413856
-34.898364,-203.443108,-90.153019,0.140823
-37.236788,-121.200870,-78.000528,0.150173
-20.254992,-277.315429,-90.519013,0.800003
-33.712638,-371.739335,-90.138352,0.206023
-28.484173,-308.466828,-81.095858,0.497702
-51.036873,-159.700866,-95.436617,0.092237
-34.832036,-365.890046,-69.821654,0.186793
-30.168831,-381.241296,-55.174696,0.163082
-23.451599,-128.675629,-66.178690,0.160417
-29.614666,-239.945015,-82.820047,0.785320
-43.997847,-177.464326,-96.932759,0.514644
-19.561820,-127.847705,-70.526695,0.203848
-33.887097,-377.112684,-70.826467,0.309447
-55.325959,-142.952793,-97.947776,0.142265
-36.957387,-213.759774,-90.431797,0.876698
-25.526387,-362.864479,-82.398224,0.208480
-17.113594,-257.635216,-84.974711,0.672178
-31.111088,-350.564027,-63.536095,0.254017
-24.928578,-321.901421,-84.226196,0.052602
-34.133291,-363.584177,-91.550580,0.264860
-22.253072,-274.550127,-83.123172,0.000001
-16.033695,-281.990810,-78.659967,0.666087
-45.876749,-376.397649,-55.213905,0.194054
-33.056281,-360.852881,-58.209650,0.274853
-24.753459,-330.782924,-62.407510,0.495153
-15.334133,-335.684938,-84.068170,0.466756
-26.710123,-375.740168,-74.143180,0.092205
-25.973232,-349.644321,-92.815696,0.266576
-30.919497,-343.401397,-64.495434,0.374542
-24.630524,-370.315590,-81.441741,0.144904
-23.599375,-341.728479,-71.651869,0.001766
-36.319495,-367.303459,-67.585059,0.135969
-24.494560,-272.385547,-81.930873,0.000024
-19.525000,-354.471243,-74.695615,0.122573
-31.148486,-366.208437,-87.025213,0.296937
-39.251188,-360.057378,-58.444722,0.299349
-30.370592,-354.473350,-79.198744,0.129892
-32.417834,-354.916648,-80.398338,0.210678
-35.104802,-148.380590,-90.244689,0.206323
-35.433773,-370.214334,-75.736603,0.111241
-33.094565,-364.895182,-93.539192,0.292526
-24.782687,-360.357595,-53.738116,0.148075
-37.352202,-360.977291,-57.667669,0.395341
-17.344740,-375.794954,-78.766905,0.236084
-23.955156,-316.084663,-73.929562,0.026859
-28.178030,-357.908724,-76.108586,0.063102
-22.393433,-338.859940,-71.480824,0.007172
-24.134660,-313.299883,-82.189950,0.000001
-37.060708,-379.637164,-58.037695,0.191685
-33.051636,-234.122034,-82.683255,0.762229
-27.378332,-369.479286,-92.299949,0.207602
-24.358145,-260.688403,-87.762486,0.014700
-48.134871,-161.815273,-96.860573,0.106600
-47.110567,-165.782005,-95.863317,0.083369
-28.779834,-133.452918,-69.503115,0.337551
-54.654077,-163.751588,-85.057214,0.267905
-32.251584,-361.531704,-70.119506,0.234172
-31.450991,-346.161577,-74.142136,0.333479
-34.049108,-370.525822,-67.387697,0.066353
-12.802515,-355.505197,-87.009544,0.221508
-43.637118,-154.839383,-81.849069,0.292162
-29.066083,-376.744669,-95.874776,0.131680
-38.541528,-379.761250,-95.240484,0.246100
-25.634604,-127.385099,-73.569602,0.205816
-27.000066,-129.649373,-75.065636,0.269734
-36.552065,-147.127580,-78.857157,0.195615
-27.187638,-222.174082,-84.917022,0.122110
-38.963364,-365.094296,-82.614487,0.163791
-40.717767,-367.815853,-84.040947,0.188355
-23.174803,-340.496406,-66.347543,0.083996
-29.182496,-202.108699,-87.382045,0.012884
-20.896732,-331.190161,-75.842171,0.000483
-19.302165,-374.229747,-80.028340,0.180975
-22.336488,-295.331070,-72.656009,0.573669
-22.470873,-340.774484,-90.588018,0.338331
-40.626847,-374.384418,-63.301734,0.206712
-18.611308,-352.648698,-68.410044,0.182602
-30.434784,-252.118007,-91.625307,0.579771
-23.390895,-138.154148,-72.228707,0.271079
-31.683850,-168.776659,-92.365696,0.484390
-30.402357,-230.931145,-92.837958,0.841377
-18.969596,-131.423399,-70.131042,0.190361
-32.545245,-192.991566,-88.318930,0.000001
-28.441735,-138.628794,-64.025110,0.294044
-27.683695,-241.695119,-86.547533,0.020848
-31.054855,-168.176004,-87.130657,0.463248
-33.717076,-368.617087,-59.372919,0.303608
-42.122920,-149.579105,-84.893212,0.128793
-37.507547,-120.464270,-76.352213,0.161425
-30.491590,-156.216079,-83.108875,0.316943
-25.168261,-373.444923,-63.774275,0.109453
-27.843098,-248.769074,-85.831724,0.077725
-51.078166,-161.168152,-94.628899,0.058351
-28.394894,-361.531350,-66.434483,0.173399
-45.482912,-141.562694,-101.564825,0.163823
-30.160786,-133.568790,-74.186809,0.325610
-41.156449,-131.665097,-70.037862,0.232898
-26.647961,-286.023783,-78.838335,0.575673
-24.696219,-309.428552,-89.493409,0.539575
-24.063782,-307.364267,-78.724040,0.000001
-50.518078,-165.825725,-99.379344,0.286750
-24.936640,-373.474861,-73.450160,0.097124
-42.383305,-147.996856,-100.605037,0.214409
-41.724093,-123.015490,-73.859328,0.182057
-40.696036,-126.285476,-72.997910,0.184004
-31.785728,-186.334515,-82.485580,0.910935
-28.885194,-185.856679,-82.301426,0.697121
-45.259911,-154.692054,-92.970053,0.088548
-16.625002,-362.762082,-69.104513,0.184160
-24.737931,-307.767351,-75.925345,0.022463
-42.382549,-138.467584,-80.646156,0.255966
-20.747930,-363.990562,-78.319810,0.248756
-39.080204,-373.672130,-95.951466,0.201722
-40.419865,-376.315577,-63.519418,0.189790
-33.909615,-382.147255,-60.863255,0.188011
-17.054714,-352.177643,-86.950231,0.183740
-39.326072,-190.873205,-85.322374,0.678420
-17.184081,-311.091041,-78.772396,0.265075
-19.719391,-240.169568,-87.123815,0.761208
-26.713704,-231.239391,-87.775642,0.000001
-37.773193,-129.722722,-74.401986,0.213859
-22.246531,-359.630847,-72.831414,0.168306
-41.417672,-150.104766,-75.867152,0.453693
-41.245077,-124.799030,-77.294833,0.151359
-28.879638,-360.818156,-50.676769,0.186993
-23.355520,-371.946467,-76.665266,0.142813
-33.117043,-215.237724,-87.609039,0.307410
-20.810843,-318.043626,-80.969875,0.000001
-33.112901,-365.785009,-91.152054,0.307499
-29.834307,-119.106005,-69.353776,0.207039
-44.023912,-173.981883,-91.520769,0.053657
-43.108281,-173.128089,-93.152188,0.025188
-35.779844,-156.362049,-90.643524,0.127053
-32.140416,-133.231487,-61.675975,0.201019
-40.227315,-129.656540,-67.852821,0.216410
-20.625224,-303.136928,-75.644153,0.002217
-15.890311,-344.723391,-74.104189,0.394084
-31.988271,-361.212780,-56.585819,0.270129
-26.553736,-262.574018,-92.008080,0.691775
-12.184792,-356.108632,-85.455425,0.231858
-27.995831,-353.283321,-54.218789,0.160610
-31.673839,-376.149313,-67.952085,0.048748
-23.382268,-354.346586,-72.301116,0.073240
-47.751498,-372.636484,-60.386163,0.207052
-30.197700,-296.663021,-80.495536,0.754383
-30.463214,-343.585495,-83.398164,0.271816
-28.615485,-321.789027,-73.146303,0.608596
-35.356368,-361.025092,-78.796540,0.252298
-30.284215,-294.252925,-80.717180,0.766227
-33.614325,-373.889537,-99.972608,0.160024
-33.012565,-372.655098,-96.351934,0.177621
-33.694202,-374.843086,-96.924594,0.191017
-26.570237,-367.634307,-87.058203,0.250384
-20.592383,-274.871911,-83.698913,0.003803
-31.559700,-228.377451,-88.005505,0.264412
-28.675874,-365.388804,-64.686909,0.243468
-27.138644,-194.150663,-91.324007,0.667157
-23.513040,-247.587785,-82.992564,0.043020
-21.283901,-240.953872,-83.915484,0.562407
-25.697899,-195.039340,-88.096842,0.640724
-23.722124,-358.455595,-87.672835,0.171606
-39.754990,-182.337974,-90.438178,0.000001
-45.453636,-176.225816,-95.526583,0.324241
-28.743657,-356.846444,-53.522451,0.168811
-23.156767,-259.228249,-80.772271,0.051262
-30.041682,-200.377377,-95.710057,0.770578
-33.029171,-359.734528,-92.386441,0.220860
-29.703519,-134.021303,-85.082449,0.183045
-45.672848,-180.993265,-91.297182,0.302752
-15.434158,-333.579764,-82.461745,0.457437
-31.227589,-144.938998,-75.003114,0.317183
-32.651427,-145.855141,-74.342780,0.326267
-25.220048,-251.298677,-91.676877,0.761152
-21.804545,-283.363118,-81.990347,0.000001
-38.002078,-136.667160,-80.217388,0.244721
-17.923528,-377.556287,-88.191324,0.132077
-15.608913,-368.967786,-91.092729,0.147131
-24.102897,-380.657844,-61.457350,0.156548
-33.403354,-152.474410,-88.957784,0.192501
-37.087143,-140.012190,-78.803557,0.258506
-49.488178,-149.822101,-98.470123,0.166959
-33.300818,-244.687392,-90.554063,0.649414
-24.599919,-297.953288,-85.758681,0.056998
-30.892438,-235.330423,-94.300291,0.619785
-23.817699,-282.099013,-78.910168,0.013256
-33.697872,-235.208235,-90.478017,0.861460
-19.504254,-288.658815,-75.713101,0.253419
-24.054948,-295.719146,-89.507170,0.574391
-23.464248,-372.408060,-87.835008,0.138315
-27.701356,-359.217362,-72.568220,0.085336
-25.670466,-354.273031,-76.854020,0.022013
-27.618870,-364.678360,-76.308181,0.230985
-31.924035,-367.537255,-67.599303,0.168899
-37.935997,-204.857527,-89.293425,0.781116
-22.546146,-230.319178,-87.058775,0.437429
-43.044137,-144.811632,-90.651081,0.281230
-33.546745,-171.164151,-83.754023,0.305797
-49.640292,-157.696977,-83.138333,0.184151
-28.307658,-365.773012,-85.254887,0.315871
-29.019933,-309.553450,-76.478025,0.714360
-33.235592,-355.191907,-72.648677,0.239882
-53.214789,-150.678360,-88.600187,0.215774
-32.581017,-170.472075,-92.926472,0.560231
-30.560324,-120.764442,-79.487751,0.145629
-39.209665,-135.039844,-72.253468,0.279042
-25.821266,-124.629658,-78.023459,0.159006
-31.795517,-353.113239,-87.921487,0.309926
-15.880893,-331.319890,-84.736560,0.479994
-32.849788,-129.894289,-71.140788,0.263294
-31.266092,-128.232778,-68.183839,0.210924
-26.554579,-379.485994,-65.135412,0.151957
-29.852160,-363.952045,-79.049094,0.278070
-30.624345,-307.845753,-84.027080,0.819831
-34.415266,-358.169598,-66.475630,0.234484
-36.262610,-378.813701,-91.477448,0.198563
-22.973088,-321.116289,-84.956049,0.045551
-33.209897,-181.163144,-86.941097,0.030910
-21.851976,-322.778051,-69.294037,0.066026
-31.140873,-194.619088,-83.516712,0.799052
-36.381338,-133.649574,-63.225432,0.259560
-25.810574,-314.015375,-84.339543,0.040255
-41.587202,-378.708685,-96.323458,0.235596
-25.541156,-345.087566,-88.581325,0.160198
-19.760157,-324.857540,-70.068649,0.156572
-44.971686,-376.337999,-58.803917,0.196127
-42.122399,-166.609131,-94.723237,0.069764
-25.865846,-361.909909,-62.421537,0.178328
-25.552450,-304.784520,-80.122744,0.000001
-27.058392,-379.949176,-57.268316,0.148122
-47.434820,-168.408381,-89.500739,0.104727
-17.698168,-364.949532,-76.906495,0.200008
-25.757865,-206.358449,-89.589724,0.687766
-28.173401,-150.942189,-84.286414,0.410860
-26.312180,-382.587897,-57.261615,0.173597
-20.956490,-313.246987,-75.680075,0.000494
-16.974242,-347.191192,-68.653170,0.346054
-39.498609,-377.967864,-52.503117,0.126275
-31.858577,-129.056433,-82.915591,0.147826
-45.576617,-147.547973,-86.957467,0.172634
-28.275808,-378.742733,-71.315697,0.229446
-24.598930,-370.770866,-87.604533,0.180137
-19.739013,-279.539614,-87.061143,0.258345
-22.658577,-287.937459,-87.589942,0.069645
-28.752411,-372.979359,-95.206409,0.137768
-20.351922,-341.484435,-89.721286,0.318741
-31.204583,-137.354153,-70.801069,0.354314
-27.442540,-379.720425,-53.083351,0.104347
-27.615922,-333.462825,-69.806091,0.213366
-16.388940,-268.238036,-85.792055,0.712025
-26.213740,-238.698512,-85.021251,0.009943
-31.457327,-284.694137,-82.888496,0.816981
-46.324402,-142.964352,-88.682200,0.195900
-23.590052,-364.459957,-85.322953,0.234986
-35.309925,-375.392096,-78.920997,0.188155
-20.263993,-271.541810,-83.140286,0.002436
-29.910147,-372.851236,-52.378302,0.061206
-29.173923,-370.808047,-84.024665,0.176605
-37.548893,-373.943121,-84.131842,0.121370
-44.730289,-161.527130,-88.723986,0.093637
-20.300164,-302.807393,-79.052221,0.000001
-23.177859,-271.570030,-87.100190,0.005636
-33.574615,-362.000986,-77.472632,0.286544
-30.087042,-227.848633,-82.104740,0.941189
-42.760983,-157.781867,-79.858996,0.536851
-29.169321,-335.021613,-86.960672,0.536173
-38.753722,-126.699441,-77.267027,0.136697
-48.689534,-154.882784,-83.679358,0.185957
-43.377379,-175.153980,-82.618249,0.425851
-27.212391,-197.363674,-86.034875,0.649610
-25.529059,-380.112996,-81.649012,0.196985
-28.513588,-203.559669,-91.544298,0.312945
-16.609229,-352.886773,-89.967577,0.232975
-41.261080,-146.484278,-85.446630,0.147248
-27.404787,-123.601751,-68.789106,0.225698
-19.070595,-356.103716,-64.547791,0.183436
-28.989967,-352.467001,-67.306977,0.124824
-22.072463,-340.752925,-87.151150,0.126956
-46.605694,-163.645181,-82.294145,0.245501
-36.130117,-127.067159,-68.998133,0.232074
-50.706326,-155.348145,-90.906591,0.083402
-33.418262,-230.764395,-85.128412,0.885736
-34.498368,-375.722536,-84.634940,0.150897
-20.267404,-235.867198,-89.105330,0.780381
-26.864531,-310.099561,-81.071698,0.042571
-43.334169,-373.841887,-65.604749,0.211734
-27.495983,-142.198597,-66.642362,0.203678
-39.628862,-161.640557,-96.675328,0.122900
-18.859702,-333.738414,-73.699661,0.063191
-21.700425,-268.637735,-84.804922,0.000001
-32.560629,-382.989088,-96.254586,0.188662
-24.321394,-359.777568,-68.092016,0.161061
-25.784314,-128.970419,-70.073774,0.204395
-22.238360,-382.880038,-87.631725,0.155293
-21.965721,-348.905142,-82.296677,0.098979
-28.373539,-364.127136,-78.070201,0.266940
-30.184191,-267.247741,-86.334306,0.863342
-43.896094,-152.400276,-93.480462,0.116756
-33.909548,-351.637334,-62.725162,0.310823
-24.924579,-330.792243,-73.532398,0.004760
-21.201603,-304.799206,-79.386102,0.000001
-31.067308,-156.184680,-86.367474,0.312334
-25.817815,-357.343931,-94.249943,0.190542
-25.262358,-139.839243,-69.894063,0.200058
-28.890348,-360.592494,-84.193126,0.186083
-27.789745,-256.827900,-90.574854,0.759443
-27.237009,-131.223330,-65.428746,0.181103
-44.979255,-163.964072,-88.616356,0.094905
-25.310672,-133.801473,-71.981567,0.306135
-25.923052,-297.551019,-82.132718,0.000001
-28.265132,-358.566730,-77.744319,0.096883
-29.357514,-377.245673,-53.426265,0.076876
-29.420940,-379.275952,-53.254565,0.106845
-19.486177,-365.079196,-76.418184,0.219008
-28.807633,-359.051201,-80.955685,0.147396
-34.031566,-144.355893,-94.438527,0.235015
-18.846051,-373.699968,-82.900629,0.166740
-38.410478,-369.905621,-54.309830,0.196438
-24.524870,-275.644200,-74.563969,0.731513
-14.391637,-372.524497,-90.116405,0.164124
-47.766946,-147.200327,-101.323608,0.191634
-28.168338,-356.158364,-57.677647,0.153974
-31.449565,-132.148167,-68.824161,0.316225
-24.715321,-375.687020,-83.850191,0.136036
-32.571138,-148.179221,-80.463183,0.253177
-38.807668,-176.850875,-80.756699,0.558655
-38.946614,-381.609728,-89.522102,0.206264
-27.587043,-346.078290,-80.676197,0.065183
-32.031777,-363.694208,-55.602059,0.282842
-43.804003,-147.134590,-97.569472,0.206106
-31.177927,-350.753422,-84.436891,0.244671
-53.209041,-170.579783,-92.435353,0.331173
-35.752816,-375.460468,-48.482666,0.099654
-27.351065,-344.885341,-69.309527,0.060752
-16.017936,-335.674960,-75.493720,0.421506
-28.356611,-364.504330,-90.349076,0.247388
-35.372759,-374.551674,-92.360344,0.201090
-17.920647,-367.241808,-74.581647,0.138834
-20.209073,-367.029312,-78.811558,0.216659
-31.135429,-222.834206,-91.188579,0.290902
-19.610083,-370.993022,-91.687150,0.118258
-22.673683,-140.639017,-77.290876,0.213097
-44.205609,-148.761320,-97.561859,0.215577
-37.229259,-364.681108,-60.630992,0.242512
-27.891052,-137.997722,-74.270372,0.298791
-43.615651,-170.442298,-90.061999,0.057853
-28.932830,-298.366861,-87.379434,0.525691
-30.508946,-295.472372,-85.282404,0.714447
-32.041172,-134.689619,-79.889547,0.264115
-42.697320,-154.227714,-96.365480,0.153257
-27.669051,-240.710494,-81.204418,0.865845
-22.989552,-372.510158,-93.559115,0.058535
-22.682635,-337.960261,-84.272414,0.057207
-39.198384,-123.774853,-75.798555,0.155504
-25.145441,-369.315380,-58.899466,0.201967
-39.721305,-372.149419,-50.737825,0.168967
-42.584810,-383.017367,-51.220078,0.132567
-22.278737,-382.558760,-85.006578,0.166010
-34.463243,-381.054292,-84.038498,0.198786
-25.094025,-300.999219,-71.446134,0.692210
-36.758019,-383.909923,-57.369548,0.189110
-21.724808,-337.073396,-72.774127,0.001339
-15.318030,-292.157991,-82.471854,0.684348
-35.734214,-359.353940,-67.943853,0.242119
-52.043212,-163.255299,-90.193567,0.087164
-53.173376,-166.475567,-85.241737,0.264495
-44.914691,-155.574899,-99.307254,0.191691
-43.821009,-138.587491,-95.318155,0.190743
-19.939029,-273.315855,-90.405761,0.826253
-27.093162,-370.831406,-67.129281,0.074385
-48.584290,-157.577415,-91.644393,0.075499
-22.319441,-355.868218,-87.471204,0.157491
-26.961059,-363.440202,-62.714721,0.240032
-19.563232,-329.775542,-71.591869,0.065006
-27.503995,-346.829198,-87.771110,0.178636
-27.575500,-238.799715,-90.475380,0.313854
-27.399348,-258.353753,-92.174863,0.710125
-23.472142,-367.592062,-63.702244,0.216746
-19.840088,-382.023562,-87.135963,0.167273
-17.980956,-363.454630,-82.000497,0.217366
-27.932079,-380.714939,-91.029896,0.131356
-28.884963,-197.163323,-94.259882,0.754070
-42.422221,-160.479025,-83.054128,0.234115
-31.559083,-193.339831,-94.158635,0.698230
-23.512454,-137.663945,-75.551276,0.264670
-55.124152,-146.749137,-90.161147,0.140021
-18.660709,-351.633710,-83.688707,0.157685
-17.705434,-273.288769,-89.108909,0.787902
-39.729416,-182.787006,-86.858793,0.033819
-20.477895,-367.190703,-66.544505,0.196188
-28.746367,-142.528413,-81.977931,0.296018
-22.038802,-230.965017,-90.834339,0.817752
-32.434094,-134.257518,-68.772629,0.291463
-22.470576,-367.339221,-60.194399,0.238567
-36.403082,-184.756393,-88.455984,0.000001
-20.928477,-354.647361,-87.784101,0.167225
-20.551326,-345.125750,-65.812373,0.145775
-21.732908,-347.579316,-67.380077,0.103391
-21.125741,-347.221099,-65.481627,0.128727
-41.025066,-134.396255,-76.651919,0.216778
-26.609396,-192.581618,-89.137236,0.677835
-26.842578,-199.407683,-92.188832,0.766663
-40.794462,-155.487368,-90.132316,0.112061
-19.678744,-349.905454,-71.347747,0.124587
-23.900448,-341.493622,-82.528110,0.055620
-39.969536,-150.068077,-100.983929,0.286521
-33.586494,-221.278003,-95.379832,0.692907
-29.394856,-353.384509,-64.243872,0.154293
-24.021029,-139.010448,-76.697373,0.244403
-17.641100,-318.582697,-70.714136,0.571765
-42.079208,-184.694440,-95.676302,0.631628
-30.766647,-133.792565,-59.267150,0.179195
-30.853330,-133.864599,-67.581022,0.299121
-16.591011,-346.916273,-71.565654,0.320429
-26.221776,-228.930042,-94.307449,0.746062
-34.736674,-378.460485,-86.328657,0.178790
-25.863794,-134.411760,-68.746215,0.324085
-36.840647,-209.775722,-84.683721,0.688380
-22.895613,-328.726366,-81.993934,0.003505
-32.930942,-168.764127,-87.133748,0.156406
-34.057958,-352.717220,-79.446583,0.262579
-27.768301,-210.771317,-87.278445,0.025385
-49.529052,-155.073998,-100.637801,0.280207
-26.628252,-355.507403,-89.278225,0.186954
-37.876688,-152.949667,-95.878635,0.187810
-18.443643,-336.762063,-75.411912,0.063956
-29.509834,-134.220836,-71.152883,0.328202
-25.978557,-371.623455,-56.511514,0.078289
-26.001437,-260.341578,-85.031464,0.003758
-38.949093,-123.358184,-70.104051,0.213083
-39.271387,-125.077833,-67.829444,0.212594
-23.952519,-320.051117,-87.475000,0.326298
-38.450870,-378.306102,-47.613361,0.112784
-27.724065,-358.451215,-57.164406,0.165364
-34.905872,-371.022168,-63.553431,0.134016
-47.009737,-142.663710,-99.494135,0.136434
-36.562164,-188.343624,-93.171248,0.009422
-22.275171,-249.888793,-86.454020,0.032096
-17.159573,-337.884831,-87.640146,0.420742
-37.141347,-363.153989,-65.901006,0.291333
-27.737217,-377.984228,-59.774160,0.119822
-29.047594,-144.271513,-65.938728,0.174680
-19.446340,-341.101235,-81.731361,0.079179
-38.154904,-168.753090,-90.284399,0.063240
-19.458176,-346.862596,-89.365797,0.266752
-21.083323,-308.197380,-70.611928,0.325150
-41.569307,-148.675292,-78.614705,0.297502
-21.636304,-227.526978,-81.729555,0.659005
-23.212130,-306.305196,-77.463192,0.000192
-20.389089,-303.737526,-89.933950,0.527372
-24.768205,-287.961733,-76.337836,0.513644
-38.780502,-154.539732,-88.421621,0.165577
-42.567881,-171.248733,-91.312537,0.032203
-25.969962,-361.033426,-82.329824,0.153210
-20.990284,-253.343505,-82.473818,0.157629
-31.526987,-359.038347,-65.153944,0.200046
-26.631910,-341.864396,-81.215873,0.048675
-43.937977,-168.067290,-96.980502,0.094893
-26.544161,-122.051581,-69.491969,0.232320
-28.519895,-380.396847,-93.375773,0.132515
-25.309233,-374.715875,-75.837058,0.126956
-21.020905,-342.416631,-82.673668,0.062283
-35.216360,-135.909902,-78.495776,0.279175
-27.679493,-134.239450,-63.205374,0.273464
-22.848644,-367.387556,-81.815113,0.196520
-22.125025,-323.723418,-76.690804,0.000150
-14.971953,-371.507069,-83.152535,0.184017
-28.306030,-340.207048,-63.356424,0.284797
-47.842008,-164.541222,-100.998948,0.295866
-38.838743,-144.571564,-72.358663,0.371666
-17.530153,-339.418090,-85.332331,0.164309
-21.646785,-131.564114,-70.638269,0.234697
-38.523322,-207.208669,-94.287476,0.741382
-31.508858,-383.551869,-89.377682,0.167484
-30.030145,-257.421729,-82.485632,0.836712
-18.191597,-342.501735,-77.883336,0.094169
-21.794797,-139.355410,-79.766344,0.220029
-17.050127,-359.501588,-77.362830,0.197334
-36.021219,-367.798333,-57.909321,0.265484
-30.437838,-125.305632,-66.723032,0.200529
-22.326494,-380.169981,-83.146517,0.169611
-35.301883,-358.179156,-62.574660,0.273236
-21.491459,-137.146497,-77.143373,0.256115
-39.073123,-184.805822,-83.728481,0.518349
-29.976133,-380.907117,-90.223746,0.127857
-29.633366,-145.383831,-78.200543,0.312998
-40.546514,-171.489504,-88.871934,0.038147
-30.370763,-375.712240,-73.303449,0.115142
-21.129742,-125.817612,-66.024319,0.195321
-28.288353,-138.588826,-80.282396,0.247247
-29.395279,-339.040906,-71.660577,0.318098
-24.744900,-341.445213,-61.672391,0.132799
-22.279420,-362.745503,-58.183039,0.171608
-51.359171,-160.206352,-97.221962,0.135281
-43.400456,-155.211063,-85.378636,0.140941
-30.512305,-365.615846,-97.945949,0.170820
-28.699612,-292.047865,-77.864520,0.778641
-34.927557,-366.293279,-60.808144,0.224414
-36.273618,-147.735999,-76.075380,0.280571
-22.547415,-320.870060,-79.645409,0.000001
-20.053912,-321.309859,-78.227097,0.004171
-35.845942,-370.428417,-90.725920,0.219151
-19.799990,-312.297043,-81.708395,0.000001
-29.246416,-358.221602,-85.454669,0.191510
-38.210144,-361.068111,-56.179976,0.410061
-33.157436,-237.264735,-83.177053,0.763938
-54.628019,-155.259117,-93.704195,0.154346
-31.344650,-349.356013,-90.633886,0.362490
-44.610320,-152.453103,-85.409349,0.134251
-46.686210,-150.332963,-86.095394,0.159714
-21.097691,-272.063563,-84.615437,0.000521
-27.385866,-338.818511,-59.910058,0.425189
-36.935491,-168.754808,-88.716606,0.084885
-30.905920,-306.312569,-84.933898,0.769302
-32.728695,-380.501424,-57.534138,0.183371
-45.508039,-373.302632,-51.957844,0.157060
-28.455744,-203.515407,-95.138880,0.727126
-15.332202,-354.098578,-82.033139,0.191612
-24.171798,-216.511637,-86.828929,0.581646
-26.060649,-380.992647,-90.813240,0.126770
-37.747982,-144.324011,-68.037320,0.233860
-23.878847,-364.908321,-83.414227,0.233172
-25.560888,-358.764382,-88.451371,0.182523
-25.008647,-234.728843,-88.400820,0.017328
-20.984340,-294.592979,-84.591089,0.000001
-43.064000,-169.160706,-94.058502,0.047937
-34.616813,-371.622035,-85.263904,0.159107
-36.579355,-143.902648,-73.951064,0.276790
-25.744656,-224.212350,-92.079634,0.780355
-13.955363,-374.145955,-79.831396,0.206889
-19.235691,-376.131801,-69.026156,0.225780
-31.456879,-380.871641,-80.148652,0.224156
-30.893643,-281.292661,-82.288827,0.808968
-41.860083,-167.657795,-86.524212,0.109164
-24.182262,-248.723413,-88.328973,0.045531
-35.605710,-135.215162,-73.655853,0.340760
-31.593200,-218.247064,-80.725383,0.648782
-38.962252,-363.776869,-83.876832,0.206697
-40.537781,-374.447823,-90.490144,0.203501
-45.601796,-153.482203,-100.775833,0.252652
-31.193203,-147.837426,-87.015172,0.310010
-15.569668,-378.024471,-81.340688,0.212600
-24.999405,-370.951886,-93.477053,0.114980
-22.180039,-232.361544,-92.031303,0.776459
-22.256559,-315.324885,-76.463199,0.001268
-26.496653,-285.769091,-83.212785,0.027965
-44.074175,-181.951328,-92.193596,0.188122
-37.307070,-140.147207,-82.376668,0.203074
-28.777615,-271.202706,-88.139574,0.716485
-23.377369,-371.894473,-50.214175,0.107624
-20.762065,-358.045255,-86.160339,0.177135
-18.951452,-132.054452,-77.743578,0.202272
-30.938313,-373.767993,-49.159118,0.036329
-43.751487,-189.133966,-94.100822,0.571673
-24.842934,-345.255040,-82.883566,0.081765
-18.126512,-354.597039,-91.170142,0.228694
-28.806823,-359.604666,-54.782188,0.169030
-32.898018,-359.214673,-87.596649,0.236526
-43.766844,-165.590117,-88.734107,0.084556
-35.301780,-378.661866,-47.277928,0.111771
-33.269024,-130.099426,-73.500945,0.261659
-34.180256,-383.397530,-88.692336,0.167112
-38.326424,-371.521616,-73.306597,0.262900
-38.527450,-372.493297,-70.502717,0.246387
-20.755100,-376.439328,-92.697934,0.033392
-47.541925,-157.412569,-89.931843,0.080861
-28.860535,-350.120232,-85.266208,0.182759
-25.706735,-359.121030,-65.952677,0.159046
-21.183438,-373.934299,-52.781110,0.114972
-19.349968,-290.424893,-77.426694,0.052662
-30.445787,-315.472067,-83.688419,0.762766
-38.097128,-182.227129,-89.839862,0.000001
-34.174617,-229.772383,-87.602865,0.868222
-23.622618,-266.340443,-75.580804,0.743756
-21.132882,-248.945714,-85.452060,0.146431
-47.414114,-159.178857,-89.779092,0.079633
-33.668106,-352.646496,-55.325921,0.302221
-40.334284,-203.716719,-91.987300,0.655685
-31.570429,-239.115222,-84.076353,0.894139
-20.650389,-369.646306,-81.711196,0.187833
-25.651406,-223.863897,-81.886361,0.919073
-24.483402,-276.574523,-91.103148,0.679255
-30.656867,-190.677685,-87.379421,0.055457
-30.051253,-375.112574,-63.930666,0.031621
-20.664072,-360.104641,-87.232566,0.185324
-20.247194,-270.263352,-86.716600,0.090619
-17.717145,-375.321513,-93.333031,0.083891
-16.644134,-318.024912,-86.026378,0.617847
-23.775016,-379.033109,-90.922592,0.099430
-36.660421,-146.086705,-99.266496,0.227607
-24.582407,-363.644925,-55.908701,0.217169
-31.083336,-166.425323,-86.842639,0.444512
-33.004439,-120.130128,-78.578683,0.142715
-16.470917,-358.138151,-88.495562,0.192090
-31.870132,-380.891149,-91.756401,0.148971
-32.985319,-364.904087,-71.410500,0.217444
-30.104095,-363.119244,-55.654381,0.258607
-22.040020,-370.408642,-90.276920,0.156988
-34.931799,-354.586221,-69.963754,0.230206
-36.304819,-144.490013,-71.954196,0.327199
-33.695926,-130.989657,-63.648299,0.178925
-42.811307,-147.585332,-94.993245,0.231696
-44.901944,-171.863444,-93.286676,0.050739
-41.245842,-146.856785,-88.458798,0.206420
-46.156273,-170.683773,-86.176252,0.152716
-25.667342,-352.355647,-89.167876,0.171695
-16.029616,-295.859011,-76.221022,0.622978
-24.754556,-229.613168,-93.822612,0.738459
-22.601822,-303.286666,-86.724022,0.094294
-21.769693,-352.570800,-88.419874,0.161121
-23.510602,-334.205663,-65.920491,0.102407
-43.541531,-151.919283,-95.327124,0.159228
-26.224974,-372.075424,-87.498626,0.131565
-25.320012,-130.626821,-63.524204,0.155024
-29.066394,-130.981355,-62.993179,0.154345
-26.532122,-129.449625,-62.741378,0.121482
-39.230637,-385.724324,-56.921518,0.181177
-28.313379,-359.101208,-70.061795,0.124259
-52.573689,-145.611119,-97.568400,0.100847
-39.641825,-159.090465,-84.893144,0.146712
-28.027679,-135.316766,-70.609945,0.344996
-24.577242,-342.761994,-74.921794,0.000001
-24.146584,-320.594612,-76.532973,0.002285
-34.764961,-136.591392,-82.082932,0.246157
-20.231891,-345.038018,-90.459439,0.316312
-17.811605,-367.900879,-79.191700,0.190107
-32.390427,-367.327108,-50.645627,0.172999
-27.177704,-377.681849,-81.268650,0.173350
-30.732201,-374.970114,-65.546099,0.017673
-21.426422,-371.994816,-54.246924,0.104579
-46.864857,-376.856256,-56.510734,0.191249
-48.507350,-379.070841,-52.667573,0.177047
-21.981525,-336.300755,-77.029515,0.000001
-35.621629,-152.912576,-78.257529,0.295088
-21.994480,-280.491051,-79.399028,0.000001
-27.974029,-360.731382,-68.218276,0.139275
-55.924830,-146.825704,-94.889806,0.122605
-25.920086,-360.157318,-86.876222,0.189774
-30.133895,-129.795628,-83.473667,0.137658
-27.796128,-236.408177,-89.439523,0.100375
-47.483336,-171.605627,-94.615914,0.098687
-47.252473,-169.924798,-97.292785,0.241488
-22.421088,-248.481937,-89.132292,0.290599
-37.068651,-365.867602,-96.644780,0.131581
-30.442265,-378.075747,-57.042994,0.126614
-36.324083,-131.228860,-70.459401,0.273732
-38.663003,-375.137172,-90.144213,0.190027
-21.849949,-362.572260,-54.253137,0.144885
-32.738056,-381.816974,-55.037131,0.162792
-31.103621,-370.599214,-76.965947,0.053459
-20.386938,-251.066776,-89.049450,0.754446
-17.562376,-324.771597,-74.179578,0.267052
-15.378024,-322.708748,-75.608432,0.541671
-23.317122,-286.625778,-80.843295,0.000001
-30.789850,-197.361166,-90.333194,0.021623
-29.405846,-195.464629,-90.153591,0.284714
-45.663350,-154.792459,-90.167508,0.106529
-39.715516,-174.015860,-95.288257,0.024403
-41.408265,-379.474256,-55.381847,0.175700
-31.041075,-245.553638,-81.129142,0.853127
-31.469213,-365.656018,-50.334785,0.170851
-26.206922,-376.392813,-81.691818,0.146088
-21.305752,-370.391200,-52.686224,0.122683
-35.800909,-159.622061,-92.873331,0.137438
-23.921509,-132.098538,-73.662643,0.305196
-22.636606,-253.560458,-92.571975,0.730327
-24.781624,-374.401697,-77.800681,0.133116
-28.993590,-253.852972,-83.650533,0.485670
-18.348291,-371.578772,-84.877601,0.186174
-37.990834,-153.551052,-86.766067,0.158011
-34.878233,-368.947102,-79.282086,0.133993
-38.382456,-144.015320,-75.814412,0.262126
-42.572216,-193.817338,-92.917190,0.576781
-43.472937,-192.504673,-89.928363,0.582676
-24.405324,-352.419849,-82.286060,0.093988
-36.774192,-136.327479,-72.323529,0.367557
-27.860709,-137.087884,-81.446564,0.224087
-37.113149,-161.140679,-90.187435,0.105946
-43.276288,-152.193418,-90.729523,0.132782
-34.730578,-126.740018,-63.824486,0.216565
-27.751500,-379.208255,-55.892738,0.139489
-23.801944,-353.641709,-68.922426,0.096303
-35.433972,-130.428863,-68.778112,0.243627
-22.590931,-247.018462,-84.801092,0.023200
-37.331281,-180.293315,-90.819666,0.000001
-34.134269,-362.634357,-67.889269,0.289076
-23.219042,-231.722372,-86.374777,0.155454
-34.138993,-364.094686,-68.819001,0.282191
-23.453879,-369.504351,-50.299084,0.116275
-26.801610,-136.424424,-79.961075,0.231419
-39.759395,-156.394485,-85.575230,0.154642
-20.884172,-323.513320,-78.311907,0.000150
-29.412097,-285.627874,-87.922444,0.594539
-18.693547,-315.188891,-77.653596,0.034268
-17.282623,-317.443646,-77.096139,0.189998
-27.577779,-375.643046,-77.483946,0.119682
-28.226953,-351.955789,-62.407114,0.132916
-28.109122,-349.758276,-63.740324,0.146289
-28.024203,-342.754543,-63.501809,0.197066
-30.019425,-232.829560,-88.674427,0.133665
-33.560266,-143.004957,-77.996808,0.269292
-33.208719,-365.091106,-58.523828,0.346057
-24.557070,-269.672153,-91.612338,0.694772
-20.219215,-379.085342,-85.886816,0.152427
-26.968338,-350.485511,-71.963269,0.027294
-38.226797,-167.323650,-92.651658,0.056976
-40.979196,-170.543111,-93.855146,0.034753
-25.616416,-340.001156,-63.149517,0.140215
-30.875546,-376.683351,-64.805166,0.040493
-23.223382,-374.098338,-50.670669,0.108820
-26.982214,-364.947743,-56.806714,0.238030
-30.776450,-209.134586,-87.627254,0.009689
-20.474635,-366.148573,-69.219434,0.191783
-32.133289,-370.428527,-70.162079,0.035121
-41.015353,-151.350265,-88.554303,0.180139
-29.049945,-377.036403,-86.428050,0.128752
-27.369524,-376.772744,-84.518045,0.132746
-25.938822,-378.974490,-84.874016,0.141611
-22.676454,-355.971043,-63.400979,0.141878
-46.945526,-368.248664,-62.128315,0.177034
-23.280598,-140.983632,-68.664690,0.171012
-44.133113,-145.424882,-103.035717,0.185539
-12.939226,-364.531975,-86.211594,0.178555
-23.681335,-360.057428,-56.539371,0.157365
-46.296405,-161.089088,-84.887068,0.166790
-29.575470,-341.911165,-75.223240,0.133097
-39.519371,-142.398662,-85.067326,0.205756
-20.740536,-371.896546,-71.298321,0.158188
-34.536640,-357.622603,-87.172063,0.265396
-48.532468,-166.541765,-96.359139,0.093627
-36.195125,-154.166341,-98.955803,0.368610
-26.566085,-370.217817,-89.048190,0.227683
-19.581651,-337.180093,-83.643027,0.054758
-23.411166,-316.559781,-67.262023,0.528880
-28.233802,-352.820403,-82.966878,0.127989
-40.293530,-163.172813,-82.725709,0.190761
-23.282257,-289.414847,-79.582297,0.000001
-24.821448,-378.810419,-69.870892,0.185865
-27.218397,-354.398859,-86.150602,0.174841
-23.292561,-363.672212,-49.051498,0.155092
-29.538806,-378.760895,-73.174834,0.257103
-27.317600,-192.149251,-90.847918,0.672918
-24.882968,-236.903044,-91.593453,0.689480
-25.006246,-254.349857,-83.076658,0.023206
-16.516915,-281.674067,-76.412751,0.575743
-39.239829,-124.341051,-63.983470,0.228686
-46.751118,-155.279793,-86.531727,0.123232
-44.878192,-151.946870,-96.854098,0.219832
-24.130210,-360.465251,-89.913185,0.178183
-27.638685,-369.644393,-62.397956,0.156600
-34.268514,-152.535000,-87.019168,0.147539
-32.506674,-375.386108,-60.565435,0.064250
-27.750918,-378.734564,-92.474570,0.123975
-26.193493,-373.018896,-82.319459,0.107902
-22.541912,-127.982736,-69.325350,0.202092
-29.749354,-383.333369,-87.446353,0.169144
-39.295073,-369.229023,-59.367590,0.192674
-52.110156,-161.597631,-84.687021,0.152379
-50.352209,-160.129550,-99.454451,0.204817
-51.318363,-156.901575,-98.619335,0.209438
-21.408475,-363.228502,-70.561242,0.214286
-43.439136,-135.517736,-72.107380,0.298309
-42.143971,-135.967018,-70.149622,0.260856
-29.086756,-373.147755,-77.802789,0.072382
-17.038694,-310.802657,-82.454978,0.274200
-30.613695,-137.832009,-63.969239,0.286255
-24.374955,-343.914160,-63.337620,0.101582
-20.109757,-273.962861,-86.773492,0.060883
-18.384212,-286.864725,-85.767552,0.382208
-30.760948,-355.311792,-62.847051,0.189210
-23.367247,-325.317710,-71.106286,0.016660
-16.983915,-271.210894,-88.051205,0.700757
-20.894855,-337.511742,-69.508457,0.043041
-44.329988,-152.947857,-78.290060,0.521878
-29.615927,-148.600558,-82.321125,0.320955
-51.565629,-162.758397,-88.498547,0.105366
-31.869505,-143.685585,-84.038287,0.250644
-19.627840,-342.313725,-74.945129,0.046425
-17.378360,-367.806117,-85.765769,0.220559
-30.812128,-136.578509,-62.823747,0.220997
-17.458512,-345.136191,-83.677921,0.152744
-32.584413,-202.702149,-94.501733,0.721199
-41.987569,-374.838811,-98.058571,0.199663
-28.970480,-353.716851,-89.911984,0.203672
-41.447774,-149.449473,-87.137641,0.144333
-17.776607,-342.796137,-86.172503,0.162354
-18.794014,-353.305197,-78.943514,0.117510
-17.977776,-366.922748,-64.977933,0.135736
-32.809977,-351.702592,-58.660253,0.299826
-37.685443,-145.223326,-84.297520,0.159391
-24.639437,-372.547486,-84.527623,0.129807
-28.151485,-206.360773,-92.722793,0.677545
-34.242135,-178.077535,-82.717520,0.612283
-35.873301,-137.972313,-68.628810,0.342139
-33.266421,-138.420859,-67.799203,0.344526
-30.706939,-220.100289,-88.847993,0.090995
-17.841036,-366.089269,-92.467977,0.185737
-19.795715,-330.526823,-82.596068,0.021705
-39.370809,-151.600320,-82.668894,0.113949
-31.286642,-134.913123,-70.099597,0.325227
-19.069541,-377.547751,-83.676610,0.171496
-21.062509,-372.567587,-61.827954,0.178521
-50.667596,-145.867154,-88.660123,0.136443
-21.078681,-348.116510,-73.534773,0.042128
-37.973718,-358.502305,-60.451810,0.230281
-24.550791,-135.196214,-75.931455,0.295451
-26.369865,-138.093421,-75.355061,0.283068
-34.490805,-377.086487,-97.974708,0.191049
-37.807148,-143.875627,-86.806298,0.199247
-16.975340,-304.362017,-73.930212,0.598496
-48.401410,-168.980663,-81.788332,0.237238
-58.077458,-158.615674,-94.473908,0.184998
-34.278867,-169.934897,-93.309177,0.351453
-38.951556,-370.355497,-84.929360,0.153372
-30.837591,-142.816085,-72.620861,0.303975
-27.457743,-373.951233,-65.827812,0.061081
-34.951541,-383.075008,-50.107696,0.109667
-35.637219,-151.650747,-88.948896,0.141970
-27.552802,-370.600365,-76.719617,0.080305
-19.728338,-339.439286,-79.227210,0.033684
-54.548215,-157.459308,-86.436292,0.113156
-31.870233,-361.000611,-47.050874,0.173974
-34.180162,-363.534120,-47.836261,0.145970
-23.374775,-130.830363,-74.565885,0.293648
-44.198717,-185.829557,-91.734940,0.514805
-33.052129,-373.827436,-54.295974,0.085795
-39.443991,-186.772200,-93.098315,0.037926
-38.331774,-198.802693,-87.300349,0.688394
-29.099595,-214.756712,-95.703451,0.723348
-23.496620,-368.256861,-76.018196,0.134453
-30.873802,-212.927667,-96.182401,0.721425
-30.588086,-213.071410,-94.084561,0.717167
-16.783081,-300.611007,-84.699331,0.635006
-35.339920,-137.088324,-74.880177,0.351322
-36.277061,-370.643119,-64.698776,0.145259
-35.800380,-126.482916,-78.539412,0.141540
-18.611870,-276.783088,-77.826441,0.521344
-21.111713,-313.909935,-81.885542,0.000001
-37.615620,-368.970374,-85.374116,0.220048
-17.293189,-369.296948,-87.482484,0.223712
-18.062961,-324.723937,-87.941235,0.534414
-22.339390,-373.213588,-79.757261,0.159931
-32.137795,-132.603389,-74.205310,0.308978
-23.540799,-313.607078,-77.912606,0.000056
-20.876683,-288.322382,-83.423206,0.000001
-21.272736,-230.742894,-88.158363,0.789373
-21.249111,-290.480555,-82.755567,0.000001
-21.952889,-290.343217,-74.049330,0.449609
-24.052185,-378.106346,-72.029840,0.185436
-28.431627,-226.640813,-84.056329,0.248382
-19.304354,-372.190180,-61.841512,0.163810
-26.900436,-245.820376,-82.397049,0.331700
-23.783101,-222.274767,-80.807045,0.734028
-37.900793,-177.970037,-91.403680,0.000001
-31.461460,-187.268892,-86.906544,0.039526
-48.479684,-151.456247,-88.678495,0.141970
-39.797476,-141.333766,-77.564525,0.272510
-18.853210,-327.658097,-86.989245,0.334700
-46.454434,-161.655836,-91.645865,0.086551
-24.434508,-357.943568,-76.213443,0.085801
-26.581864,-367.853479,-91.820420,0.223741
-34.933787,-163.130569,-89.445503,0.099030
-39.368517,-152.916460,-85.426625,0.134790
-41.484300,-153.989110,-86.609489,0.141626
-25.221265,-382.472662,-83.185984,0.175219
-37.028909,-128.748947,-65.836662,0.231186
-22.757058,-340.170342,-62.184216,0.178414
-30.469727,-371.991131,-80.365734,0.067763
-40.241088,-123.684464,-65.860210,0.220742
-42.213894,-143.977385,-72.634362,0.297412
-29.198261,-367.415365,-62.159218,0.226167
-29.776488,-374.364197,-57.288999,0.070625
-35.750337,-150.479579,-96.680034,0.298769
-35.016302,-170.145083,-84.682083,0.166051
-22.700627,-344.570245,-76.693108,0.004056
-27.605497,-325.747121,-68.298377,0.545623
-29.653837,-262.583389,-83.138918,0.709432
-15.646456,-292.676535,-84.658134,0.694909
-22.356176,-364.814503,-65.540700,0.229230
-24.419477,-235.001580,-82.627105,0.517020
-30.367089,-343.348974,-81.393128,0.265365
-34.476242,-353.774654,-82.787503,0.272452
-30.968944,-367.713823,-59.221658,0.277904
-23.208507,-299.720837,-79.157301,0.000001
-36.204215,-166.921560,-81.290498,0.522227
-33.403425,-167.488405,-80.679814,0.457752
-29.102516,-372.707696,-56.572600,0.066911
-26.887548,-187.905385,-85.276908,0.661729
-40.083459,-173.674626,-87.386150,0.033461
-24.054581,-364.985944,-69.819363,0.241401
-27.299824,-365.897887,-68.933492,0.190071
-24.901751,-377.839137,-55.239704,0.069079
-42.632545,-381.086161,-60.896366,0.198199
-43.890088,-147.775205,-82.650279,0.185592
-15.502143,-368.545343,-75.955106,0.171050
-19.672429,-359.867627,-66.338715,0.188191
-27.024324,-374.563572,-55.074962,0.072741
-24.132228,-373.865998,-54.926117,0.044984
-39.656873,-206.807825,-90.325658,0.679695
-40.065784,-165.449205,-92.732303,0.071040
-17.674287,-333.115649,-84.543195,0.162910
-26.494729,-365.843746,-85.715055,0.290251
-20.216774,-337.854944,-87.115227,0.154734
-24.115148,-354.547017,-88.258128,0.155495
-25.066271,-337.281051,-81.013453,0.015171
-39.025097,-360.936935,-64.077582,0.271421
-31.983213,-360.317412,-61.874215,0.217104
-33.478534,-133.052634,-76.538902,0.322404
-21.088339,-325.794410,-73.176448,0.004536
-47.682522,-146.264727,-86.799623,0.245525
-27.917076,-227.028397,-85.721626,0.028144
-18.317912,-379.911545,-81.635645,0.196001
-40.885412,-190.565002,-94.344955,0.636952
-22.603600,-237.353550,-87.356160,0.202942
-20.174902,-291.005403,-74.131788,0.358821
-30.142196,-364.968812,-57.483336,0.242105
-24.053769,-302.149956,-80.090819,0.000001
-24.644787,-277.568183,-76.416596,0.726330
-39.453561,-193.226793,-83.655744,0.664276
-36.881412,-360.418089,-76.899367,0.257522
-33.693566,-364.780001,-79.713669,0.268713
-27.960182,-366.378168,-67.312497,0.196725
-22.630056,-360.935380,-67.348839,0.186638
-43.284126,-376.378863,-64.695373,0.205566
-28.250730,-207.751880,-89.031683,0.017576
-32.345082,-191.679748,-96.664488,0.758228
-30.895902,-324.259612,-84.114893,0.700048
-43.693875,-179.554325,-86.206067,0.250536
-30.764818,-350.554780,-55.417596,0.287810
-23.940588,-133.486930,-82.854383,0.200631
-45.739001,-153.222284,-98.909293,0.230342
-41.418768,-155.218796,-79.922243,0.371865
-36.580993,-370.097390,-66.368637,0.105256
-43.545676,-375.511251,-89.404873,0.190185
-23.925374,-340.953732,-77.255592,0.000147
-25.270641,-338.866411,-77.864292,0.000001
-24.226143,-367.549578,-74.130028,0.121227
-28.364567,-122.525131,-72.639561,0.213869
-17.179684,-356.590726,-62.640542,0.235403
-37.371020,-170.135621,-95.797378,0.123220
-33.356597,-155.320907,-86.463273,0.143203
-31.853457,-155.867020,-77.351596,0.440976
-21.910089,-370.615394,-70.815234,0.133071
-36.551787,-363.142191,-88.115991,0.233351
-15.487263,-349.841609,-76.357268,0.323798
-23.897768,-359.329857,-50.414894,0.144532
-23.455375,-284.356403,-77.106360,0.066309
-24.990163,-342.196478,-63.809016,0.101192
-34.091381,-373.092578,-76.583552,0.124685
-26.526478,-351.160621,-75.068057,0.000637
-51.600309,-153.332075,-87.917205,0.121916
-33.672903,-382.815975,-64.183376,0.185866
-27.558852,-371.852379,-57.569445,0.080927
-32.105574,-368.140967,-77.318198,0.136137
-19.730430,-370.648559,-70.473262,0.150182
-31.785654,-141.452513,-76.432993,0.307462
-41.439485,-164.423124,-93.782219,0.069816
-22.339565,-332.908714,-86.800053,0.115939
-25.804636,-214.170308,-88.053201,0.190952
-29.726703,-361.747626,-90.640526,0.196549
-31.998361,-245.535446,-82.689069,0.797433
-22.102447,-269.357946,-81.346241,0.000001
-17.123364,-372.833748,-80.727817,0.170464
-40.343931,-139.064920,-87.705579,0.224897
-28.091882,-129.523781,-72.011607,0.268607
-32.195575,-354.002948,-58.597253,0.205241
-33.032389,-354.840779,-56.792003,0.236372
-32.980909,-356.986915,-57.628212,0.209735
-31.768965,-374.032632,-78.999035,0.065740
-33.124421,-250.630981,-84.878939,0.856293
-25.439179,-361.498307,-72.006367,0.160854
-55.931882,-157.492692,-93.308187,0.102835
-27.413542,-376.904936,-52.622865,0.053032
-41.989806,-145.739565,-79.313011,0.236733
-37.737899,-363.609838,-73.806201,0.135596
-24.814726,-367.120708,-92.065525,0.205100
-15.273345,-289.240599,-81.915501,0.674673
-22.058581,-242.401672,-80.139051,0.912352
-39.266160,-140.265071,-76.265049,0.292317
-23.395965,-277.630558,-82.456802,0.000001
-29.647581,-378.277020,-67.726589,0.141177
-44.777173,-138.353996,-73.961970,0.267168
-32.600250,-378.130103,-81.556139,0.161621
-25.166437,-327.990491,-85.430348,0.088595
-34.173452,-220.385072,-86.426659,0.799743
-21.561259,-376.232939,-90.059677,0.109315
-25.676805,-345.591029,-56.228674,0.309797
-20.032033,-361.068093,-79.468626,0.182387
-41.694592,-382.990823,-61.696792,0.200153
-29.327345,-135.624694,-65.631178,0.297880
-18.138704,-312.717497,-86.017858,0.475941
-31.492232,-372.326579,-90.481473,0.176744
-22.356365,-382.181607,-91.147469,0.138551
-43.585959,-154.387930,-101.201349,0.243057
-36.062718,-368.077432,-85.367027,0.228965
-43.499602,-152.830440,-79.922307,0.493411
-22.593206,-341.007716,-85.541617,0.095840
-31.850615,-365.867959,-90.058256,0.307291
-38.784211,-370.992717,-93.558106,0.181576
-42.326769,-161.088355,-91.404655,0.087637
-24.752496,-140.295133,-67.299878,0.202568
-38.427730,-125.770906,-73.139524,0.180741
-17.461146,-294.491855,-73.503753,0.625162
-23.307457,-370.363507,-79.038424,0.155090
-35.004633,-124.910730,-63.709563,0.237795
-24.272304,-269.348504,-79.813343,0.061088
-43.895705,-179.432214,-93.738747,0.100662
-45.217842,-177.590846,-94.011108,0.162953
-44.146257,-159.504102,-95.560632,0.097728
-40.435592,-163.609366,-90.694004,0.079740
-30.264750,-352.197382,-61.717292,0.175773
-29.904397,-364.711210,-94.358938,0.260001
-23.544483,-338.064798,-88.825366,0.243856
-33.273242,-141.252658,-68.496024,0.262685
-23.673670,-254.658095,-85.976809,0.000001
-22.658290,-252.837892,-85.632033,0.000001
-38.146057,-161.116484,-87.462590,0.127648
-32.857013,-215.830066,-82.569752,0.870201
-25.158073,-267.866570,-76.754856,0.861057
-29.962630,-372.264198,-60.876554,0.065267
-28.297363,-372.758145,-62.898319,0.063934
-31.134464,-142.348249,-66.805397,0.206123
-25.544956,-355.464214,-74.834740,0.021283
-25.560373,-371.144395,-61.551458,0.115177
-36.873542,-366.145491,-54.378339,0.255922
-57.383525,-150.452208,-92.385223,0.182719
-32.880641,-356.572862,-77.127422,0.193843
-34.802373,-150.426440,-76.025480,0.389428
-22.755705,-359.592192,-82.434972,0.160848
-29.623823,-370.219573,-67.338365,0.056520
-33.705475,-134.807170,-64.998672,0.239754
-22.246826,-336.757826,-87.604798,0.150041
-47.591414,-159.555691,-94.412028,0.088740
-23.662313,-326.406172,-88.553416,0.380203
-38.744271,-185.791705,-89.368719,0.000082
-47.723168,-158.637008,-82.639467,0.217348
-24.177114,-356.922113,-90.969725,0.156439
-24.487416,-285.144074,-83.424408,0.000001
-34.602854,-367.590554,-51.775716,0.237997
-28.301765,-377.170633,-82.419237,0.147008
-25.823692,-192.888773,-87.443838,0.535354
-31.039857,-361.636699,-84.503000,0.203223
-29.043415,-374.533826,-80.620182,0.089513
-42.070777,-175.339745,-87.794900,0.052267
-31.256236,-277.088428,-82.559177,0.795289
-48.636148,-153.319628,-93.005750,0.131210
-27.474089,-373.222937,-90.226394,0.123454
-30.915438,-366.726625,-83.320052,0.244702
-30.134593,-226.614116,-88.686044,0.102386
-55.173631,-166.764375,-90.746716,0.287157
-57.572578,-150.407182,-88.198426,0.205704
-37.568585,-132.788633,-70.830697,0.304901
-46.642235,-379.312475,-56.719768,0.216923
-52.861003,-148.616708,-90.194751,0.187222
-39.519386,-144.759296,-97.106761,0.220835
-35.473175,-189.151585,-95.874707,0.626822
-28.153157,-344.436953,-83.068073,0.110826
-24.549224,-369.292218,-72.184047,0.096375
-35.509545,-372.302350,-53.809486,0.142158
-35.816999,-373.534395,-56.719280,0.105615
-37.476400,-163.063475,-85.908818,0.136233
-39.294292,-160.250677,-101.735904,0.370272
-33.876764,-374.580433,-87.204678,0.165664
-34.067119,-159.630860,-82.782363,0.203921
-25.165958,-332.751868,-70.495681,0.023615
-28.758445,-221.115006,-92.086298,0.342361
-23.917597,-240.917354,-91.261983,0.716984
-53.137755,-165.965851,-94.878652,0.160857
-28.699308,-349.332321,-70.448923,0.087980
-28.941029,-352.180029,-69.422095,0.115725
-29.562724,-364.776472,-48.079329,0.131119
-25.995939,-142.450899,-74.154460,0.274256
-25.696000,-237.999447,-88.738724,0.011579
-24.579024,-379.305313,-87.255069,0.133138
-19.916323,-372.057102,-87.965364,0.167277
-19.053868,-314.196565,-74.163205,0.088137
-37.746587,-136.537013,-76.643571,0.302274
-22.657035,-222.668302,-85.404060,0.748879
-39.085886,-372.943235,-85.162017,0.120237
-29.698652,-142.262887,-71.435111,0.272547
-35.069268,-354.013587,-61.902003,0.288921
-42.454081,-126.740182,-67.218819,0.210602
-20.615687,-365.697788,-82.019614,0.237925
-15.312471,-296.794229,-82.305616,0.715622
-29.726089,-138.923480,-70.686980,0.296629
-25.539759,-134.824164,-78.838372,0.245476
-19.206870,-372.092676,-57.895973,0.133006
-28.578430,-143.093790,-79.797370,0.291859
-34.613993,-354.516026,-86.919590,0.278011
-47.980016,-379.339966,-59.729717,0.213283
-32.285668,-143.254185,-90.903955,0.350620
-46.772064,-181.211653,-94.819319,0.445919
-33.299354,-377.763050,-85.069118,0.166679
-27.265943,-121.636700,-80.152029,0.157047
-24.208654,-349.341541,-82.571406,0.088355
-22.769735,-243.107960,-82.672160,0.326445
-28.575962,-128.636421,-60.550201,0.141760
-40.740460,-169.832294,-80.900134,0.559973
-30.321126,-123.514724,-79.730678,0.129079
-22.687715,-378.566159,-62.517959,0.149665
-25.165863,-267.910373,-91.696351,0.661283
-30.007806,-348.592184,-76.364153,0.074615
-22.836653,-141.712481,-75.110672,0.208144
-31.044987,-129.099993,-72.724144,0.258660
-30.574492,-199.166202,-83.567818,0.705390
-31.117650,-218.687395,-96.160746,0.696665
-26.562479,-243.850639,-83.778054,0.122801
-33.452476,-186.353350,-91.495459,0.010730
-28.155128,-361.824595,-71.636045,0.159710
-42.708811,-149.378038,-76.756831,0.456896
-52.452304,-160.804911,-92.589768,0.057334
-43.270352,-372.667458,-48.986043,0.126759
-38.659308,-370.660998,-62.195809,0.173914
-30.888454,-366.660697,-66.155914,0.221504
-21.757575,-368.556748,-89.306850,0.181943
-17.432832,-291.128448,-78.023225,0.394559
-19.794404,-363.083446,-90.017254,0.209288
-21.069604,-364.490717,-87.919802,0.230190
-32.527314,-226.257040,-85.418360,0.673478
-42.646615,-374.073586,-56.554395,0.204577
-39.338998,-143.568799,-81.740926,0.158871
-37.531122,-150.414099,-86.828292,0.161133
-18.422907,-305.513067,-86.436608,0.468887
-23.411629,-349.399736,-70.086279,0.060342
-46.973819,-167.038500,-98.618069,0.290172
-35.495424,-163.627112,-87.191459,0.127784
-32.467311,-209.512481,-90.196438,0.090243
-22.652358,-317.591751,-85.481283,0.037348
-17.481316,-363.408023,-89.308441,0.227411
-33.120497,-359.338987,-77.332241,0.197627
-17.881582,-345.647842,-74.668961,0.160249
-28.845096,-361.240343,-63.092489,0.185099
-30.106899,-212.518502,-86.429993,0.096851
-19.374135,-346.287754,-76.603403,0.065275
-31.668183,-353.007393,-91.782146,0.320230
-26.360053,-375.999271,-94.624368,0.076860
-24.503629,-141.069141,-72.743296,0.244699
-26.159845,-301.451089,-81.963056,0.003729
-31.730425,-361.895325,-68.141027,0.233600
-27.724799,-371.326755,-70.128757,0.055568
-39.470529,-179.794176,-83.582930,0.310816
-32.471726,-127.148843,-69.235552,0.242547
-30.708217,-124.789796,-68.334071,0.226567
-41.412869,-160.657953,-96.609189,0.111408
-26.519997,-315.513947,-82.772714,0.035914
-31.050479,-178.504403,-83.459946,0.685278
-23.323421,-292.464661,-85.207920,0.003329
-46.312419,-157.472453,-98.943559,0.168934
-30.656797,-126.211338,-83.010240,0.155868
-22.332394,-310.934648,-79.862540,0.000001
-21.705394,-372.571248,-85.987646,0.158463
-40.148137,-192.144535,-95.193631,0.772541
-22.343519,-324.131417,-72.254899,0.006676
-21.868860,-244.258178,-87.150901,0.210210
-19.535438,-315.782895,-70.103030,0.414668
-38.482961,-156.319997,-96.083150,0.171813
-33.007603,-369.611694,-92.306718,0.256986
-23.867375,-377.602446,-81.652334,0.155608
-17.899205,-279.536677,-84.023595,0.325105
-34.105149,-154.015913,-78.190903,0.399538
-24.983694,-138.156679,-66.963248,0.265095
-38.965586,-124.824317,-74.419920,0.161014
-21.741773,-311.928413,-76.994243,0.000001
-33.604547,-135.268582,-85.823576,0.215622
-31.394554,-370.939519,-45.623196,0.119152
-28.460381,-284.249658,-78.007852,0.720025
-34.142186,-125.502035,-72.306253,0.216525
-29.286293,-365.311724,-53.283381,0.192928
-30.648433,-364.900190,-51.930698,0.193014
-23.020860,-248.364723,-91.126649,0.674717
-27.414454,-380.814911,-76.965733,0.207930
-28.835209,-289.770961,-82.086954,0.662648
-28.475451,-372.220651,-54.409870,0.069396
-21.974325,-377.513167,-79.775880,0.176888
-23.285050,-301.885454,-81.636531,0.000001
-43.849848,-148.599298,-93.237752,0.217290
-39.593914,-135.536934,-81.148872,0.221473
-51.276251,-154.530298,-94.020728,0.177058
-33.656486,-163.540271,-84.282360,0.202818
-40.455577,-159.805276,-91.586187,0.084225
-38.958063,-161.146083,-90.295083,0.096554
-56.277881,-153.972231,-93.189251,0.195071
-27.634170,-344.811647,-74.569621,0.005091
-22.655987,-302.698269,-89.920620,0.521000
-22.053080,-224.735011,-85.791525,0.836772
-31.041993,-318.859550,-84.946125,0.720829
-40.430172,-181.238640,-87.422879,0.024543
-36.513603,-149.335136,-89.710037,0.152432
-31.203721,-356.843851,-86.710847,0.210491
-46.688400,-372.182806,-51.155795,0.136434
-34.077467,-180.797964,-84.303416,0.245343
-32.303922,-361.820551,-92.116997,0.218952
-45.035135,-177.073158,-84.290296,0.454428
-42.377230,-158.955131,-99.151671,0.161121
-28.750324,-378.978939,-69.314324,0.209402
-22.366847,-124.576351,-74.270283,0.209642
-25.538104,-242.380696,-86.032428,0.000001
-31.841155,-378.575632,-72.697105,0.257883
-29.842756,-222.914091,-84.954086,0.224253
-35.825512,-152.718373,-90.430406,0.135250
-24.640688,-368.782064,-63.544745,0.227497
-47.865327,-164.156841,-96.289056,0.097131
-26.606955,-304.373175,-72.849050,0.689229
-25.197867,-304.063232,-70.947546,0.721928
-42.618675,-376.528382,-50.297419,0.094470
-18.981471,-368.282878,-64.308589,0.160157
-30.161304,-379.853825,-71.927317,0.277361
-16.749153,-348.008967,-79.180559,0.190363
-23.588663,-340.606934,-80.794413,0.018474
-50.637722,-156.287651,-103.053012,0.262012
-24.460348,-347.512132,-84.726545,0.115189
-41.377821,-382.689476,-58.581286,0.188409
-32.812154,-362.186239,-82.090178,0.214901
-20.918440,-332.931642,-87.828091,0.253881
-37.028792,-188.316731,-89.487168,0.000001
-27.592403,-258.134767,-88.209283,0.249424
-31.821478,-162.612720,-80.364727,0.513633
-36.365522,-370.980478,-59.391971,0.187209
-24.791875,-301.824969,-85.133919,0.016625
-23.188431,-144.380924,-73.275095,0.181942
-22.761651,-362.101267,-85.012690,0.196786
-39.232149,-148.996681,-93.430867,0.178971
-25.790975,-321.259401,-73.299324,0.135801
-54.598843,-152.813492,-85.304043,0.167746
-27.642662,-375.177060,-86.603622,0.102566
-33.456954,-365.163855,-75.131106,0.212252
-27.042020,-319.078988,-82.088712,0.038936
-19.197667,-270.316262,-78.300295,0.540530
-27.008649,-334.411386,-76.966538,0.002933
-17.034369,-364.514569,-84.507537,0.266864
-27.047596,-264.290069,-84.873338,0.025264
-26.934230,-350.115851,-81.409761,0.066110
-30.953569,-139.533427,-73.636905,0.322332
-23.233903,-275.931654,-87.785811,0.039745
-23.869170,-274.152736,-84.791250,0.000001
-29.688620,-356.208813,-73.574184,0.074011
-26.632736,-361.516674,-76.633413,0.163138
-49.900226,-164.971461,-88.076556,0.120069
-18.683689,-318.373352,-68.717348,0.537736
-19.277972,-351.007906,-60.317882,0.278619
-26.602109,-339.995494,-67.567904,0.088810
-25.603136,-230.146130,-91.257256,0.563959
-47.151424,-146.849234,-81.294011,0.372689
-24.515781,-366.329885,-62.107696,0.228371
-37.999013,-171.589812,-92.921815,0.041818
-17.490370,-353.873093,-63.099627,0.266810
-27.852714,-368.656151,-65.141903,0.172672
-32.397833,-360.513856,-48.676328,0.227566
-18.741089,-262.655550,-83.098775,0.451864
-24.991166,-297.146387,-77.388040,0.065914
-27.438164,-228.684308,-90.980168,0.215643
-30.412011,-140.120772,-79.840563,0.284210
-29.616786,-136.336244,-78.236413,0.277487
-20.754364,-372.632369,-92.501419,0.074194
-16.984100,-366.466750,-89.341383,0.271860
-19.965564,-282.788220,-80.463911,0.000760
-19.540461,-281.147329,-81.531721,0.003514
-25.435440,-301.721169,-74.776330,0.417964
-23.760246,-317.078128,-89.756935,0.510043
-29.241040,-376.536635,-93.966091,0.139999
-24.532380,-360.909428,-55.254776,0.154393
-40.107711,-362.699793,-53.001472,0.143415
-50.199326,-147.863264,-92.575988,0.193291
-20.318003,-253.088844,-90.753513,0.810495
-34.738801,-363.625450,-58.840083,0.409498
-40.749054,-137.134584,-64.333489,0.148291
-33.296739,-161.798450,-90.684380,0.329097
-23.794464,-342.769394,-80.722428,0.025669
-18.544077,-261.374322,-84.716347,0.529110
-42.456582,-140.792961,-74.200190,0.301719
-39.810473,-192.064652,-97.418656,0.621448
-21.029591,-354.286563,-78.092611,0.087724
-35.559387,-166.015102,-90.265272,0.090515
-19.039913,-334.568052,-66.071557,0.397200
-17.181876,-373.907169,-89.974767,0.127184
-18.261659,-363.487060,-64.028483,0.172209
-24.877093,-376.542890,-85.579206,0.122803
-37.237142,-189.849893,-84.573002,0.491723
-26.708055,-268.070240,-79.950368,0.578953
-24.966747,-311.484454,-73.686069,0.185684
-18.297593,-309.630982,-85.112656,0.236439
-32.213356,-214.797414,-89.605524,0.177321
-14.335507,-350.168197,-79.982497,0.294333
-21.769285,-359.964322,-90.460924,0.178360
-32.910068,-368.641795,-62.998735,0.270451
-35.064251,-130.851109,-82.613130,0.197294
-32.915085,-157.823775,-84.289345,0.171005
-23.791655,-318.283758,-73.439373,0.016352
-29.476249,-239.446328,-86.157961,0.136750
-16.546278,-269.368208,-82.699050,0.641835
-28.573113,-357.717245,-64.066999,0.161625
-33.762143,-158.972178,-87.086332,0.129234
-32.891093,-144.201475,-87.339899,0.330136
-53.629505,-151.361828,-90.399566,0.214745
-26.107719,-207.273659,-93.073083,0.806475
-42.579808,-372.795199,-61.333345,0.215260
-27.475544,-299.871461,-85.288330,0.271965
-27.276918,-296.850105,-84.253238,0.086973
-21.624573,-367.422869,-56.147293,0.178508
-21.376311,-355.840714,-58.485109,0.161728
-44.671525,-374.581983,-61.498344,0.200743
-30.262301,-273.999050,-83.203782,0.829293
-30.884804,-366.157303,-79.826477,0.254001
-31.022777,-220.743959,-86.884212,0.211870
-29.788521,-263.937089,-87.124937,0.715952
-40.067611,-140.397985,-79.492720,0.237035
-20.861710,-361.582111,-68.273932,0.178365
-35.351549,-368.894547,-54.320885,0.285613
-21.232368,-370.097485,-67.533385,0.175525
-29.485224,-379.110881,-50.555838,0.054381
-33.616921,-204.191444,-91.219507,0.078721
-34.195190,-366.820479,-71.402748,0.133710
-44.170035,-178.797158,-98.075531,0.593326
-30.433916,-349.623087,-64.995594,0.237642
-25.359534,-376.770539,-74.801947,0.157287
-36.095965,-368.138262,-69.079276,0.093915
-18.862146,-352.928606,-75.287565,0.115399
-28.930599,-354.202237,-78.368217,0.087958
-35.251425,-147.383220,-77.758936,0.249910
-50.977081,-162.716208,-93.827363,0.046558
-47.147117,-141.104964,-101.201662,0.161478
-24.208181,-373.198757,-74.993886,0.125913
-20.001945,-363.369158,-79.800603,0.212886
-19.024040,-352.172651,-86.864961,0.172255
-44.476029,-174.117641,-93.292282,0.045962
-32.269817,-134.238195,-63.053390,0.259194
-22.168140,-353.470470,-73.255996,0.086732
-29.519834,-293.058730,-79.521166,0.716548
-21.744758,-259.305580,-81.970058,0.010720
-34.082273,-145.335580,-75.488030,0.285884
-17.067998,-369.417371,-90.422722,0.193879
-24.191579,-281.664211,-77.226224,0.247695
-18.612818,-288.409615,-73.748853,0.626944
-22.991552,-230.573256,-88.735504,0.476042
-51.114145,-156.861663,-82.162631,0.192698
-23.448963,-343.674421,-77.868958,0.002899
-34.873565,-358.169811,-64.695373,0.273487
-34.305132,-180.887599,-88.233586,0.001221
-28.397503,-380.893991,-57.103333,0.164631
-27.680114,-380.545963,-58.709556,0.165504
-32.223051,-138.833353,-70.781663,0.347183
-27.541978,-239.886710,-85.812163,0.021866
-45.305505,-144.090534,-87.840116,0.240853
-29.848034,-371.887369,-85.272031,0.167656
-45.092107,-151.377261,-92.854151,0.130311
-27.115540,-132.691876,-64.583149,0.282600
-29.843819,-357.652903,-77.896621,0.119290
-17.238027,-373.883888,-83.240309,0.178445
-31.585886,-149.654364,-80.130091,0.299166
-39.624284,-178.347158,-80.756105,0.540170
-21.431568,-365.711767,-78.577316,0.231559
-30.731622,-134.091132,-80.855506,0.236791
-32.238500,-133.065589,-80.183915,0.268176
-27.895909,-260.180753,-91.515765,0.701428
-43.186006,-161.809442,-82.323620,0.323080
-38.396661,-183.086091,-88.076637,0.000001
-23.575302,-231.425825,-91.303045,0.865457
-21.350919,-348.582252,-64.324530,0.127497
-29.331581,-133.962685,-66.583345,0.300171
-38.258425,-152.937743,-88.627646,0.170672
-27.941066,-121.567734,-68.806074,0.232120
-36.005637,-136.947290,-79.678836,0.261423
-22.428481,-130.053781,-70.619900,0.191722
-53.427379,-156.436798,-93.458152,0.106078
-34.141891,-372.856181,-83.983661,0.114216
-18.851391,-377.654679,-68.331373,0.194501
-32.684377,-148.530285,-86.757806,0.194124
-25.712370,-286.547106,-81.981417,0.009135
-44.138576,-190.148861,-92.708205,0.521755
-24.674951,-345.066225,-84.547280,0.107389
-39.416527,-372.813465,-68.970770,0.262581
-36.715178,-371.664907,-73.865070,0.214379
-32.493020,-229.778747,-87.834953,0.482639
-25.374950,-379.519344,-91.461325,0.106577
-30.023603,-165.177930,-88.168110,0.576810
-26.253888,-378.635321,-82.677265,0.161536
-31.887653,-374.150465,-66.439859,0.017682
-21.266985,-323.899361,-79.999273,0.000001
-28.889042,-234.157549,-88.734125,0.045702
-31.586197,-209.849940,-86.390950,0.143778
-29.082059,-378.563037,-85.491667,0.155792
-28.374694,-376.847388,-88.015398,0.105933
-22.020308,-139.802223,-68.317050,0.206050
-26.634887,-378.867807,-69.734452,0.192731
-50.661967,-161.748170,-98.960439,0.216676
-31.626780,-356.703675,-63.310867,0.201741
-40.562026,-374.268223,-97.217956,0.210155
-18.355542,-354.807775,-78.211712,0.138650
-36.539252,-146.560396,-84.314132,0.134282
-18.403797,-303.270945,-74.484360,0.295655
-35.680560,-153.064441,-87.988451,0.143266
-18.439241,-340.002922,-80.528285,0.083289
-19.571503,-338.472182,-80.600334,0.047082
-31.586946,-211.855105,-94.426114,0.851522
-21.335222,-231.493390,-86.577323,0.748473
-21.218124,-292.116286,-82.203651,0.000001
-21.910511,-289.865207,-81.186694,0.000001
-26.909281,-247.274795,-83.340772,0.135945
-41.313667,-141.986185,-77.034242,0.279495
-47.895855,-161.862619,-90.541276,0.074460
-30.531711,-375.452009,-56.189750,0.076862
-31.127730,-373.120687,-57.078186,0.062993
-31.781520,-366.000539,-59.386377,0.229120
-42.942697,-379.705197,-61.852376,0.185720
-18.455606,-333.612713,-85.912461,0.147637
-26.738215,-207.096083,-88.238727,0.255225
-33.904743,-155.970831,-87.980644,0.135789
-33.946665,-153.831478,-85.997719,0.147022
-23.188515,-342.504161,-63.726377,0.107152
-25.644794,-349.650122,-75.131266,0.000001
-30.441744,-140.589461,-75.432727,0.327058
-30.480952,-354.253824,-58.978401,0.173853
-24.029983,-362.352664,-72.519684,0.188850
-27.126496,-346.404549,-55.489826,0.322934
-18.217621,-295.847981,-72.590570,0.668228
-36.661097,-365.539357,-52.824558,0.239091
-54.284726,-148.038812,-89.441961,0.143659
-25.589798,-379.169297,-88.483155,0.124489
-20.215582,-313.663041,-73.095188,0.036833
-30.636062,-141.215189,-72.294686,0.299392
-21.300022,-378.315140,-63.561111,0.161528
-23.073006,-369.673437,-89.089921,0.181786
-39.101295,-151.360692,-86.438959,0.154603
-34.117464,-209.133588,-89.058902,0.235928
-18.351397,-346.523649,-78.053111,0.089885
-29.092450,-370.965626,-69.174025,0.037180
-22.730355,-371.258228,-86.136599,0.161281
-33.384383,-136.497248,-86.881487,0.225487
-45.363207,-372.100471,-50.071842,0.127427
-23.892466,-303.275343,-85.016108,0.014883
-34.342335,-365.510617,-76.584034,0.211580
-26.529642,-362.282187,-75.128212,0.185338
-25.423961,-298.079038,-78.695082,0.021098
-26.097141,-296.376810,-78.372213,0.151548
-32.027535,-140.637111,-79.305659,0.290282
-43.206243,-140.822599,-75.763143,0.282311
-36.424672,-131.814282,-82.749369,0.194668
-31.171543,-143.875230,-87.905346,0.514118
-27.969691,-296.356781,-85.698872,0.488056
-28.246785,-239.592614,-84.261937,0.206241
-31.525661,-165.411976,-89.097741,0.476734
-25.427561,-378.375876,-81.052688,0.173650
-26.587093,-240.184353,-83.970783,0.086193