-27.333823,-719.127883,-50.527698
-28.371580,-719.579637,-48.891671
-28.919346,-719.168429,-50.281369
-26.988962,-719.201898,-49.281363
-26.879272,-718.478650,-57.231823
-26.031668,-719.219095,-59.000211
-25.667892,-718.638415,-57.656440
-22.607957,-716.401738,-69.863881
-23.835517,-718.049305,-71.502217
-23.163446,-716.927814,-71.817268
-23.708183,-718.414563,-69.133817
-22.209093,-715.787295,-67.911691
-22.665684,-717.150908,-66.703394
-24.503837,-719.567206,-67.218386
-23.139737,-718.490840,-65.437250
-25.249928,-720.131175,-65.488565
-23.769238,-719.437193,-64.022399
-26.062413,-720.152349,-63.705608
-24.495940,-719.832605,-62.319821
-26.886519,-719.867098,-61.937625
-25.323306,-719.708872,-60.658497
-27.693450,-719.365906,-60.208250
-28.488763,-718.671463,-58.542860
-29.297325,-718.066688,-56.841666
-27.786434,-717.939264,-55.435271
-30.109253,-717.763130,-55.094596
-28.561480,-718.068837,-53.502506
-30.900941,-717.927938,-53.295232
-23.914887,-717.187803,-73.740660
-30.575635,-719.047228,-50.442196
-29.379040,-718.717375,-51.679708
-31.568733,-718.517000,-51.758558
-32.227737,-719.134240,-50.229623
-30.614949,-719.694543,-48.715538
-32.878309,-719.773469,-48.705098
-33.521666,-590.891322,-74.882271
-31.642720,-589.958918,-76.101146
-31.777480,-591.813115,-76.012887
-32.618658,-588.984915,-75.433923
-33.297989,-592.879482,-75.092169
-31.560904,-593.770038,-76.020651
-33.124196,-594.873782,-75.201062
-31.341309,-595.730173,-76.087059
-32.848779,-596.826864,-75.533164
-31.110362,-597.732445,-76.196978
-32.616213,-598.796307,-75.772307
-30.921501,-599.742154,-76.233847
-32.455408,-600.790344,-75.868103
-30.782180,-601.759480,-76.195996
-32.345142,-602.788637,-75.829182
-30.670134,-603.767027,-76.144678
-32.240069,-604.786707,-75.782958
-30.557975,-605.774953,-76.100112
-32.136527,-606.784780,-75.735782
-30.416440,-607.791463,-76.049299
-32.016695,-608.784264,-75.724124
-30.202376,-609.795381,-76.000365
-31.884434,-610.784835,-75.739748
-30.019949,-611.752414,-75.987834
-31.745003,-612.776089,-75.772489
-29.936541,-613.722411,-75.962715
-31.612659,-614.776667,-75.788295
-29.857031,-615.743648,-75.954923
-31.488850,-616.776499,-75.785367
-29.752912,-617.743177,-75.933817
-31.369101,-618.775976,-75.773527
-29.651619,-619.752758,-75.911398
-31.243374,-620.766017,-75.775943
-29.546089,-621.752055,-75.887129
-31.095288,-622.767973,-75.826308
-29.423620,-623.763271,-75.907339
-30.936675,-624.760904,-75.901155
-29.265606,-625.783406,-75.931234
-30.772925,-626.754285,-75.987280
-29.072252,-627.810273,-75.920069
-30.635701,-628.755304,-76.014040
-28.868330,-629.815528,-75.888128
-30.511639,-630.745213,-76.013042
-28.685333,-631.799294,-75.817093
-30.398740,-632.747074,-75.985753
-28.531396,-633.782498,-75.734907
-30.275750,-634.744846,-75.981302
-28.411186,-635.762001,-75.706939
-30.154505,-636.743459,-75.972883
-28.332697,-637.748541,-75.652173
-30.037734,-638.741681,-75.954642
-28.274664,-639.741714,-75.595025
-29.916688,-640.740263,-75.945545
-28.221234,-641.739122,-75.574223
-29.799420,-642.738528,-75.928396
-28.177636,-643.741255,-75.541986
-29.685969,-644.737454,-75.902732
-28.139773,-645.749126,-75.483435
-29.572802,-646.735361,-75.876579
-28.090451,-647.763038,-75.432838
-29.465942,-648.734705,-75.836308
-28.027840,-649.779131,-75.376320
-29.364301,-650.733592,-75.784578
-27.966403,-651.791003,-75.279930
-29.268088,-652.732005,-75.720935
-27.897708,-653.801602,-75.183473
-29.170011,-654.730580,-75.661384
-27.820093,-655.813377,-75.113585
-29.073093,-656.729055,-75.599287
-27.723457,-657.849464,-75.007563
-28.983182,-658.727910,-75.521672
-27.567912,-659.875360,-74.830798
-28.894016,-660.726701,-75.442421
-27.394554,-661.845035,-74.681696
-28.809283,-662.725104,-75.353439
-27.313176,-663.799123,-74.533661
-28.734119,-664.722670,-75.243450
-27.274119,-665.777268,-74.393501
-28.661856,-666.719982,-75.127094
-27.270861,-667.733355,-74.282953
-28.589717,-668.717283,-75.010465
-27.316692,-669.718553,-74.211970
-28.516998,-670.714635,-74.895110
-27.313187,-671.765366,-74.093075
-28.444404,-672.711976,-74.779482
-27.248759,-673.762211,-73.963374
-28.369945,-674.709480,-74.667946
-27.219935,-675.752134,-73.829825
-28.291757,-676.707311,-74.564595
-27.196613,-677.729643,-73.703565
-28.210711,-678.705391,-74.467519
-27.208771,-679.682580,-73.668889
-28.127221,-680.703685,-74.375809
-26.374720,-680.843280,-72.992537
-27.183833,-681.784510,-73.616876
-28.038884,-682.702403,-74.294739
-26.215546,-682.808169,-72.767398
-27.058249,-683.817777,-73.444559
-27.945819,-684.700540,-74.224184
-26.016817,-684.792993,-72.530703
-26.934783,-685.782830,-73.340581
-27.848860,-686.699018,-74.162178
-26.838306,-687.755243,-73.260480
-27.740872,-688.696472,-74.124657
-26.661921,-689.645519,-73.180238
-27.394495,-690.663433,-74.022640
-26.399182,-691.479320,-73.150107
-27.027464,-692.605582,-73.991483
-25.522028,-692.818753,-72.224550
-26.285210,-694.001947,-73.239908
-27.165763,-694.573469,-74.333106
-26.214528,-695.838483,-73.380616
-27.066833,-696.559773,-74.535139
-25.973070,-697.728951,-73.487673
-26.861219,-698.540713,-74.711988
-25.764019,-699.502641,-73.706073
-26.620467,-700.510682,-74.983447
-25.637773,-701.254588,-74.141303
-26.326569,-702.454100,-75.351609
-24.742434,-702.542939,-73.652744
-25.155557,-703.843037,-74.606679
-24.706143,-700.688766,-72.934333
-24.753948,-698.800102,-72.348412
-25.190442,-696.827693,-72.366345
-25.404885,-694.826689,-72.307245
-25.651570,-690.810958,-72.260096
-25.795021,-688.806122,-72.338807
-25.940934,-686.801932,-72.445003
-31.490840,-587.862179,-76.342245
-33.765785,-588.939545,-74.593588
-33.136359,-587.145258,-75.530731
-31.573559,-586.095757,-76.599749
-32.805741,-585.157272,-76.038713
-31.593353,-584.298261,-76.703594
-26.137154,-678.842781,-72.847585
-26.114836,-676.836423,-72.972017
-26.101351,-674.829499,-73.116109
-26.093703,-672.823389,-73.270745
-26.172573,-670.822674,-73.464249
-25.990949,-668.834023,-73.474280
-25.845451,-666.841390,-73.514342
-25.864384,-664.834092,-73.683773
-25.867709,-662.830034,-73.832110
-26.038762,-660.839616,-74.076543
-26.347946,-658.867075,-74.351959
-26.510287,-656.876730,-74.532602
-26.547152,-654.866034,-74.630397
-26.598401,-652.858159,-74.750906
-26.637996,-650.849393,-74.863283
-26.664275,-648.839595,-74.966116
-26.662545,-646.828752,-75.051063
-26.637428,-644.817129,-75.119780
-26.601679,-642.805561,-75.178703
-26.574874,-640.794111,-75.233889
-26.565114,-638.781815,-75.298412
-26.582023,-636.771293,-75.376883
-26.646209,-634.762654,-75.475496
-26.808224,-632.759061,-75.581747
-27.038612,-630.759174,-75.691177
-27.309203,-628.770491,-75.795273
-27.586099,-626.781270,-75.885768
-27.774557,-624.777000,-75.945153
-27.893708,-622.769145,-75.986414
-27.961952,-620.760094,-76.039720
-28.037713,-618.750208,-76.073391
-28.119285,-616.740250,-76.102016
-28.210554,-614.730918,-76.135362
-28.187550,-612.708824,-76.194793
-28.269371,-610.711300,-76.265809
-28.663184,-608.735715,-76.343926
-28.863112,-606.742188,-76.408548
-28.997784,-604.735609,-76.462216
-29.102969,-602.726942,-76.498248
-29.227963,-600.711019,-76.570201
-29.374875,-598.707108,-76.662987
-29.584868,-596.716194,-76.767167
-29.807972,-594.715415,-76.865617
-30.032162,-592.714419,-76.959512
-30.231226,-590.712018,-77.044986
-26.018435,-704.388425,-75.763130
-24.666741,-705.659657,-74.809731
-25.683981,-706.308335,-76.220415
-24.344729,-707.509662,-75.051152
-30.209850,-588.713943,-77.173476
-23.956662,-704.544309,-73.542062
-23.360430,-706.623450,-73.548382
-25.446950,-708.258169,-76.470180
-24.260294,-709.468918,-75.173228
-23.207478,-708.771353,-73.860444
-30.113826,-586.694210,-77.322153
-30.173064,-584.698444,-77.438892
-30.864672,-582.849715,-77.262313
-32.697496,-583.065691,-76.165554
-25.359736,-710.254747,-76.403673
-31.962971,-581.206516,-76.910390
-23.044659,-701.846599,-70.570452
-23.449370,-703.254556,-72.000628
-23.936634,-701.705008,-72.072121
-22.213860,-703.789072,-70.051031
-22.890261,-705.130423,-72.003810
-22.070364,-705.815822,-70.765992
-22.466284,-706.783299,-71.928110
-23.770409,-700.234760,-71.156178
-22.783179,-700.151439,-69.302626
-27.582539,-601.716447,-76.459140
-25.798850,-603.545365,-76.289775
-25.696294,-605.570143,-76.182607
-25.570634,-607.594378,-76.080879
-25.161049,-609.554152,-75.910879
-26.186586,-611.946844,-75.901700
-25.890200,-601.520134,-76.396255
-27.699543,-600.031469,-76.539667
-26.417782,-613.988522,-75.875411
-24.369888,-611.382645,-75.618250
-24.704334,-613.340209,-75.632231
-24.763293,-615.332557,-75.555068
-26.445523,-615.990421,-75.810256
-24.753796,-617.321492,-75.462251
-26.405051,-617.989718,-75.743600
-24.722979,-619.309453,-75.366138
-26.353957,-619.989916,-75.699780
-24.716483,-621.308234,-75.268247
-26.326846,-621.979123,-75.623228
-24.751809,-623.290371,-75.203157
-26.327998,-623.920662,-75.571458
-24.793302,-625.283155,-75.145070
-26.496593,-625.562701,-75.608449
-26.103812,-627.092074,-75.437744
-24.668523,-627.275280,-75.006757
-25.759095,-628.904025,-75.269976
-25.170657,-630.379730,-74.987100
-25.165604,-631.989356,-74.918899
-25.020450,-633.909367,-74.794741
-24.955565,-635.888419,-74.669718
-24.940548,-637.876213,-74.560357
-24.979919,-639.859236,-74.490586
-25.072849,-641.860966,-74.450736
-25.195701,-643.857741,-74.410089
-25.295237,-645.859126,-74.377551
-25.357530,-647.862969,-74.324210
-25.992555,-599.505181,-76.500082
-27.844568,-598.057845,-76.637534
-25.403661,-649.863749,-74.209638
-25.406368,-651.861099,-74.098184
-25.387393,-653.846607,-73.968747
-25.380736,-655.781094,-73.815287
-24.190030,-629.165215,-74.710396
-23.635303,-631.049851,-74.370172
-23.328475,-633.005185,-74.107950
-23.295370,-634.987144,-73.978156
-23.300230,-636.976199,-73.860426
-23.294234,-638.964251,-73.714369
-23.443966,-640.948695,-73.686239
-23.644579,-642.931180,-73.678836
-23.859264,-644.911905,-73.666587
-23.985501,-646.900035,-73.648059
-24.076095,-648.888150,-73.564034
-24.137884,-650.875710,-73.435900
-24.164650,-652.862755,-73.286114
-24.165917,-654.845905,-73.101887
-25.366155,-657.434216,-73.707255
-24.209168,-656.838472,-72.932670
-24.381413,-658.818451,-72.828765
-24.001164,-660.604126,-72.149613
-23.447690,-662.274823,-71.252194
-23.515680,-664.290526,-71.209883
-23.710272,-666.284927,-71.062913
-23.979762,-668.255560,-71.102202
-24.224131,-670.190861,-71.383373
-24.177508,-672.188030,-71.070880
-24.316936,-674.197170,-71.007713
-24.441600,-676.207186,-70.898860
-24.549133,-678.218603,-70.808207
-24.630994,-680.236414,-70.847122
-24.609029,-682.244934,-70.718925
-24.536335,-684.251595,-70.520191
-24.462180,-686.264318,-70.411706
-24.383953,-688.277164,-70.308069
-24.300335,-690.290972,-70.207215
-24.180315,-692.301677,-70.110685
-24.024565,-694.310433,-70.020718
-23.788781,-696.312034,-69.945048
-23.379706,-698.266744,-69.703019
-26.113186,-597.480732,-76.601287
-28.011143,-596.055543,-76.745920
-22.075217,-701.979862,-68.830732
-26.251188,-595.457928,-76.720235
-28.179942,-594.043088,-76.850556
-26.383613,-593.445299,-76.845475
-28.326407,-592.030691,-76.970746
-26.508908,-591.422788,-76.977866
-28.395508,-590.024690,-77.077320
-26.548526,-589.407565,-77.117780
-28.378147,-588.007642,-77.222140
-26.600236,-587.383086,-77.263352
-28.290414,-585.978303,-77.372778
-26.665639,-585.359333,-77.412823
-27.763490,-583.806996,-77.603463
-22.408568,-708.374652,-72.367750
-21.664934,-707.967456,-70.848424
-28.859401,-582.244693,-77.796364
-29.967657,-580.681457,-77.787874
-31.076766,-579.111965,-77.668412
-29.496212,-574.167332,-78.284508
-27.590172,-572.495065,-78.668777
-26.975260,-574.233826,-78.446597
-25.440331,-572.842445,-78.416612
-25.920164,-570.968585,-78.642020
-28.106054,-570.608476,-78.822926
-26.668850,-569.136098,-78.891817
-28.588782,-568.780335,-78.968880
-30.151075,-569.968191,-78.396191
-29.883137,-571.959303,-78.333232
-28.017047,-575.776548,-78.284722
-26.416865,-575.568355,-78.129042
-25.162530,-574.610210,-78.132974
-26.853815,-577.043836,-78.058834
-25.204818,-576.421769,-77.883114
-23.578647,-575.421352,-77.736937
-23.617008,-573.433429,-78.005713
-23.840445,-571.469989,-78.232249
-27.457004,-567.711124,-79.055498
-30.342885,-568.014567,-78.462782
-28.857744,-566.992332,-79.077982
-24.308560,-569.200309,-78.555178
-25.879273,-567.456031,-78.941933
-27.361843,-566.202155,-79.196532
-23.990880,-566.921512,-78.698314
-25.687053,-565.603995,-79.105753
-23.923696,-564.954126,-78.867610
-25.666880,-563.768168,-79.266702
-27.360447,-564.406758,-79.351227
-28.945166,-565.159620,-79.223823
-30.472144,-566.061106,-78.573005
-23.919912,-563.049024,-79.033506
-25.625987,-561.955695,-79.499530
-27.359912,-562.614138,-79.554367
-28.999145,-563.306096,-79.377911
-30.562004,-564.116835,-78.694164
-23.899328,-561.164532,-79.220288
-25.561506,-560.156742,-79.632556
-27.246443,-560.854570,-79.706832
-28.957200,-561.469199,-79.534152
-30.612700,-562.182754,-78.843809
-27.022887,-559.333174,-79.889055
-28.686355,-559.656315,-79.732618
-30.518051,-560.245068,-79.024480
-23.898556,-559.259986,-79.394021
-25.655831,-558.358037,-79.843414
-27.883954,-557.704329,-80.121894
-30.255087,-558.333671,-79.424980
-29.968140,-556.299672,-79.976902
-27.696612,-555.450998,-80.452701
-25.782147,-556.432188,-80.089085
-23.944431,-557.307965,-79.583969
-23.949171,-555.361017,-79.890226
-25.707978,-554.468729,-80.332234
-27.259624,-553.703651,-80.677773
-29.531558,-553.951702,-80.391800
-25.735311,-552.586732,-80.531837
-27.758224,-552.113389,-80.766278
-30.059111,-551.709699,-80.456898
-28.302944,-550.142263,-81.001698
-25.989864,-550.648142,-80.822909
-30.614853,-549.787864,-80.493710
-29.293980,-548.313043,-81.151304
-26.658034,-548.320139,-81.224451
-31.196636,-548.232166,-80.430481
-30.731660,-546.752864,-80.805307
-28.656482,-546.475063,-81.499438
-26.478548,-545.935444,-81.531304
-23.944757,-553.410885,-80.146257
-24.017887,-551.428269,-80.309154
-24.186384,-549.389638,-80.659575
-24.346889,-547.258080,-80.967174
-30.417173,-544.979585,-81.377398
-28.478347,-544.485392,-81.878363
-26.449199,-543.870773,-81.904794
-24.403324,-545.151378,-81.250565
-24.407388,-543.135256,-81.574665
-26.369970,-541.902424,-82.241827
-28.364750,-542.539393,-82.278460
-24.364888,-541.164854,-81.851540
-26.233988,-539.989157,-82.526621
-28.182567,-540.661504,-82.687044
-24.285005,-539.233108,-82.127438
-26.048905,-538.109284,-82.902074
-27.939839,-538.805048,-83.159559
-24.169857,-537.304501,-82.481712
-25.859502,-536.219202,-83.277066
-27.698981,-536.943053,-83.533083
-24.064728,-535.387392,-82.855487
-25.690551,-534.353198,-83.709897
-27.438239,-535.104912,-83.986766
-23.973929,-533.499945,-83.389649
-25.548453,-532.559443,-84.339012
-27.196933,-533.283270,-84.542110
-26.951509,-531.525848,-85.172190
-25.485405,-530.985233,-84.899725
-23.988928,-531.593904,-84.057417
-26.504775,-529.795209,-85.698502
-24.343134,-529.461568,-84.932708
-22.306191,-530.492197,-83.575574
-22.185300,-528.428208,-84.197629
-23.714909,-527.229388,-85.747099
-25.872371,-527.954387,-86.346950
-25.228890,-525.838218,-87.272923
-22.998602,-525.213809,-86.373086
-21.801756,-526.391702,-84.768214
-30.255785,-543.081747,-81.774148
-30.104535,-541.207702,-82.230427
-29.862300,-539.363441,-82.740947
-29.590960,-537.532462,-83.327955
-29.287578,-535.716999,-83.855874
-28.974495,-533.882917,-84.415304
-28.677031,-532.107087,-85.108179
-28.339147,-530.363577,-85.867122
-27.934924,-528.571067,-86.512030
-27.441667,-526.796412,-87.353179
-29.938295,-576.262173,-77.997769
-28.597706,-577.447694,-78.213244
-22.287197,-532.500726,-82.950285
-22.326578,-534.446760,-82.422253
-22.377058,-536.390761,-82.028011
-22.430196,-538.338037,-81.689828
-22.457832,-540.308566,-81.424870
-22.470604,-542.278662,-81.161955
-22.469237,-544.277688,-80.888147
-22.428716,-546.296439,-80.634203
-22.361283,-548.323943,-80.375348
-22.300169,-550.339106,-80.071480
-22.249971,-552.329551,-79.854941
-22.225520,-554.321484,-79.647872
-22.231910,-556.278072,-79.327608
-22.204351,-558.260058,-79.123918
-22.185982,-560.232619,-78.924789
-22.169653,-562.206489,-78.747430
-22.184686,-564.137098,-78.493716
-22.179261,-566.110656,-78.303743
-22.207016,-568.145893,-78.119390
-22.156498,-570.225681,-77.887819
-22.037478,-572.260696,-77.618249
-21.964571,-574.261586,-77.423936
-23.676494,-577.709508,-77.548375
-21.941901,-576.314383,-77.228558
-25.639011,-578.327406,-77.800117
-27.406903,-578.794266,-77.989450
-21.834693,-578.302884,-77.014825
-23.021587,-579.406256,-77.318337
-24.501333,-579.733244,-77.526358
-26.263103,-580.190859,-77.733394
-30.080924,-577.818123,-77.947411
-29.187032,-579.079474,-77.972007
-28.094712,-580.520229,-77.931171
-21.753135,-580.184317,-76.840574
-23.306777,-581.007118,-77.260208
-25.064972,-581.565655,-77.481826
-26.951289,-581.986635,-77.668766
-23.689491,-582.839824,-77.161834
-21.867226,-582.063566,-76.677245
-25.719602,-583.410626,-77.422823
-24.226224,-584.740477,-77.101005
-22.081435,-584.028846,-76.551918
-22.461835,-586.265613,-76.510611
-24.851054,-586.368788,-77.129207
-24.361251,-588.032136,-76.909736
-21.944327,-588.457240,-76.080544
-23.804089,-590.261856,-76.647127
-21.416299,-590.101570,-75.727201
-21.808097,-591.784226,-75.804983
-24.087699,-592.564178,-76.587596
-21.954080,-593.779141,-75.716449
-24.093718,-594.612886,-76.478243
-21.936244,-595.796430,-75.598800
-24.015279,-596.637383,-76.350404
-21.886156,-597.799226,-75.423274
-23.920450,-598.651514,-76.227167
-21.858049,-599.818966,-75.178684
-23.848459,-600.679975,-75.988189
-21.841171,-601.807984,-74.915253
-23.774816,-602.680315,-75.784656
-21.763973,-603.810887,-74.759260
-23.699295,-604.685131,-75.661349
-21.740817,-605.856115,-74.607506
-23.694890,-606.702309,-75.532999
-21.866045,-608.174961,-74.588975
-23.860287,-608.393112,-75.548227
-23.266347,-610.016481,-75.221663
-21.569832,-610.597992,-74.207172
-23.098540,-612.082665,-75.003290
-21.685009,-612.901864,-74.107798
-20.324247,-611.618383,-72.861491
-20.492343,-613.817155,-72.818561
-23.203010,-614.165818,-74.907063
-21.764762,-615.008897,-74.095355
-20.606264,-615.832936,-72.765392
-23.244170,-616.187880,-74.835232
-21.808744,-617.009867,-74.003218
-20.655338,-617.794335,-72.679131
-23.226758,-618.165679,-74.727927
-21.778785,-618.945040,-73.859348
-20.636461,-619.691133,-72.558332
-21.653439,-620.809810,-73.596430
-23.153868,-620.159105,-74.578783
-21.470400,-622.326896,-73.249171
-22.914247,-622.301457,-74.336316
-20.702991,-621.513806,-72.311925
-20.769673,-623.295078,-72.219201
-21.709027,-623.861427,-73.465845
-27.036268,-525.176458,-88.390926
-25.558398,-524.394867,-88.472374
-24.038024,-524.032150,-87.837121
-23.223845,-624.413345,-74.436740
-20.964891,-625.140498,-72.290454
-22.044132,-625.687291,-73.631510
-23.424710,-626.029808,-74.532004
-21.325687,-627.062229,-72.539325
-22.800947,-627.452654,-74.046782
-26.593261,-523.758694,-89.483755
-25.002682,-522.980159,-89.161868
-31.573092,-577.181966,-77.422938
-31.757765,-575.171218,-77.370458
-31.788308,-573.142232,-77.450267
-31.815117,-571.114473,-77.554168
-31.859818,-569.096963,-77.650415
-31.920166,-567.069736,-77.741863
-32.008368,-565.043593,-77.834300
-32.095318,-563.018173,-77.940323
-32.178187,-560.993493,-78.062051
-32.075621,-558.988822,-78.303912
-31.867451,-557.008571,-78.691762
-31.602482,-555.077858,-79.283337
-31.689202,-553.120084,-79.522029
-32.130058,-551.129156,-79.475611
-32.518681,-549.100056,-79.497088
-32.695914,-547.111393,-79.662346
-32.112918,-545.442139,-80.476339
-21.923830,-629.313974,-73.151247
-22.035774,-631.497638,-72.701341
-21.815898,-633.102529,-72.371079
-22.099342,-634.592335,-72.618308
-22.401411,-636.093956,-72.796579
-19.986821,-608.881930,-72.900500
-19.254577,-610.794132,-71.393454
-19.394947,-612.742965,-71.379741
-19.523399,-614.701053,-71.360231
-19.641120,-616.658469,-71.335859
-19.694679,-618.611865,-71.282309
-19.764027,-620.573264,-71.182852
-19.974309,-622.501889,-70.943828
-20.080099,-624.456432,-70.876529
-20.214008,-626.410170,-70.953583
-20.435314,-628.345722,-71.183443
-20.612924,-630.289676,-71.236261
-20.776614,-632.242919,-71.232116
-20.906904,-634.198121,-71.213559
-21.075784,-636.142864,-71.109085
-22.299769,-637.713301,-72.379073
-20.011872,-606.890819,-73.121665
-20.040353,-604.909188,-73.331040
-20.074097,-602.917235,-73.531677
-20.100012,-600.925966,-73.749503
-20.124435,-598.934828,-73.970602
-20.147367,-596.943820,-74.194976
-20.179338,-594.952035,-74.399747
-20.105138,-592.964527,-74.572257
-19.882219,-590.978509,-74.691035
-19.892728,-588.983143,-74.846586
-20.047927,-587.011879,-75.156377
-20.272073,-585.068460,-75.558922
-20.286121,-583.078270,-75.803518
-20.300030,-581.088065,-76.047940
-20.314018,-579.107785,-76.290573
-20.344075,-577.116153,-76.499305
-20.375168,-575.124432,-76.705763
-20.406592,-573.132681,-76.911493
-20.414900,-571.142952,-77.167969
-20.431535,-569.152495,-77.406166
-20.455092,-567.171377,-77.627792
-20.482009,-565.180035,-77.843658
-20.485362,-563.190698,-78.110287
-20.460490,-561.213885,-78.439432
-20.487180,-559.232466,-78.653699
-20.515986,-557.240931,-78.864936
-20.545712,-555.249329,-79.074395
-20.554724,-553.259539,-79.329325
-20.567050,-551.269458,-79.576980
-20.582322,-549.289066,-79.816795
-20.605419,-547.298043,-80.040804
-20.624374,-545.307383,-80.273909
-20.639600,-543.317049,-80.515198
-20.651558,-541.336946,-80.762287
-20.663055,-539.346939,-81.011761
-20.673724,-537.357003,-81.263054
-20.680883,-535.377470,-81.523328
-20.644871,-533.411577,-81.875552
-20.567759,-531.459141,-82.315178
-20.493973,-529.506292,-82.745339
-20.413870,-527.554105,-83.191290
-21.289091,-638.074387,-70.883858
-22.260983,-639.984237,-71.993266
-20.323785,-525.602723,-83.657951
-21.214992,-524.363101,-85.256904
-22.268452,-523.301958,-86.892969
-31.879025,-543.642237,-81.056736
-23.394407,-522.251187,-88.487972
-31.926258,-541.732759,-81.465965
-31.644056,-539.856537,-81.969118
-31.371506,-538.029007,-82.617784
-31.082318,-536.222414,-83.293004
-30.772782,-534.415771,-83.980618
-30.443176,-532.643462,-84.756576
-30.138167,-530.895428,-85.591152
-29.839488,-529.158722,-86.444655
-29.485118,-527.406791,-87.242606
-29.011799,-525.823334,-88.261154
-28.390254,-524.362168,-89.411831
-21.276802,-640.017655,-70.499867
-21.439164,-641.890835,-70.604858
-22.563202,-642.285552,-72.275319
-21.800543,-643.717282,-71.241329
-22.785102,-644.281221,-72.433670
-21.985623,-645.659913,-71.248231
-22.972783,-646.247219,-72.426750
-22.124609,-647.611659,-71.233772
-23.084371,-648.215891,-72.392759
-22.235657,-649.566142,-71.197351
-23.171749,-650.184656,-72.305400
-22.319053,-651.522147,-71.099670
-23.231206,-652.152883,-72.173675
-22.455544,-653.465021,-70.894858
-23.322508,-654.109290,-71.954117
-22.538936,-655.413718,-70.579747
-23.386689,-656.044007,-71.758584
-22.572435,-657.331909,-70.289417
-23.561290,-657.847133,-71.733613
-23.028952,-658.872369,-70.964129
-23.646220,-659.320134,-71.795856
-27.684503,-522.959277,-90.584502
-26.098782,-522.075644,-90.350386
-23.333019,-660.526959,-71.311280
-24.595579,-521.105423,-89.949488
-24.889533,-718.285427,-51.862612
-22.866605,-717.201768,-51.584757
-23.947465,-717.144930,-49.205391
-24.092468,-717.590365,-53.717713
-25.726346,-718.743278,-49.952052
-21.592062,-714.112971,-65.244246
-21.961323,-714.557870,-67.106797
-21.753859,-713.026418,-67.277948
-22.230915,-714.402411,-69.193626
-21.522902,-710.959187,-69.541935
-21.065322,-711.046097,-67.605974
-21.949353,-712.514308,-69.097496
-21.206245,-709.443040,-69.258304
-20.625132,-709.013272,-67.623903
-20.334857,-709.740049,-65.798477
-21.047445,-711.920013,-65.847313
-20.481116,-710.971831,-64.163772
-21.000017,-712.758677,-64.246371
-20.692686,-712.260960,-62.649559
-21.199626,-714.270839,-63.279934
-20.717380,-713.670121,-61.518149
-20.186307,-710.454514,-62.195186
-20.308633,-711.844685,-60.841916
-19.992868,-709.240171,-63.655410
-22.087550,-711.497156,-70.991668
-22.424678,-713.253907,-70.838389
-21.863835,-709.697156,-70.979956
-20.421421,-713.367126,-59.618130
-21.071555,-714.859285,-60.287192
-21.366004,-715.597853,-61.968491
-22.732095,-711.918648,-72.456379
-22.543310,-710.125276,-72.485825
-22.948139,-713.700903,-72.513685
-23.471748,-712.303414,-73.847782
-23.362799,-710.560428,-73.865406
-22.730266,-715.069948,-71.150660
-23.600496,-714.015465,-73.996551
-23.257195,-715.510771,-72.980076
-24.096329,-715.602571,-74.637504
-24.399902,-714.128092,-75.233700
-24.334527,-712.676007,-75.121034
-24.282443,-711.109211,-75.150944
-21.950180,-716.362467,-60.188255
-21.262999,-715.068762,-58.428903
-22.589345,-716.797695,-58.467086
-22.019169,-715.985467,-56.744377
-23.457086,-717.264618,-56.714190
-22.896178,-716.743917,-55.036097
-21.793320,-716.126339,-63.888685
-21.869546,-715.800886,-65.878478
-19.758122,-707.720017,-64.521381
-20.198235,-707.464362,-66.267748
-22.257780,-717.266251,-62.105814
-23.080811,-717.959223,-60.232276
-24.066170,-718.177986,-58.303797
-20.260321,-713.176949,-57.887866
-20.820812,-714.479517,-56.489731
-19.948904,-711.557641,-58.999629
-19.833001,-710.022056,-60.258807
-19.724981,-708.628218,-61.679547
-21.464879,-715.512783,-54.918831
-19.450566,-707.333523,-63.171841
-20.668394,-707.217486,-68.007990
-21.162861,-707.592892,-69.429262
-25.073632,-718.091942,-56.376639
-24.630163,-717.786546,-55.043324
-25.207601,-716.350381,-75.896844
-25.205469,-714.832917,-76.092690
-25.227682,-713.313422,-76.272216
-25.293436,-711.784067,-76.337821
-22.153847,-716.407714,-53.265258
-25.605358,-718.069535,-48.505859
-27.386238,-718.788113,-47.787103
-29.224858,-719.170846,-47.064709
-30.617681,-718.792428,-46.589940
-32.400603,-719.007223,-47.379938
-31.938830,-718.143464,-46.110016
-19.064276,-530.529666,-80.864617
-19.770601,-529.607404,-81.816906
-19.004032,-532.553773,-80.718031
-18.937573,-534.578423,-80.585087
-18.868629,-536.603291,-80.457599
-18.810042,-538.627253,-80.307376
-18.771294,-540.639534,-80.114975
-18.743363,-542.660814,-79.897454
-18.722475,-544.681478,-79.664473
-18.714384,-546.691078,-79.404774
-18.706708,-548.700642,-79.144166
-18.695348,-550.720472,-78.890268
-18.691814,-552.729673,-78.620566
-18.688038,-554.738486,-78.344171
-18.678603,-556.746634,-78.059727
-18.520468,-558.719013,-77.594612
-18.587528,-560.720144,-77.313406
-18.743559,-562.729827,-77.125169
-18.740900,-564.748897,-76.852173
-18.735791,-566.758235,-76.585927
-18.732423,-568.767422,-76.315860
-18.734937,-570.776094,-76.032880
-18.733906,-572.785035,-75.756961
-19.497731,-574.337692,-76.128372
-18.609830,-574.739252,-75.302917
-19.426399,-575.949645,-75.790614
-19.393595,-577.855775,-75.489804
-18.270832,-576.577884,-74.540932
-18.404897,-578.585970,-74.515719
-19.399510,-579.842665,-75.350868
-18.589759,-580.612573,-74.430438
-19.473042,-581.827148,-75.125394
-18.750363,-582.622933,-74.251185
-19.488377,-583.768877,-74.890837
-18.776876,-584.634910,-74.010894
-19.460504,-585.418448,-74.658025
-18.776958,-586.644654,-73.748425
-18.775002,-588.663730,-73.475090
-18.777518,-590.672334,-73.190903
-19.201909,-593.576208,-73.042881
-19.289463,-595.739336,-72.954015
-19.325168,-597.768968,-72.842451
-19.349525,-599.766852,-72.708620
-18.231001,-592.579618,-71.652981
-18.346872,-594.606920,-71.624982
-18.453381,-596.623637,-71.593139
-18.549246,-598.649687,-71.556076
-18.581543,-600.671760,-71.490214
-19.336546,-601.723131,-72.572414
-19.392622,-603.378322,-72.384108
-19.143577,-528.503892,-80.969368
-19.787317,-528.017920,-82.056096
-18.605329,-602.700988,-71.379284
-19.861155,-526.531461,-82.484340
-19.239864,-526.476633,-81.036834
-19.810683,-524.971052,-82.395974
-18.788026,-604.696769,-71.105225
-18.848415,-606.708211,-70.833435
-18.840157,-608.707116,-70.561991
-19.353551,-524.447851,-81.066103
-20.721442,-706.346165,-55.761553
-20.722813,-708.039974,-55.759779
-20.192301,-706.878239,-57.094375
-21.430449,-707.469655,-54.148686
-21.174365,-705.748518,-54.647770
-21.033980,-709.247808,-54.514864
-20.371414,-709.749452,-55.945910
-20.058857,-708.427661,-57.391670
-21.892774,-705.760240,-53.555322
-21.409875,-704.274189,-54.194182
-20.592726,-704.576376,-55.619717
-19.991664,-705.054632,-57.093237
-19.628993,-707.092332,-58.798716
-22.411148,-704.100733,-52.868726
-20.547316,-711.050538,-54.453678
-29.889841,-715.974026,-45.826059
-31.764860,-715.003143,-45.565859
-31.813573,-716.792236,-45.764387
-33.684344,-715.906575,-45.259805
-28.297191,-700.279183,-50.753616
-30.528757,-701.139436,-49.676806
-28.933598,-702.319264,-49.479981
-30.927915,-702.973759,-48.676385
-29.431093,-704.128508,-48.503584
-27.470424,-703.753573,-49.301581
-26.806561,-702.013934,-50.482672
-30.261683,-699.310438,-50.667470
-32.150026,-700.144718,-49.992617
-32.483003,-701.943610,-49.046810
-28.181605,-705.564403,-48.373201
-29.866728,-705.662454,-47.838646
-31.200709,-704.758248,-47.922445
-32.755334,-703.737396,-48.209598
-32.902194,-705.594563,-47.599808
-31.247930,-706.579993,-47.406896
-29.331720,-707.467357,-47.599649
-32.955027,-707.506458,-47.115001
-31.233163,-708.557318,-47.024157
-27.145961,-707.322226,-48.443083
-29.749698,-709.413644,-47.059451
-28.102377,-709.227331,-47.674452
-32.967948,-709.542763,-46.676110
-31.061435,-710.829264,-46.406653
-28.951307,-710.945924,-46.744324
-27.038731,-710.918864,-47.406320
-26.243837,-709.180378,-48.622350
-26.286854,-705.461479,-49.418223
-25.344987,-707.288363,-49.637591
-24.400330,-709.189796,-49.741658
-25.221864,-710.995033,-48.430423
-26.136829,-712.694812,-47.355191
-27.906328,-712.638833,-46.417565
-29.773224,-712.680054,-46.035264
-31.535118,-713.022840,-45.648423
-33.084945,-711.601041,-45.885041
-28.737073,-698.508173,-51.511250
-30.111707,-697.529598,-51.529664
-31.897081,-698.343116,-50.909235
-33.664593,-699.146642,-50.460191
-33.997246,-700.969482,-49.636546
-34.320109,-702.731606,-48.738287
-34.521935,-704.578163,-48.029265
-34.618790,-706.494595,-47.542779
-34.648393,-708.453494,-47.124358
-34.754261,-710.363434,-46.375915
-27.106577,-714.249965,-46.734351
-28.801316,-714.308690,-46.047841
-30.357806,-714.260515,-45.740471
-33.324186,-713.721976,-45.288790
-34.933508,-712.304016,-45.519040
-35.249924,-714.309504,-45.116929
-27.880599,-715.816696,-46.409956
-26.505453,-715.575180,-47.111667
-25.578050,-714.460437,-47.659036
-24.455883,-712.961666,-48.454395
-25.519673,-703.681112,-50.390032
-24.511825,-705.472705,-50.595594
-23.444332,-711.225578,-49.694678
-23.659846,-707.310881,-50.920335
-22.702338,-709.390506,-51.400484
-30.300813,-717.786203,-46.196058
-28.493841,-717.528039,-46.531392
-26.774436,-717.078089,-47.228083
-25.324880,-716.242587,-47.931662
-24.043351,-714.997891,-48.715775
-22.879221,-713.428163,-49.772053
-22.054887,-711.807415,-51.245539
-21.455216,-710.431833,-52.884170
-21.722377,-708.733647,-53.040664
-22.327003,-707.319527,-52.454065
-23.032051,-705.587615,-51.942369
-23.820245,-703.821215,-51.599236
-24.847538,-702.076126,-51.564959
-25.977713,-700.352241,-51.749449
-27.013606,-698.636764,-52.126078
-28.204810,-696.815093,-52.490821
-30.109419,-695.771185,-52.284616
-31.745292,-696.591035,-51.678741
-31.633329,-695.090792,-52.250070
-28.630823,-694.733881,-53.160263
-30.446782,-694.023302,-52.862677
-33.465433,-697.343090,-51.289669
-33.253042,-695.547027,-51.959208
-32.607720,-693.605708,-52.682088
-30.832394,-692.180845,-53.296817
-28.950956,-692.850839,-53.681430
-32.770562,-691.459407,-53.258649
-31.105346,-690.290115,-53.730713
-39.870693,-539.925593,-64.739194
-39.303360,-539.863434,-62.773362
-39.917886,-538.615272,-63.871105
-39.168769,-541.810061,-63.607401
-29.260239,-690.967206,-54.057700
-39.786201,-541.209900,-65.703158
-32.923245,-689.542651,-53.718405
-39.417141,-542.865994,-65.630795
-31.376036,-688.493146,-54.122674
-38.684068,-543.999767,-63.652755
-29.650567,-689.123067,-54.459089
-39.029576,-544.823871,-65.589877
-32.999431,-687.694972,-54.067327
-38.449588,-546.006671,-63.669834
-31.628589,-686.958607,-54.364296
-38.787411,-546.815253,-65.514897
-30.110715,-687.308638,-54.720223
-38.115316,-547.955634,-63.790668
-30.942718,-685.406815,-54.877247
-38.464510,-548.746604,-65.494377
-32.884926,-685.915574,-54.489621
-37.883530,-549.903304,-63.998815
-32.673507,-684.081401,-54.839711
-38.233916,-550.425229,-65.552588
-31.069306,-683.590673,-55.201581
-37.816232,-552.025113,-64.519833
-26.998216,-695.445522,-53.551777
-37.146904,-551.113871,-62.493979
-27.234809,-693.596416,-54.195616
-27.483651,-691.692430,-54.694269
-27.878111,-689.782818,-55.034173
-28.352289,-687.883041,-55.318845
-28.921957,-685.998955,-55.517518
-29.569270,-684.130615,-55.607438
-29.957119,-682.214394,-55.870372
-32.299249,-682.285964,-55.201165
-31.638374,-680.556724,-55.714761
-34.189999,-680.791149,-55.359914
-32.507213,-678.985054,-55.872550
-34.287262,-682.754602,-55.048555
-34.540569,-684.732613,-54.768664
-34.578167,-686.711215,-54.409729
-34.639097,-688.680174,-54.006937
-34.680870,-690.638840,-53.558772
-34.502817,-692.544851,-52.925917
-34.800565,-694.451991,-52.427625
-35.155873,-696.328733,-51.850654
-35.037201,-698.145129,-50.977261
-34.427903,-678.836356,-55.800409
-32.852929,-677.338498,-56.181527
-34.444340,-676.844720,-56.071001
-33.005885,-675.654712,-56.383506
-34.448328,-674.851405,-56.337748
-33.101165,-674.133800,-56.578890
-30.245224,-680.286488,-56.186638
-30.736067,-678.919523,-56.258753
-31.230750,-677.553817,-56.332897
-31.481868,-676.095579,-56.489235
-31.688985,-674.627545,-56.660556
-34.448999,-672.859361,-56.611400
-31.904771,-672.662940,-56.959964
-34.452776,-670.865070,-56.878750
-32.044351,-670.685963,-57.214485
-34.461599,-668.870324,-57.134781
-32.130278,-668.697683,-57.410598
-34.476135,-666.874083,-57.378410
-32.188594,-666.704575,-57.557159
-34.500972,-664.873958,-57.599837
-32.245626,-664.711579,-57.706540
-34.519845,-662.876330,-57.833841
-32.301575,-662.717683,-57.858432
-34.533544,-660.880149,-58.079066
-32.359754,-660.723578,-58.005190
-34.573806,-658.879615,-58.265531
-32.419818,-658.730330,-58.148154
-34.403588,-656.889423,-58.417829
-32.481526,-656.735930,-58.287406
-34.088319,-654.925511,-58.544677
-32.549035,-654.741023,-58.413925
-32.613891,-652.746348,-58.546264
-34.453293,-652.991025,-58.924702
-34.642704,-651.014129,-59.201260
-32.677878,-650.751749,-58.680514
-34.681171,-649.012811,-59.392766
-32.753838,-648.756102,-58.788481
-34.718520,-647.011592,-59.586728
-32.828057,-646.760608,-58.900267
-34.755819,-645.010363,-59.780558
-32.900832,-644.766235,-59.015089
-34.793412,-643.008128,-59.974121
-32.972110,-642.770998,-59.133333
-34.823262,-641.007564,-60.184544
-33.041441,-640.775931,-59.255850
-34.849603,-639.008316,-60.402772
-33.109115,-638.781010,-59.382006
-34.869768,-637.010588,-60.634180
-33.173765,-636.786352,-59.514800
-34.885865,-635.013203,-60.874277
-33.238994,-634.791645,-59.646321
-34.899407,-633.017050,-61.120089
-33.304472,-632.796915,-59.777296
-34.920741,-631.039110,-61.346183
-33.369362,-630.800248,-59.909840
-34.941614,-629.058241,-61.573943
-33.436124,-628.805406,-60.037996
-34.961857,-627.077413,-61.802844
-33.503094,-626.810546,-60.165698
-34.995234,-625.095437,-62.002917
-33.564843,-624.816143,-60.304858
-34.952164,-623.120486,-62.199883
-33.624770,-622.821899,-60.448020
-34.773002,-621.151501,-62.413897
-33.684614,-620.827662,-60.591363
-34.788517,-619.163036,-62.511086
-33.749296,-618.833056,-60.725050
-34.808683,-617.164315,-62.601126
-33.807331,-616.848868,-60.870028
-34.824298,-615.175241,-62.687500
-33.864690,-614.854849,-61.018828
-34.849553,-613.186771,-62.778241
-33.925321,-612.860543,-61.160444
-34.872079,-611.198129,-62.867745
-33.996723,-610.865296,-61.278414
-34.887422,-609.209038,-62.953995
-34.072517,-608.869664,-61.386745
-34.906492,-607.220180,-63.041934
-34.147110,-606.874137,-61.497713
-34.937749,-605.232085,-63.135394
-34.227543,-604.878099,-61.595858
-34.993196,-603.245503,-63.239813
-34.311250,-602.881775,-61.686819
-35.064740,-601.259929,-63.351525
-34.398022,-600.885183,-61.771049
-35.145928,-599.264958,-63.468004
-34.489476,-598.888181,-61.845004
-35.240297,-597.280812,-63.590057
-34.582628,-596.891031,-61.915229
-35.340123,-595.297007,-63.714582
-34.675905,-594.893869,-61.985182
-35.445678,-593.313561,-63.841702
-34.784626,-592.895344,-62.020990
-35.563874,-591.330906,-63.974549
-34.896876,-590.896523,-62.049291
-35.678524,-589.348028,-64.105790
-35.003870,-588.908107,-62.087758
-35.792082,-587.365083,-64.236536
-35.102293,-586.910441,-62.145451
-35.907372,-585.372246,-64.368465
-35.140761,-584.917034,-62.140475
-35.487003,-583.747937,-63.216325
-36.019839,-583.389232,-64.498717
-34.923972,-582.946872,-61.827514
-35.515238,-582.096435,-63.237927
-36.129850,-581.406065,-64.627856
-35.024729,-580.970789,-61.910811
-35.640392,-580.172023,-63.332808
-36.232677,-579.422448,-64.753741
-35.163623,-578.979366,-62.052337
-35.742120,-578.188884,-63.467849
-36.333594,-577.438711,-64.878760
-35.297151,-576.987676,-62.192638
-35.889978,-576.196773,-63.591384
-36.433420,-575.454907,-65.003285
-35.620694,-575.020051,-62.280101
-36.145401,-574.226346,-63.673768
-36.533705,-573.461131,-65.128416
-35.873805,-573.049280,-62.357927
-36.255131,-572.242029,-63.782812
-36.624892,-571.476785,-65.249027
-35.956683,-571.053028,-62.450707
-36.330214,-570.246378,-63.891260
-36.710258,-569.492076,-65.367001
-36.041599,-569.056612,-62.539253
-36.416423,-568.260639,-63.990526
-36.796898,-567.507446,-65.485552
-36.128496,-567.060009,-62.623211
-36.502744,-566.264373,-64.080805
-36.933821,-565.522457,-65.565006
-36.218624,-565.063123,-62.700076
-36.646076,-564.278523,-64.140892
-37.113962,-563.537126,-65.610281
-36.313516,-563.065820,-62.766482
-36.772166,-562.281153,-64.185776
-37.308930,-561.559242,-65.600437
-36.413711,-561.068054,-62.821247
-36.928005,-560.293431,-64.204681
-37.460906,-559.570862,-65.610242
-36.521528,-559.069621,-62.859279
-37.041180,-558.304419,-64.228614
-35.409293,-699.959577,-50.245150
-35.870656,-701.773236,-49.511731
-36.128052,-703.583530,-48.674866
-36.258951,-705.505132,-48.133638
-36.303963,-707.456906,-47.667870
-36.281572,-709.412030,-47.216678
-33.315663,-717.817500,-45.598494
-36.489662,-711.139001,-46.232679
-36.726628,-712.943660,-45.468871
-34.643543,-717.364510,-45.141207
-35.831257,-716.170667,-45.055340
-36.962481,-714.932818,-45.255578
-37.573037,-557.581996,-65.637432
-36.644092,-557.079761,-62.862122
-37.180124,-556.294888,-64.227388
-22.612424,-715.584367,-50.092511
-21.602905,-714.044512,-51.327660
-26.062729,-697.134848,-53.285046
-25.070207,-698.827248,-53.056647
-24.132032,-700.553800,-52.829542
-23.219638,-702.305808,-52.716528
-20.939687,-712.553679,-52.848691
-37.706319,-555.535620,-65.520297
-36.793267,-555.087737,-62.809439
-37.399406,-554.262098,-64.294034
-36.975900,-553.092691,-62.681621
-37.963544,-553.606062,-65.969027
-37.321245,-549.132700,-62.262648
-37.493286,-547.168003,-61.969795
-37.789400,-545.187876,-61.854482
-38.070045,-543.221119,-61.631417
-38.344196,-541.277696,-61.293734
-38.306447,-551.751496,-66.801050
-38.578086,-549.718441,-67.005805
-38.868827,-547.676581,-67.219613
-38.633576,-539.332983,-60.923346
-39.491576,-538.052431,-62.352220
-39.162019,-545.644874,-67.434133
-39.447213,-543.602666,-67.645427
-39.869234,-541.570727,-67.595033
-40.217002,-539.701487,-66.926604
-40.390635,-538.120142,-65.615162
-40.253688,-536.955947,-63.908103
-38.914809,-537.378859,-60.569083
-39.809553,-536.065479,-62.102213
-39.182493,-535.425498,-60.237098
-20.215136,-711.272493,-57.331468
-20.005351,-709.903166,-58.189714
-20.455488,-712.231542,-56.058050
-20.875490,-713.360822,-54.682542
-21.425606,-714.495591,-53.230727
-19.738315,-708.623855,-59.453402
-22.104140,-715.577103,-51.834366
-19.268531,-707.714876,-60.946229
-17.947983,-555.480622,-77.418881
-17.914433,-557.316697,-77.120412
-17.951056,-553.531145,-77.681595
-17.215165,-554.452800,-76.737853
-17.226469,-556.451126,-76.443455
-17.250070,-558.448227,-76.119411
-17.723582,-561.086410,-75.849420
-16.716946,-560.350233,-74.479600
-16.896999,-562.431552,-74.478686
-17.847276,-563.399864,-75.736720
-17.039981,-564.510534,-74.460648
-17.899145,-565.538732,-75.596719
-17.200807,-566.587722,-74.399348
-18.010328,-567.616126,-75.394481
-17.471033,-568.642233,-74.220331
-18.110539,-569.659364,-75.127248
-17.208251,-552.442261,-76.990754
-17.916404,-551.498435,-77.915046
-17.462827,-570.711690,-73.955775
-18.091136,-571.598292,-74.865872
-18.147227,-573.295704,-74.715146
-17.483920,-572.768735,-73.629959
-17.958969,-574.730054,-74.149328
-17.459039,-574.731302,-73.081781
-17.729487,-576.137230,-73.307629
-17.826131,-577.706517,-73.168826
-17.229536,-576.386540,-71.842032
-17.345714,-578.424060,-71.817284
-17.947593,-579.582940,-73.127724
-17.443219,-580.459107,-71.761036
-18.099277,-581.546471,-73.012249
-17.517815,-582.500781,-71.659782
-18.153188,-583.532766,-72.831535
-17.040176,-550.430644,-77.152689
-17.823930,-549.492854,-78.134272
-17.638884,-584.523123,-71.363958
-18.250150,-585.466811,-72.585097
-17.785488,-586.523167,-71.188635
-18.324018,-587.318515,-72.492510
-16.902374,-548.417688,-77.271289
-17.806180,-547.486167,-78.285318
-16.860255,-546.395001,-77.332702
-17.766977,-545.480251,-78.463948
-16.813680,-544.372035,-77.392096
-17.769748,-543.474103,-78.611126
-16.800026,-542.351129,-77.466404
-17.805937,-541.489984,-78.771550
-16.908808,-540.338070,-77.599473
-17.894288,-539.498507,-78.945034
-17.090281,-538.329187,-77.758892
-18.027458,-537.497845,-79.104113
-17.294702,-536.321926,-77.931999
-18.134708,-535.476244,-79.264314
-17.448701,-534.311449,-78.081165
-18.272045,-533.463853,-79.390572
-17.697607,-532.311688,-78.180772
-18.514843,-531.452840,-79.472451
-18.051898,-530.323052,-78.231179
-18.612899,-529.448427,-79.588194
-18.142340,-528.306235,-78.309860
-18.679171,-527.501156,-79.671787
-18.777750,-525.703114,-79.714669
-17.955764,-588.525759,-71.573570
-18.375218,-589.235448,-72.504544
-18.244781,-526.278614,-78.366948
-18.102182,-590.553271,-71.706273
-18.849585,-524.353844,-79.735182
-18.354785,-524.260100,-78.402928
-48.841560,-513.048773,-74.541222
-49.340537,-512.972647,-72.695748
-49.147880,-511.020059,-74.269315
-49.059235,-514.991878,-73.137771
-49.679576,-514.903556,-71.174883
-48.103821,-513.185410,-77.610205
-48.751215,-511.115396,-76.210332
-48.405463,-511.213198,-78.161688
-48.384621,-513.410784,-76.098113
-47.868793,-515.171237,-77.078737
-48.455580,-515.081101,-75.105695
-49.947394,-512.889598,-70.834708
-49.594464,-510.927205,-72.339613
-50.458248,-512.814440,-68.998564
-50.107976,-514.805306,-69.161791
-50.256451,-510.845746,-70.470745
-50.562308,-514.708349,-67.154632
-51.036072,-514.612353,-65.151778
-51.375404,-512.690695,-66.040268
-50.966110,-512.438182,-67.510850
-51.582883,-510.672984,-66.734522
-50.919032,-510.764332,-68.602256
-36.709730,-515.103315,-93.938991
-37.519111,-513.373386,-95.074871
-35.559055,-513.867127,-94.982609
-38.538906,-514.806146,-93.340329
-39.672918,-513.321555,-94.349314
-38.876719,-511.880587,-95.616451
-37.199718,-511.222033,-96.230152
-35.608145,-512.273483,-95.834891
-33.812683,-514.038806,-94.550789
-34.743852,-515.005992,-93.855534
-33.825340,-512.837485,-95.275177
-40.667370,-511.219887,-95.171967
-41.487763,-512.659937,-93.695970
-40.429064,-514.290152,-92.200881
-39.090780,-509.719536,-96.253110
-32.724289,-514.727233,-93.788939
-32.167009,-513.514919,-94.513639
-42.446356,-513.129588,-91.985121
-42.252565,-514.141467,-90.511719
-40.249348,-515.636565,-90.254333
-38.704144,-515.874314,-91.388273
-37.008236,-516.167281,-92.179762
-35.241447,-515.761366,-92.534670
-33.423665,-515.499468,-92.811129
-43.307405,-511.865134,-92.988541
-44.461432,-512.151026,-90.914413
-41.540652,-515.603380,-88.827572
-43.594119,-513.704790,-89.006711
-42.794154,-515.566966,-87.368435
-45.230381,-511.691698,-88.674989
-44.529643,-513.629303,-87.241979
-44.014423,-515.527783,-85.882065
-45.815053,-511.601393,-86.700330
-45.323732,-513.522542,-85.371181
-44.796477,-515.457654,-84.134956
-46.421429,-511.512259,-84.732213
-45.973346,-513.418401,-83.463824
-45.558234,-515.385740,-82.369546
-47.012442,-511.422313,-82.759768
-46.606450,-513.322388,-81.533777
-46.343199,-515.315166,-80.612675
-47.543029,-511.329152,-80.769932
-47.383266,-513.139540,-79.569624
-35.079639,-510.511456,-96.391180
-36.470979,-509.318530,-96.719556
-31.579152,-515.474535,-93.041777
-30.877044,-514.323409,-93.702463
-42.567087,-510.556423,-94.253872
-41.585096,-509.161710,-95.220109
-40.279911,-507.878634,-95.890623
-37.627661,-507.835506,-96.856932
-33.502554,-511.372681,-95.813272
-31.963565,-512.197027,-95.090349
-30.438726,-512.987844,-94.297136
-29.731120,-515.417943,-93.069759
-29.073790,-514.037493,-93.545560
-47.112424,-515.243594,-78.848454
-27.889492,-515.327393,-92.848005
-29.197011,-510.547739,-94.141003
-30.444581,-509.372741,-95.056331
-29.123389,-508.883276,-94.177089
-30.494336,-511.275336,-94.816251
-31.862825,-510.574489,-95.530256
-31.926262,-509.036251,-95.758998
-33.415974,-509.984446,-96.133737
-33.338753,-508.697911,-96.297170
-29.235382,-512.251349,-93.757421
-28.023887,-511.566327,-93.070093
-28.080532,-509.682434,-93.217149
-34.855287,-509.062610,-96.616111
-34.157557,-507.722095,-96.584798
-32.489678,-507.588422,-96.019469
-31.092375,-507.602731,-95.413160
-27.957474,-513.441785,-92.957410
-35.860914,-507.776487,-96.966023
-29.770494,-507.422307,-94.681831
-28.164748,-507.804982,-93.283043
-28.357719,-505.938112,-93.111063
-16.527263,-558.227110,-74.456572
-27.130505,-521.050585,-91.752993
-29.112257,-522.055008,-91.738261
-28.585966,-520.481268,-92.432102
-25.843384,-520.062432,-90.894849
-27.042295,-518.794254,-91.612490
-29.399625,-518.988039,-92.789685
-30.553466,-520.914357,-92.602981
-28.129555,-517.315286,-92.043559
-30.377933,-517.426695,-92.545438
-31.992416,-519.526581,-92.999296
-32.643141,-517.537022,-92.486536
-33.438032,-518.501306,-92.536417
-34.855699,-517.555768,-91.906985
-43.921158,-525.834972,-61.596507
-44.014768,-526.313280,-63.962883
-43.113134,-527.676911,-62.790447
-43.355656,-528.117299,-65.098176
-37.083082,-527.223877,-83.134106
-37.261443,-529.064339,-81.713647
-38.564679,-527.348745,-81.188785
-38.684426,-529.145576,-79.744024
-44.362254,-526.571569,-68.649014
-44.258192,-526.544894,-66.300125
-45.220502,-524.916660,-67.185375
-44.993421,-524.931645,-65.121200
-39.857480,-540.364266,-71.074970
-39.312667,-542.894577,-71.156449
-39.684690,-542.249891,-69.442057
-39.181290,-544.789979,-69.669125
-43.564534,-528.422421,-67.340111
-43.489168,-528.689098,-69.442437
-37.512728,-532.584004,-79.279429
-37.871535,-534.327178,-77.970228
-38.745954,-532.814435,-77.413146
-36.727005,-534.263099,-79.530622
-36.862958,-536.039257,-78.594932
-37.944697,-535.970510,-77.030799
-38.989148,-534.614361,-76.119501
-37.293533,-537.830340,-77.200068
-38.716688,-536.651301,-75.453158
-39.942600,-535.092303,-74.204535
-39.921289,-533.047186,-75.448596
-39.657695,-531.335154,-76.891635
-38.662700,-530.906011,-78.633549
-37.285728,-530.941509,-80.510731
-35.979933,-533.040968,-81.090165
-35.629786,-535.400937,-80.338064
-35.893514,-537.416524,-79.299405
-36.042360,-539.247829,-78.444142
-37.112872,-539.833825,-76.591061
-38.351777,-538.626157,-75.166448
-39.606250,-537.222714,-73.637424
-40.717680,-535.557354,-72.001333
-39.983711,-538.092976,-71.945961
-39.223351,-539.513412,-73.276164
-38.079100,-540.668127,-74.765908
-35.949091,-541.223823,-77.823701
-36.970464,-541.878346,-76.150687
-38.943190,-541.503228,-72.844493
-37.876515,-542.617451,-74.453549
-38.636768,-543.368107,-72.878333
-40.513054,-537.702217,-70.188325
-40.256219,-539.750349,-69.001729
-37.842051,-544.598890,-73.890906
-38.722000,-544.937630,-71.866633
-36.917423,-543.892173,-75.641079
-35.920966,-543.267339,-77.291161
-36.969661,-545.780848,-74.976813
-37.901248,-546.406619,-73.208625
-38.617066,-546.733287,-71.255101
-35.962445,-545.261591,-76.728296
-36.159910,-546.951093,-75.992098
-37.021760,-547.720027,-74.496412
-37.820365,-548.303282,-72.772042
-34.868230,-542.758458,-78.901639
-34.913485,-544.807819,-78.247582
-38.891507,-547.051649,-69.265562
-38.421412,-548.741511,-70.916393
-35.100194,-547.108020,-77.506120
-36.007033,-548.747267,-75.951605
-36.904525,-549.637675,-74.276976
-37.702841,-550.276313,-72.468897
-34.768212,-540.730772,-79.443238
-34.671184,-538.833340,-80.159033
-34.455393,-536.926869,-80.969532
-40.840882,-533.220583,-73.487566
-40.666030,-531.074034,-75.341095
-34.420644,-534.848420,-81.810967
-40.060207,-529.339540,-77.495060
-35.881360,-531.026138,-82.211505
-34.429117,-532.915191,-82.710728
-39.870651,-527.487999,-79.081077
-35.718508,-529.123542,-83.409711
-34.218519,-531.029345,-83.704973
-41.294560,-535.341006,-69.753029
-41.650147,-533.111755,-71.393509
-41.531806,-531.053253,-73.525917
-41.294424,-529.086122,-75.402640
-41.114141,-527.399536,-77.063610
-42.258545,-530.623491,-72.012710
-42.293780,-528.816233,-73.526288
-42.231501,-527.088974,-75.100127
-42.022337,-533.004038,-69.073032
-42.569624,-530.923755,-70.210579
-38.402792,-525.601846,-82.657774
-39.802303,-525.759838,-80.642951
-41.029454,-525.761790,-78.639838
-42.240877,-525.464721,-76.676333
-43.109258,-528.741146,-71.492985
-43.175297,-526.917512,-73.051267
-43.230365,-525.189528,-74.712788
-42.765964,-530.635642,-68.181810
-43.967957,-526.865017,-70.900888
-44.104507,-525.134712,-72.645253
-44.299629,-523.427194,-74.222963
-43.374598,-523.459640,-76.282613
-42.148217,-524.086148,-78.232664
-41.069961,-524.196218,-80.170048
-39.884715,-524.148718,-82.049579
-36.808143,-525.423415,-84.615856
-38.541757,-523.949681,-83.833835
-35.385663,-527.328877,-84.677701
-33.915775,-529.234474,-84.772813
-43.043355,-522.529733,-78.129567
-42.198114,-522.613639,-79.807207
-41.241105,-522.646039,-81.533080
-40.202895,-522.616894,-83.286981
-39.061972,-522.297423,-84.936826
-37.443637,-523.460976,-85.476165
-33.442311,-527.586750,-85.895458
-34.786688,-525.869000,-86.013332
-35.752437,-524.230062,-86.353638
-36.500983,-522.568294,-86.963174
-37.962466,-521.689772,-86.603497
-39.639532,-520.848628,-86.055524
-40.733080,-521.156321,-84.405568
-41.654392,-521.173958,-82.701576
-42.534634,-521.109581,-80.992039
-43.380173,-521.062264,-79.252379
-44.074582,-521.379904,-77.330367
-44.688920,-521.711915,-75.537235
-44.818890,-525.036828,-70.629262
-45.140751,-523.383941,-72.204142
-45.593804,-521.780083,-73.674421
-45.349676,-524.600093,-68.943719
-45.906274,-523.193501,-70.290237
-46.528571,-521.818927,-71.805276
-40.806803,-537.335204,-67.941851
-41.509538,-534.822497,-67.537516
-42.053107,-532.419472,-66.873001
-42.738492,-530.163532,-66.058636
-46.376922,-523.063126,-68.213331
-46.001811,-523.500793,-66.099077
-41.295556,-519.784489,-85.477271
-42.166643,-519.772836,-83.819741
-42.991823,-519.698228,-82.142378
-43.792217,-519.639906,-80.414809
-44.545062,-519.714604,-78.589355
-45.263303,-519.889021,-76.777482
-45.953488,-520.032292,-74.964845
-47.184087,-521.702196,-69.848768
-46.796005,-520.099803,-73.131045
-47.596223,-520.093061,-71.252566
-46.911028,-522.115742,-66.711620
-47.565847,-521.212231,-68.028405
-48.110925,-519.853111,-69.335785
-33.800197,-546.081435,-78.985334
-33.591477,-544.175791,-79.805839
-33.452907,-542.244515,-80.305142
-33.283407,-540.282315,-80.809511
-33.092610,-538.412100,-81.536046
-32.891924,-536.491265,-82.260092
-32.727071,-534.605427,-83.047780
-32.549912,-532.794415,-83.925843
-32.264510,-531.021448,-84.838300
-31.903999,-529.317898,-85.786569
-40.244871,-519.556223,-87.085969
-38.508334,-520.284266,-87.799278
-36.606593,-521.066969,-88.346635
-35.025140,-522.785091,-87.859046
-33.954772,-524.454935,-87.424767
-32.816251,-526.055859,-87.056752
-31.436681,-527.639718,-86.721458
-40.960271,-536.057290,-65.807529
-41.396022,-533.851696,-65.336739
-41.896843,-531.677898,-64.677154
-42.484936,-529.617292,-63.835756
-44.891532,-524.675122,-63.136638
-42.905496,-527.322200,-60.556991
-42.201364,-529.128859,-61.591292
-41.623159,-531.030912,-62.458247
-41.148544,-533.006861,-63.146780
-40.715243,-535.007067,-63.705820
-41.890401,-518.495008,-86.566156
-42.821682,-518.533152,-85.040723
-43.626733,-518.460032,-83.402733
-44.368190,-518.359731,-81.680227
-45.125485,-518.337563,-79.911242
-45.866334,-518.353299,-78.114341
-46.558843,-518.406097,-76.295482
-47.189223,-518.413907,-74.430651
-45.918156,-523.338553,-64.174594
-46.916871,-521.970029,-65.020557
-47.845171,-520.673463,-66.120988
-48.596866,-519.541135,-67.404814
-47.872146,-518.392225,-72.541779
-48.508175,-518.307334,-70.629225
-48.964585,-518.092219,-68.658070
-45.101170,-524.157416,-61.469447
-46.046986,-523.000878,-62.376440
-47.039892,-521.766364,-63.291717
-48.016687,-520.456429,-64.301515
-48.886463,-519.179495,-65.432782
-49.430376,-517.855671,-66.656305
-40.894581,-518.284436,-87.920724
-39.392497,-518.774539,-88.704245
-37.707154,-519.324879,-89.432012
-43.595919,-525.664344,-59.327545
-44.798712,-524.294765,-59.845041
-46.091152,-522.814104,-60.466409
-47.135841,-521.585336,-61.449360
-48.210871,-520.382278,-62.512514
-36.009718,-519.997007,-90.017467
-34.718816,-521.600991,-89.272029
-49.118614,-518.970773,-63.543614
-49.859352,-517.605439,-64.613905
-50.266510,-516.218080,-65.866509
-49.779439,-516.376247,-67.913934
-49.393348,-516.556605,-69.933461
-48.851578,-516.667687,-71.893079
-48.237130,-516.734308,-73.822899
-47.687926,-516.803463,-75.754960
-47.076841,-516.877292,-77.632915
-46.297160,-516.879631,-79.420313
-45.519366,-516.911094,-81.189815
-44.770281,-516.983291,-82.951971
-44.037650,-517.074704,-84.688747
-43.130701,-517.102889,-86.307620
-41.936700,-517.019834,-87.742213
-40.513768,-517.136886,-89.142836
-38.825294,-517.468835,-90.086802
-36.946456,-517.866513,-90.899647
-35.140579,-519.118016,-91.344440
-34.155981,-520.750359,-90.723111
-33.910194,-548.222514,-78.492695
-34.981039,-549.492718,-77.216947
-35.828114,-550.847163,-75.627863
-38.608341,-549.158341,-68.952779
-38.187011,-550.746739,-70.550036
-36.772489,-551.591103,-73.991094
-37.613233,-552.234228,-72.057677
-36.860198,-553.344693,-73.573016
-35.702642,-553.166456,-75.426716
-34.727385,-551.684112,-76.964704
-33.695255,-550.332451,-78.369643
-33.273708,-523.081360,-88.744965
-32.106915,-524.606845,-88.302202
-30.879594,-526.034065,-87.756611
-33.336523,-552.262119,-78.342765
-34.363460,-553.711545,-77.074620
-34.971942,-555.391255,-76.074774
-36.291109,-555.030497,-74.155301
-37.392838,-554.423602,-71.925017
-37.995844,-552.785102,-70.209641
-38.355653,-551.206777,-68.653342
-45.846450,-522.791618,-58.636840
-44.430333,-524.092745,-57.934618
-43.001822,-525.284865,-57.262431
-42.336597,-526.929057,-58.411205
-41.721615,-528.628183,-59.435422
-41.229997,-530.481302,-60.266800
-40.689837,-532.327149,-61.001472
-40.263230,-534.209872,-61.605410
-32.831404,-522.067644,-90.246457
-33.484898,-519.924687,-91.977642
-32.259529,-521.026814,-91.707597
-31.505096,-523.340593,-89.696008
-30.973309,-522.200777,-91.152964
-30.257850,-524.598046,-88.997461
-43.696714,-523.649209,-56.068113
-45.379906,-522.656870,-56.739386
-47.194715,-521.437098,-59.502270
-47.018051,-521.423654,-57.611079
-29.626372,-523.288072,-90.346510
-32.927512,-554.004747,-78.408525
-33.373281,-555.666317,-77.725195
-35.663793,-556.945151,-74.922851
-33.913589,-557.528151,-76.976887
-35.144873,-558.824470,-75.349952
-33.683331,-559.692278,-76.935745
-34.831282,-560.837134,-75.520223
-33.508508,-561.854708,-76.828546
-34.589664,-562.932189,-75.505687
-33.353636,-563.958328,-76.731790
-34.430852,-564.942447,-75.355767
-33.241992,-565.992414,-76.617911
-34.293638,-566.923545,-75.207830
-33.074287,-567.990598,-76.437591
-34.145194,-568.893375,-75.045221
-33.006140,-570.006666,-76.331159
-34.071910,-570.868884,-74.933887
-32.963863,-572.034004,-76.229906
-34.078794,-572.860752,-74.882173
-32.976952,-574.146866,-76.186863
-34.103628,-574.845676,-74.873109
-32.926830,-576.397120,-76.133301
-34.153551,-576.680238,-74.670454
-33.474952,-578.434308,-75.467554
-34.356142,-578.436510,-74.224882
-32.374041,-578.797633,-76.582593
-33.086518,-580.663906,-75.800491
-34.096752,-580.166208,-74.495666
-46.488808,-521.371549,-55.797887
-44.530457,-522.206970,-54.835984
-37.862263,-554.576581,-69.719926
-38.137610,-553.164312,-68.142175
-45.916718,-521.019318,-54.199364
-36.917185,-556.513213,-72.674413
-37.315685,-556.216606,-70.894765
-37.654197,-556.254440,-69.042356
-37.886378,-554.895358,-67.546953
-33.855243,-582.059601,-74.813595
-33.644412,-583.931320,-74.905882
-36.382540,-558.297991,-73.212146
-35.898281,-560.130721,-73.678885
-35.496965,-561.999796,-74.025487
-44.792690,-520.896728,-53.121630
-43.292331,-521.651283,-53.087638
-42.612142,-523.062334,-54.376885
-41.992386,-524.617628,-55.519126
-41.459352,-526.316095,-56.478328
-40.941410,-528.052381,-57.387587
-40.432016,-529.807467,-58.269314
-48.281406,-520.271533,-60.688877
-49.417907,-519.082321,-61.779482
-50.196974,-517.443043,-62.589175
-50.721242,-515.953330,-63.728000
-35.384904,-563.933704,-73.912771
-35.284646,-565.867481,-73.790043
-35.188748,-567.811530,-73.668892
-35.116585,-569.757065,-73.558494
-35.056432,-571.693350,-73.453935
-35.014461,-573.640774,-73.357215
-34.966125,-575.587800,-73.257612
-34.917248,-577.524791,-73.158162
-34.877461,-579.472352,-73.062431
-34.768541,-581.390355,-73.197649
-34.577839,-583.289961,-73.592135
-40.004022,-531.664802,-58.956760
-39.591592,-533.540487,-59.604163
-48.531568,-520.169277,-58.544279
-48.228906,-520.199042,-56.436397
-47.382263,-520.175686,-54.452840
-33.616305,-585.721167,-74.849356
-37.721812,-556.688076,-67.276187
-34.420450,-585.234466,-73.695970
-46.194168,-519.890824,-52.675589
-34.154220,-587.117798,-74.029319
-43.934270,-520.162871,-51.873117
-45.356585,-519.254217,-51.714738
-44.497072,-518.502426,-50.858006
-19.775948,-522.743274,-82.016990
-19.966763,-520.491877,-81.074241
-19.417024,-522.351419,-80.287886
-20.307192,-518.355843,-79.593574
-19.553512,-520.330724,-79.206735
-20.347783,-521.490552,-83.238964
-20.751614,-519.707469,-82.462559
-21.335015,-520.043173,-84.115825
-21.709766,-518.193164,-83.061639
-20.910824,-518.230315,-81.230452
-19.859027,-518.329322,-77.825313
-19.162280,-520.347940,-77.465746
-18.878253,-522.249197,-78.657742
-20.214338,-523.454211,-83.842152
-21.295527,-522.097950,-85.204618
-22.029380,-520.086552,-85.667450
-22.450847,-518.362646,-84.862633
-22.351306,-521.216094,-86.996236
-23.135661,-518.867692,-86.785164
-23.484753,-520.319324,-88.297123
-24.300594,-518.633794,-88.443444
-18.575397,-522.340565,-76.929645
-24.695300,-519.714339,-89.567625
-25.652386,-518.600847,-90.165642
-25.311753,-517.341887,-89.218349
-24.360125,-517.235821,-87.435472
-18.828959,-520.359725,-75.768067
-19.526959,-518.480623,-76.112640
-18.274144,-522.192101,-75.036231
-17.992384,-524.128685,-76.319559
-23.544102,-516.872763,-85.627846
-22.748827,-516.639017,-83.789331
-21.981291,-516.515270,-81.928280
-21.332167,-516.373337,-80.022932
-20.772780,-516.383387,-78.088081
-26.576381,-517.345344,-90.755344
-20.259513,-516.565413,-76.151222
-17.843135,-524.003595,-74.209002
-37.686059,-504.119807,-51.582019
-39.345568,-503.757352,-53.833366
-39.303702,-504.489905,-51.753496
-37.400854,-503.175512,-53.852639
-36.037993,-503.706016,-51.543680
-35.409573,-502.664725,-53.741098
-34.400843,-503.304107,-51.531063
-33.404209,-502.197228,-53.695199
-41.138787,-504.517649,-53.170689
-29.977453,-501.357807,-54.556050
-30.749517,-502.910209,-52.087238
-29.056862,-502.752051,-52.874874
-31.702839,-501.748078,-54.128914
-32.547684,-503.062462,-51.657328
-28.223904,-501.063650,-54.928921
-37.199490,-504.726447,-50.222966
-39.091617,-505.033774,-50.522973
-38.556877,-505.917141,-49.303145
-36.535502,-505.730239,-49.089997
-40.513091,-506.033323,-49.902655
-40.992552,-505.145941,-51.441413
-35.323728,-504.444199,-50.178033
-34.479829,-505.590282,-49.197039
-33.366591,-504.262053,-50.360782
-32.416674,-505.559670,-49.646755
-42.277188,-506.158314,-50.782771
-42.786948,-505.339949,-52.635409
-43.882534,-506.362357,-51.746311
-44.902992,-505.828691,-53.514890
-46.051990,-504.916476,-57.363426
-47.919884,-506.371558,-56.178067
-46.471088,-505.954649,-54.893523
-47.872384,-505.671193,-57.822840
-44.451159,-504.785467,-55.916972
-42.804297,-504.666247,-54.531658
-49.200719,-506.804470,-57.854437
-47.366407,-504.899880,-59.044746
-48.881489,-505.711237,-59.464424
-33.591849,-507.012630,-48.698245
-35.738045,-507.039570,-48.306516
-37.925847,-507.114649,-48.383535
-40.073574,-507.218462,-48.816883
-41.909742,-507.322223,-49.452259
-43.634990,-507.444336,-50.306875
-45.192659,-507.557874,-51.473101
-46.840692,-507.700171,-52.911138
-48.317034,-507.845996,-54.523290
-49.495669,-508.002619,-56.343017
-31.318764,-504.351582,-50.798179
-50.302761,-508.137575,-58.376132
-50.162461,-506.714763,-59.713388
-31.580536,-506.945718,-49.534900
-30.359350,-506.023415,-50.326727
-29.322532,-504.941108,-51.181757
-48.386018,-504.784868,-60.950090
-49.801686,-505.596350,-61.259820
-49.176792,-504.817135,-62.950396
-45.711110,-517.434405,-51.560487
-46.632076,-518.118480,-52.597236
-47.683536,-516.642541,-53.635786
-48.404780,-517.181540,-54.895551
-47.377738,-518.582385,-53.754010
-48.550139,-515.019388,-54.496148
-47.331655,-514.826844,-53.129776
-45.952351,-515.536853,-51.700032
-44.712238,-516.683981,-50.641757
-46.786864,-516.463864,-52.481435
-46.349020,-513.759882,-52.097565
-44.834324,-514.842205,-50.605054
-46.691133,-512.060623,-52.310127
-44.947884,-513.006293,-50.677382
-48.497642,-511.083174,-53.871464
-46.930713,-510.364898,-52.298036
-48.197624,-513.012618,-53.802396
-46.934668,-508.792067,-52.485666
-45.248301,-509.347582,-51.005768
-45.097372,-511.175575,-50.817989
-49.733540,-511.608702,-55.619667
-49.802059,-509.706516,-55.966828
-50.683357,-510.120510,-57.923336
-48.545994,-509.333930,-54.100752
-49.490104,-513.498957,-55.529664
-50.196104,-514.086451,-56.947690
-49.362313,-515.716325,-56.007662
-50.591107,-512.147602,-57.496500
-51.556240,-509.229144,-61.258314
-51.732898,-510.890660,-61.633797
-51.145207,-511.038033,-59.487601
-50.674590,-513.556131,-58.951418
-51.259441,-512.425082,-60.543386
-50.991805,-507.272019,-61.224984
-51.623555,-507.787471,-62.835054
-50.645581,-506.026665,-62.821149
-50.999323,-506.802117,-64.248032
-51.896968,-509.473090,-63.219126
-51.623341,-508.151773,-64.842481
-51.018393,-508.799215,-59.681344
-51.850439,-511.181773,-63.511072
-51.895539,-509.784293,-65.174675
-51.778634,-511.472087,-65.143782
-51.558693,-512.666500,-62.309690
-51.568632,-512.993324,-64.179739
-50.969826,-514.122529,-60.972233
-51.209316,-514.367170,-63.011264
-50.373896,-515.606079,-59.771319
-50.630760,-515.817387,-61.741412
-49.974276,-517.406817,-60.679681
-49.989730,-515.588080,-57.934889
-49.688103,-517.325475,-58.722836
-49.288086,-518.939640,-59.699589
-49.047976,-518.830121,-57.569234
-49.239168,-517.277996,-56.762082
-48.372384,-518.751399,-55.558483
-51.190486,-508.423650,-66.738756
-50.543064,-506.798942,-65.904344
-49.851283,-505.567381,-64.607967
-32.059094,-503.590437,-92.958751
-31.929021,-502.558069,-90.566615
-30.311341,-502.998033,-91.071199
-29.990812,-502.162517,-88.739501
-35.607255,-498.200965,-76.014842
-35.829491,-497.776444,-73.861346
-33.774228,-498.041815,-74.399848
-34.292539,-497.528444,-72.077431
-44.942693,-499.642471,-72.733273
-45.868201,-500.878815,-70.777666
-44.416974,-499.409128,-70.195590
-45.370958,-500.453289,-68.190568
-42.928132,-505.346542,-90.869735
-41.867328,-503.890743,-88.863293
-40.396727,-503.750190,-90.524615
-39.351486,-502.620871,-88.255718
-29.511902,-501.597906,-86.339153
-31.774729,-501.934569,-88.153750
-32.120033,-497.772182,-72.310479
-30.722173,-497.566921,-69.951998
-29.780693,-497.975423,-71.583639
-28.448250,-497.882329,-69.747065
-28.125038,-497.930330,-64.613352
-29.922106,-497.716910,-66.221313
-30.652419,-498.088546,-64.521328
-32.447951,-497.807023,-66.166600
-36.248174,-497.262515,-68.056020
-37.684181,-497.306922,-69.850336
-38.940703,-497.370603,-68.033088
-35.168389,-497.259639,-69.946847
-36.528709,-497.439581,-71.706012
-32.896252,-497.402665,-70.059352
-33.862148,-497.439520,-67.957938
-37.516850,-497.451598,-66.498266
-35.093265,-497.810810,-65.925641
-31.489045,-497.516152,-68.025775
-30.430230,-498.315852,-73.454106
-31.881021,-498.473104,-74.930788
-37.776131,-497.725418,-73.284944
-37.828727,-498.019020,-75.248432
-33.455562,-498.704042,-76.919768
-38.957656,-497.626008,-71.645325
-39.698213,-498.006883,-73.816576
-40.213558,-497.638313,-69.806201
-41.122037,-498.019277,-71.869652
-37.612148,-497.957422,-64.749858
-39.906716,-497.679934,-65.964414
-41.421126,-497.739272,-67.794290
-42.484436,-498.265627,-69.846388
-37.853766,-498.334403,-77.260515
-35.754646,-498.654293,-78.082223
-40.090056,-498.320017,-76.080732
-41.675316,-498.287327,-74.117438
-43.143911,-498.617197,-72.083913
-43.605528,-498.943557,-74.182280
-42.627932,-498.819116,-75.983754
-41.578118,-498.852359,-77.608048
-39.797840,-498.703895,-78.446978
-37.934026,-498.940814,-79.419978
-43.534678,-499.624262,-77.751426
-41.818671,-499.477858,-79.469317
-39.866123,-499.499873,-80.598928
-44.863908,-499.928555,-75.534149
-45.150588,-500.684034,-77.890453
-43.751089,-500.382676,-79.851506
-42.016290,-500.365315,-81.382619
-36.179342,-499.235590,-80.104789
-37.790081,-499.738585,-81.741829
-40.188469,-500.435725,-82.577566
-43.920269,-501.462653,-81.820164
-42.238874,-501.514452,-83.298845
-45.360509,-501.545767,-80.049326
-34.167001,-499.230572,-79.381046
-35.277257,-499.773111,-81.688208
-36.500779,-500.484684,-83.720800
-38.569826,-500.673417,-83.758324
-40.451819,-501.598149,-84.701733
-31.036120,-499.116608,-76.932327
-32.215232,-499.402750,-78.914908
-33.059366,-499.863365,-81.187784
-34.136846,-500.387146,-83.362116
-38.247882,-501.533351,-85.878078
-35.485263,-501.061866,-85.547416
-46.221024,-500.992905,-73.445974
-46.287738,-501.403008,-75.864392
-46.513326,-502.059179,-78.099841
-46.728177,-502.864152,-80.138197
-45.592197,-502.743915,-81.940147
-44.198646,-502.756577,-83.601983
-42.615861,-502.748461,-85.197248
-40.868642,-502.660333,-86.725742
-47.416982,-503.042180,-76.286441
-47.661635,-503.599918,-78.364279
-47.831752,-504.219189,-80.161491
-47.074069,-504.097630,-81.870601
-45.983880,-504.113860,-83.574715
-44.688389,-504.054390,-85.314775
-43.242409,-503.960333,-87.073098
-36.793524,-501.846176,-87.570298
-30.241836,-499.673026,-78.779071
-30.966805,-500.043640,-80.779351
-31.842765,-500.475878,-82.884443
-33.021135,-500.939063,-84.984985
-34.012633,-501.607426,-87.290543
-29.569235,-498.991947,-75.333756
-28.530084,-499.665971,-77.469797
-28.860895,-500.196948,-80.080568
-29.619527,-500.622094,-82.313818
-30.549848,-501.025582,-84.406774
-31.693048,-501.412716,-86.249335
-26.999336,-500.474914,-79.476912
-27.587051,-500.869143,-81.806501
-28.415823,-501.216563,-84.037415
-33.703491,-502.334736,-89.714674
-35.603272,-502.210621,-89.117089
-43.632865,-498.912253,-67.774358
-47.209843,-502.644603,-74.003679
-47.001578,-502.435927,-71.517701
-46.711446,-502.217411,-68.911361
-42.189506,-498.604295,-65.755731
-44.264735,-500.090838,-65.698174
-46.101323,-501.786178,-66.473965
-37.905075,-502.769309,-89.871790
-44.207428,-505.397233,-88.808384
-45.312922,-505.575929,-86.819780
-46.434322,-505.680305,-84.924293
-47.377856,-505.718355,-83.035422
-48.126707,-505.736485,-81.098685
-48.503977,-505.431923,-79.015542
-48.251700,-504.844688,-76.952780
-48.036866,-504.370613,-74.740045
-47.942821,-504.083004,-72.378628
-47.774745,-503.904755,-69.872797
-48.633522,-506.165730,-75.607877
-48.562535,-505.836668,-73.384299
-48.603258,-505.628090,-71.091680
-47.642446,-503.651060,-67.250361
-48.687036,-505.439976,-68.778383
-40.003842,-498.663778,-64.160515
-42.037987,-499.714268,-63.863337
-43.487546,-500.897210,-63.454240
-45.141369,-501.710259,-64.167197
-46.870323,-502.964496,-64.834452
-35.505509,-498.384735,-63.757559
-33.162557,-498.270655,-64.331541
-28.398935,-498.677860,-73.382913
-27.775402,-498.371869,-71.572622
-29.161699,-497.618767,-67.991696
-37.800712,-499.026622,-62.977724
-39.919818,-499.903329,-62.388379
-27.387762,-499.398245,-75.257593
-26.152960,-499.086672,-73.039314
-26.433731,-498.536048,-70.391024
-26.945477,-498.112226,-68.238203
-27.510116,-497.956241,-66.355669
-28.868836,-498.142527,-62.920915
-31.271489,-498.532963,-62.763149
-33.573831,-498.847356,-62.389972
-35.766288,-499.389054,-61.854648
-37.868803,-500.211060,-61.195159
-41.751741,-501.049820,-61.971394
-39.848280,-501.214733,-60.637981
-43.706149,-502.259859,-61.888620
-45.813586,-502.943847,-62.681738
-41.809085,-502.298989,-60.276909
-39.963077,-502.372155,-58.878868
-38.009288,-501.324953,-59.358657
-35.983039,-500.385764,-60.023030
-45.035458,-503.324622,-60.887244
-43.566528,-503.265245,-59.734654
-41.964591,-503.320985,-58.400770
-38.181294,-502.293393,-57.411018
-40.342833,-503.152259,-57.009842
-36.216313,-501.287801,-58.278694
-26.311149,-500.197859,-77.334947
-35.980032,-502.872806,-91.183320
-38.446591,-503.642181,-92.011277
-40.833823,-504.706841,-92.618694
-33.974919,-503.039476,-92.069901
-36.375386,-503.645597,-93.243718
-38.716321,-504.580535,-94.068328
-34.289481,-504.030947,-94.150757
-36.497133,-504.781029,-95.160628
-25.315908,-499.993124,-75.254199
-28.566216,-502.839425,-89.585404
-27.967893,-502.288725,-87.508364
-27.190032,-501.876368,-85.513363
-26.338678,-501.647987,-83.452261
-25.653549,-501.412778,-81.339270
-24.983073,-501.232385,-79.299715
-24.244777,-501.074157,-77.341750
-49.094892,-505.386712,-66.688164
-48.332816,-504.270647,-64.999444
-38.511385,-506.096468,-95.837753
-40.645893,-506.053780,-94.578534
-42.537946,-506.453376,-92.969126
-33.908200,-499.687307,-60.545387
-31.774331,-499.180946,-60.958647
-29.563987,-498.682552,-61.208539
-34.222797,-500.549682,-58.755668
-32.238583,-499.968314,-59.162789
-30.201558,-499.450373,-59.485486
-24.802841,-499.303829,-71.206186
-25.191725,-498.902834,-68.828689
-25.477579,-498.682865,-66.706030
-25.738548,-498.417287,-64.856007
-26.413691,-498.381390,-63.075106
-27.224392,-498.637966,-61.414787
-28.053983,-499.154190,-59.725456
-47.630008,-503.752397,-62.855591
-46.741102,-503.939031,-60.890928
-45.497014,-504.136359,-59.169458
-43.995363,-504.125215,-57.828063
-42.391432,-504.081119,-56.502417
-38.851059,-503.095776,-55.569413
-40.881168,-503.857721,-55.135319
-36.151968,-501.917569,-56.699042
-34.427806,-501.310227,-57.009042
-32.636596,-500.753302,-57.368080
-30.768534,-500.244038,-57.733863
-28.795699,-499.847450,-58.033793
-48.727223,-506.785058,-77.809674
-48.871100,-507.964824,-76.426004
-48.868160,-507.634875,-74.319337
-49.020989,-507.439920,-72.194131
-48.987995,-509.400325,-75.151034
-49.230414,-509.228138,-73.192405
-49.470924,-507.215002,-70.054159
-49.631366,-509.086696,-71.142470
-49.896253,-507.081045,-67.943556
-50.386027,-508.886494,-69.063356
-36.886714,-502.595238,-55.444333
-34.822573,-502.016676,-55.245453
-33.043929,-501.506822,-55.542584
-31.272735,-501.023520,-55.949701
-29.457649,-500.575801,-56.305826
-48.820155,-509.689586,-77.004601
-48.697283,-508.809446,-78.532805
-48.660800,-507.286769,-79.985769
-48.265968,-507.367474,-82.021120
-47.596673,-507.484878,-83.998485
-46.834806,-507.546532,-85.936670
-46.105843,-507.409519,-87.885005
-45.313773,-507.329727,-89.822985
-44.434769,-507.511686,-91.661121
-29.916668,-504.104135,-92.806809
-28.804817,-503.725332,-91.621568
-23.958698,-499.943286,-73.489617
-23.335488,-501.038491,-75.535549
-30.634591,-504.879869,-94.178342
-32.523671,-504.988447,-95.041164
-34.363156,-505.486107,-95.904375
-36.072197,-506.457786,-96.550727
-23.248557,-500.202680,-70.923720
-23.687638,-499.805080,-69.104126
-42.164953,-507.894199,-94.760651
-43.640628,-508.565899,-93.271805
-23.927941,-499.607104,-67.222423
-23.908280,-499.697116,-65.285922
-24.284658,-499.454378,-63.410042
-24.943552,-499.287137,-61.621255
-25.843387,-499.343853,-59.913398
-26.724443,-499.824378,-58.268068
-27.529932,-500.411656,-56.610229
-27.442399,-503.654597,-90.552918
-26.723774,-503.311355,-88.677811
-25.955729,-502.965519,-86.789092
-25.130176,-502.649691,-84.936756
-24.414509,-502.494464,-83.017019
-23.828354,-502.562063,-81.053936
-23.212487,-502.628891,-79.096591
-22.483816,-502.583419,-77.176563
-48.148216,-509.304300,-80.371544
-43.707910,-508.844352,-50.026341
-41.802323,-508.425645,-49.007597
-39.951444,-509.207922,-48.276003
-42.081553,-509.906324,-48.954951
-43.806065,-510.419563,-49.814208
-40.734570,-510.969739,-48.434661
-42.477699,-511.701679,-49.073106
-43.898401,-512.089430,-49.861314
-43.077656,-513.728062,-49.598071
-42.796302,-517.269061,-49.833185
-42.657751,-518.537431,-50.020377
-40.819541,-518.552313,-49.180646
-43.009261,-515.591800,-49.633616
-41.123898,-516.676095,-48.771137
-41.326607,-514.753370,-48.668386
-41.294775,-512.827009,-48.654225
-16.153525,-555.008663,-72.203726
-16.428124,-556.331240,-74.139925
-16.473573,-554.609741,-74.506984
-16.202136,-556.951755,-72.148442
-16.253475,-558.895017,-72.094395
-16.349650,-552.711176,-74.689585
-16.071404,-551.113425,-72.321533
-16.107919,-553.055760,-72.260770
-16.100094,-550.787812,-74.870153
-16.056126,-549.172425,-72.392028
-16.085534,-548.796807,-74.942088
-16.114310,-546.806909,-75.005350
-16.113057,-545.275888,-72.573231
-16.171991,-544.828385,-75.073630
-16.062448,-547.222771,-72.472597
-16.219188,-542.840137,-75.154014
-16.306163,-541.397865,-72.815618
-16.407503,-540.858171,-75.253351
-16.194078,-543.340901,-72.687133
-17.890512,-525.445384,-76.274455
-17.648330,-527.185931,-76.194837
-17.526986,-527.873919,-73.910871
-17.507781,-529.090586,-76.115063
-17.358960,-531.041828,-75.978423
-17.375243,-529.814461,-73.764199
-17.108003,-531.727969,-73.569401
-17.200598,-533.002280,-75.833661
-17.071076,-534.963716,-75.687483
-16.912425,-533.655619,-73.400636
-16.767362,-535.596574,-73.256881
-16.917976,-536.933858,-75.533407
-16.736676,-538.902850,-75.377416
-16.614994,-537.527089,-73.110545
-16.461077,-539.467508,-72.963108
-17.683124,-525.943633,-74.058805
-17.117081,-574.449453,-71.867992
-16.997536,-572.501923,-71.891140
-16.870348,-570.563915,-71.910426
-16.740164,-568.615719,-71.928753
-16.607337,-566.677358,-71.945485
-16.472515,-564.728872,-71.961710
-16.379798,-562.783021,-71.997012
-16.304772,-560.838351,-72.041645
-17.899980,-524.744936,-73.104444
-17.755647,-526.745006,-72.942173
-18.261751,-523.643837,-72.186150
-18.279173,-522.727239,-73.510207
-17.994801,-525.606935,-71.981920
-17.850679,-527.587956,-71.837107
-18.717937,-520.896550,-73.993602
-18.867821,-519.731547,-72.616155
-18.642802,-521.697350,-72.432348
-19.584714,-517.544143,-74.582956
-20.033133,-516.304095,-74.693805
-19.923356,-515.947372,-73.245585
-19.083930,-519.156243,-74.350628
-17.612777,-528.715644,-72.790208
-17.381600,-530.661577,-72.613514
-17.632838,-529.564345,-71.658568
-17.142847,-532.616931,-72.431125
-17.409051,-531.540449,-71.478870
-16.978618,-534.566518,-72.275326
-17.057165,-535.498533,-71.160851
-16.842312,-536.527866,-72.131999
-16.684159,-538.488095,-71.983163
-16.910409,-537.489401,-71.014667
-16.746561,-539.469200,-70.861137
-16.525528,-540.438530,-71.838678
-16.655188,-541.463533,-70.740043
-16.426395,-542.412247,-71.712562
-16.353992,-544.377761,-71.601148
-16.594194,-543.449768,-70.633111
-16.564210,-545.437943,-70.540228
-16.315437,-546.364734,-71.492643
-16.574145,-547.438616,-70.465031
-16.320810,-548.325631,-71.425970
-16.331332,-550.286377,-71.353291
-16.593542,-549.429881,-70.394520
-16.621396,-551.421675,-70.327840
-16.366324,-552.258461,-71.287900
-16.636605,-553.422678,-70.255033
-16.388059,-554.230027,-71.221987
-16.435223,-556.192985,-71.164483
-16.667733,-555.414676,-70.189836
-16.715777,-557.407734,-70.132303
-16.484731,-558.156407,-71.113636
-16.757636,-559.400404,-70.071968
-16.529698,-560.139010,-71.050500
-16.577113,-562.112096,-70.994686
-16.799131,-561.393052,-70.011469
-16.840354,-563.385682,-69.950845
-16.648629,-564.086485,-70.946170
-16.878848,-565.378142,-69.888986
-16.717587,-566.061043,-70.902310
-16.815859,-568.027199,-70.867961
-16.929983,-567.371393,-69.832853
-16.993759,-569.365434,-69.782448
-16.933965,-569.984391,-70.839374
-17.093547,-571.361730,-69.748358
-17.040308,-571.961164,-70.810258
-17.134305,-573.927189,-70.776385
-17.173965,-573.356813,-69.705492
-17.237195,-575.350820,-69.654839
-17.234726,-575.903225,-70.738112
-17.293514,-577.344395,-69.601055
-17.306926,-577.888714,-70.708159
-17.400542,-579.874144,-70.663223
-17.359473,-579.338574,-69.551638
-17.433888,-581.333281,-69.506053
-17.473868,-581.857869,-70.601414
-17.514493,-583.318376,-69.463670
-17.568304,-583.838738,-70.475444
-17.683297,-585.929510,-70.329938
-17.581633,-585.312628,-69.414788
-17.639589,-587.306305,-69.361746
-17.799496,-588.051596,-70.382540
-17.708639,-589.300677,-69.313730
-17.893591,-589.994751,-70.475636
-18.004588,-591.952523,-70.461932
-17.776689,-591.294986,-69.265261
-17.844012,-593.289250,-69.216462
-18.096557,-593.957919,-70.416660
-17.910012,-595.283425,-69.166954
-18.177330,-595.953640,-70.384816
-18.275155,-597.950079,-70.354553
-18.013032,-597.279928,-69.134438
-18.142744,-599.268096,-69.114303
-18.351975,-599.925614,-70.322813
-18.281460,-601.256826,-69.098247
-18.426905,-601.899732,-70.267287
-18.544619,-603.842305,-70.157845
-18.398440,-603.244197,-69.072344
-18.501411,-605.240691,-69.039695
-18.686433,-605.773303,-70.005303
-18.605928,-607.237282,-69.007747
-18.731532,-607.661368,-69.865614
-18.941769,-610.336930,-70.073039
-18.723727,-609.224704,-68.982215
-18.849802,-611.212644,-68.960432
-19.127228,-612.092962,-70.165070
-18.978600,-613.210754,-68.939485
-19.254317,-613.990994,-70.147882
-19.377729,-615.929182,-70.134236
-19.125500,-615.199997,-68.927137
-19.284313,-617.189985,-68.920186
-19.476726,-617.876204,-70.115493
-19.454043,-619.170656,-68.918579
-19.605068,-619.832786,-70.069493
-19.797390,-621.778685,-69.970154
-19.600215,-621.159853,-68.905902
-19.736289,-623.158419,-68.888250
-19.910457,-623.803108,-69.893159
-19.885371,-625.147798,-68.876891
-20.049049,-625.832858,-69.893556
-20.210869,-627.827659,-69.969593
-20.026178,-627.136660,-68.861782
-20.167712,-629.125567,-68.847003
-20.387672,-629.741699,-70.025654
-20.330163,-631.115783,-68.841701
-20.552163,-631.662612,-70.034158
-20.714622,-633.565528,-70.027060
-20.502710,-633.101630,-68.841171
-20.675184,-635.089473,-68.840529
-20.835084,-635.391497,-69.998288
-21.586770,-644.120011,-70.032815
-21.756530,-646.247115,-69.997568
-21.392947,-645.039640,-68.771007
-21.529679,-647.030247,-68.753973
-21.112627,-641.058998,-68.801929
-20.829305,-637.078168,-68.831492
-20.972803,-639.068198,-68.817563
-21.884963,-648.269371,-69.978460
-21.798596,-651.011175,-68.717844
-21.923614,-653.003049,-68.695423
-22.104428,-652.155579,-69.859472
-21.669540,-649.020049,-68.738395
-22.001191,-650.232843,-69.938102
-22.248720,-654.034471,-69.723221
-22.302822,-655.876452,-69.578033
-22.048486,-654.993914,-68.672976
-22.178270,-656.985086,-68.652754
-22.315002,-658.975692,-68.635719
-22.807303,-660.032675,-69.864236
-22.562771,-658.405039,-69.653311
-20.558153,-705.844442,-66.896067
-20.151692,-706.086793,-65.600558
-21.501340,-703.654211,-68.294106
-21.611820,-701.915988,-67.456832
-21.017921,-705.398789,-67.982820
-21.070807,-703.855685,-67.194994
-21.114073,-702.330430,-66.339288
-20.641680,-704.264895,-66.152681
-22.154333,-700.223088,-67.757242
-21.530659,-700.374952,-66.226742
-22.648396,-698.547710,-68.168483
-22.015790,-698.519066,-66.642096
-23.116616,-697.043296,-68.677476
-22.499734,-696.677262,-67.218319
-23.315200,-695.395479,-68.670861
-23.556400,-693.515832,-68.808025
-23.099002,-692.761615,-67.646570
-22.839412,-694.727628,-67.453604
-23.734948,-691.551642,-68.944428
-23.303827,-690.785381,-67.818624
-23.858423,-689.549807,-69.071427
-23.946248,-687.538902,-69.185407
-23.501210,-686.807629,-68.067044
-23.420206,-688.797612,-67.950848
-24.015359,-685.523051,-69.295018
-23.556659,-684.816048,-68.171664
-24.066434,-683.497344,-69.419347
-24.100056,-681.503541,-69.534345
-23.546769,-680.828326,-68.326060
-23.572277,-682.821974,-68.258237
-24.057654,-679.533955,-69.595602
-23.495180,-678.835047,-68.381987
-23.989506,-677.516452,-69.623948
-23.868812,-675.498757,-69.700829
-23.317149,-674.849855,-68.460567
-23.415143,-676.841988,-68.424946
-23.756158,-673.478819,-69.750563
-23.204510,-672.860264,-68.462146
-23.646592,-671.433078,-69.767434
-23.547979,-669.577551,-69.702546
-22.943136,-668.898928,-68.113874
-23.038733,-670.885872,-68.200521
-23.412242,-667.643141,-69.613993
-22.875247,-666.910003,-68.204206
-23.179366,-665.660650,-69.748436
-23.024431,-663.669736,-69.895739
-22.558199,-662.957012,-68.587859
-22.650014,-664.945619,-68.494033
-22.960004,-661.766766,-69.908791
-22.467031,-660.964256,-68.625735
-21.255124,-643.048965,-68.787547
-17.195459,-533.517135,-71.302804
-19.329064,-517.820844,-72.910984
-25.144440,-501.299624,-57.561551
-25.227377,-500.458632,-58.939050
-26.186084,-500.562671,-57.497378
-24.012363,-501.633583,-59.239970
-24.463305,-500.406275,-60.458531
-23.268767,-501.491122,-61.101697
-23.805288,-500.367225,-62.143779
-22.755219,-501.293378,-63.076140
-23.355942,-500.443485,-63.959296
-22.351246,-501.401852,-65.076861
-22.865221,-500.639870,-68.098809
-21.873069,-501.633727,-69.126989
-22.651424,-500.808296,-69.795508
-22.048568,-501.525041,-67.094440
-23.029054,-500.570080,-66.406538
-21.832768,-501.747888,-71.168127
-22.833489,-500.871507,-72.384648
-21.999890,-501.849191,-73.201014
-22.911072,-501.086947,-74.013732
-22.245942,-502.082440,-75.211600
-26.570835,-501.111072,-56.135006
-31.553590,-506.173955,-95.191977
-26.898778,-505.114340,-91.551226
-25.734937,-505.607575,-90.046950
-25.026381,-505.490254,-88.260893
-24.375866,-505.230903,-86.406872
-23.685461,-505.101298,-84.569096
-22.970854,-505.021175,-82.735917
-22.280205,-504.941494,-80.894940
-21.693442,-504.893558,-79.015904
-21.285632,-504.769744,-77.096278
-21.013735,-504.589573,-75.154823
-20.811226,-504.391560,-73.207093
-20.676964,-504.195574,-71.250675
-20.768791,-504.068273,-69.297860
-21.067434,-503.869615,-67.366118
-21.473702,-503.437450,-65.488530
-21.869563,-503.333056,-63.565101
-22.337792,-503.252334,-61.658521
-22.963288,-503.169606,-59.791004
-23.718478,-503.104390,-57.971204
-24.625238,-503.039100,-56.228261
-25.947063,-502.996575,-54.793674
-26.681078,-503.841929,-53.668630
-27.313772,-504.848306,-52.621205
-29.472685,-675.888199,-57.321901
-28.679901,-680.366911,-57.015844
-27.137625,-680.457561,-57.886699
-27.923260,-678.946682,-57.632611
-29.485122,-678.761924,-56.857007
-28.724004,-677.425619,-57.418910
-26.926269,-683.127189,-57.432563
-26.200109,-682.185347,-58.229325
-27.856307,-684.547497,-56.456593
-28.280786,-682.411161,-56.667134
-25.658539,-687.087770,-57.454421
-24.214823,-687.744254,-58.659911
-24.635902,-685.807466,-58.803553
-27.261534,-686.515841,-56.399268
-26.235153,-685.187545,-57.487564
-25.344527,-683.965351,-58.555732
-26.273317,-690.327339,-55.889802
-26.733541,-688.421958,-56.208476
-24.375358,-692.857723,-56.553203
-23.059775,-693.563416,-57.889215
-23.493878,-691.640860,-58.204811
-25.890545,-692.250326,-55.495311
-24.805638,-690.953491,-56.947037
-25.192465,-689.013274,-57.229375
-23.838197,-689.691094,-58.452441
-20.375826,-703.113078,-56.893782
-21.172333,-702.370706,-55.301550
-21.976247,-702.741438,-53.767630
-21.841494,-700.282679,-55.444703
-20.920413,-701.189522,-56.960548
-21.503049,-699.288033,-57.108974
-22.477490,-701.112333,-53.964888
-23.280702,-699.360427,-54.097765
-22.571362,-698.353288,-55.606221
-24.176951,-697.620441,-54.362715
-23.942041,-694.717922,-56.215600
-22.594764,-695.480592,-57.587244
-23.364807,-696.547361,-55.906468
-22.094785,-697.393371,-57.318891
-25.522900,-694.122352,-54.987576
-25.024550,-695.888952,-54.650138
-20.040007,-532.605152,-66.444462
-18.990422,-531.068993,-67.788654
-20.241122,-530.888695,-66.268439
-18.843401,-533.505055,-67.893459
-17.736545,-532.396334,-69.566192
-17.830066,-530.245953,-69.762108
-18.781057,-528.826008,-68.316400
-19.939191,-529.228186,-66.699909
-17.985747,-528.304714,-70.070812
-18.682462,-527.220336,-68.875699
-19.678485,-526.944959,-67.258431
-18.164249,-526.438445,-70.272675
-18.954642,-525.511187,-68.782339
-19.746572,-524.499198,-67.210751
-20.773317,-525.526349,-65.742616
-20.911279,-527.786033,-65.556089
-21.077512,-529.860836,-65.272261
-21.148602,-531.760366,-65.141096
-21.843713,-526.455253,-64.281018
-22.006280,-528.645176,-64.085497
-22.145981,-530.733814,-63.886236
-22.944271,-527.387605,-62.860621
-23.139010,-529.557607,-62.646353
-24.173996,-528.307585,-61.491532
-23.951303,-526.174760,-61.672561
-22.779530,-525.234651,-63.002437
-18.472120,-524.514017,-70.425171
-19.064150,-523.463535,-68.835088
-21.701118,-524.279967,-64.368056
-20.664423,-523.318130,-65.757142
-19.713565,-522.383548,-67.217562
-19.134925,-521.455668,-68.907643
-18.711332,-522.517902,-70.595429
-17.712760,-534.561830,-69.414747
-25.263003,-527.043659,-60.409925
-18.970930,-520.365769,-70.829133
-19.259143,-519.606736,-68.920138
-19.258074,-518.722087,-70.643217
-19.152522,-518.803580,-71.796491
-19.640416,-520.395632,-67.205285
-20.544914,-521.225104,-65.688899
-21.538285,-522.186132,-64.313757
-22.622395,-523.165475,-63.025843
-23.789225,-524.110328,-61.782923
-25.023171,-524.998782,-60.562269
-18.887047,-535.749223,-67.848327
-17.803204,-536.779068,-69.217612
-19.993431,-534.740926,-66.490872
-21.122549,-533.734188,-65.146130
-22.227009,-532.735336,-63.779725
-23.331140,-531.688438,-62.450051
-24.441597,-530.498622,-61.247270
-25.581411,-529.161062,-60.248152
-26.366505,-525.774115,-59.396613
-26.725034,-527.805667,-59.285566
-21.188560,-699.679558,-64.224026
-21.031964,-701.350792,-65.111906
-21.599259,-697.754929,-64.518267
-21.962809,-695.815242,-64.772057
-22.246537,-693.855026,-64.980845
-22.411468,-691.877326,-65.135335
-22.543031,-689.895576,-65.275445
-22.646623,-687.911007,-65.401715
-22.721332,-685.923630,-65.514941
-22.786323,-683.936652,-65.623834
-22.843808,-681.949198,-65.729216
-22.885378,-679.960748,-65.827388
-22.914076,-677.971486,-65.919618
-22.913140,-675.981377,-65.998493
-22.883211,-673.991453,-66.064154
-22.835421,-672.001412,-66.121682
-22.772680,-670.011435,-66.172397
-22.714759,-668.021760,-66.225296
-22.659148,-666.031229,-66.279281
-22.598499,-664.041383,-66.330944
-22.538032,-662.051548,-66.382689
-22.478565,-660.061776,-66.434887
-22.428956,-658.071621,-66.491592
-22.353137,-656.082826,-66.536302
-22.257002,-654.093759,-66.571768
-22.155555,-652.105361,-66.604789
-22.081773,-650.115693,-66.650462
-22.030358,-648.126431,-66.706418
-21.937497,-646.137570,-66.743367
-21.837633,-644.148270,-66.777144
-21.730965,-642.160545,-66.807760
-21.638740,-640.171723,-66.844997
-21.522797,-638.183417,-66.871410
-21.381334,-636.197515,-66.886102
-21.218154,-634.212253,-66.890875
-21.070015,-632.226933,-66.902503
-20.940886,-630.237802,-66.922941
-20.824451,-628.250466,-66.949091
-20.697012,-626.262441,-66.970256
-20.553568,-624.273414,-66.984170
-20.413030,-622.294570,-66.999002
-20.273314,-620.305776,-67.014605
-20.133508,-618.316977,-67.030167
-19.978328,-616.337217,-67.038365
-19.812786,-614.346807,-67.042267
-19.631961,-612.365442,-67.038847
-19.510615,-610.377798,-67.062772
-19.395090,-608.390519,-67.089335
-19.271925,-606.402761,-67.112436
-19.171678,-604.416438,-67.145920
-19.072158,-602.430159,-67.179733
-18.964185,-600.433352,-67.210116
-18.851661,-598.446260,-67.238037
-18.734317,-596.458867,-67.263776
-18.607738,-594.470890,-67.285220
-18.530226,-592.485989,-67.329004
-18.471633,-590.492271,-67.381758
-18.424132,-588.509248,-67.439138
-18.360083,-586.515189,-67.489420
-18.292665,-584.530920,-67.537777
-18.235437,-582.537288,-67.591149
-18.186121,-580.544151,-67.648106
-18.140078,-578.551219,-67.706546
-18.094081,-576.568296,-67.764717
-18.049675,-574.575466,-67.823898
-18.001268,-572.582386,-67.881267
-17.930849,-570.597929,-67.928264
-17.877895,-568.604565,-67.983573
-17.837673,-566.611997,-68.044649
-17.820091,-564.630846,-68.115584
-17.789872,-562.638904,-68.181193
-17.753378,-560.646569,-68.243958
-17.726797,-558.654855,-68.311215
-17.699579,-556.663101,-68.378183
-17.671452,-554.671289,-68.444739
-17.640179,-552.689276,-68.509362
-17.610233,-550.697351,-68.575094
-17.582015,-548.705534,-68.641609
-17.569711,-546.714713,-68.715334
-17.580961,-544.725366,-68.799729
-17.612946,-542.737316,-68.893519
-17.673304,-540.751042,-69.000163
-17.736844,-538.764967,-69.108249
-20.635855,-702.916093,-64.940672
-20.158868,-704.695617,-64.675897
-19.822684,-706.232279,-64.296250
-20.654503,-701.534597,-63.719452
-20.159626,-703.434944,-63.476020
-19.694452,-705.366783,-63.362190
-19.515111,-517.439845,-72.079892
-27.868619,-526.431177,-58.339778
-39.373957,-511.970380,-48.053611
-37.406411,-511.237075,-47.891046
-38.678458,-509.900340,-47.881727
-38.052159,-513.109523,-47.968969
-39.746563,-513.796893,-48.206315
-38.465328,-514.608136,-48.145630
-36.288675,-509.028072,-47.841229
-35.571765,-510.848729,-48.069526
-36.382384,-512.583557,-48.087731
-34.359901,-509.310729,-48.248632
-34.589360,-508.057017,-48.260939
-39.663425,-515.586208,-48.353127
-36.881802,-514.465936,-48.259360
-37.905972,-516.117307,-48.434470
-39.237964,-517.486521,-48.736088
-32.987331,-508.057035,-48.774021
-19.830016,-508.146242,-75.015966
-19.490992,-509.518743,-73.279832
-19.464243,-510.059390,-74.878998
-19.782414,-507.761837,-72.861764
-20.294175,-506.258035,-74.113880
-20.209670,-505.979952,-72.091254
-19.596086,-509.304637,-71.378413
-19.912750,-507.539042,-70.790538
-20.512475,-506.427383,-76.076104
-19.582450,-509.718053,-76.561090
-20.216578,-508.070724,-77.146187
-20.947066,-506.455667,-78.061218
-20.749724,-508.031661,-79.116753
-20.149858,-509.699374,-78.338409
-20.146963,-511.450144,-77.398867
-19.773755,-511.579013,-75.670876
-19.732802,-511.411334,-73.799491
-19.762194,-511.091304,-72.023729
-19.997551,-509.180109,-69.449762
-20.011474,-510.983985,-70.144153
-20.314788,-505.789334,-70.073673
-20.272535,-507.370083,-68.812453
-20.537627,-510.896943,-68.265201
-20.470263,-509.011113,-67.574362
-20.653870,-512.660701,-69.069378
-20.263261,-512.655800,-71.006262
-20.031953,-512.840751,-72.829135
-20.135617,-513.037842,-74.648086
-20.445415,-513.119312,-76.414902
-20.592908,-511.407817,-79.191732
-20.864249,-513.074923,-78.189010
-20.645844,-505.599765,-68.104324
-20.688642,-507.146680,-66.898150
-21.041057,-508.769602,-65.770393
-21.044705,-510.701601,-66.433116
-20.903654,-512.705282,-67.040041
-20.450920,-514.343345,-67.942235
-20.469039,-514.264153,-70.070690
-20.132790,-514.330920,-71.998803
-20.148302,-515.793874,-71.274403
-20.192269,-515.819387,-69.219474
-20.100845,-516.178227,-67.298178
-20.452240,-514.599792,-65.745418
-19.855326,-517.127491,-70.414079
-19.686620,-517.652256,-68.818121
-19.766906,-518.313180,-67.163465
-20.302478,-516.970662,-65.585910
-20.870617,-512.415223,-65.126337
-20.678808,-515.980036,-63.954450
-20.815384,-513.897232,-63.722940
-21.273517,-510.413843,-64.566359
-21.323641,-511.904757,-63.251507
-21.401657,-515.271619,-62.301909
-21.454229,-513.275487,-61.885842
-21.565879,-508.487350,-63.984931
-21.778554,-510.019288,-62.757557
-22.082663,-511.422020,-61.489895
-22.050401,-514.641017,-60.655834
-22.253857,-512.677445,-60.185478
-21.283346,-506.895179,-65.079191
-22.024112,-508.212586,-62.198087
-21.792908,-506.658679,-63.226677
-22.420564,-509.651527,-60.978635
-22.658760,-508.010566,-60.518836
-22.331847,-506.527737,-61.272169
-21.070481,-505.315986,-66.180260
-21.529262,-505.067435,-64.324995
-22.036427,-504.956841,-62.396547
-22.928999,-510.863589,-59.750622
-23.230104,-509.011419,-59.236960
-23.170325,-506.841836,-59.193810
-22.674218,-504.988912,-60.424386
-22.795152,-514.040941,-59.132219
-23.391831,-512.161671,-58.655319
-23.846722,-510.429497,-58.036605
-23.933812,-508.399353,-57.705352
-23.777996,-513.473199,-57.847286
-24.363409,-511.981861,-56.794832
-24.652552,-509.937118,-56.428102
-23.357905,-504.940808,-58.599371
-23.980808,-506.526269,-57.341879
-24.757723,-507.983451,-56.019678
-25.644468,-509.351730,-54.825825
-25.437925,-511.279009,-55.188351
-25.298234,-513.173826,-55.465078
-24.580335,-514.179555,-56.701066
-23.849311,-515.194346,-58.105550
-23.047534,-515.858026,-59.550623
-22.338991,-516.539257,-61.067816
-21.641629,-517.282481,-62.610504
-20.842656,-518.165280,-64.029319
-20.229766,-519.192361,-65.573776
-20.109594,-514.493131,-73.815454
-20.251820,-514.735892,-75.530845
-20.675776,-514.818115,-77.236596
-20.755788,-509.643440,-80.140698
-21.184159,-511.329634,-80.964690
-21.344303,-513.019411,-80.080737
-21.154957,-514.712149,-79.122898
-22.745143,-518.415292,-61.365119
-23.497794,-517.619186,-59.914491
-24.292864,-516.865687,-58.480608
-25.041512,-516.051134,-57.060780
-25.690338,-515.218477,-55.740246
-23.944246,-519.386217,-60.207556
-24.754803,-518.544505,-58.798759
-25.574942,-517.742281,-57.373069
-25.197468,-520.243467,-59.131187
-26.053718,-519.403557,-57.724439
-21.966843,-519.288165,-62.772196
-23.132676,-520.295382,-61.569221
-24.337911,-521.208107,-60.441841
-26.471354,-521.065228,-58.122603
-25.578628,-522.036929,-59.402582
-26.356714,-516.970491,-55.978831
-26.948620,-518.634930,-56.312336
-27.429860,-520.271805,-56.762124
-26.808803,-522.818981,-58.429219
-27.779607,-521.904449,-57.222885
-21.207487,-520.212791,-64.195845
-21.466385,-506.445056,-80.012257
-21.376748,-508.012586,-81.025157
-21.377120,-509.628968,-81.957149
-21.726399,-511.317043,-82.688956
-21.820846,-512.969678,-82.076745
-21.757997,-514.703575,-81.055365
-22.106283,-506.517349,-81.932780
-21.978963,-508.183450,-82.940972
-22.027653,-510.099195,-83.818169
-22.392624,-512.519561,-84.196967
-22.281861,-514.607237,-83.082484
-22.975559,-514.646735,-84.919853
-23.284745,-512.751728,-86.121446
-22.699132,-510.624883,-85.406124
-22.570096,-508.457841,-84.745349
-22.765132,-506.647217,-83.795757
-23.478451,-510.520279,-86.944066
-23.244841,-508.635714,-86.383839
-23.369163,-506.772288,-85.609761
-24.104521,-511.891259,-87.913562
-24.117273,-510.172036,-88.518982
-24.057450,-508.618292,-88.023639
-24.122228,-506.939412,-87.361329
-24.205881,-504.721605,-56.831714
-24.913036,-506.141234,-55.599747
-25.802584,-507.441222,-54.437051
-22.302116,-521.242780,-62.910485
-24.367605,-513.682476,-87.691532
-24.859398,-512.604339,-89.393493
-24.691826,-510.886311,-89.783669
-25.239052,-514.231166,-89.201426
-25.726574,-513.543821,-90.727528
-25.658028,-511.699865,-90.953412
-23.786762,-515.095080,-86.643815
-24.866148,-515.639641,-88.299179
-25.796911,-515.590800,-90.191982
-26.718251,-514.370889,-91.765390
-26.702557,-512.543349,-92.069676
-23.484263,-522.201246,-61.720953
-25.312741,-504.458594,-55.183624
-26.060058,-505.602513,-54.012497
-24.793846,-509.001831,-89.713906
-25.680004,-509.862685,-91.063021
-26.770315,-510.688660,-92.194240
-24.703050,-523.093619,-60.579335
-24.896315,-507.195624,-89.256372
-25.969625,-523.929429,-59.469658
-25.725542,-508.106849,-91.000888
-26.836045,-508.820300,-92.255749
-28.023870,-523.517490,-57.583264
-27.381003,-524.693234,-58.410010
-25.986722,-506.627179,-90.896232
-27.003488,-506.969293,-92.203459
-27.036090,-515.981362,-91.501832
-26.259432,-514.469734,-54.537509
-26.460340,-512.576260,-54.067707
-26.643776,-510.644725,-53.645123
-26.756804,-508.696989,-53.336257
-26.992417,-506.761752,-52.991249
-27.006877,-516.175737,-54.618800
-27.780384,-517.883515,-54.891347
-28.409539,-519.579473,-55.403084
-28.829239,-521.321140,-55.973506
-29.062510,-523.107539,-56.570368
-29.034756,-524.884418,-57.169218
-29.111668,-673.966030,-57.737651
-28.916363,-671.996041,-58.085979
-30.393991,-669.710442,-57.894957
-30.589925,-667.492572,-58.124380
-28.989700,-668.028533,-58.666739
-29.054169,-666.031171,-58.840353
-28.892483,-670.010841,-58.372585
-30.648450,-665.400226,-58.270593
-30.705369,-663.376041,-58.417976
-29.109955,-664.030462,-58.978258
-29.162237,-662.029392,-59.112051
-30.758125,-661.373336,-58.557988
-29.203228,-660.026186,-59.233199
-30.804066,-659.370639,-58.684889
-30.849254,-657.363553,-58.823278
-29.234706,-658.023496,-59.351972
-29.249635,-656.021530,-59.476593
-30.875134,-655.332308,-58.954714
-30.884100,-653.261246,-59.084319
-29.194768,-654.022725,-59.596342
-29.123386,-652.032881,-59.708102
-31.138784,-651.133772,-59.101921
-29.671905,-650.122632,-59.476490
-30.090855,-648.171971,-59.323593
-30.243307,-646.169295,-59.293060
-30.298909,-644.164168,-59.353096
-30.335999,-642.159349,-59.412933
-30.361473,-640.153064,-59.472155
-30.378427,-638.147277,-59.528026
-30.393057,-636.141064,-59.560204
-30.401478,-634.134642,-59.575047
-30.363155,-632.128377,-59.605426
-30.362361,-630.122311,-59.632551
-31.830909,-627.834355,-59.865778
-30.389976,-628.120059,-59.655422
-30.435542,-626.107438,-59.660493
-31.990161,-625.579456,-59.943178
-32.046372,-623.480943,-60.017438
-30.476570,-624.104695,-59.665962
-30.514599,-622.102187,-59.677533
-32.093555,-621.453694,-60.117074
-30.552121,-620.092358,-59.737107
-32.144699,-619.446644,-60.216830
-32.202036,-617.459242,-60.305539
-30.597716,-618.082231,-59.786185
-30.659518,-616.082038,-59.823118
-32.274161,-615.472989,-60.404897
-32.402563,-613.527188,-60.473960
-30.804084,-614.083051,-59.827441
-31.069442,-612.089559,-59.850064
-32.571276,-611.593182,-60.548051
-31.370410,-610.108313,-59.888751
-32.743816,-609.739206,-60.616957
-31.644675,-608.117399,-59.951066
-31.850251,-606.124169,-60.017259
-32.018272,-604.129434,-60.081359
-32.153801,-602.123108,-60.138926
-32.271887,-600.125864,-60.191265
-32.389324,-598.127162,-60.218295
-32.511831,-596.116148,-60.201613
-32.656498,-594.115925,-60.184039
-32.808886,-592.117987,-60.201780
-32.968896,-590.123857,-60.281779
-33.093319,-588.115910,-60.317968
-33.172943,-586.114730,-60.325893
-33.120364,-584.114483,-60.259481
-32.732293,-582.136191,-60.091486
-33.887368,-579.964900,-60.995912
-34.220619,-577.763272,-61.192567
-33.096719,-578.206597,-60.196583
-33.441051,-576.244412,-60.366532
-32.751593,-580.181294,-60.071076
-34.510162,-575.677997,-61.348510
-34.801205,-573.638237,-61.422284
-33.747948,-574.270767,-60.535500
-33.866587,-572.265031,-60.614489
-34.859038,-571.609292,-61.485054
-33.702630,-570.268138,-60.502924
-34.858685,-569.666305,-61.510746
-35.004429,-567.822176,-61.593994
-33.753946,-568.285163,-60.496789
-34.218921,-566.341460,-60.737453
-35.223986,-565.952316,-61.705734
-34.417572,-564.348126,-60.806324
-34.597630,-562.353076,-60.857007
-34.825387,-560.360662,-60.923156
-35.245333,-558.097654,-61.572117
-34.244183,-558.810151,-60.470681
-33.522096,-557.299925,-59.936479
-35.141827,-556.158746,-61.383189
-42.285465,-519.605397,-50.714514
-40.198118,-520.038807,-50.347961
-41.725766,-520.936866,-51.758992
-39.579541,-521.544833,-51.504358
-41.090056,-522.314751,-52.964591
-38.965308,-523.060479,-52.650805
-40.483012,-523.839181,-54.084493
-39.941818,-525.507503,-55.047667
-37.923749,-526.443413,-54.483067
-39.434535,-527.243156,-55.938826
-38.439468,-524.737717,-53.584440
-38.929660,-528.977630,-56.807598
-36.981773,-529.967099,-56.081176
-38.488578,-530.806233,-57.527174
-37.423356,-528.167850,-55.348673
-36.588192,-531.830917,-56.683758
-38.099206,-532.690228,-58.129330
-37.705721,-534.573096,-58.714263
-35.915421,-535.639186,-57.645437
-37.393411,-536.500117,-59.141107
-36.236383,-533.721545,-57.201599
-37.130598,-538.453652,-59.472995
-35.342101,-539.518151,-58.374925
-36.839715,-540.397638,-59.831512
-35.618876,-537.574731,-58.035579
-35.086701,-541.479783,-58.667973
-36.581703,-542.349907,-60.137929
-36.323346,-544.309532,-60.397491
-34.630401,-545.408250,-59.133542
-36.083188,-546.274726,-60.566599
-34.849572,-543.439816,-58.920916
-35.869798,-548.281671,-60.747556
-34.243695,-549.370301,-59.438917
-35.689269,-550.250833,-60.947848
-34.433599,-547.384591,-59.294246
-34.060883,-551.355404,-59.568259
-35.510372,-552.228418,-61.118858
-35.333237,-554.204349,-61.259509
-33.694219,-555.315757,-59.830600
-33.874670,-553.330860,-59.706442
-25.569865,-666.252834,-61.324871
-25.943265,-668.627106,-60.743133
-24.608022,-668.224673,-62.169765
-24.870120,-670.148327,-61.650066
-30.944791,-517.826853,-51.830197
-29.549601,-516.499423,-52.307204
-30.676636,-515.907545,-51.033060
-29.160614,-514.712331,-51.799536
-34.016231,-518.738314,-50.172569
-35.630940,-518.180804,-49.187384
-35.534947,-519.596727,-50.182098
-33.965028,-516.253464,-49.158892
-32.287899,-517.318899,-50.481360
-32.515637,-519.663941,-51.742886
-32.039728,-514.983716,-49.937844
-29.846627,-517.917042,-52.898983
-30.716620,-519.322042,-53.071736
-34.619553,-520.542699,-51.199650
-36.147503,-516.226343,-48.496981
-37.453976,-517.791001,-48.903660
-37.018632,-519.377982,-49.777436
-36.471727,-520.750937,-50.838184
-31.653737,-521.127258,-53.542263
-33.636154,-521.749648,-52.622038
-35.708745,-522.072709,-52.020810
-29.909834,-520.407303,-54.531045
-30.471906,-522.240049,-55.024145
-32.540749,-523.074408,-54.073926
-34.813887,-523.532461,-53.248041
-33.717150,-525.267346,-54.509575
-31.070322,-524.194264,-55.514666
-31.856765,-526.415624,-55.821463
-33.944388,-527.206014,-55.144354
-33.171966,-528.631302,-55.860464
-30.511642,-528.206442,-56.993678
-32.708869,-530.628427,-56.561427
-30.682907,-531.019504,-57.530510
-28.625462,-529.262464,-58.286166
-28.918339,-531.771502,-58.507964
-32.547875,-532.826625,-57.076524
-30.658483,-533.332383,-57.857932
-28.929072,-533.927396,-58.695246
-30.408813,-535.377017,-58.197015
-32.319348,-534.905399,-57.473690
-27.163815,-530.359800,-59.323744
-27.335440,-532.665478,-59.396368
-28.785881,-535.615840,-58.869853
-27.368332,-534.704594,-59.454022
-29.675180,-537.411191,-58.666712
-27.550878,-536.607817,-59.492348
-31.960306,-536.910199,-57.888572
-31.646290,-538.961715,-58.214123
-29.652981,-539.727148,-58.870110
-27.768276,-538.592752,-59.534938
-27.814743,-540.604202,-59.626158
-31.467903,-541.012473,-58.437979
-29.565804,-541.767379,-59.025646
-25.783986,-531.503717,-60.245653
-25.849535,-533.670926,-60.243145
-25.901456,-535.689224,-60.274780
-25.989608,-537.639377,-60.318377
-26.102518,-539.583205,-60.411111
-27.806560,-542.504610,-59.739022
-26.171947,-541.512678,-60.455690
-31.283538,-543.013279,-58.668580
-29.362169,-543.704783,-59.211180
-24.465055,-532.654751,-61.253519
-24.484840,-534.711574,-61.278436
-24.485227,-536.696671,-61.288358
-24.512623,-538.632724,-61.299562
-24.622765,-540.563861,-61.347007
-27.733810,-544.112382,-59.859095
-26.262007,-543.372954,-60.503849
-24.695337,-542.500261,-61.334904
-31.000169,-545.008704,-58.868700
-28.700097,-545.764143,-59.548082
-26.516877,-545.203702,-60.454195
-24.821924,-544.409524,-61.339361
-26.771826,-547.164739,-60.404334
-24.966847,-546.347945,-61.315822
-28.708578,-548.083827,-59.620382
-26.790829,-549.210512,-60.411632
-25.063390,-548.325535,-61.307499
-28.611237,-550.170483,-59.717427
-26.743441,-551.226649,-60.469807
-25.096306,-550.322562,-61.329894
-30.747959,-547.082519,-59.016883
-30.597211,-549.169781,-59.159400
-28.477328,-552.175687,-59.815905
-30.422218,-551.266147,-59.301505
-30.188885,-553.257741,-59.401416
-28.392591,-554.049639,-59.865481
-26.709327,-553.192527,-60.516788
-25.107772,-552.308820,-61.353063
-25.135008,-554.273589,-61.340509
-26.761548,-555.107460,-60.492861
-29.898946,-554.775886,-59.496276
-28.591968,-555.798927,-59.829421
-25.210240,-556.238322,-61.296050
-26.946003,-557.034389,-60.417634
-25.309136,-558.213454,-61.242824
-27.088752,-559.021116,-60.363581
-29.180323,-557.748952,-59.721856
-28.993787,-559.818019,-59.743454
-25.408989,-560.209293,-61.200644
-27.179791,-561.015365,-60.299086
-30.628418,-558.911138,-59.478078
-29.197935,-561.717566,-59.702810
-30.955019,-560.451234,-59.558781
-27.445748,-563.044699,-60.209184
-25.507524,-562.212123,-61.105795
-31.265904,-562.288067,-59.580035
-29.613749,-563.614060,-59.647322
-27.941308,-565.340369,-60.071084
-25.671689,-564.267928,-61.018719
-31.474999,-563.883143,-59.646253
-30.590863,-565.362854,-59.626678
-29.590531,-567.153942,-59.694605
-27.418348,-567.604974,-60.225007
-25.708308,-566.374177,-61.020525
-30.618339,-556.091409,-59.426186
-31.552645,-557.521601,-59.470979
-32.396512,-558.974612,-59.623650
-33.136107,-560.917367,-59.996848
-32.999175,-563.141176,-60.063796
-32.710365,-565.040215,-59.981472
-32.044501,-567.159514,-59.786674
-30.714145,-568.526312,-59.656953
-28.972332,-568.950687,-59.790358
-27.110700,-569.522333,-60.301391
-25.572308,-568.394092,-61.026198
-32.171615,-569.268916,-59.962080
-30.459629,-570.161518,-59.672020
-28.525055,-570.802987,-59.870824
-26.870668,-571.131677,-60.381264
-25.503749,-570.305645,-61.021278
-36.300506,-525.129934,-53.762746
-37.006010,-523.456752,-52.783680
-35.800547,-526.865492,-54.647460
-35.391909,-528.616105,-55.384593
-34.929124,-530.392665,-56.084261
-29.209813,-518.729056,-54.024256
-34.584857,-532.347992,-56.677731
-34.307633,-534.339392,-57.156588
-34.005525,-536.317182,-57.588366
-25.625061,-572.169585,-60.936841
-27.706198,-572.830068,-60.093936
-30.097363,-572.082724,-59.674986
-29.733100,-574.165954,-59.708524
-27.611867,-575.152411,-60.103241
-25.791447,-574.166386,-60.868302
-32.105092,-571.219770,-59.941897
-31.957881,-573.214035,-59.855957
-31.688764,-575.247064,-59.825977
-29.520427,-576.215970,-59.764717
-27.554643,-577.227114,-60.140087
-25.806370,-576.220114,-60.841756
-31.406352,-577.230315,-59.810618
-29.371590,-578.224075,-59.747200
-27.545588,-579.212833,-60.167125
-25.833653,-578.226174,-60.850339
-31.199440,-579.205519,-59.780931
-29.338504,-580.201255,-59.816081
-27.588825,-581.188604,-60.161421
-25.866987,-580.209809,-60.812981
-31.115405,-581.181575,-59.863154
-29.400604,-582.177846,-59.812560
-27.647577,-583.143387,-60.128984
-25.927735,-582.184444,-60.775824
-29.434682,-584.141607,-59.777762
-31.224246,-583.157938,-59.825185
-27.627630,-585.055122,-60.095620
-25.975578,-584.127984,-60.728970
-26.017271,-586.032842,-60.710984
-27.498089,-586.705742,-60.124449
-29.257917,-586.108199,-59.753354
-31.283843,-585.142278,-59.783159
-26.240782,-587.882226,-60.656859
-28.524984,-588.274021,-59.892644
-31.098570,-587.189297,-59.768605
-30.872336,-589.294575,-59.747584
-28.526572,-590.571539,-59.932008
-26.463622,-589.831445,-60.596251
-30.737200,-591.346733,-59.791071
-28.492709,-592.605142,-59.935831
-26.487429,-591.863783,-60.540186
-30.635479,-593.348140,-59.801551
-28.481398,-594.570663,-59.961656
-26.546500,-593.831881,-60.565643
-30.550490,-595.332887,-59.860892
-28.480784,-596.547718,-60.007179
-26.591414,-595.797601,-60.558355
-30.476210,-597.318130,-59.922013
-26.643051,-597.774438,-60.566002
-28.476256,-598.533341,-60.029575
-30.414700,-599.310182,-59.918085
-28.470960,-600.526343,-60.005805
-26.690472,-599.770415,-60.560409
-25.088173,-598.965432,-61.371436
-25.008466,-596.978977,-61.389211
-24.936930,-595.003648,-61.421151
-24.858671,-593.037147,-61.436372
-24.782057,-591.061034,-61.457784
-24.698990,-589.086550,-61.512147
-24.592562,-587.121258,-61.567048
-24.498282,-585.174793,-61.592535
-24.443144,-583.211031,-61.641051
-24.359117,-581.233752,-61.646706
-24.308780,-579.249967,-61.692489
-24.273557,-577.267016,-61.743144
-24.234532,-575.263212,-61.782012
-24.166359,-573.258627,-61.826106
-24.075052,-571.293131,-61.867561
-24.026598,-569.329508,-61.914168
-24.028970,-567.347566,-61.958158
-24.020900,-565.345543,-62.008308
-23.949020,-563.320397,-62.045705
-23.882457,-561.317691,-62.121906
-23.831409,-559.325838,-62.202653
-23.764322,-557.341540,-62.250283
-23.710307,-555.358022,-62.303176
-23.658706,-553.383201,-62.331092
-23.629900,-551.399402,-62.362603
-23.588400,-549.413957,-62.373331
-23.536324,-547.438864,-62.396753
-23.463030,-545.472897,-62.418173
-23.397769,-543.517906,-62.451172
-23.338877,-541.572834,-62.478209
-23.285524,-539.626978,-62.487789
-23.255977,-537.691400,-62.486362
-23.252633,-535.736205,-62.475441
-23.286912,-533.722374,-62.466512
-33.699002,-538.281675,-57.965222
-33.443109,-540.273376,-58.258606
-33.223351,-542.254863,-58.525095
-32.998873,-544.233762,-58.748961
-32.780029,-546.228755,-58.899431
-28.575085,-517.118222,-53.603353
-27.998775,-515.460290,-53.197633
-30.492423,-513.839449,-50.739390
-33.392707,-513.755154,-49.131550
-31.810113,-512.855353,-49.848342
-35.206597,-514.271226,-48.567412
-33.019566,-511.812595,-49.053821
-34.580279,-512.371393,-48.524172
-32.583665,-548.254224,-59.042433
-32.405185,-550.329681,-59.171578
-32.263229,-552.655658,-59.276039
-23.586718,-598.111948,-62.322150
-23.489877,-596.125204,-62.345987
-23.416059,-594.150907,-62.397628
-23.335167,-592.175360,-62.431803
-23.265206,-590.201012,-62.480035
-23.187802,-588.216075,-62.523100
-23.112503,-586.241157,-62.564746
-23.038250,-584.255739,-62.597280
-22.974605,-582.281221,-62.638390
-22.909548,-580.296186,-62.671690
-22.874401,-578.304047,-62.737040
-22.833468,-576.321118,-62.791801
-22.791705,-574.318385,-62.851371
-22.748122,-572.336111,-62.919413
-22.659058,-570.349014,-62.931962
-22.612060,-568.365469,-62.979806
-22.588536,-566.383759,-63.044757
-22.547402,-564.390712,-63.097961
-22.489434,-562.396735,-63.145731
-22.457153,-560.405478,-63.224778
-22.420720,-558.413521,-63.294154
-22.385238,-556.431343,-63.358625
-22.360698,-554.439818,-63.427903
-22.321881,-552.456431,-63.473200
-22.288176,-550.473252,-63.518838
-22.239955,-548.498735,-63.549931
-22.201368,-546.525232,-63.592629
-22.181626,-544.562877,-63.642919
-22.168674,-542.591662,-63.709299
-22.161227,-540.630033,-63.764390
-22.139024,-538.675915,-63.784751
-22.149940,-536.722774,-63.800806
-22.154980,-534.737202,-63.778971
-23.692109,-600.099582,-62.308441
-25.172202,-600.952233,-61.356935
-26.738391,-601.745217,-60.534555
-30.352930,-601.300769,-59.888477
-28.470638,-602.499320,-59.979160
-30.290375,-603.281002,-59.853536
-28.487896,-604.436000,-60.008043
-26.820838,-603.704218,-60.561126
-25.265717,-602.929801,-61.350202
-23.787721,-602.086038,-62.280317
-30.214977,-605.223028,-59.860230
-28.531018,-606.291431,-60.001255
-26.933484,-605.622994,-60.565671
-25.375867,-604.887757,-61.340283
-23.892920,-604.053280,-62.260625
-30.109212,-607.082270,-59.840775
-28.624940,-607.839418,-60.018973
-27.141821,-607.481385,-60.503505
-25.524214,-606.814938,-61.293022
-23.996495,-606.028699,-62.209409
-29.801809,-608.897851,-59.889657
-27.690967,-609.415711,-60.321306
-25.750122,-608.752347,-61.198875
-24.138248,-607.995146,-62.151861
-25.932532,-610.686780,-61.080523
-24.304153,-609.942400,-62.093655
-27.501310,-611.327432,-60.398223
-26.203633,-612.566898,-61.007157
-24.482522,-611.890093,-62.035061
-29.336440,-610.819357,-59.965061
-28.542798,-612.975768,-60.154702
-26.443262,-614.532793,-60.876121
-24.635007,-613.844618,-61.937024
-28.564674,-615.263722,-60.188954
-26.539309,-616.570751,-60.872204
-24.766992,-615.830758,-61.879629
-28.557637,-617.319085,-60.205559
-26.599556,-618.577543,-60.872243
-24.875887,-617.828412,-61.863598
-28.558267,-619.322768,-60.189561
-26.660081,-620.564067,-60.868159
-24.980133,-619.806584,-61.860520
-28.563957,-621.315942,-60.161661
-26.729767,-622.552177,-60.886108
-25.092288,-621.786014,-61.874520
-28.579719,-623.311877,-60.175956
-25.181126,-623.783595,-61.870247
-26.788677,-624.560464,-60.913408
-28.590477,-625.328700,-60.208361
-25.264148,-625.781657,-61.878260
-26.844939,-626.558984,-60.946929
-28.594620,-627.324151,-60.221670
-26.876859,-628.553438,-60.924549
-25.330277,-627.777785,-61.863150
-23.927423,-626.955693,-62.949896
-23.835860,-624.958856,-62.969062
-23.723998,-622.970587,-62.975780
-23.613481,-620.983142,-62.996164
-23.476984,-619.003562,-62.995382
-23.356640,-617.015912,-63.018554
-23.226194,-615.028110,-63.045598
-24.036339,-628.954219,-62.949234
-25.413828,-629.765078,-61.857649
-28.599280,-629.317565,-60.198680
-26.935214,-630.539496,-60.913667
-28.630337,-631.322462,-60.184288
-27.017791,-632.539107,-60.896235
-25.513763,-631.756457,-61.842844
-24.153310,-630.942764,-62.944062
-22.929822,-630.074349,-64.157796
-22.799283,-628.085067,-64.158796
-22.670379,-626.095955,-64.161743
-22.548616,-624.097707,-64.175675
-22.424356,-622.109663,-64.194439
-22.302862,-620.132210,-64.221410
-22.170867,-618.143955,-64.241498
-22.038109,-616.155877,-64.265190
-23.101034,-613.051850,-63.096031
-22.955878,-611.094091,-63.132220
-22.824136,-609.117438,-63.180001
-21.903437,-614.167953,-64.292842
-21.767051,-612.189741,-64.316138
-21.629316,-610.221265,-64.335242
-23.072164,-632.055108,-64.157895
-24.275336,-632.923400,-62.919846
-25.632213,-633.742746,-61.814575
-28.685336,-633.322845,-60.163059
-27.121529,-634.526053,-60.871464
-23.161689,-634.041070,-64.089632
-24.400287,-634.906722,-62.870356
-25.779841,-635.717809,-61.781462
-28.753353,-635.311942,-60.146450
-27.252731,-636.483436,-60.837730
-28.830637,-637.268065,-60.125591
-27.445984,-638.349572,-60.762886
-25.985013,-637.657997,-61.696781
-24.577369,-636.882850,-62.819169
-23.296344,-636.027986,-64.044198
-28.902964,-639.140029,-60.073170
-27.684917,-639.879752,-60.619536
-26.338603,-639.515751,-61.458019
-24.818721,-638.853236,-62.642446
-23.470428,-638.014865,-63.972415
-28.818572,-640.930763,-60.086633
-27.105635,-641.241339,-60.952353
-25.291031,-640.856562,-62.242162
-23.694822,-640.030078,-63.766498
-28.516220,-642.784341,-60.201398
-26.191997,-643.133094,-61.555306
-24.029966,-642.117748,-63.422863
-24.303339,-644.262207,-63.184186
-26.222654,-645.527047,-61.561846
-28.302378,-644.805037,-60.306939
-24.385900,-646.358204,-63.152021
-26.174631,-647.608332,-61.620434
-28.202416,-646.874166,-60.361705
-24.394297,-648.383624,-63.178499
-27.994849,-648.880688,-60.425256
-26.054701,-649.624751,-61.677770
-24.377800,-650.397238,-63.189710
-27.726918,-650.871174,-60.528144
-25.968559,-651.638793,-61.724203
-24.398856,-652.406579,-63.189497
-27.594875,-652.864890,-60.581857
-25.927581,-653.655291,-61.713810
-24.443055,-654.409987,-63.157950
-27.590504,-654.871663,-60.517494
-25.938164,-655.657639,-61.650058
-24.475292,-656.404056,-63.093176
-27.596541,-656.871911,-60.419646
-25.949294,-657.651926,-61.567523
-24.480906,-658.394737,-63.003654
-27.580856,-658.870607,-60.308556
-25.934886,-659.649436,-61.470038
-24.476956,-660.392752,-62.925977
-27.550151,-660.874116,-60.203738
-25.893571,-661.665424,-61.380121
-24.442004,-662.420681,-62.865753
-27.488177,-662.905352,-60.095666
-25.799875,-663.778464,-61.321304
-24.328508,-664.514938,-62.877505
-27.388607,-665.027264,-59.984997
-24.041687,-666.535800,-63.086584
-23.716999,-668.096502,-63.495227
-27.370382,-667.202312,-59.786223
-27.455107,-669.286762,-59.495779
-26.169234,-670.602885,-60.317827
-23.814747,-669.668302,-63.134709
-27.508175,-671.251685,-59.150703
-26.381667,-672.199317,-59.928191
-25.145942,-672.010757,-61.102222
-23.953294,-671.576193,-62.682620
-23.207993,-668.967949,-64.666346
-23.215601,-670.868518,-64.471034
-22.688907,-607.139957,-63.215450
-22.574078,-605.163380,-63.253559
-22.488207,-603.178597,-63.304856
-23.209906,-667.124814,-64.683924
-23.310051,-665.209122,-64.612901
-23.368369,-663.202062,-64.601678
-23.358324,-661.191082,-64.636550
-23.352346,-659.193128,-64.704094
-23.321581,-657.201220,-64.770662
-23.263337,-655.213562,-64.823993
-23.206509,-653.219732,-64.873597
-23.120346,-651.223145,-64.893673
-23.064743,-649.222775,-64.915506
-23.025817,-647.219913,-64.935579
-22.944424,-645.206494,-64.956189
-22.815935,-643.170871,-65.040130
-22.655382,-641.131077,-65.195178
-22.504414,-639.111044,-65.338961
-22.394332,-601.192753,-63.342653
-22.293755,-599.206321,-63.374452
-22.172496,-597.217906,-63.384702
-22.085034,-595.232675,-63.429135
-22.010869,-593.258313,-63.479851
-21.941737,-591.274098,-63.530285
-21.865378,-589.289014,-63.570093
-21.788673,-587.303797,-63.607769
-21.716862,-585.318861,-63.647225
-21.657409,-583.334891,-63.695679
-21.608874,-581.351753,-63.751714
-21.576328,-579.359933,-63.820986
-21.534702,-577.367215,-63.880329
-21.494392,-575.384655,-63.941187
-21.472454,-573.394008,-64.024261
-21.413453,-571.399917,-64.070686
-21.351500,-569.415442,-64.111864
-21.314226,-567.432985,-64.172561
-21.274003,-565.439925,-64.224970
-22.359277,-637.116231,-65.411053
-22.205015,-635.129417,-65.435674
-22.085676,-633.140563,-65.472328
-21.975173,-631.157996,-65.508027
-21.828546,-629.168211,-65.510625
-21.703443,-627.180009,-65.527143
-21.567452,-625.191163,-65.539387
-21.431806,-623.202518,-65.554968
-21.303307,-621.214545,-65.577738
-21.173295,-619.226527,-65.600699
-21.036227,-617.248061,-65.619955
-20.890911,-615.259116,-65.636532
-20.735598,-613.279422,-65.645986
-20.591385,-611.290353,-65.659661
-21.501191,-608.233819,-64.367067
-20.458733,-609.312034,-65.678614
-21.382932,-606.246710,-64.398425
-20.331253,-607.324012,-65.699870
-21.288589,-604.261234,-64.443032
-20.227531,-605.337651,-65.734962
-21.191845,-602.275273,-64.480626
-20.129237,-603.341580,-65.772033
-21.092064,-600.279059,-64.516146
-20.025410,-601.355051,-65.804224
-20.981443,-598.291937,-64.542297
-19.919871,-599.368440,-65.836078
-20.885779,-596.306236,-64.583782
-19.814041,-597.381854,-65.868569
-20.798743,-594.330994,-64.627351
-20.708082,-592.344978,-64.660021
-19.715750,-595.395864,-65.906670
-19.611133,-593.409050,-65.934334
-20.637166,-590.360496,-64.706904
-19.535249,-591.424238,-65.978636
-20.565725,-588.375801,-64.750366
-19.470176,-589.430078,-66.027796
-20.499694,-586.381506,-64.797775
-19.411505,-587.446381,-66.080554
-20.432709,-584.397022,-64.842050
-19.345391,-585.452093,-66.128145
-20.383268,-582.403964,-64.900485
-19.281736,-583.467972,-66.176671
-20.347005,-580.421936,-64.968114
-19.242147,-581.475649,-66.241655
-20.311228,-578.429839,-65.034605
-19.202510,-579.483249,-66.305301
-20.268740,-576.437142,-65.094875
-19.161017,-577.500682,-66.366829
-20.235664,-574.445382,-65.165552
-19.115305,-575.507789,-66.425748
-20.206354,-572.454056,-65.241446
-19.075113,-573.515410,-66.490129
-37.684596,-521.946202,-51.685259
-21.228213,-563.446698,-64.278038
-20.153199,-570.470586,-65.294619
-20.121000,-568.478831,-65.364816
-20.087329,-566.496686,-65.428682
-20.055911,-564.504712,-65.494515
-19.039334,-571.523449,-66.559033
-18.995070,-569.540784,-66.620623
-18.958616,-567.548583,-66.685711
-18.934661,-565.557225,-66.757558
-21.188579,-561.464311,-64.341506
-19.981432,-562.518932,-65.520803
-18.879495,-563.573194,-66.802140
-21.151547,-559.472023,-64.405454
-19.937417,-560.525959,-65.577199
-18.829456,-561.579670,-66.852735
-21.118640,-557.479975,-64.470942
-19.898470,-558.533334,-65.636439
-18.782524,-559.586434,-66.906384
-21.110025,-555.500100,-64.558557
-19.876449,-556.542135,-65.709821
-18.753598,-557.604610,-66.972838
-21.086024,-553.508528,-64.626653
-19.875034,-554.562804,-65.802343
-18.727495,-555.613032,-67.042176
-21.052534,-551.525903,-64.681933
-19.847900,-552.570974,-65.867923
-18.703855,-553.621619,-67.112850
-21.015757,-549.542843,-64.731665
-19.839411,-550.580733,-65.949410
-18.691259,-551.631029,-67.190830
-20.994749,-547.561104,-64.794465
-20.988750,-545.590318,-64.863886
-21.006512,-543.611260,-64.948749
-21.023266,-541.641786,-65.026503
-19.808806,-548.598320,-66.006546
-19.809831,-546.618420,-66.087447
-19.829334,-544.639702,-66.177158
-19.865695,-542.662019,-66.274177
-21.043866,-539.671893,-65.094371
-19.899062,-540.683603,-66.360186
-21.058505,-537.710160,-65.133247
-21.085161,-535.737582,-65.149770
-18.675887,-549.640122,-67.265030
-18.665612,-547.659477,-67.340153
-18.677008,-545.670295,-67.427358
-18.707688,-543.692332,-67.523120
-18.755833,-541.705393,-67.625987
-19.942858,-538.715310,-66.441195
-18.805766,-539.728174,-67.722353
-23.217087,-672.850442,-64.194260
-24.201837,-673.718091,-61.990368
-25.765311,-673.639805,-60.262527
-25.199781,-675.082045,-60.630063
-24.146497,-675.919607,-61.805300
-23.174971,-674.904330,-63.924664
-19.963159,-536.733534,-66.476412
-18.861699,-537.761126,-67.817418
-38.302088,-520.482453,-50.568138
-27.720022,-513.618529,-52.891573
-29.093704,-512.766744,-51.645798
-30.402169,-511.854582,-50.615179
-27.805825,-511.714101,-52.657206
-29.104848,-510.832311,-51.461195
-31.670600,-510.909227,-49.732364
-30.380108,-509.911335,-50.473531
-27.427428,-673.406489,-58.883020
-26.519354,-675.269219,-59.359253
-25.564944,-676.679978,-60.025917
-28.049204,-675.518439,-58.144374
-27.162848,-677.096555,-58.571688
-24.360986,-677.920523,-61.158902
-26.147217,-678.574788,-59.177756
-23.188435,-676.974827,-63.522813
-27.888796,-509.796741,-52.373353
-29.107692,-508.924128,-51.214588
-34.065466,-510.888845,-48.520377
-32.936680,-510.000830,-48.972690
-31.638824,-508.976802,-49.611150
-30.318073,-507.972647,-50.261480
-38.831523,-519.024698,-49.437274
-27.927309,-507.935682,-52.050729
-29.073294,-507.044262,-50.961322
-23.182750,-679.024585,-63.138906
-24.707448,-680.206123,-60.232611
-23.109838,-681.106074,-62.969639
-24.081448,-682.459931,-60.439978
-22.994501,-683.144683,-63.061830
-23.622020,-684.491560,-60.721523
-22.846784,-685.152109,-63.243876
-23.125306,-686.729183,-61.107406
-22.721478,-686.822559,-63.672996
-22.635799,-688.447966,-63.139806
-22.927707,-688.952149,-60.650615
-22.439366,-690.410857,-62.868304
-22.614201,-690.957110,-60.384143
-22.213687,-692.384904,-62.671223
-22.369513,-692.923974,-60.178799
-21.981858,-694.340579,-62.472292
-22.019671,-694.848966,-59.957460
-21.590241,-696.248385,-62.240196
-21.638460,-696.763194,-59.725779
-21.130647,-698.159274,-61.965244
-21.229257,-698.677887,-59.467473
-20.752139,-700.111250,-61.601998
-20.751270,-700.573728,-59.133501
-20.194870,-702.229867,-61.041380
-20.355406,-702.135764,-58.639119
-19.847641,-703.713858,-59.173251
-19.714944,-704.396167,-61.466562
-19.519740,-705.670655,-59.870443
-19.468684,-706.088319,-61.773742
-28.023853,-506.314027,-51.847044
-31.778395,-554.750754,-59.243733
-32.866101,-554.404427,-59.498690
-32.685660,-556.022091,-59.509714
-26.375195,-718.111382,-56.225783
-26.178822,-717.922655,-54.862493
-26.356283,-718.643991,-51.840348
-27.925190,-718.739603,-51.975271
-25.568902,-717.980260,-53.375331
-27.106564,-718.098924,-53.495212
-24.488723,-718.817706,-59.678367
-23.992220,-719.025995,-61.077556
-23.234908,-718.588827,-62.310752
-22.691408,-717.872551,-63.750114
-22.408552,-717.076069,-65.107761
-21.504425,-705.539858,-69.253550
-36.310132,-719.245998,-49.171602
-36.555974,-719.154588,-50.405411
-34.714189,-719.443340,-49.554679
-33.730823,-719.387618,-46.876654
-35.621669,-719.390024,-47.739563
-37.490363,-719.061079,-48.606354
-38.043902,-718.952213,-49.968492
-41.629219,-718.241652,-51.632150
-39.852264,-718.595411,-50.789777
-41.135175,-717.950887,-50.306991
-39.328770,-718.555886,-49.460214
-42.113173,-718.538269,-52.961055
-40.259994,-718.738318,-52.108887
-38.404277,-718.916233,-51.256885
-36.492084,-717.752335,-45.970476
-38.717401,-713.985860,-46.309587
-40.427240,-713.288285,-47.619677
-40.198956,-715.326496,-47.884530
-39.901834,-717.345067,-48.219090
-38.717754,-715.822071,-46.787475
-38.259941,-717.568089,-47.033304
-37.320054,-716.440327,-45.996929
-38.457594,-718.222276,-48.137490
-35.044608,-718.554308,-46.296699
-36.807414,-718.502147,-47.217483
-33.532193,-718.644941,-51.393368
-35.224443,-718.693486,-51.271761
-36.751316,-718.489401,-52.336001
-32.920931,-717.957715,-53.177315
-32.194935,-717.728535,-54.929889
-31.354450,-717.887943,-56.681020
-30.444453,-718.337165,-58.409390
-29.603731,-718.927282,-60.120488
-28.805021,-719.454132,-61.855115
-27.995447,-719.691758,-63.675269
-27.225508,-719.716183,-65.545395
-26.411314,-719.581460,-67.359699
-25.178365,-719.387715,-69.024190
-38.472073,-718.534659,-53.323035
-40.422957,-718.658037,-54.229916
-42.778626,-718.645417,-54.754823
-40.807024,-718.788721,-56.180127
-43.443390,-718.773509,-56.547221
-42.025584,-719.014344,-58.077198
-44.107374,-718.917540,-58.338410
-42.678705,-719.363313,-60.078379
-44.766936,-719.154161,-60.121475
-43.210441,-719.587842,-62.102786
-45.429152,-719.220433,-61.903521
-43.995769,-719.630077,-63.928787
-46.094798,-718.996117,-63.684634
-45.251661,-719.163852,-65.619836
-25.851844,-719.183983,-70.827404
-27.433824,-719.139478,-69.276864
-26.525644,-718.955048,-72.627809
-28.159115,-718.722610,-71.247093
-28.455389,-718.485782,-73.525584
-30.251598,-717.594151,-74.379358
-30.145395,-718.036838,-72.143182
-32.148808,-717.143806,-73.686391
-34.071302,-716.911763,-72.973482
-31.925906,-717.640791,-71.299336
-36.009879,-716.862953,-72.246853
-33.925265,-717.427511,-70.690628
-37.941934,-716.929353,-71.505844
-35.964767,-717.390038,-70.062963
-39.847144,-717.228429,-70.767196
-38.041105,-717.576681,-69.386628
-41.737535,-717.633344,-70.031105
-40.132892,-717.989044,-68.633124
-43.613750,-718.085379,-69.286789
-42.199414,-718.541256,-67.940830
-44.417986,-718.883444,-67.511341
-42.931403,-719.272185,-65.912038
-34.857523,-718.105194,-52.962177
-34.383566,-717.799191,-54.804477
-33.570051,-717.868858,-56.493179
-32.472906,-718.138972,-58.224912
-31.526872,-718.579817,-59.988110
-30.707494,-718.979036,-61.747877
-29.895703,-719.270382,-63.562351
-29.125220,-719.251904,-65.489358
-28.454891,-719.217298,-67.526409
-36.480249,-718.125255,-54.311308
-38.389339,-718.478999,-55.331048
-36.078850,-718.069359,-56.363515
-34.600190,-718.140469,-58.033295
-33.455605,-718.405518,-59.812673
-32.660932,-718.683609,-61.594349
-31.816150,-718.868764,-63.395826
-31.025286,-718.815034,-65.297690
-30.349229,-718.675541,-67.380074
-29.793749,-718.528568,-69.676466
-31.927259,-718.054312,-69.079781
-32.377791,-718.302719,-66.961464
-34.044985,-717.805246,-68.540715
-33.034503,-718.501090,-65.010978
-34.513164,-718.109328,-66.544445
-36.224518,-717.810748,-67.996568
-33.806194,-718.615271,-63.180221
-35.150273,-718.335670,-64.675841
-36.784968,-718.121810,-66.063386
-38.482949,-718.103579,-67.324510
-40.737760,-718.689096,-66.478270
-39.150163,-718.613345,-65.308562
-34.689213,-718.558438,-61.389729
-35.841206,-718.547614,-62.801100
-37.329565,-718.503937,-64.262658
-35.305673,-718.401083,-59.714598
-36.903274,-718.631855,-60.748096
-37.700767,-718.754559,-62.500450
-39.492367,-719.001571,-63.358103
-36.696242,-718.388512,-58.445493
-38.342520,-718.533835,-57.160789
-40.060214,-718.897446,-58.054791
-40.656374,-719.150624,-59.870661
-41.155909,-719.361550,-61.923605
-41.533756,-719.318848,-64.196444
-39.124900,-718.981860,-61.268305
-38.529727,-718.746391,-59.339800
-25.757148,-717.975061,-74.459446
-24.680962,-718.706334,-70.571788
-25.070112,-718.291982,-72.593095
-35.640553,-635.129828,-62.264191
-35.300422,-636.399273,-61.487205
-35.772339,-637.154530,-62.250693
-38.483769,-712.164029,-46.909670
-40.175469,-711.448248,-48.423234
-40.090803,-709.501801,-48.885020
-38.240485,-710.407228,-47.726201
-35.353583,-638.284198,-61.357581
-35.951734,-639.174008,-62.167054
-38.179045,-708.482343,-48.270392
-38.202533,-706.486919,-48.557982
-40.086032,-707.501187,-49.170170
-40.085375,-705.499885,-49.440507
-39.916495,-703.628199,-50.073723
-38.134459,-704.515600,-48.959153
-39.635500,-701.829232,-50.948978
-37.895902,-702.683471,-49.787547
-39.361132,-700.017424,-51.805552
-37.564471,-700.867870,-50.649726
-39.095073,-698.194712,-52.641166
-37.227061,-699.065495,-51.430803
-38.850380,-696.351154,-53.431043
-37.035348,-697.288974,-52.237196
-38.693116,-694.433018,-54.050619
-36.875295,-695.364115,-52.952203
-38.536037,-692.512577,-54.664763
-36.634841,-693.460469,-53.527917
-38.387295,-690.585221,-55.257579
-36.526539,-691.596638,-54.118811
-38.278467,-688.629388,-55.764042
-36.492565,-689.635707,-54.663425
-38.198351,-686.660405,-56.214285
-36.419997,-687.658953,-55.113127
-38.126961,-684.684432,-56.641620
-36.357166,-685.675365,-55.524323
-38.059804,-682.707394,-57.065099
-36.249444,-683.676769,-55.894445
-37.996164,-680.729054,-57.480996
-36.135969,-681.726055,-56.246623
-37.939541,-678.748084,-57.881280
-36.136245,-679.793428,-56.649349
-37.901592,-676.757429,-58.239986
-36.169197,-677.788072,-57.020817
-37.867201,-674.765469,-58.591019
-36.169189,-675.784917,-57.311096
-37.840792,-672.771870,-58.925630
-36.145750,-673.795621,-57.631275
-37.832361,-670.770636,-59.219913
-36.142035,-671.811086,-57.916484
-37.626939,-668.772623,-59.434007
-36.098876,-669.844989,-58.163638
-37.427803,-666.774251,-59.637673
-35.989997,-667.857409,-58.410520
-35.964716,-665.824452,-58.633515
-36.134974,-663.780557,-58.819129
-36.374875,-661.777528,-58.973043
-36.436266,-659.812843,-59.283162
-35.482377,-640.197528,-61.167044
-36.203411,-641.181544,-62.002461
-35.513223,-642.099066,-60.973703
-36.188686,-643.196928,-61.760732
-35.478722,-644.014399,-60.765657
-36.189162,-645.207877,-61.483880
-36.388569,-657.827798,-59.694163
-37.437203,-664.773655,-59.931587
-36.286174,-655.857260,-59.866127
-36.188919,-653.958539,-60.117072
-35.859612,-652.112626,-60.619771
-37.551904,-662.857381,-60.548416
-37.600218,-660.917523,-61.092949
-37.544735,-658.935363,-61.489182
-37.526856,-656.937980,-61.804518
-37.432127,-654.941142,-62.073389
-37.144726,-652.943018,-62.232769
-36.985728,-650.919510,-62.302768
-35.759559,-650.255904,-60.711625
-36.693115,-649.002145,-61.945026
-35.630690,-648.484122,-60.534722
-36.204796,-647.214393,-61.171995
-35.478902,-645.871295,-60.529666
-36.870839,-558.406907,-71.986040
-26.929036,-714.470018,-77.250771
-27.047549,-712.484545,-77.262919
-27.125589,-710.498879,-77.368798
-27.181684,-708.517763,-77.516178
-27.375726,-706.550641,-77.360777
-27.657104,-704.615496,-77.005274
-27.974276,-702.701183,-76.569583
-28.263650,-700.769358,-76.196699
-28.529411,-698.825784,-75.879501
-28.760901,-696.865318,-75.640281
-28.958411,-694.894773,-75.475270
-29.143540,-692.919398,-75.339228
-29.310922,-690.940617,-75.243071
-29.464573,-688.959059,-75.177605
-29.607775,-686.976427,-75.135351
-29.730368,-684.991618,-75.138887
-29.833896,-683.006489,-75.184550
-29.928554,-681.021141,-75.249823
-30.020316,-679.037041,-75.321315
-30.106973,-677.051398,-75.404287
-30.190569,-675.067018,-75.493842
-30.274285,-673.081632,-75.583271
-30.362397,-671.096857,-75.662913
-30.453533,-669.111817,-75.735916
-30.534225,-667.126696,-75.831984
-30.626277,-665.142570,-75.902839
-30.729551,-663.156469,-75.949196
-30.844435,-661.171340,-75.969794
-30.964750,-659.186732,-75.978331
-31.091533,-657.202551,-75.972534
-31.215659,-655.217609,-75.972704
-31.343560,-653.233331,-75.964451
-31.478095,-651.249468,-75.941500
-31.600440,-649.264681,-75.945580
-31.720714,-647.280076,-75.954208
-31.841356,-645.294444,-75.962165
-31.989994,-643.313325,-75.907703
-32.151319,-641.333085,-75.825118
-32.327327,-639.355538,-75.709749
-32.495331,-637.376703,-75.612228
-32.664121,-635.397798,-75.512978
-32.849419,-633.421428,-75.376943
-33.026477,-631.446774,-75.258858
-33.197937,-629.472390,-75.149208
-33.358327,-627.487065,-75.030553
-33.320723,-625.508563,-74.984392
-33.158625,-623.528289,-74.988030
-33.060965,-621.542121,-75.022577
-32.977740,-619.556887,-75.064211
-32.908033,-617.572450,-75.111092
-33.311699,-616.304561,-74.582823
-33.823092,-615.132867,-73.913194
-33.858353,-613.196887,-73.862464
-33.905913,-611.270950,-73.804072
-33.994017,-609.345218,-73.722907
-34.044624,-607.419751,-73.670832
-34.056488,-605.484576,-73.649547
-34.058863,-603.559466,-73.635194
-34.079435,-601.624662,-73.614783
-34.132309,-599.700306,-73.580850
-34.149882,-597.771479,-73.490989
-34.173486,-595.843912,-73.419440
-34.253111,-593.913903,-73.445201
-34.049378,-592.106327,-73.870525
-34.831216,-592.264671,-72.441123
-34.307516,-590.560495,-73.484635
-35.073931,-590.382383,-71.964629
-36.419226,-559.716477,-72.573606
-36.787489,-560.371559,-71.512746
-34.507913,-588.762001,-73.099442
-35.144751,-588.385940,-71.708081
-36.205764,-561.313934,-72.603270
-36.056615,-563.193054,-72.609113
-35.961120,-565.138937,-72.520070
-35.869672,-567.103688,-72.407598
-35.774563,-569.068036,-72.290396
-35.698132,-571.043752,-72.184768
-35.621491,-572.961399,-72.115775
-35.462326,-574.566387,-72.242996
-35.520858,-576.143642,-71.915858
-35.535777,-578.131175,-71.605504
-34.696674,-587.178529,-72.801984
-35.284258,-586.390338,-71.421651
-35.494934,-584.429232,-70.990113
-35.798960,-582.532059,-70.387869
-35.894761,-580.523477,-70.431497
-35.975834,-578.506770,-70.518222
-36.053184,-576.491167,-70.626847
-36.142747,-574.476159,-70.738044
-36.237999,-572.461446,-70.850721
-36.326411,-570.446485,-70.963481
-36.424210,-568.431863,-71.076105
-36.525443,-566.417281,-71.187212
-36.609941,-564.391503,-71.288504
-36.697275,-562.376146,-71.394961
-41.450896,-713.387736,-48.778952
-46.003118,-712.762252,-70.437041
-46.562135,-714.750424,-69.748192
-46.921566,-712.926428,-68.897771
-47.505291,-714.716125,-68.015535
-47.611246,-712.939559,-67.105924
-48.120086,-714.626418,-66.173330
-37.434159,-557.862172,-70.142147
-37.185919,-559.519805,-70.372060
-37.645810,-557.826207,-68.485046
-37.615330,-558.698382,-67.093034
-47.782020,-712.892399,-65.207101
-48.287282,-714.518694,-64.198538
-47.946536,-712.788783,-63.288873
-48.288768,-714.406604,-62.219247
-47.904420,-712.680639,-61.354548
-48.042965,-714.289302,-60.273649
-47.615326,-712.551369,-59.438198
-47.486417,-714.161279,-58.376601
-47.135858,-712.395068,-57.557927
-46.604201,-714.029363,-56.622965
-46.227084,-712.249776,-55.815488
-45.655621,-713.893377,-54.893801
-45.213727,-712.109586,-54.142750
-44.751852,-713.758628,-53.139586
-44.250050,-711.975784,-52.497338
-43.718617,-713.626971,-51.471198
-43.061549,-711.914506,-51.040100
-42.460692,-713.495346,-49.949732
-41.713638,-711.863817,-49.732050
-41.127123,-710.372268,-49.563010
-41.382691,-708.635313,-50.015736
-41.586837,-706.793335,-50.399631
-41.709933,-704.953921,-50.934642
-41.372537,-703.209326,-51.621058
-40.837893,-701.333568,-52.402959
-40.495044,-699.427810,-53.273426
-40.283108,-697.605530,-54.169853
-40.121784,-695.765769,-54.937080
-39.916040,-693.893930,-55.662368
-39.697617,-691.990023,-56.378320
-39.533060,-690.111672,-57.085684
-39.440303,-688.192849,-57.527289
-39.224274,-686.125176,-57.863251
-39.095993,-684.057307,-58.315505
-38.991426,-682.018479,-58.858005
-38.954962,-680.040069,-59.414167
-38.877246,-678.086938,-59.859593
-38.734095,-676.133964,-60.208898
-38.581848,-674.133864,-60.493042
-38.485337,-672.105684,-60.758281
-37.245678,-561.397302,-69.505602
-38.344201,-670.059097,-61.028447
-38.089153,-668.074787,-61.233682
-38.055744,-666.086162,-61.448350
-38.039120,-664.149945,-61.887174
-38.072148,-662.260264,-62.460460
-37.138487,-563.406185,-69.474696
-37.052634,-565.422655,-69.386903
-36.939840,-567.437334,-69.285039
-36.829779,-569.461568,-69.173154
-36.724162,-571.465770,-69.058593
-36.606395,-573.479273,-68.939227
-36.496742,-575.493104,-68.820355
-36.390276,-577.497065,-68.702118
-36.276394,-579.521129,-68.589709
-36.171896,-581.557701,-68.515053
-32.836276,-698.411530,-76.217584
-32.618462,-700.400689,-76.423626
-34.340837,-699.664160,-75.764350
-33.895165,-701.688512,-76.050032
-35.565161,-700.891395,-75.257702
-35.231697,-702.822095,-75.480245
-36.688263,-702.145790,-74.641844
-36.630775,-703.816290,-74.780005
-38.075311,-703.196322,-73.829308
-38.047088,-704.738868,-74.025154
-39.578889,-703.954787,-73.022226
-39.527046,-705.621828,-73.361022
-41.116747,-704.781213,-72.383973
-41.099021,-706.468818,-72.868894
-33.030978,-696.416436,-76.063378
-34.509935,-697.773939,-75.602659
-33.208790,-694.416853,-75.947070
-34.722364,-695.717666,-75.418501
-33.354998,-692.412078,-75.901241
-35.187101,-693.789944,-75.145350
-33.496308,-690.405743,-75.866437
-35.054872,-691.632157,-75.216071
-33.633351,-688.399780,-75.841001
-35.209874,-689.605485,-75.167203
-33.766826,-686.393136,-75.823533
-35.281293,-687.558683,-75.118228
-33.890603,-684.386345,-75.827494
-35.354800,-685.515322,-75.057862
-34.008115,-682.378114,-75.845481
-35.415973,-683.484504,-74.961578
-34.127288,-680.370731,-75.859684
-35.475036,-681.480370,-74.877674
-34.256782,-678.364216,-75.847104
-35.550406,-679.491176,-74.816878
-34.405338,-676.360272,-75.796703
-35.659049,-677.513356,-74.758250
-34.600912,-674.363481,-75.647360
-35.820748,-675.547537,-74.664595
-34.816960,-672.375280,-75.441686
-35.979518,-673.575082,-74.438029
-35.045527,-670.390152,-75.211353
-36.128291,-671.601202,-74.122076
-35.281590,-668.409369,-74.964360
-36.302806,-669.612322,-73.789969
-35.499863,-666.429577,-74.693389
-36.462948,-667.598374,-73.431641
-35.622342,-664.447497,-74.479813
-36.538988,-665.564987,-73.121104
-42.764098,-705.849317,-71.924298
-42.945758,-707.622343,-72.637171
-38.011767,-660.321193,-62.930486
-37.836219,-658.329566,-63.308579
-37.737753,-656.277729,-63.723635
-37.574886,-654.263701,-64.104988
-37.454515,-652.262816,-64.319124
-37.471982,-560.664457,-67.391536
-37.337450,-562.522684,-67.549796
-37.270777,-564.482186,-67.505449
-37.103633,-566.466080,-67.426346
-36.995837,-568.480786,-67.321700
-36.885068,-570.484783,-67.206890
-36.781831,-572.478940,-67.090405
-36.668263,-574.482513,-66.969939
-36.548257,-576.475845,-66.849806
-36.438401,-578.479693,-66.731789
-36.324754,-580.504064,-66.624642
-36.214890,-582.542606,-66.588258
-36.132608,-584.525602,-66.614925
-36.033759,-586.351004,-66.347502
-35.939124,-588.414581,-66.035453
-35.865691,-590.419585,-66.091004
-35.788219,-592.375229,-65.985591
-35.695336,-594.392762,-65.744239
-35.615143,-596.444123,-65.560980
-35.550336,-598.489543,-65.439726
-35.499288,-600.527607,-65.356592
-35.457583,-602.557679,-65.303212
-35.427255,-604.579239,-65.269099
-35.409358,-606.582920,-65.265113
-35.420777,-608.526836,-65.248604
-35.421089,-610.414616,-65.133057
-35.392955,-612.305619,-64.916017
-35.354951,-614.243868,-64.654772
-35.353342,-616.226477,-64.445174
-35.348103,-618.220767,-64.267215
-35.355752,-620.226182,-64.100292
-35.355222,-622.241028,-63.928277
-35.444424,-624.267823,-63.731787
-35.464319,-626.313843,-63.565965
-35.592690,-628.362082,-63.368650
-35.610713,-630.445275,-63.152552
-35.620620,-632.652215,-62.826114
-35.475857,-662.442293,-74.493206
-36.450122,-663.500203,-72.965302
-35.340748,-660.435769,-74.511284
-36.318643,-661.469234,-72.974132
-35.211038,-658.431607,-74.532167
-36.202255,-659.461950,-73.019682
-35.087558,-656.428823,-74.555614
-36.123832,-657.521665,-73.073148
-35.351928,-654.608501,-73.955774
-36.073867,-655.769943,-73.039699
-35.799811,-652.825815,-73.086933
-36.501928,-654.184789,-71.919853
-36.161777,-651.007229,-72.277257
-36.889567,-652.364145,-70.579525
-45.270507,-710.877944,-71.250056
-46.328131,-710.974823,-69.829869
-44.342225,-709.082935,-72.103758
-45.794836,-708.744495,-70.650484
-44.463337,-707.149938,-71.448316
-37.350954,-650.130617,-64.221332
-37.113372,-648.005903,-63.953769
-36.715395,-646.280867,-62.919755
-36.632680,-644.394757,-63.295357
-36.566694,-642.405632,-63.610881
-36.547888,-640.380265,-63.910526
-36.449270,-638.344781,-64.242832
-36.237592,-636.057895,-63.979567
-36.158296,-633.882895,-64.295775
-36.203055,-649.081936,-72.075119
-36.802292,-650.109541,-70.256627
-36.084130,-647.078159,-72.148842
-36.643945,-647.973464,-70.214522
-35.934991,-645.078860,-72.232814
-36.544224,-645.922463,-70.379805
-35.747641,-643.078195,-72.317577
-36.408639,-643.841096,-70.580872
-35.622369,-641.077050,-72.459558
-36.403329,-641.595883,-70.317259
-35.520764,-639.076635,-72.634392
-36.247792,-639.611239,-70.664054
-35.222954,-637.115415,-72.974271
-36.032594,-637.622770,-71.017581
-34.882623,-635.176518,-73.346671
-35.743098,-635.732651,-71.404047
-34.927429,-633.186666,-73.117265
-35.508113,-634.056593,-71.765140
-34.917443,-631.153822,-72.925419
-35.680556,-632.262955,-71.130058
-34.909514,-629.122850,-72.818335
-35.691174,-630.364774,-70.878017
-34.818787,-627.100973,-72.748823
-35.574471,-628.225993,-70.884899
-34.638469,-625.086413,-72.689888
-35.439159,-625.967560,-70.737977
-34.575893,-623.063850,-72.766827
-35.320573,-623.751925,-70.981717
-34.521183,-621.044297,-72.891764
-35.222753,-621.661506,-71.122277
-34.463938,-619.028869,-73.091143
-35.161411,-619.657009,-71.340356
-34.192253,-617.065576,-73.465877
-35.012525,-617.695433,-71.665401
-34.747820,-615.824214,-72.068564
-34.614528,-614.011199,-72.352019
-34.698058,-611.997111,-72.129563
-34.824919,-610.180698,-71.829792
-34.847454,-608.242952,-71.756182
-34.861389,-606.274008,-71.668242
-34.877907,-604.296394,-71.602496
-34.918275,-602.331155,-71.562737
-34.979399,-600.368017,-71.546533
-35.040684,-598.405206,-71.535998
-35.095150,-596.424194,-71.562446
-35.112684,-594.388925,-71.716740
-36.100247,-583.648973,-68.676839
-36.004179,-585.664881,-68.939583
-35.712600,-587.705424,-69.764451
-35.583616,-589.705916,-69.953438
-35.481515,-591.424536,-70.456964
-35.569092,-593.058880,-70.057103
-39.952158,-694.991848,-70.770966
-39.495719,-696.405349,-71.639296
-40.847242,-696.656653,-70.223573
-40.302744,-698.137992,-71.143650
-39.009997,-697.809140,-72.461465
-38.096219,-695.969320,-73.116286
-38.666956,-694.387818,-72.321783
-39.619767,-699.464275,-72.123820
-37.968173,-699.086404,-73.447037
-37.367638,-697.472005,-73.825422
-39.335942,-693.015794,-71.321778
-40.543630,-693.541447,-69.676427
-41.308887,-695.236139,-69.139625
-37.512266,-559.512392,-68.790370
-42.022721,-696.951914,-68.619243
-41.605300,-698.410362,-69.813201
-41.116190,-699.938116,-70.861891
-41.638040,-693.895197,-67.901215
-42.321970,-695.608976,-67.223573
-42.925807,-697.319415,-66.804490
-42.765883,-698.692273,-68.301361
-42.465973,-700.180132,-69.601778
-36.472895,-695.557483,-74.423057
-37.244593,-694.107673,-73.769941
-37.946382,-692.289340,-72.902617
-36.154217,-698.985163,-74.805235
-35.904199,-697.153649,-74.838216
-38.814892,-700.637252,-72.954176
-37.133013,-700.446234,-74.198533
-40.432555,-701.204214,-71.841630
-42.103852,-701.882186,-70.742936
-36.002896,-587.438113,-67.864741
-38.022588,-701.738363,-73.693170
-36.547899,-692.567625,-74.391082
-42.378030,-710.197352,-50.649589
-35.904167,-589.326673,-68.004345
-39.432247,-702.305654,-72.828050
-47.130874,-711.229035,-68.079920
-47.464849,-711.173359,-66.242915
-40.954279,-702.968324,-71.963368
-43.592526,-710.170668,-51.952616
-35.833894,-591.450798,-68.214380
-47.584839,-711.124569,-64.348402
-42.431641,-703.964161,-71.276512
-47.703199,-711.045253,-62.429182
-47.611577,-710.927237,-60.529767
-47.276858,-710.785070,-58.610081
-44.729116,-710.257663,-53.437632
-36.682487,-690.781036,-74.188097
-46.724603,-710.609265,-56.751420
-45.804708,-710.424539,-55.027808
-35.836441,-593.565683,-67.860107
-35.769427,-595.662369,-67.583732
-35.630621,-595.033524,-69.665793
-35.726478,-597.717745,-67.447078
-35.584036,-597.047596,-69.510105
-35.676537,-599.766817,-67.380613
-35.537346,-599.047082,-69.450836
-35.634244,-601.808823,-67.361347
-35.477990,-601.069176,-69.445043
-35.430794,-603.083454,-69.470283
-35.373048,-605.089788,-69.539084
-35.598787,-603.843370,-67.382879
-35.398931,-607.101510,-69.648516
-35.443705,-609.103600,-69.752533
-35.431947,-611.097659,-69.751617
-35.210825,-612.871958,-70.784680
-35.304948,-614.552400,-70.486576
-35.422685,-616.320773,-70.132939
-35.554975,-605.869644,-67.440740
-35.628822,-607.861265,-67.517953
-35.651710,-609.797795,-67.540500
-35.646610,-611.626321,-67.267168
-35.642095,-613.522554,-66.773244
-35.572177,-612.999209,-68.903485
-35.624582,-614.881912,-68.487491
-35.660674,-615.448418,-66.433477
-35.697138,-616.779251,-68.139801
-35.687777,-617.398080,-66.154373
-35.713986,-619.389907,-65.912437
-35.760460,-618.707847,-67.819098
-35.541639,-618.198721,-69.766583
-35.730768,-621.393294,-65.703792
-35.815850,-620.690287,-67.569387
-35.627771,-620.149783,-69.473739
-35.708588,-622.126058,-69.275552
-35.885517,-622.655422,-67.358758
-35.799178,-624.074317,-69.107234
-35.773142,-623.386586,-65.477188
-35.960729,-624.576117,-67.067757
-35.910631,-625.756980,-68.660135
-35.963919,-627.560519,-68.969140
-35.795666,-625.452634,-65.309347
-36.034020,-626.638096,-66.971916
-35.923893,-627.525551,-65.193892
-36.149596,-628.660023,-67.026136
-36.108979,-629.668580,-68.932307
-36.061331,-629.598386,-65.070981
-36.122571,-631.708672,-64.774197
-36.265332,-630.771998,-66.900576
-36.390505,-632.847308,-66.493232
-36.496133,-634.938086,-65.964759
-36.218984,-631.952483,-68.837640
-36.134647,-633.923440,-69.944529
-36.451679,-634.211797,-68.016823
-36.348174,-635.955844,-69.483040
-36.600126,-636.351866,-67.552075
-36.683916,-688.733900,-74.161133
-42.788040,-708.364713,-51.241139
-44.026475,-708.367547,-52.695743
-45.181891,-708.537006,-54.279514
-36.670175,-686.657264,-74.047943
-46.253766,-708.782550,-55.969212
-47.082246,-708.994034,-57.764693
-47.614312,-709.186179,-59.641875
-47.819963,-709.312163,-61.589949
-47.764020,-709.387671,-63.560515
-36.660203,-684.609844,-73.881865
-36.727021,-682.589896,-73.779143
-36.793930,-680.594612,-73.687135
-36.828489,-678.629057,-73.574807
-36.904433,-676.691277,-73.448117
-36.964164,-674.767491,-73.225187
-37.095306,-672.821964,-72.943507
-37.198548,-670.841140,-72.570034
-37.290707,-668.807725,-72.142367
-37.384159,-666.714799,-71.724918
-47.480038,-709.404333,-65.490133
-47.220247,-709.419724,-67.363857
-46.762314,-709.554270,-69.081543
-36.562899,-636.876257,-65.633917
-36.538609,-637.983014,-68.997274
-36.709953,-638.334361,-66.807933
-36.791857,-639.963674,-66.022260
-36.708365,-639.869514,-68.501097
-36.858001,-641.836494,-65.546723
-36.874206,-641.451587,-67.729152
-36.795221,-642.915428,-68.921694
-37.015452,-643.328704,-67.032881
-36.886058,-643.850119,-65.139931
-36.922096,-644.744006,-68.687147
-36.989647,-646.721061,-68.387552
-37.152508,-645.321516,-66.718467
-37.050531,-645.920218,-64.774229
-37.270745,-647.393820,-66.297966
-37.401686,-649.426275,-66.227255
-37.114278,-648.778598,-68.268323
-44.103867,-705.257898,-70.731980
-43.608205,-703.439287,-70.091314
-43.442000,-701.809852,-69.231534
-43.574413,-700.478058,-68.017384
-43.608082,-699.154608,-66.643342
-37.303209,-664.625840,-71.437996
-37.173324,-662.527288,-71.367446
-37.054174,-660.405389,-71.443904
-36.951904,-658.277680,-71.477592
-36.852558,-656.204864,-71.505257
-37.200972,-654.616164,-70.020931
-37.835146,-690.017570,-72.946868
-38.901123,-691.058164,-71.637366
-37.764998,-687.832348,-72.846726
-37.752248,-685.743523,-72.676964
-37.731042,-683.714859,-72.477752
-37.763280,-681.699765,-72.341710
-37.784100,-679.721088,-72.201325
-37.805220,-677.805839,-72.030399
-37.795431,-675.923992,-71.814593
-37.862805,-674.030014,-71.582081
-37.930641,-672.088402,-71.269208
-37.924709,-670.062278,-70.821857
-37.940066,-667.950632,-70.337140
-40.042997,-691.740002,-70.102607
-40.984622,-692.189622,-68.385376
-37.933408,-665.774314,-69.839803
-38.745905,-688.921135,-71.611789
-39.656481,-689.886660,-70.334551
-40.520998,-690.473968,-68.727242
-38.697885,-686.818597,-71.364490
-38.667259,-684.841784,-71.113617
-38.606589,-682.830024,-70.920054
-38.563950,-680.796187,-70.714254
-38.556715,-678.888174,-70.459529
-38.584159,-677.035364,-70.236656
-38.520266,-675.202283,-70.014603
-38.534734,-673.319313,-69.798566
-38.457416,-671.362018,-69.480342
-38.388541,-669.266333,-68.996093
-38.295321,-667.096748,-68.443992
-39.524901,-687.831730,-70.132838
-40.194001,-688.810730,-69.020729
-39.550586,-685.886229,-69.601892
-40.208307,-687.059644,-68.302127
-39.363833,-684.021600,-69.416065
-40.188797,-685.072659,-67.528369
-39.261574,-681.909773,-69.270111
-39.260156,-679.976984,-68.804273
-39.169638,-678.150572,-68.434246
-39.109256,-676.343302,-68.223210
-38.999660,-674.495744,-68.093842
-38.861135,-672.617263,-67.932846
-38.739294,-670.663603,-67.707783
-38.667197,-668.594974,-67.119386
-39.728619,-683.121744,-67.908230
-39.764400,-681.271643,-67.267793
-39.662737,-679.372511,-66.559110
-39.527868,-677.525381,-66.206102
-39.349946,-675.603676,-66.174686
-39.191414,-673.707675,-66.142063
-39.025047,-671.832736,-66.079411
-38.863390,-670.003516,-66.024561
-45.653573,-706.601137,-70.008817
-46.754583,-707.817628,-68.809098
-45.177305,-704.861318,-69.171741
-44.610284,-703.358593,-68.633546
-44.612288,-702.297817,-67.582194
-37.798596,-663.665405,-69.642728
-37.643319,-661.457743,-69.768053
-37.508149,-659.221828,-69.894647
-37.387499,-656.877482,-69.849314
-38.245568,-664.822612,-67.769611
-38.553324,-666.700270,-66.532188
-38.784505,-668.438044,-64.927772
-38.082846,-662.515939,-67.992035
-37.921559,-660.280501,-68.214803
-37.754436,-657.992407,-68.378842
-37.612169,-655.444263,-68.058644
-43.053428,-706.498340,-51.879870
-43.188036,-704.622745,-52.706362
-42.355082,-702.633959,-53.102869
-41.812778,-700.678409,-53.878962
-41.599194,-698.935037,-54.860121
-44.360400,-706.592190,-53.463341
-45.582148,-706.945214,-55.218789
-46.555963,-707.207555,-57.021160
-47.252925,-707.416151,-58.886705
-47.654109,-707.597638,-60.802554
-47.770340,-707.700613,-62.791960
-41.438915,-697.199764,-55.825656
-47.499981,-707.709827,-64.793506
-47.146629,-707.672593,-66.789996
-46.483925,-706.055499,-68.063496
-41.226289,-695.399524,-56.633913
-40.869090,-693.498282,-57.434216
-40.711704,-691.664708,-58.255001
-40.579860,-689.789943,-59.075098
-40.106427,-687.579036,-59.297310
-39.866481,-685.510574,-59.617240
-39.762714,-683.415602,-60.158933
-39.681158,-681.456567,-60.909522
-39.537846,-679.448902,-61.638094
-39.424831,-677.490238,-62.044238
-39.205663,-675.455698,-62.224057
-39.043954,-673.422982,-62.398640
-38.887019,-671.368149,-62.586614
-38.644576,-669.302916,-62.912096
-44.613662,-705.158048,-54.591955
-43.744663,-703.479343,-54.364036
-42.937289,-701.843456,-54.550971
-42.752964,-700.372699,-55.548341
-42.493622,-698.807791,-56.613373
-42.228035,-697.150617,-57.734547
-45.773036,-705.457189,-56.392280
-46.541088,-705.707208,-58.252713
-47.039404,-705.952473,-60.116472
-47.356885,-706.099755,-62.031511
-47.278792,-706.130717,-64.044014
-46.842855,-706.035558,-66.062589
-44.810018,-703.794214,-56.060978
-43.856396,-702.113325,-55.920390
-45.603826,-704.076796,-57.807152
-46.201265,-704.331494,-59.578241
-46.552708,-704.603644,-61.375342
-46.729287,-704.691507,-63.271007
-46.547252,-704.545700,-65.256289
-45.864123,-704.337690,-67.248455
-44.637375,-702.390799,-57.496315
-43.606302,-700.605972,-57.128420
-45.245136,-702.700878,-59.159060
-44.285042,-700.956745,-58.755572
-45.701223,-703.013501,-60.841678
-45.979592,-703.311623,-62.525616
-45.946646,-703.281436,-64.349340
-45.466257,-702.931924,-66.064760
-44.388291,-701.024571,-66.430638
-44.797996,-701.354877,-60.424402
-45.139541,-701.714179,-62.032528
-45.362234,-702.100270,-63.500997
-45.003715,-701.595118,-64.955075
-44.183667,-699.807975,-65.028015
-44.648988,-700.583923,-63.472150
-44.362702,-700.069649,-61.799377
-43.924243,-699.661167,-60.058565
-43.251932,-699.133369,-58.292401
-43.111361,-697.983187,-59.647699
-43.624400,-698.403622,-61.550881
-43.911383,-698.944822,-63.362327
-43.458100,-697.974845,-65.041476
-41.788019,-695.099446,-58.436903
-42.482654,-696.423959,-59.461475
-42.934705,-696.771169,-61.279535
-43.260983,-697.205689,-63.252231
-38.546614,-667.368374,-63.026587
-38.474774,-665.365156,-63.344844
-38.427819,-663.568178,-63.961240
-38.259142,-661.724784,-64.456851
-38.109233,-659.763941,-64.813179
-42.874541,-696.007523,-65.017544
-42.188180,-694.275706,-65.909108
-41.591225,-692.520371,-66.575026
-41.058003,-690.703994,-67.024231
-40.654350,-688.836526,-67.460274
-37.943850,-657.741163,-65.130178
-41.567296,-693.442102,-59.402035
-42.275287,-695.074358,-60.542485
-42.660564,-695.521838,-62.705490
-42.311275,-694.244898,-63.834630
-41.835375,-692.715218,-64.671835
-41.400834,-690.954724,-65.300116
-41.004274,-688.978445,-65.792327
-42.084434,-693.748026,-61.581158
-41.827751,-692.475821,-62.538974
-41.524781,-691.112928,-63.447650
-41.269927,-690.664581,-61.255134
-41.407328,-691.897507,-60.265548
-40.759031,-688.724340,-60.830425
-41.163416,-689.552406,-62.463013
-41.183087,-689.279379,-64.123556
-40.487223,-686.731102,-61.225099
-40.883293,-687.696542,-62.758039
-40.883557,-687.185313,-64.578784
-40.652354,-686.957021,-66.466994
-40.241528,-684.868950,-61.369031
-40.592771,-685.405719,-63.237306
-40.531514,-685.137152,-65.347705
-40.142889,-683.137878,-66.136499
-40.158856,-683.146813,-62.250528
-39.962272,-681.052775,-63.081430
-39.746860,-678.912715,-64.102964
-39.535520,-676.695797,-64.136814
-39.319758,-674.648403,-64.211376
-39.145947,-672.643013,-64.274675
-38.954083,-670.591723,-64.371055
-38.660790,-666.571573,-64.686066
-38.510585,-664.924125,-65.532284
-38.356465,-663.153716,-66.103642
-38.182193,-661.148046,-66.392268
-39.988429,-681.024128,-65.159192
-38.026078,-659.121703,-66.657992
-40.279434,-683.171204,-64.176871
-37.865503,-657.147595,-66.875619
-37.739569,-655.674057,-65.751535
-37.575153,-653.748787,-66.302931
-37.447912,-653.125623,-68.389265
-37.323361,-650.946630,-68.399122
-37.525334,-651.597335,-66.361019
-39.057407,-711.498331,-73.173631
-40.712408,-710.736847,-73.055348
-39.437986,-709.448689,-73.580747
-37.816327,-710.094998,-73.908819
-37.866760,-708.483544,-74.357442
-41.122128,-708.544841,-73.142077
-42.537084,-709.729573,-72.698673
-39.491552,-707.478901,-73.628991
-41.403528,-715.171046,-71.970081
-43.227240,-714.789738,-71.517429
-42.445174,-713.268907,-72.091107
-40.423843,-713.142376,-72.571945
-41.920150,-711.689776,-72.547458
-44.318621,-712.903780,-71.396345
-44.977095,-714.671818,-70.808416
-43.604057,-711.233991,-72.038926
-37.203212,-711.596008,-73.982496
-35.734003,-711.766527,-74.959436
-36.217879,-709.480859,-75.042993
-34.613904,-710.441721,-75.869650
-37.812421,-715.157527,-73.221378
-39.599698,-715.259906,-72.555161
-38.520301,-713.342113,-73.144571
-36.771822,-713.446181,-74.015083
-32.996085,-711.333375,-76.739820
-34.188474,-712.525443,-75.792504
-35.140466,-713.824620,-74.857863
-36.313219,-715.337437,-73.782160
-31.334263,-713.495143,-77.447958
-32.758064,-712.942286,-76.686917
-31.319974,-712.032406,-77.680069
-31.348643,-714.957886,-77.215889
-33.472399,-714.637605,-75.964373
-34.840109,-715.573036,-74.318191
-37.920115,-706.602992,-74.229507
-36.365964,-705.781996,-75.044962
-36.371282,-707.629665,-75.049631
-34.939040,-708.753938,-75.871256
-34.770021,-707.102035,-76.031952
-33.194663,-709.054000,-76.854913
-31.402988,-710.051809,-77.766019
-33.238233,-706.927479,-76.956089
-31.506792,-708.070145,-77.837291
-31.635332,-706.097689,-77.807306
-34.864955,-705.020315,-75.917449
-33.166888,-705.201133,-76.871424
-33.669458,-703.519782,-76.393360
-32.305392,-702.314015,-76.839233
-31.979034,-704.215127,-77.295567
-28.874974,-714.573935,-77.835093
-29.000367,-712.594220,-77.802863
-34.385530,-636.430121,-74.161288
-34.002783,-637.801463,-74.803604
-34.125925,-639.782207,-74.780552
-34.240645,-641.763467,-74.754413
-34.340865,-643.743826,-74.721814
-34.413124,-645.726574,-74.731912
-34.443918,-647.707836,-74.778159
-34.221782,-649.667539,-74.997810
-34.004170,-651.628835,-75.207253
-33.790669,-653.591760,-75.407398
-33.535871,-655.539987,-75.693446
-33.305645,-657.490861,-75.939453
-33.152970,-659.468356,-76.003326
-33.027080,-661.448480,-76.007713
-32.904753,-663.428292,-76.004278
-32.760875,-665.408001,-76.048429
-32.622216,-667.387253,-76.081121
-32.487373,-669.367165,-76.105299
-32.361240,-671.348305,-76.110084
-32.247705,-673.329337,-76.087075
-32.144573,-675.310454,-76.041091
-32.053709,-677.291492,-75.968042
-31.960239,-679.273753,-75.900574
-31.863901,-681.254275,-75.839676
-31.762555,-683.236230,-75.789635
-31.656689,-685.217586,-75.749653
-31.544231,-687.198524,-75.724280
-31.426654,-689.179869,-75.709423
-31.297742,-691.160121,-75.718036
-31.140163,-693.137173,-75.794977
-30.952178,-695.107306,-75.928826
-30.740530,-697.070260,-76.128275
-30.493508,-699.023078,-76.384146
-30.185533,-700.931506,-76.816124
-29.849746,-702.825010,-77.303543
-29.520068,-704.726970,-77.759320
-29.261177,-706.660979,-78.062434
-29.131736,-708.641565,-78.094984
-29.093357,-710.615123,-77.891099
-30.195520,-713.397259,-77.753412
-34.700555,-638.426501,-73.829280
-30.194184,-711.729657,-77.740083
-34.888197,-640.405334,-73.659751
-34.989581,-642.391837,-73.540240
-35.123963,-644.378108,-73.483602
-35.243805,-646.360012,-73.465488
-35.287679,-648.293822,-73.461747
-35.397861,-649.895156,-73.331353
-35.069694,-651.333070,-73.857111
-34.815643,-652.814220,-74.301651
-26.055910,-715.432599,-76.605748
-26.493315,-717.051098,-76.052165
-27.539937,-715.874433,-77.175108
-46.959436,-716.118443,-68.178654
-42.692878,-715.086845,-50.521538
-44.229843,-715.933356,-52.520332
-43.023668,-716.579018,-51.221941
-43.762499,-714.967493,-51.787002
-47.633360,-715.947923,-66.622920
-47.155120,-717.351599,-66.465246
-47.748928,-716.749261,-64.787742
-48.022789,-716.378304,-62.997603
-47.884449,-716.349144,-61.104813
-47.356644,-716.240650,-59.303760
-46.679951,-716.103807,-57.541573
-45.965342,-715.978679,-55.798593
-45.187809,-715.844946,-54.086229
-39.319753,-716.054391,-72.254129
-46.231862,-717.060424,-68.331216
-41.008577,-716.697714,-71.434640
-42.962802,-716.723167,-70.911756
-44.430391,-715.817504,-70.688223
-44.941173,-716.740397,-69.944967
-45.786518,-715.942783,-69.698674
-31.733287,-716.823368,-74.740538
-33.272572,-716.137544,-74.688581
-28.798855,-717.351650,-75.768743
-31.298432,-716.211244,-75.895364
-29.597993,-715.982644,-76.913065
-46.556201,-718.460592,-61.857393
-46.496891,-718.171848,-59.966305
-45.782283,-718.773206,-60.626126
-45.930535,-718.125114,-58.077495
-45.342534,-718.642758,-59.070145
-41.365055,-715.868428,-49.472401
-44.733700,-718.475583,-57.506778
-45.123593,-718.017210,-56.291767
-43.551951,-717.657589,-52.772665
-44.303604,-717.955280,-54.512229
-45.002338,-717.812531,-68.502177
-44.470415,-716.885538,-53.708286
-45.159937,-716.962288,-55.197546
-45.853309,-718.186225,-66.936795
-45.873598,-717.068285,-56.745019
-46.685764,-717.187985,-58.877049
-47.098368,-717.313225,-60.553373
-47.347347,-717.304617,-62.079013
-47.088552,-717.751804,-63.559594
-46.622942,-718.206210,-65.196161
-45.159867,-510.621368,-90.350301
-44.351454,-510.979872,-91.897316
-44.711706,-509.561250,-91.921127
-42.777724,-509.236950,-94.179186
-43.611360,-510.187272,-93.072909
-45.287384,-508.975698,-90.233265
-47.638139,-509.399939,-82.391737
-45.735313,-508.718792,-88.414514
-46.971549,-509.487735,-84.375472
-46.272354,-509.554591,-86.364651
-45.579117,-510.219660,-88.294221
